WKT,fid,Soil,GRAN,MP,height_1,slope_1,aspect_1,profile_1,tangential_1,TLUТЛУ,TPI_1,TRI_1,roughness_1,x_coord,y_coord,flow_1,twi_1,dist_stream_1,osm_water_1,osm_wetland_1,osm_waterbody_1,osm_road_1,tpi_3x3_1,tpi_7x7_1,tpi_15x15_1,rough_3x3_1,rough_7x7_1,rough_15x15_1,relief_std_3x3_1,relief_std_7x7_1,relief_std_15x15_1
"MULTIPOINT ((445575.321821789 6200249.20632062))",1,п3д,с.с.,морена,160.546340942383,0.219484731554985,1.05279219150543,-2.63391702901572e-05,-1.06811821751762e-05,С2,-0.0576934814453125,0.915323734283447,0.647216796875,445575.321821789,6200249.20632062,96.3562384535259,14.4815528850213,61.1877326965332,232.442687988281,838.084045410156,490.973693847656,64.4680023193359,-0.0512881800532341,0.211632236838341,0.869742631912231,0.647216796875,12.3245849609375,18.0799102783203,0.165417787423369,1.20527948402304,3.5101112858266
"MULTIPOINT ((445725.219856332 6200254.73617054))",2,п3д,с.с.,морена,157.206619262695,2.76465511322021,1.64254820346832,0.000337739125825465,0.000232713806326501,С2,0.891342163085938,4.99608039855957,6.72125244140625,445725.219856332,6200254.73617054,13.8286112794562,12.5402404714278,55.9995422363281,64.4680023193359,929.770751953125,322.340026855469,64.4680023193359,0.792307555675507,-0.391042590141296,-2.54719948768616,6.72125244140625,8.78880310058594,18.0799102783203,1.99635829993479,2.66915795174307,3.08268829907543
"MULTIPOINT ((447823.792339934 6200332.15406942))",3,п3д,с.с.,далл,148.385330200195,1.84776508808136,148.4052734375,1.23701838674606e-05,-0.000379288947442546,,-0.5721435546875,2.10657072067261,5.16856384277344,447823.792339934,6200332.15406942,41.4305841999416,13.9042795231342,11.9999017715454,64.4680023193359,1427.06005859375,0,91.1715240478516,-0.508568644523621,-3.78047919273376,-7.93225955963135,5.16856384277344,12.3692474365234,20.3770294189453,1.52673959286254,3.09930608450921,3.95429804480944
"MULTIPOINT ((447673.894305391 6200326.6242195))",4,п3д,с.с.,далл,147.460235595703,1.84854125976562,351.153472900391,-0.000875194557011127,0.000305966648738831,,-0.889053344726562,4.33472013473511,5.65380859375,447673.894305391,6200326.6242195,8.60953711658033,12.0663713002798,19.9998359680176,0,1549.91589355469,64.4680023193359,91.1715240478516,-0.79027134180069,-5.10911417007446,-8.30860233306885,5.65380859375,12.2415924072266,20.3770294189453,1.79873310200549,3.44594421712613,3.23435120456352
"MULTIPOINT ((448123.58840902 6200343.21376926))",5,п3д,с.с.,далл,153.641052246094,2.01927375793457,248.660629272461,-0.00118486396968365,4.62826137663797e-05,С2,-1.77793884277344,4.37926626205444,6.11607360839844,448123.58840902,6200343.21376926,26.2521786485016,13.1812497261529,33.940845489502,64.4680023193359,1125.88525390625,64.4680023193359,128.936004638672,-1.58039009571075,-3.50413274765015,-4.28568172454834,6.11607360839844,15.2047424316406,25.4535064697266,2.23843952132415,3.69973596041101,4.48188635267027
"MULTIPOINT ((447973.690374477 6200337.68391934))",6,п3д,с.с.,далл,152.70426940918,1.40466868877411,148.258834838867,7.40262694307603e-05,-0.000505568576045334,,-0.672714233398438,3.76201272010803,5.41226196289062,447973.690374477,6200337.68391934,1.74208570898568,10.4685838231302,11.3136157989502,0,1245.08386230469,64.4680023193359,128.936004638672,-0.597968220710754,-2.49943876266479,-4.62448501586914,5.41226196289062,17.9740447998047,22.8882446289062,1.73807349575111,3.31910325087164,4.63539077779668
"MULTIPOINT ((444531.565429908 6200060.59933663))",7,пд пов огл,с.с.,морена,157.443481445312,2.96708559989929,200.156677246094,-0.00117821665480733,-0.000359429250238463,С2,-2.40464782714844,9.33859825134277,8.68734741210938,444531.565429908,6200060.59933663,50.491092084915,13.8352976707898,35.9997062683105,91.1715240478516,657.447204589844,232.442687988281,64.4680023193359,-2.13747501373291,-2.95458340644836,-5.05846786499023,8.68734741210938,15.1364593505859,17.5244445800781,2.710952130417,3.89148596281286,4.10984187258484
"MULTIPOINT ((448273.486443563 6200348.74361918))",8,п3д,с.с.,далл,156.427093505859,2.51261973381042,228.435623168945,7.74561049183831e-05,-0.000680519791785628,С2,-0.940582275390625,5.10989665985107,7.12065124511719,448273.486443563,6200348.74361918,28.2346750611116,13.2540515791123,44.7209930419922,193.404006958008,1009.08386230469,91.1715240478516,64.4680023193359,-0.836069762706757,-2.17424511909485,-2.48559212684631,7.12065124511719,12.9698486328125,23.3601837158203,2.22227465701837,3.2729517076832,3.97032241465535
"MULTIPOINT ((444681.463464451 6200066.12918655))",9,пд пов огл,с.с.,морена,165.613540649414,1.45588982105255,188.485198974609,-2.22526341531193e-05,0.000209176767384633,С2,0.291397094726562,3.02865219116211,4.40412902832031,444681.463464451,6200066.12918655,8.01980048347039,4.01503839163726,118.927581787109,203.86572265625,694.341613769531,347.170806884766,182.343048095703,0.259024739265442,1.97836017608643,3.19557046890259,4.40412902832031,17.0193786621094,17.5244445800781,1.00599542370854,3.88504068077511,4.2615700858969
"MULTIPOINT ((444831.361498994 6200071.65903647))",10,пд пов огл,с.с.,морена,168.893539428711,0.98611706495285,309.764465332031,0.000187269863090478,0.000450255553005263,С2,0.993850708007812,1.21863293647766,3.31858825683594,444831.361498994,6200071.65903647,5.54405345330857,11.4214393709503,189.18620300293,257.872009277344,663.738708496094,531.616760253906,322.340026855469,0.8834228515625,3.50314569473267,6.19909286499023,3.31858825683594,11.3332061767578,18.7857360839844,0.848988637831877,2.54845778589115,3.9861196061608
"MULTIPOINT ((444981.259533537 6200077.18888639))",11,п3д,с.с.,морена,162.838790893555,3.30409789085388,4.51480579376221,-0.00010689453483792,-0.000124975282233208,С2,-0.362533569335938,3.36380529403687,8.55706787109375,444981.259533537,6200077.18888639,7.69719795029101,11.9543571044973,53.8140563964844,257.872009277344,611.59716796875,657.447204589844,193.404006958008,-0.322257161140442,-1.17124259471893,-0.12692192196846,8.55706787109375,13.3255767822266,18.7857360839844,2.4544800481301,3.46378418726252,3.9108075002021
"MULTIPOINT ((445131.15756808 6200082.71873631))",12,п3д,с.с.,морена,160.226715087891,1.30842411518097,189.046356201172,-0.000423435936681926,7.71807972341776e-05,,-0.540145874023438,2.41687560081482,4.44563293457031,445131.15756808,6200082.71873631,248.030839982019,16.1201691173865,62.2248878479004,288.309661865234,583.782592773438,784.287109375,64.4680023193359,-0.480126261711121,-2.90983200073242,-2.39062333106995,4.44563293457031,12.0899963378906,19.960205078125,1.11340233616952,2.68014011260553,4.08362508883919
"MULTIPOINT ((445281.055602623 6200088.24858623))",13,п3д,с.с.,морена,167.7607421875,0.59774649143219,203.067718505859,0.000689283886458725,0.000229625336942263,С2,1.43235778808594,1.38066232204437,3.22975158691406,445281.055602623,6200088.24858623,3.53915513891302,11.1773887817634,164.582977294922,328.723602294922,583.782592773438,807.781799316406,64.4680023193359,1.27321195602417,4.7517237663269,6.91412496566772,3.22975158691406,10.8261413574219,19.960205078125,0.721305990614419,2.11628537845115,3.5153613073401
"MULTIPOINT ((445430.953637166 6200093.77843615))",14,п3д,с.с.,морена,163.975662231445,2.22826647758484,36.9843978881836,-6.00094790570438e-05,-0.000326352019328624,С2,-0.602767944335938,4.38145017623901,6.09846496582031,445430.953637166,6200093.77843615,44.0208498991591,13.6981641274518,141.420196533203,375.909820556641,611.59716796875,697.328063964844,64.4680023193359,-0.535788655281067,0.995918750762939,4.61492443084717,6.09846496582031,9.47047424316406,16.9557037353516,1.88105765164637,2.30859294770063,3.57546235146556
"MULTIPOINT ((445580.851671709 6200099.30828607))",15,п3д,с.с.,морена,161.561386108398,1.39660322666168,46.6292533874512,-0.000213577659451403,0.000129071311675943,С2,-0.131942749023438,2.34990119934082,4.605224609375,445580.851671709,6200099.30828607,29.8362816312224,13.3092259017832,15.9998693466187,257.872009277344,663.738708496094,594.365600585938,144.154830932617,-0.117284141480923,0.489569842815399,2.63995504379272,4.605224609375,10.9704742431641,16.9557037353516,0.958518783613646,2.18471787013138,3.78698107136575
"MULTIPOINT ((445730.749706252 6200104.83813599))",16,п3д,с.с.,морена,157.301879882812,2.55795431137085,16.1275215148926,0.000362179416697472,-3.35942895617336e-05,С2,0.513778686523438,5.1253776550293,7.32060241699219,445730.749706252,6200104.83813599,53.9793928615333,13.9021031044818,11.9999017715454,64.4680023193359,776.297546386719,464.885375976562,64.4680023193359,0.456671833992004,-0.909895300865173,-1.7593868970871,7.32060241699219,9.97964477539062,16.9557037353516,1.83518542111359,2.66560881022265,3.21383565998697
"MULTIPOINT ((444456.344895951 6199915.86604862))",17,пд пов огл,с.с.,морена,158.020919799805,2.54260611534119,86.578010559082,0.000203169562155381,7.83761352067813e-05,,0.439865112304688,6.14581441879272,8.12066650390625,444456.344895951,6199915.86604862,9.01381022360988,12.1122586149571,25.6122875213623,64.4680023193359,455.857604980469,347.170806884766,0,0.390987813472748,-2.09722709655762,-3.80669951438904,8.12066650390625,12.3727416992188,17.3744506835938,2.58764214100794,2.77541817294693,3.07618913310985
"MULTIPOINT ((444563.32996863 6199838.05872304))",18,п2д,т.с.,морена,160.968978881836,1.41119813919067,117.249092102051,5.91142597841099e-05,-0.000205270931473933,С2,-0.227798461914062,2.69601774215698,6.38230895996094,444563.32996863,6199838.05872304,458.845547541399,16.0422144001272,48.1659851074219,64.4680023193359,432.464508056641,464.885375976562,144.154830932617,-0.20249430835247,-0.563891053199768,-0.80084240436554,6.38230895996094,13.7288208007812,17.0193786621094,0.963645335612107,2.57738777760296,3.21103066625426
"MULTIPOINT ((444686.993314371 6199916.23115201))",19,пд пов огл,с.с.,морена,163.022033691406,1.50382196903229,227.724075317383,-0.000151874191942625,-5.41717345186044e-05,С2,-0.3214111328125,1.19558143615723,4.69512939453125,444686.993314371,6199916.23115201,81.5406706725324,14.3146026668571,59.99951171875,64.4680023193359,550.814819335938,503.511199951172,257.872009277344,-0.285695403814316,-0.413700014352798,1.3837376832962,4.69512939453125,13.4557037353516,20.6307525634766,1.11633077395358,2.22751845673267,3.64797118398978
"MULTIPOINT ((444836.891348914 6199921.76100193))",20,пд пов огл,с.с.,морена,166.481216430664,1.35945439338684,281.089263916016,0.000108929467387497,0.000432869157521054,С3,0.844757080078125,1.7389931678772,3.99354553222656,444836.891348914,6199921.76100193,4.21668229803044,3.12507288920191,144.940170288086,128.936004638672,554.57470703125,576.619323730469,322.340026855469,0.750893473625183,2.49539589881897,4.36155939102173,3.99354553222656,11.9089508056641,20.7807464599609,1.17436997737548,2.22502714124025,4.04929803144897
"MULTIPOINT ((444986.789383457 6199927.29085185))",21,п2д огл,с.с.,морена,163.721527099609,1.98492658138275,344.737365722656,0.000127266946947202,0.000365495507139713,С2,0.768692016601562,1.71845984458923,5.91719055175781,444986.789383457,6199927.29085185,12.0417670530645,12.4018819387423,129.798797607422,128.936004638672,490.973693847656,694.341613769531,193.404006958008,0.683285176753998,1.40982675552368,1.37422251701355,5.91719055175781,17.63427734375,20.7807464599609,1.32639439347364,3.26202295750398,4.3424154474292
"MULTIPOINT ((445136.687418 6199932.82070177))",22,пд пов огл,с.с.,морена,159.623550415039,2.67347598075867,215.316055297852,-0.000397800788050517,-7.42353950045072e-05,,-0.737838745117188,3.26593708992004,7.59638977050781,445136.687418,6199932.82070177,22.0079504938696,5.12820149698508,3.99996733665466,193.404006958008,451.276000976562,876.859680175781,0,-0.655865132808685,-1.36630535125732,-1.82882213592529,7.59638977050781,15.7812347412109,21.5621643066406,2.21355739386759,3.61252392187504,4.3705400620708
"MULTIPOINT ((445286.585452543 6199938.35055169))",23,пд пов огл,с.с.,морена,164.98454284668,2.01428389549255,249.949111938477,0.00021788667072542,0.00037676640204154,С2,0.92779541015625,1.02897381782532,5.7371826171875,445286.585452543,6199938.35055169,7.03099365394655,11.8638287850606,148.052841186523,203.86572265625,455.857604980469,876.859680175781,64.4680023193359,0.824703633785248,3.84341192245483,4.78779792785645,5.7371826171875,15.7812347412109,21.5621643066406,1.54177028620636,3.61157122500888,4.10647941659322
"MULTIPOINT ((445436.483487086 6199943.88040161))",24,п2д,т.с.,морена,164.342422485352,2.08624386787415,296.248077392578,0.000156443842570297,0.000212442522752099,С2,0.575637817382812,1.58504688739777,6.17738342285156,445436.483487086,6199943.88040161,26.0675682909836,12.9694054149121,219.269729614258,257.872009277344,490.973693847656,776.297546386719,64.4680023193359,0.511674642562866,2.93970155715942,5.63631582260132,6.17738342285156,13.8130187988281,18.5576629638672,1.51035905428195,2.97789729066071,4.15620845256169
"MULTIPOINT ((445586.381521629 6199949.41025153))",25,п2д,т.с.,морена,160.136322021484,1.36562812328339,285.880828857422,0.000137520881253295,-0.000140012896736152,С2,-0.003753662109375,2.56393384933472,4.58248901367188,445586.381521629,6199949.41025153,46.925256212392,14.0288162087506,163.998657226562,144.154830932617,594.365600585938,644.680053710938,144.154830932617,-0.00334506575018167,1.5790501832962,1.72679316997528,4.58248901367188,13.2250061035156,18.5576629638672,0.983299746149594,2.86568070391161,3.94668570165381
"MULTIPOINT ((445736.279556172 6199954.94010145))",26,п2д,т.с.,морена,157.914810180664,2.68634724617004,344.010620117188,0.000198375913896598,0.000361246609827504,С2,0.87384033203125,6.13748025894165,6.66206359863281,445736.279556172,6199954.94010145,22.0366211805401,13.0062064129901,43.999641418457,64.4680023193359,685.304260253906,576.619323730469,64.4680023193359,0.776748657226562,0.0523719005286694,-0.607557058334351,6.66206359863281,9.95317077636719,18.5576629638672,2.22773233217868,2.45958042476207,3.38741488097882
"MULTIPOINT ((444104.82251429 6199768.58789662))",27,п2д,т.с.,морена,160.724884033203,1.51082003116608,352.767456054688,-0.00049929937813431,-0.000174384476849809,С2,-1.05088806152344,4.10231065750122,3.95860290527344,444104.82251429,6199768.58789662,16.1189559210968,12.9602561320708,157.631195068359,364.686096191406,412.796630859375,490.973693847656,64.4680023193359,-0.934114217758179,-0.554702758789062,2.53539776802063,3.95860290527344,5.31535339355469,18.8127746582031,1.24202123444681,1.22759708082759,3.32833509029488
"MULTIPOINT ((444356.306905913 6199789.42914455))",28,п2д,т.с.,морена,161.495010375977,0.53615403175354,20.5755500793457,0.000400756776798517,1.58417951752199e-05,С2,0.649383544921875,2.97899699211121,2.9716796875,444356.306905913,6199789.42914455,5.37432685117316,4.56280692830914,104.994384765625,232.442687988281,328.723602294922,451.276000976562,64.4680023193359,0.57722133398056,1.13620245456696,1.13974690437317,2.9716796875,10.3499755859375,23.1229400634766,0.490897878004678,1.37958198811306,2.48840062329382
"MULTIPOINT ((443521.580224246 6203025.38092797))",29,п3д,с.с.,морена,169.928466796875,0.339574635028839,296.400299072266,0.000108559703221545,-0.000120255441288464,С2,-0.018218994140625,1.47118616104126,2.16371154785156,443521.580224246,6203025.38092797,44.6685832147381,13.9795305844076,75.999382019043,550.814819335938,490.973693847656,288.309661865234,144.154830932617,-0.0161980520933867,0.449246466159821,1.28868055343628,2.16371154785156,4.95826721191406,14.3071441650391,0.276008074507621,0.956991310584702,2.30467111367068
"MULTIPOINT ((443371.682189703 6203019.85107805))",30,п3д,с.с.,морена,169.762664794922,1.12781500816345,150.54296875,0.000400977820390835,-0.000141067284857854,С2,0.4053955078125,2.47653198242188,3.82565307617188,443371.682189703,6203019.85107805,34.1441162746896,13.4440910249603,115.37670135498,531.616760253906,375.909820556641,273.514556884766,64.4680023193359,0.360360026359558,1.1045663356781,1.3308333158493,3.82565307617188,12.8422088623047,14.3071441650391,1.0826279780311,1.98499143714788,2.6576225756155
"MULTIPOINT ((443671.478258789 6203030.91077789))",31,п2д,с.с.,морена,167.476974487305,1.77702069282532,7.01577663421631,-0.000150732390466146,-3.86167121178005e-05,С2,-0.295486450195312,3.04934024810791,5.58798217773438,443671.478258789,6203030.91077789,3.58254140962451,11.1895731839417,47.9996070861816,515.744018554688,673.065734863281,144.154830932617,0,-0.262647837400436,-1.07099139690399,-2.00327682495117,5.58798217773438,6.92314147949219,9.58522033691406,1.32264548211832,1.44782374050228,1.75456551771271
"MULTIPOINT ((443821.376293332 6203036.44062781))",32,п3д,с.с.,морена,167.269378662109,1.20705962181091,128.131378173828,8.88908107299358e-05,0.000190390259376727,С2,0.435440063476562,3.40463018417358,4.14772033691406,443821.376293332,6203036.44062781,13.1057602936985,12.486552595062,48.6617050170898,531.616760253906,697.328063964844,144.154830932617,128.936004638672,0.387051045894623,-0.88963258266449,-2.53172516822815,4.14772033691406,8.24127197265625,9.58522033691406,0.810940410148492,1.78819297702077,1.92593621074669
"MULTIPOINT ((448906.48198267 6199715.08218495))",33,п2д огл,с.с.,фг,158.533798217773,1.02590608596802,341.401428222656,-7.20193638699129e-05,0.000268349249381572,С2,0.305999755859375,1.17105937004089,3.07070922851562,448906.48198267,6199715.08218495,10.1130753094045,12.2273299161099,69.0501403808594,451.276000976562,1125.88525390625,916.262451171875,515.744018554688,0.272003173828125,1.26578879356384,5.47318649291992,3.07070922851562,8.343505859375,29.9928436279297,0.843827572232491,1.69098398702552,4.28074978304828
"MULTIPOINT ((448606.91635937 6199731.220256))",34,п2д огл,с.с.,фг,157.034759521484,1.40698516368866,161.160888671875,-0.000109255306597333,0.000130235683172941,С2,0.0326080322265625,1.34902024269104,4.20651245117188,448606.91635937,6199731.220256,12.2420695278118,12.4183790862874,97.6516418457031,608.189880371094,1183.47521972656,644.680053710938,432.464508056641,0.0289832223206758,0.345719635486603,1.51829588413239,4.20651245117188,7.689453125,16.3486938476562,1.06528690417223,1.91531105240319,3.3076358135955
"MULTIPOINT ((443971.274327875 6203041.97047773))",35,п3д,с.с.,морена,168.015762329102,1.97674953937531,102.006942749023,1.20518416224513e-05,9.5331533884746e-06,С2,0.03369140625,1.27097427845001,5.26007080078125,443971.274327875,6203041.97047773,114.873188921577,14.9240889811596,74.403694152832,576.619323730469,634.936218261719,232.442687988281,128.936004638672,0.0299411341547966,-0.565084636211395,-1.74194967746735,5.26007080078125,9.48869323730469,9.58522033691406,1.60103603632201,2.53088304605804,2.05904276194497
"MULTIPOINT ((449056.26479432 6199707.01314942))",36,п2д огл,с.с.,фг,156.846298217773,0.974665343761444,4.17661237716675,0.00028894076240249,7.45466604712419e-05,С2,0.566726684570312,1.65054774284363,2.92219543457031,449056.26479432,6199707.01314942,9.87526063556271,12.2035334483395,19.9998359680176,469.334136962891,1103.51440429688,1019.32861328125,531.616760253906,0.503757059574127,1.98126339912415,4.93465900421143,2.92219543457031,12.593017578125,29.4054565429688,0.684074382657539,2.90754603321272,4.87440813383815
"MULTIPOINT ((448756.69917102 6199723.15122047))",37,п2д огл,с.с.,фг,160.508392333984,0.580026984214783,296.606475830078,0.00032848710543476,0.000179331662366167,С2,0.79156494140625,1.05848562717438,2.27084350585938,448756.69917102,6199723.15122047,33.8509858510562,14.1286479551941,186.760360717773,469.334136962891,1162.21337890625,820.543762207031,531.616760253906,0.703604817390442,3.16380286216736,6.49252939224243,2.27084350585938,9.85739135742188,28.2626495361328,0.516063111157585,1.89768230455712,3.63738926225645
"MULTIPOINT ((444121.172362418 6203047.50032765))",38,п3д,с.с.,морена,171.01025390625,1.41002607345581,111.646423339844,0.000188046135008335,0.000383638980565593,С2,0.891433715820312,2.98298573493958,5.05232238769531,444121.172362418,6203047.50032765,7.95139740508848,11.9868484318706,99.9991836547852,685.304260253906,583.782592773438,407.7314453125,128.936004638672,0.792399108409882,1.05847072601318,1.27411305904388,5.05232238769531,9.48869323730469,9.58522033691406,1.26643890923983,2.26619394616252,2.05712223747327
"MULTIPOINT ((449206.047605969 6199698.9441139))",39,п2д огл,с.с.,фг,148.68147277832,1.40334987640381,359.55126953125,-0.000395114038838074,0.000313583383103833,С2,-0.127471923828125,2.27021813392639,3.67523193359375,449206.047605969,6199698.9441139,6.01752124306609,11.7081761653093,27.9997711181641,375.909820556641,1097.8505859375,876.859680175781,608.189880371094,-0.113313466310501,-2.17283463478088,-1.34420847892761,3.67523193359375,15.4479522705078,29.4054565429688,1.21738469884736,3.02616254791689,6.18694689979807
"MULTIPOINT ((444271.070396961 6203053.03017757))",40,п3д,с.с.,морена,170.231262207031,0.405509948730469,69.5831604003906,-0.000178506699739955,7.45005963835865e-05,С2,-0.162124633789062,0.712526798248291,1.39457702636719,444271.070396961,6203053.03017757,14.6922441119311,12.6008204875414,156.817077636719,776.297546386719,580.212036132812,531.616760253906,182.343048095703,-0.14410400390625,-0.000412610126659274,0.464737147092819,1.39457702636719,7.62516784667969,9.58522033691406,0.36383291788018,1.33466510360979,1.92600839302426
"MULTIPOINT ((449355.830417619 6199690.87507838))",41,п2д огл,с.с.,фг,147.241821289062,0.577984809875488,225.189636230469,-0.000256927683949471,-0.000126787825138308,С3,-0.598114013671875,2.23116636276245,2.15234375,449355.830417619,6199690.87507838,1985.10125708527,17.5069259473722,0,273.514556884766,1112.89025878906,754.57861328125,531.616760253906,-0.531655192375183,-0.727787256240845,-1.33691501617432,2.15234375,20.5658874511719,28.7111053466797,0.746345835834673,2.18123857678973,5.69923319305529
"MULTIPOINT ((444420.968431504 6203058.56002749))",42,п3д,с.с.,морена,169.828552246094,0.186109840869904,16.8616981506348,-0.000104114995338023,0.00011557198013179,С2,0.017852783203125,0.621705710887909,0.988815307617188,444420.968431504,6203058.56002749,8.21846551307582,12.0198842588262,80.0992813110352,776.297546386719,594.365600585938,657.447204589844,232.442687988281,0.0158708356320858,-0.311761975288391,0.122811757028103,0.988815307617188,4.77871704101562,9.58522033691406,0.240811960666435,0.818816863563046,1.62804061632844
"MULTIPOINT ((449505.613229269 6199682.80604285))",43,п2д огл,с.с.,фг,149.649948120117,0.852302372455597,336.283447265625,0.000731142179574817,0.000503271468915045,С3,1.92436218261719,4.82235479354858,4.74540710449219,449505.613229269,6199682.80604285,6.69279247385682,11.8145319416177,106.507347106934,182.343048095703,1142.37585449219,634.936218261719,407.7314453125,1.71054589748383,3.29377913475037,2.59308290481567,4.74540710449219,20.5658874511719,27.7271270751953,0.682388887675335,3.07619899773627,4.70642324623296
"MULTIPOINT ((444570.866466047 6203064.08987741))",44,п3д,с.с.,морена,170.657135009766,0.323490113019943,189.966720581055,0.000226301432121545,6.00143466726877e-05,С2,0.446258544921875,1.12291181087494,0.93646240234375,444570.866466047,6203064.08987741,2.40916191470095,10.3873039357969,157.783386230469,638.20068359375,611.59716796875,786.932250976562,203.86572265625,0.396672576665878,1.10744774341583,1.6240166425705,0.93646240234375,2.50392150878906,14.0585174560547,0.340839776928852,0.49344934452085,1.37293140412357
"MULTIPOINT ((449655.396040919 6199674.73700733))",45,п2д огл,с.с.,фг,143.410446166992,2.19789981842041,331.030578613281,0.000181943760253489,-7.32543267076835e-05,В4,0.169937133789062,4.14224338531494,6.58259582519531,449655.396040919,6199674.73700733,236.296526827466,15.378588230362,15.9998693466187,91.1715240478516,1162.21337890625,464.885375976562,232.442687988281,0.151058614253998,-0.569912016391754,-1.26444244384766,6.58259582519531,14.8931884765625,24.5646057128906,1.87832809928374,2.5914554504188,4.41111898035029
"MULTIPOINT ((444720.76450059 6203069.61972733))",46,п3д,с.с.,морена,169.78630065918,0.50833398103714,337.211944580078,-5.96726458752528e-05,3.06193851429271e-06,С2,-0.0882568359375,0.85223263502121,1.45846557617188,444720.76450059,6203069.61972733,39.9058579226682,13.6000238726499,141.759201049805,550.814819335938,490.973693847656,867.328247070312,182.343048095703,-0.0784369558095932,0.374217450618744,2.03409004211426,1.45846557617188,3.60137939453125,22.1439666748047,0.438738173581152,0.674830270909618,1.67742050911078
"MULTIPOINT ((449805.178852568 6199666.66797181))",47,пд пов огл,с.с.,фг,143.99626159668,1.0130227804184,270.226928710938,0.000714835128746927,0.0011587847257033,С4,2.92094421386719,10.8923397064209,4.69357299804688,449805.178852568,6199666.66797181,6.94752129601513,11.8518856923332,7.99993467330933,64.4680023193359,1041.51245117188,364.686096191406,144.154830932617,2.59639143943787,1.42560994625092,0.657824397087097,4.69357299804688,14.3361358642578,27.2047424316406,1.64213099789667,2.80330037599379,4.86071589312256
"MULTIPOINT ((444870.662535133 6203075.14957725))",48,п3д огл,с.с.,морена,169.554794311523,0.390414088964462,289.305053710938,4.19447933381889e-05,0.000104731429019012,С2,0.228622436523438,0.670247793197632,1.35009765625,444870.662535133,6203075.14957725,14.9401080499839,12.6175501563657,183.998504638672,432.464508056641,375.909820556641,958.3857421875,128.936004638672,0.203209772706032,0.863253533840179,3.29126715660095,1.35009765625,4.56295776367188,19.9957885742188,0.352710101674901,0.851326795105745,3.76487802405304
"MULTIPOINT ((449954.961664218 6199658.59893628))",49,пд пов огл,с.с.,фг,140.139663696289,3.28035044670105,83.7283172607422,3.15647666866425e-05,-0.000710757332853973,С4,-1.06011962890625,5.53410959243774,9.63084411621094,449954.961664218,6199658.59893628,153.828150844769,5.77216378246185,5.6568078994751,0,897.935363769531,328.723602294922,91.1715240478516,-0.942340433597565,-1.70713806152344,-1.98247969150543,9.63084411621094,14.4870910644531,25.9553298950195,3.05693060353186,3.97207027508303,6.02170565327562
"MULTIPOINT ((445020.560569676 6203080.67942717))",50,п3д огл,с.с.,морена,168.573272705078,1.16578555107117,7.20957565307617,0.000575211422983557,0.000254834478255361,С2,1.2943115234375,2.72688126564026,3.77024841308594,445020.560569676,6203080.67942717,63.1447151992162,14.7521089909733,149.771942138672,232.442687988281,182.343048095703,1063.23352050781,0,1.15049743652344,3.8592734336853,4.68810987472534,3.77024841308594,19.0928344726562,19.9957885742188,1.01171344977541,3.65955099518581,5.35310243776913
"MULTIPOINT ((447999.716077247 6199613.71358644))",51,п2д огл,с.с.,фг,154.573822021484,0.883614897727966,147.521453857422,-6.76178751746193e-05,-4.79237896797713e-05,С3,-0.180130004882812,1.99417579174042,2.82826232910156,447999.716077247,6199613.71358644,7.75361683931238,11.9616601678693,51.9995765686035,328.723602294922,1641.08752441406,647.895385742188,64.4680023193359,-0.160110473632812,0.0446073561906815,2.67282652854919,2.82826232910156,8.6566162109375,23.9292755126953,0.946832018695441,1.00342110921022,3.77818318934137
"MULTIPOINT ((445170.458604219 6203086.20927709))",52,п3д огл,с.с.,морена,161.612075805664,4.15311050415039,26.1568355560303,0.000261867913650349,-0.000176866888068616,С2,0.134994506835938,3.79887890815735,13.0735626220703,445170.458604219,6203086.20927709,250.164490991669,15.4356194098914,84.8521194458008,144.154830932617,91.1715240478516,1039.51525878906,128.936004638672,0.119986638426781,-0.0875838920474052,-1.32856225967407,13.0735626220703,17.5191345214844,19.7078857421875,2.85156686949722,5.49098459662159,5.05376930261595
"MULTIPOINT ((448149.498888897 6199605.64455092))",53,п2д огл,с.с.,фг,156.121994018555,0.80321854352951,291.801940917969,0.000188747653737664,0.000163640812388621,С2,0.549331665039062,0.785962581634521,3.236328125,448149.498888897,6199605.64455092,9.46078317870405,12.1606559125094,180.885223388672,455.857604980469,1552.59509277344,644.680053710938,193.404006958008,0.488291412591934,1.76999366283417,3.64699482917786,3.236328125,10.1768646240234,23.9292755126953,0.630512924224427,1.74101549528757,3.31677109459023
"MULTIPOINT ((445320.356638762 6203091.73912701))",54,п3д,с.с.,морена,156.379867553711,2.55390644073486,71.3000030517578,-8.0866229836829e-05,0.000128751707961783,С3,0.074462890625,4.96117353439331,8.31254577636719,445320.356638762,6203091.73912701,152.604694042979,14.9413516232421,7.99993467330933,64.4680023193359,64.4680023193359,1031.48803710938,257.872009277344,0.0661824569106102,-2.98476934432983,-5.7994589805603,8.31254577636719,15.2009429931641,19.7078857421875,2.32794589979491,3.58204468129606,4.52846283280966
"MULTIPOINT ((448299.281700547 6199597.57551539))",55,п2д огл,с.с.,фг,151.05876159668,1.38595819473267,261.093353271484,2.38430902754772e-06,-0.000699676049407572,С2,-1.08708190917969,3.25998067855835,4.52299499511719,448299.281700547,6199597.57551539,43.2856944433813,5.64498320888992,47.9996070861816,519.757629394531,1484.16479492188,720.774169921875,364.686096191406,-0.966295003890991,-1.59799873828888,-1.38243854045868,4.52299499511719,9.76739501953125,22.2731170654297,1.22306782733615,2.40404141350761,3.76085005822274
"MULTIPOINT ((445470.254673305 6203097.26897693))",56,п3д огл,с.с.,далл,160.917404174805,3.79972290992737,204.715148925781,0.000315250130370259,-8.89022558112629e-05,С2,0.355712890625,4.24938869476318,10.9559783935547,445470.254673305,6203097.26897693,28.079374843994,13.2485360599451,39.3951110839844,91.1715240478516,128.936004638672,1033.50073242188,432.464508056641,0.316199421882629,0.072534367442131,-0.494298487901688,10.9559783935547,13.5437316894531,17.9119262695312,2.83476294094827,3.71331451589893,3.7627751194594
"MULTIPOINT ((448449.064512197 6199589.50647987))",57,п2д огл,с.с.,фг,153.800994873047,1.82059371471405,266.169128417969,8.07018150226213e-05,0.000410843233112246,С2,0.7666015625,2.74238133430481,5.43272399902344,448449.064512197,6199589.50647987,7.1130311204381,11.8754292153171,72.1104354858398,519.757629394531,1415.36267089844,754.57861328125,455.857604980469,0.681433796882629,0.996647119522095,1.25020968914032,5.43272399902344,11.9460144042969,26.1270904541016,1.3647332294588,2.4713807195658,4.13655873890179
"MULTIPOINT ((445620.152707848 6203102.79882685))",58,п3д огл,с.с.,далл,164.105606079102,0.570874154567719,303.795562744141,-0.000187485959031619,0.000204491210752167,С3,0.0264739990234375,2.63461995124817,2.28114318847656,445620.152707848,6203102.79882685,1.65023478929158,10.1776550384641,155.330642700195,182.343048095703,257.872009277344,1049.46301269531,550.814819335938,0.0235341396182775,1.75176250934601,2.66733288764954,2.28114318847656,11.2849731445312,15.7518768310547,0.471576421502472,2.25482950620618,3.39689772413179
"MULTIPOINT ((448598.847323847 6199581.43744435))",59,п2д огл,с.с.,фг,153.718795776367,2.83756279945374,254.747222900391,-0.000108103762613609,6.06210414844099e-06,С2,-0.159652709960938,2.55063581466675,7.89666748046875,448598.847323847,6199581.43744435,42.7205605640411,13.4633937838423,164.144927978516,455.857604980469,1355.36218261719,807.781799316406,547.029113769531,-0.141908437013626,-0.205359637737274,1.08834826946259,7.89666748046875,12.9657897949219,26.1270904541016,2.01889992433002,3.10668032067754,4.53360194076662
"MULTIPOINT ((445770.050742391 6203108.32867678))",60,п2д огл,л.с.,далл,163.86198425293,0.232545360922813,244.587478637695,-5.36970655957703e-05,0.00017229001969099,С3,0.184844970703125,1.57277488708496,2.39781188964844,445770.050742391,6203108.32867678,3.56528679936856,11.1847452436871,96.7462997436523,288.309661865234,386.808013916016,1080.68054199219,580.212036132812,0.164296463131905,0.330765396356583,1.87024104595184,2.39781188964844,4.31446838378906,14.2302398681641,0.10762215687655,0.890232340478692,2.83369851439723
"MULTIPOINT ((448748.630135496 6199573.36840882))",61,п2д огл,с.с.,фг,156.208831787109,2.83792448043823,267.8349609375,0.000108664600702468,6.50337751721963e-05,С2,0.271469116210938,1.67586004734039,7.17564392089844,448748.630135496,6199573.36840882,26.2989029221232,6.47712960650909,167.091430664062,347.170806884766,1284.51574707031,916.262451171875,657.447204589844,0.241304188966751,1.0374767780304,4.31177186965942,7.17564392089844,12.1713104248047,27.6222686767578,2.12140012854595,3.57605409828874,5.26162235286411
"MULTIPOINT ((445919.948776934 6203113.8585267))",62,п2д,с.с.,морена,162.8984375,0.770021200180054,240.990356445312,-4.30150321335532e-05,-0.00030161437462084,С3,-0.537185668945312,2.09990835189819,2.67005920410156,445919.948776934,6203113.8585267,29.1948161513451,13.2874919088764,95.9992141723633,469.334136962891,554.57470703125,1153.23864746094,580.212036132812,-0.477496683597565,-0.514143347740173,0.00200364855118096,2.67005920410156,3.4365234375,14.2302398681641,0.57465397007252,0.846174381248066,1.14077488278769
"MULTIPOINT ((449170.242600578 6196245.87041043))",63,п1д,с.с.,морена,149.716201782227,2.03352379798889,202.011001586914,0.000766013108659536,0.000225649404455908,С2,1.54803466796875,4.41087818145752,6.06260681152344,449170.242600578,6196245.87041043,1324.29231362662,17.7953133249652,0,951.858642578125,1770.23083496094,1188.73120117188,232.442687988281,1.37603425979614,2.27716159820557,1.80015051364899,6.06260681152344,12.5464935302734,23.7565460205078,1.70601483421855,3.28768209584257,4.61378607096279
"MULTIPOINT ((446069.846811477 6203119.38837662))",64,п2д,с.с.,морена,164.481079101562,0.452820837497711,351.159973144531,0.000491378945298493,3.9818107325118e-05,С3,0.827987670898438,2.42268371582031,1.64022827148438,446069.846811477,6203119.38837662,2.06861285180708,10.4355917302056,134.162979125977,594.365600585938,638.20068359375,1216.37976074219,580.212036132812,0.735975503921509,1.061896443367,1.43661379814148,1.64022827148438,2.97731018066406,14.2302398681641,0.618658738558626,0.705664263434519,1.1982946226012
"MULTIPOINT ((449320.025412227 6196237.80137491))",65,п1д огл,с.с.,далл,150.70491027832,0.787258863449097,211.439315795898,1.64798766491003e-05,0.000134392976178788,С2,0.23516845703125,2.18402075767517,2.98591613769531,449320.025412227,6196237.80137491,14.9607493460234,12.6189308056926,52.6113548278809,897.935363769531,1879.54919433594,1289.36010742188,193.404006958008,0.209040328860283,1.34324240684509,1.94598281383514,2.98591613769531,11.9674987792969,22.9444732666016,0.729051773993481,2.75743718475405,4.54906398598718
"MULTIPOINT ((446219.74484602 6203124.91822654))",66,п2д,с.с.,морена,161.911956787109,0.0984045788645744,41.6033744812012,-0.000264160917140543,-0.000239557542954572,С3,-0.785064697265625,1.52517426013947,1.10003662109375,446219.74484602,6203124.91822654,216.415429162055,15.2907005881267,7.99993467330933,720.774169921875,735.04833984375,1289.36010742188,580.212036132812,-0.697843790054321,-1.49123430252075,-0.961692154407501,1.10003662109375,4.57670593261719,8.17842102050781,0.315791954455319,0.798656245944044,1.47922952468944
"MULTIPOINT ((449469.808223877 6196229.73233939))",67,п1д огл,с.с.,далл,151.481475830078,0.333201795816422,278.842620849609,0.000137535607791506,-0.000302520900731906,С2,-0.25714111328125,2.53010582923889,1.49800109863281,449469.808223877,6196229.73233939,260.522186256732,15.4761887699648,3.99996733665466,847.944213867188,2047.81066894531,1448.73815917969,0,-0.22856479883194,0.0360692851245403,1.37313866615295,1.49800109863281,15.1651916503906,16.4771270751953,0.512336239768439,2.29194174171809,4.2783362233094
"MULTIPOINT ((446369.642880563 6203130.44807646))",68,п2д,с.с.,морена,162.020553588867,1.29407978057861,40.0437049865723,0.00020605580357369,-9.3954149633646e-05,В4,0.1749267578125,1.56515562534332,3.97434997558594,446369.642880563,6203130.44807646,63.3670106968448,14.0624441344354,14.4220876693726,911.715209960938,895.618103027344,1413.89367675781,576.619323730469,0.155488759279251,-0.0498050004243851,-0.944659352302551,3.97434997558594,6.39401245117188,8.3275146484375,1.02238888775427,1.69347540256171,1.72454661603713
"MULTIPOINT ((449619.591035527 6196221.66330386))",69,п1д огл,с.с.,далл,154.68717956543,1.29272568225861,239.887649536133,0.000231657992117107,0.000784396543167531,С2,1.58416748046875,5.16648817062378,4.92948913574219,449619.591035527,6196221.66330386,2.67394227495913,10.897054635348,152.051391601562,838.084045410156,2128.42065429688,1495.32409667969,64.4680023193359,1.4081437587738,2.50839805603027,4.16990566253662,4.92948913574219,11.876708984375,16.4771270751953,1.56644181384765,2.52639107855046,4.11794011708177
"MULTIPOINT ((446519.540915106 6203135.97792638))",70,п1д,с.с.,морена,160.132217407227,0.215832412242889,194.940399169922,-0.000424632424255833,7.28269224055111e-05,В4,-0.548324584960938,1.92143523693085,2.78500366210938,446519.540915106,6203135.97792638,1177.41270069438,16.9845754280303,0,815.462890625,923.041320800781,1488.359375,464.885375976562,-0.487396240234375,-1.69898176193237,-2.9022376537323,2.78500366210938,6.39401245117188,13.4643707275391,0.345141015717111,1.41836082966471,1.84164762792534
"MULTIPOINT ((449769.373847177 6196213.59426834))",71,п1д огл,с.с.,далл,151.594909667969,1.44634258747101,304.637084960938,-0.000119846990855876,-0.000354565563611686,С2,-0.73974609375,1.90408444404602,4.13380432128906,449769.373847177,6196213.59426834,66.5519189861489,14.1114831241052,37.947021484375,847.944213867188,2056.92333984375,1517.39660644531,193.404006958008,-0.657557189464569,-0.994741022586823,1.14519309997559,4.13380432128906,10.6620788574219,17.9198150634766,1.1526354298386,2.71473216825697,4.44665868537289
"MULTIPOINT ((446669.438949649 6203141.5077763))",72,п1д,с.с.,морена,162.6572265625,0.688031136989594,186.464996337891,0.000426876038545743,1.62273602200003e-06,С2,0.667984008789062,2.59724688529968,3.33584594726562,446669.438949649,6203141.5077763,5.54590828348316,5.80892502949264,61.1877326965332,694.341613769531,807.781799316406,1532.38684082031,364.686096191406,0.59376186132431,0.491555958986282,-0.520528376102448,3.33584594726562,6.84121704101562,14.9708862304688,0.615018069904479,1.35985890762126,2.19285137820395
"MULTIPOINT ((449919.156658827 6196205.52523282))",73,п1д огл,с.с.,далл,151.988784790039,0.832295835018158,315.97021484375,7.29941093595698e-05,3.62131299880275e-06,С2,0.119430541992188,2.78851175308228,3.08378601074219,449919.156658827,6196205.52523282,29.185187822467,13.2871620586431,93.036865234375,897.935363769531,1960.7177734375,1569.8984375,386.808013916016,0.106174044311047,0.587148547172546,2.00111556053162,3.08378601074219,16.4965209960938,18.9565734863281,0.531258836613119,3.35847880697132,5.47276420050626
"MULTIPOINT ((446819.336984192 6203147.03762622))",74,п2д,с.с.,морена,163.597702026367,1.31986224651337,219.2890625,-0.00021874372032471,-0.000107992607809138,С2,-0.509536743164062,2.06257081031799,4.21578979492188,446819.336984192,6203147.03762622,6.59935133789039,7.09884001333557,84.8521194458008,554.57470703125,608.189880371094,1672.44458007812,203.86572265625,-0.452935099601746,-0.618778169155121,0.355472266674042,4.21578979492188,10.2815551757812,14.9708862304688,1.12328620179174,1.68398419142643,2.75181040956496
"MULTIPOINT ((450068.939470476 6196197.45619729))",75,п1д огл,с.с.,далл,149.218643188477,3.04006028175354,291.198028564453,0.000137152877869084,-0.000494712381623685,С2,-0.557449340820312,3.4151725769043,8.65473937988281,450068.939470476,6196197.45619729,1047.04414245388,16.8672271152996,0,951.858642578125,1904.80859375,1454.46435546875,322.340026855469,-0.495517313480377,-0.037463441491127,-0.935864388942719,8.65473937988281,17.5251312255859,21.9056701660156,2.56634306642262,5.08079653743562,5.57233618346312
"MULTIPOINT ((446969.235018735 6203152.56747614))",76,п2д,с.с.,морена,165.512008666992,2.17136120796204,252.31608581543,-0.00019891670672223,3.90740497095976e-05,С2,-0.249740600585938,3.32536625862122,7.72711181640625,446969.235018735,6203152.56747614,9.02256298809763,12.1132291831608,84.0944976806641,455.857604980469,503.511199951172,1735.85400390625,182.343048095703,-0.221998423337936,0.199419602751732,2.20548462867737,7.72711181640625,11.7560272216797,17.0921173095703,1.36412966598079,2.85001966734754,2.33679402361674
"MULTIPOINT ((450218.722282126 6196189.38716177))",77,п1д,с.с.,далл,145.462890625,4.28817987442017,331.212005615234,9.24778069020249e-05,0.000305466062854975,С2,0.622772216796875,5.80953121185303,13.1031646728516,450218.722282126,6196189.38716177,34.5157311609337,13.2501286632502,7.99993467330933,1019.32861328125,1856.18591308594,1329.04187011719,265.808380126953,0.553573608398438,-1.69370186328888,-4.8735876083374,13.1031646728516,18.2176971435547,21.9056701660156,3.25516070803676,5.5033250624803,5.81392540784617
"MULTIPOINT ((447119.133053278 6203158.09732606))",78,п2д,с.с.,морена,166.819473266602,2.74012589454651,262.002868652344,-0.000558408908545971,0.000147305603604764,С2,-0.643463134765625,6.24843311309814,8.85383605957031,447119.133053278,6203158.09732606,32.0892568938429,13.382022042341,143.218933105469,375.909820556641,412.796630859375,1806.2548828125,128.936004638672,-0.57196044921875,1.22569489479065,3.12808442115784,8.85383605957031,11.7560272216797,18.4377899169922,2.59877303312135,2.39015397203066,2.19320778434522
"MULTIPOINT ((447963.911071855 6196160.63988297))",79,п1д,с.с.,морена,144.874252319336,1.07835257053375,175.688049316406,5.24784918525256e-05,0.000160143623361364,С2,0.331466674804688,1.029629945755,3.3812255859375,447963.911071855,6196160.63988297,10.6275343825193,12.276948960912,87.9992828369141,1033.50073242188,938.668273925781,754.57861328125,0,0.294640421867371,0.85547000169754,0.967928349971771,3.3812255859375,7.52682495117188,16.7664031982422,0.838880686024073,1.63854997370585,2.72438759489113
"MULTIPOINT ((447269.031087821 6203163.62717598))",80,п2д,с.с.,морена,166.171844482422,0.963942110538483,350.780578613281,-0.000104782804555725,0.000215167223359458,С2,0.172027587890625,1.13466966152191,2.68869018554688,447269.031087821,6203163.62717598,12.216877630036,12.41631915243,184.172317504883,322.340026855469,328.723602294922,1923.26538085938,91.1715240478516,0.15290492773056,0.959731101989746,2.39457583427429,2.68869018554688,9.23701477050781,20.7893676757812,0.859115327346168,1.19937253801415,2.55279507647916
"MULTIPOINT ((448113.693883506 6196152.57084745))",81,п1д,с.с.,морена,146.886077880859,0.362860888242722,132.988464355469,0.000146558639244176,5.71356940781698e-05,С2,0.317474365234375,0.536734759807587,1.50332641601562,448113.693883506,6196152.57084745,3.39781884549809,11.1366344541586,95.9992141723633,1063.23352050781,1009.08386230469,712.072326660156,64.4680023193359,0.282207906246185,1.26751208305359,1.96702218055725,1.50332641601562,4.52197265625,15.779052734375,0.286768480582354,1.06202811541535,1.90150154806425
"MULTIPOINT ((447418.929122364 6203169.1570259))",82,п2д,с.с.,морена,164.794448852539,0.441462904214859,327.003601074219,6.49739522486925e-05,4.76214154332411e-05,С2,0.175491333007812,0.494480758905411,1.449951171875,447418.929122364,6203169.1570259,45.3318398114364,13.7275103956152,108.810882568359,347.170806884766,322.340026855469,2007.84448242188,193.404006958008,0.155997380614281,0.365703046321869,1.17214393615723,1.449951171875,4.84341430664062,20.7893676757812,0.332996310261956,0.953852594288742,2.94199099799759
"MULTIPOINT ((448263.476695155 6196144.50181192))",83,п1д,с.с.,морена,146.797546386719,0.569111466407776,51.2996559143066,0.000106223538750783,5.87559516134206e-05,С2,0.257156372070312,0.69310337305069,1.70111083984375,448263.476695155,6196144.50181192,25.6687977999662,13.1587769053321,93.636833190918,1101.62963867188,1072.96130371094,709.148010253906,0,0.228585138916969,0.846709907054901,1.32009434700012,1.70111083984375,3.92129516601562,20.6843566894531,0.491531022690198,0.735535209028673,1.49421229319688
"MULTIPOINT ((447568.827156907 6203174.68687582))",84,п2д,с.с.,морена,163.797500610352,0.450208127498627,338.756164550781,-8.73621247592382e-05,0.000118189062050078,С2,0.04803466796875,1.20399761199951,1.720703125,447568.827156907,6203174.68687582,7.41104723430376,11.9164725009146,26.8325958251953,412.796630859375,347.170806884766,2096.94506835938,64.4680023193359,0.0427008718252182,0.560403347015381,0.0901072844862938,1.720703125,9.6298828125,20.7893676757812,0.410779944215914,1.97935352676611,2.93422140538435
"MULTIPOINT ((448413.259506805 6196136.4327764))",85,п1д,с.с.,морена,145.53173828125,0.20206193625927,7.02038431167603,-0.0002173705433961,4.29799183621071e-05,С2,-0.271820068359375,0.947948575019836,1.103271484375,448413.259506805,6196136.4327764,10.5287071510262,12.2676062853536,51.9995765686035,1142.37585449219,1147.82006835938,720.774169921875,128.936004638672,-0.241602584719658,-0.759088337421417,0.10026191174984,1.103271484375,5.0548095703125,22.0435943603516,0.311759570533481,0.689093489888077,2.04089590131459
"MULTIPOINT ((447718.725191451 6203180.21672574))",86,п2д,с.с.,морена,155.740112304688,2.67586517333984,23.1863040924072,-0.000902541447430849,-0.000354194518877193,В5,-1.96389770507812,4.18800735473633,8.10684204101562,447718.725191451,6203180.21672574,100.430110710078,14.5229628141912,40.1991729736328,554.57470703125,455.857604980469,2048.8251953125,64.4680023193359,-1.74569189548492,-5.824866771698,-8.42944526672363,8.10684204101562,12.3389282226562,20.7893676757812,2.22629823828497,3.15063053574579,2.93717913475246
"MULTIPOINT ((448563.042318455 6196128.36374088))",87,п1д,с.с.,морена,146.747665405273,0.552510321140289,313.481414794922,0.000401849334593862,-6.16043907939456e-05,С2,0.530364990234375,1.42487144470215,3.12834167480469,448563.042318455,6196128.36374088,2.91320314984834,10.98275395902,176.588470458984,1211.24377441406,1276.4013671875,778.969848632812,273.514556884766,0.471442341804504,1.54183304309845,1.37589716911316,3.12834167480469,10.7964935302734,22.0435943603516,0.425097219767961,1.90100959436241,3.49373146867051
"MULTIPOINT ((447868.623225993 6203185.74657566))",88,п1д,с.с.,морена,156.3095703125,3.00332856178284,190.763275146484,-0.000821183028165251,-0.000411294691730291,В5,-1.92706298828125,3.99169898033142,8.93562316894531,447868.623225993,6203185.74657566,2576.17757833649,17.7675627649638,0,663.738708496094,547.029113769531,1923.26538085938,193.404006958008,-1.71293473243713,-5.84502410888672,-8.29873657226562,8.93562316894531,13.1134490966797,20.7893676757812,2.24354234733801,3.7095860108445,2.98771664895615
"MULTIPOINT ((448712.825130104 6196120.29470535))",89,п1д,с.с.,морена,143.459701538086,2.12951827049255,339.826965332031,-0.000132463363115676,0.000149104977026582,С4,0.025665283203125,2.835608959198,6.20854187011719,448712.825130104,6196120.29470535,42.6936098472885,5.85435381890114,29.1202011108398,1185.22985839844,1370.60852050781,840.559875488281,364.686096191406,0.02281697653234,-0.863131165504456,-2.18936157226562,6.20854187011719,10.7964935302734,22.0435943603516,1.79791577245231,2.44958263862252,3.90910343579234
"MULTIPOINT ((448018.521260537 6203191.27642558))",90,п2д,с.с.,морена,164.51708984375,1.98584198951721,194.945678710938,0.000436912843724713,-0.000218550820136443,С2,0.341339111328125,1.17567753791809,5.22358703613281,448018.521260537,6203191.27642558,3788.91954151545,17.9485496434977,0,778.969848632812,644.680053710938,1798.18347167969,322.340026855469,0.303424417972565,0.895137846469879,-0.598798096179962,5.22358703613281,13.1134490966797,20.2255096435547,1.7148332369304,3.56692534802252,3.03691174317443
"MULTIPOINT ((448862.607941754 6196112.22566983))",91,п1д,с.с.,морена,144.754272460938,1.4450751543045,158.963104248047,0.000353185110725462,0.0010370931122452,В3,2.16786193847656,6.78268480300903,5.02659606933594,448862.607941754,6196112.22566983,15.9106503532041,12.6804894629486,71.9994125366211,1049.46301269531,1431.42199707031,867.328247070312,265.808380126953,1.92698836326599,2.47436499595642,-0.501614153385162,5.02659606933594,11.3460998535156,21.0854339599609,1.65075571258875,1.95052912652774,3.74498162343032
"MULTIPOINT ((448168.41929508 6203196.8062755))",92,п2д,с.с.,морена,165.347152709961,0.651415824890137,2.63119888305664,4.47235615865793e-05,-3.85275525331963e-05,С2,0.0096588134765625,1.31474590301514,1.83546447753906,448168.41929508,6203196.8062755,15211.2079395366,20.2364038237447,0,951.858642578125,776.297546386719,1611.70007324219,455.857604980469,0.0085923932492733,-0.558052241802216,-0.48946276307106,1.83546447753906,3.64073181152344,20.2255096435547,0.557089288458032,0.691375015759107,3.04001624217243
"MULTIPOINT ((449012.390753404 6196104.1566343))",93,п1д,с.с.,морена,142.93359375,0.592334568500519,190.387344360352,-0.000599583727307618,0.000547353003639728,С3,-0.081512451171875,2.82548260688782,2.76414489746094,449012.390753404,6196104.1566343,8.02193879013489,11.9956808814947,72.9925537109375,916.262451171875,1592.2421875,1007.02239990234,265.808380126953,-0.0724521204829216,-0.724444031715393,-2.92427921295166,2.76414489746094,14.3407745361328,21.0854339599609,1.11697343811225,2.10556267802367,4.28449496219009
"MULTIPOINT ((443216.25430524 6203164.21926267))",94,п3д,с.с.,морена,170.815505981445,1.45378017425537,282.139221191406,0.000197590299649164,0.000698160438332707,,1.39671325683594,4.44654941558838,4.76708984375,443216.25430524,6203164.21926267,6.53902841511518,11.586502061512,65.6043472290039,644.680053710938,203.86572265625,328.723602294922,64.4680023193359,1.24153137207031,2.02756690979004,1.937340259552,4.76708984375,12.2863464355469,14.3071441650391,1.25199712872352,2.22553694490886,3.00616423952961
"MULTIPOINT ((449162.173565054 6196096.08759878))",95,п1д,с.с.,морена,145.617477416992,1.80408465862274,251.600448608398,-0.000373422721168026,0.000571100797969848,С3,0.307662963867188,2.4536075592041,5.81202697753906,449162.173565054,6196096.08759878,1.21247096336575,9.55904855305571,101.19206237793,840.559875488281,1703.224609375,1109.1494140625,144.154830932617,0.273481577634811,0.620510160923004,-0.891499280929565,5.81202697753906,11.9043121337891,23.7565460205078,1.55880091799128,2.90573928809026,4.36978249592809
"MULTIPOINT ((443066.356270697 6203158.68941275))",96,п3д,с.с.,морена,167.224655151367,1.78388512134552,113.152519226074,0.000474454398499802,-0.000380967860110104,,0.146499633789062,3.23497438430786,7.86997985839844,443066.356270697,6203158.68941275,112966.183770392,22.2414598184253,0,673.065734863281,64.4680023193359,347.170806884766,0,0.130215108394623,-0.814494550228119,-2.19809699058533,7.86997985839844,12.3779602050781,15.5775451660156,1.32830218853286,2.9738494848163,3.24103381594689
"MULTIPOINT ((443366.152339783 6203169.74911259))",97,п3д,с.с.,морена,168.720138549805,0.517096877098083,211.163330078125,5.84883709962014e-05,-0.000445079000201076,С2,-0.602554321289062,2.37994003295898,3.75160217285156,443366.152339783,6203169.74911259,27.0679769884703,13.2118521126577,110.922485351562,657.447204589844,328.723602294922,375.909820556641,128.936004638672,-0.535590291023254,-0.625922977924347,0.125428199768066,3.75160217285156,12.2863464355469,14.3071441650391,0.477137220979286,1.52118935417199,2.72231884897351
"MULTIPOINT ((449311.956376704 6196088.01856326))",98,п1д,с.с.,морена,145.641830444336,3.143146276474,255.438598632812,-0.000214509273064323,-0.00026157932006754,В3,-0.744140625,3.00466442108154,8.51243591308594,449311.956376704,6196088.01856326,65.8148699770268,14.1003465447186,57.2708168029785,778.969848632812,1816.57971191406,1216.37976074219,64.4680023193359,-0.661454916000366,-1.09186506271362,-1.8487960100174,8.51243591308594,11.0589599609375,22.9444732666016,2.39633604263327,3.4439779756069,4.21464126371316
"MULTIPOINT ((443516.050374326 6203175.27896251))",99,п3д,с.с.,морена,170.093551635742,0.560516774654388,90.424690246582,0.0001697465631878,7.43407144909725e-05,С2,0.380462646484375,1.66551578044891,2.81108093261719,443516.050374326,6203175.27896251,7.63589648505889,11.946361094024,108.073165893555,673.065734863281,455.857604980469,257.872009277344,64.4680023193359,0.338192403316498,0.694666028022766,1.25589764118195,2.81108093261719,6.58987426757812,14.3071441650391,0.34883263340479,0.932387898579125,2.09648621008885
"MULTIPOINT ((449789.040781521 6199367.10234851))",100,т1п пов огл,с.с.,морена,145.558837890625,1.8020007610321,19.3202037811279,-0.000663717277348042,0.000199556132429279,С2,-0.72479248046875,4.31349945068359,5.58183288574219,449789.040781521,6199367.10234851,39.6047973296658,13.5924510000374,55.9995422363281,193.404006958008,969.166625976562,490.973693847656,128.936004638672,-0.644268453121185,-0.609530985355377,0.604756414890289,5.58183288574219,12.9893188476562,24.6804046630859,1.64696148271726,2.68618839327466,4.15121892795369
"MULTIPOINT ((449489.475158222 6199383.24041956))",101,пд пов огл,с.с.,фг,135.527038574219,0.889537930488586,128.98078918457,-0.00123179866932333,-0.000849486037623137,С4,-3.24462890625,6.90984964370728,7.1556396484375,449489.475158222,6199383.24041956,123839.458305065,21.907001480915,0,0,1290.970703125,797.425170898438,432.464508056641,-2.88412976264954,-7.19897413253784,-10.5434532165527,7.1556396484375,19.1323547363281,25.6602935791016,1.65486128407678,4.80310884914836,4.65965325738407
"MULTIPOINT ((444265.540547041 6203202.92821211))",102,п3д,с.с.,морена,170.290832519531,0.522709906101227,207.136505126953,0.000212716578971595,-4.71495295641944e-05,С2,0.258087158203125,1.67306649684906,2.47187805175781,444265.540547041,6203202.92821211,2.02549688964961,10.0722032053156,132.422485351562,807.781799316406,709.148010253906,515.744018554688,64.4680023193359,0.229407414793968,0.533208131790161,0.473769068717957,2.47187805175781,7.86155700683594,9.58522033691406,0.791689294146091,1.09571205633609,1.94506727224764
"MULTIPOINT ((449938.823593171 6199359.03331298))",103,пд пов огл,с.с.,фг,149.024536132812,2.39559316635132,166.817230224609,0.000544804614037275,0.000307164766127244,С3,1.33049011230469,5.90278434753418,8.27638244628906,449938.823593171,6199359.03331298,22.9296275837264,13.0459305997214,91.9992523193359,232.442687988281,840.559875488281,375.909820556641,0,1.18265616893768,2.50364708900452,4.9075493812561,8.27638244628906,13.7341156005859,27.0752029418945,1.91473801776476,2.66023878058924,5.21908201877078
"MULTIPOINT ((449639.257969872 6199375.17138403))",104,т1п пов огл,с.с.,морена,147.981430053711,4.37543344497681,158.34553527832,0.00137117994017899,0.000329103146214038,С2,2.67027282714844,7.58451080322266,12.5874938964844,449639.257969872,6199375.17138403,26.6164988440426,13.1950320252283,120.06566619873,64.4680023193359,1162.21337890625,673.065734863281,322.340026855469,2.37357759475708,4.20737075805664,2.47655439376831,12.5874938964844,15.1336364746094,21.6292877197266,3.50382252628767,5.01671335441013,4.17788742232368
"MULTIPOINT ((444415.438581584 6203208.45806204))",105,п3д,с.с.,морена,169.682357788086,0.326742976903915,347.749725341797,-0.000139275027322583,6.3649051298853e-05,С2,-0.11785888671875,0.746985137462616,1.36683654785156,444415.438581584,6203208.45806204,6.18185083219746,8.99709674817887,61.1877326965332,697.328063964844,720.774169921875,576.619323730469,144.154830932617,-0.104778714478016,-0.115046910941601,0.0308458115905523,1.36683654785156,7.25201416015625,10.0045776367188,0.267317673938964,0.890451266232862,1.70125174342163
"MULTIPOINT ((450088.606404821 6199350.96427746))",106,пд пов огл,с.с.,фг,150.480117797852,1.70937299728394,67.7412490844727,7.12006876710802e-05,0.00060238700825721,,1.05038452148438,3.80706858634949,4.93463134765625,450088.606404821,6199350.96427746,14.9590002922649,12.6188138893559,224.889251708984,232.442687988281,712.072326660156,273.514556884766,0,0.933678507804871,4.10997152328491,7.13983678817749,4.93463134765625,21.4450378417969,27.7242813110352,1.3671688277945,2.16491334428498,6.7614929503255
"MULTIPOINT ((444565.336616127 6203213.98791196))",107,п3д,с.с.,морена,169.988754272461,0.230968877673149,195.426177978516,0.000273025885690004,0.000121293924166821,С2,0.614593505859375,2.22386622428894,1.3609619140625,444565.336616127,6203213.98791196,4.68299947040138,11.2526522845708,71.9994125366211,503.511199951172,580.212036132812,638.20068359375,64.4680023193359,0.546293497085571,1.0591299533844,1.46216416358948,1.3609619140625,5.94062805175781,15.1232147216797,0.383132099890731,1.16008732985141,1.74658616545915
"MULTIPOINT ((450238.389216471 6199342.89524194))",108,пд пов огл,с.с.,фг,146.206741333008,2.75656509399414,49.8107299804688,0.000466605299152434,-0.000106356790638529,С2,0.563812255859375,1.84298598766327,9.45161437988281,450238.389216471,6199342.89524194,71.4486721962622,14.4492394867786,116.274589538574,128.936004638672,519.757629394531,144.154830932617,64.4680023193359,0.50115966796875,2.93005514144897,4.43430519104004,9.45161437988281,25.5715866088867,28.0785446166992,1.87742760677748,6.54509737055951,8.23081857637591
"MULTIPOINT ((445015.030719756 6203230.57746172))",109,п3д огл,с.с.,морена,166.045867919922,3.28568577766418,44.0304946899414,0.000933173578232527,0.00022053491557017,С2,1.80587768554688,4.05949926376343,11.2152557373047,445015.030719756,6203230.57746172,151.874681005123,14.9365564581407,107.999114990234,182.343048095703,128.936004638672,938.668273925781,0,1.605224609375,3.33953762054443,2.77653813362122,11.2152557373047,19.7078857421875,19.9957885742188,2.53685735321142,5.76854538844092,5.2878844692811
"MULTIPOINT ((450388.172028121 6199334.82620641))",110,пд пов огл,с.с.,фг,147.939239501953,3.48739695549011,67.328987121582,0.00130322482436895,0.000601853360421956,С2,2.98223876953125,6.63470935821533,12.2501831054688,450388.172028121,6199334.82620641,7.98318135551038,11.9908377425454,29.1202011108398,128.936004638672,386.808013916016,144.154830932617,64.4680023193359,2.65087223052979,5.98789596557617,6.52415943145752,12.2501831054688,26.0634994506836,28.0785446166992,2.55021110793302,6.96992535155635,8.55341009456924
"MULTIPOINT ((445164.928754299 6203236.10731164))",111,п3д,с.с.,морена,154.562561035156,4.68061542510986,35.6731910705566,-0.00114555621985346,-9.40630561672151e-05,,-1.95046997070312,5.7587251663208,13.7488861083984,445164.928754299,6203236.10731164,7.73443313954928,11.9591829406393,37.947021484375,64.4680023193359,0,911.715209960938,91.1715240478516,-1.7337646484375,-5.32173538208008,-7.58149766921997,13.7488861083984,18.1341857910156,19.7078857421875,3.96079331824279,5.39365204323816,4.90843062924018
"MULTIPOINT ((447684.012382901 6199330.28603419))",112,п2д,т.с.,морена,141.076553344727,2.94021058082581,260.529022216797,-0.000242173366132192,-0.000798284134361893,С2,-1.62474060058594,4.51206254959106,9.99911499023438,447684.012382901,6199330.28603419,7456.18517701228,18.8302999364556,0,64.4680023193359,2096.94506835938,1033.50073242188,91.1715240478516,-1.44421553611755,-4.81572008132935,-7.73504495620728,9.99911499023438,15.7536315917969,25.7004699707031,2.68480034288107,4.02574627569383,5.44266100445053
"MULTIPOINT ((445314.826788842 6203241.63716156))",113,п3д огл,с.с.,далл,155.83625793457,3.3232307434082,216.372665405273,-0.000231152691412717,0.000392641755752265,С2,0.250900268554688,6.42898607254028,8.9561767578125,445314.826788842,6203241.63716156,13.8753459741903,12.5436143388243,43.0809669494629,64.4680023193359,64.4680023193359,902.552001953125,203.86572265625,0.223019063472748,-2.60384511947632,-5.40937280654907,8.9561767578125,15.6076812744141,19.7078857421875,2.94603661541453,3.62207529442409,4.47148953830777
"MULTIPOINT ((447833.795194551 6199322.21699866))",114,п2д огл,с.с.,фг,144.192153930664,2.72031283378601,241.495590209961,-8.39909043861553e-05,-0.000413541856687516,,-0.776596069335938,2.38861274719238,8.77107238769531,447833.795194551,6199322.21699866,104.649026485266,14.5641128906971,48.6617050170898,144.154830932617,2007.84448242188,1000.8125,0,-0.690312683582306,-1.73473620414734,-4.03902578353882,8.77107238769531,17.8659820556641,24.6841583251953,1.81871315302364,4.82461339882822,5.21677839130133
"MULTIPOINT ((445464.724823385 6203247.16701148))",115,п3д огл,с.с.,далл,162.971496582031,2.16678071022034,183.501205444336,-6.13935626461171e-05,0.000173805397935212,В3,0.175186157226562,2.68317365646362,6.51945495605469,445464.724823385,6203247.16701148,7.11286142557386,11.8754053581337,139.941696166992,182.343048095703,182.343048095703,904.851501464844,392.1435546875,0.155722722411156,2.27185702323914,2.41527438163757,6.51945495605469,13.5437316894531,17.9119262695312,1.74080530346011,2.96293590313355,4.05159153855791
"MULTIPOINT ((447983.5780062 6199314.14796314))",116,п2д огл,с.с.,фг,149.828964233398,1.75089609622955,284.881256103516,-5.36212519364199e-06,8.30442586448044e-05,С2,0.121109008789062,3.33329892158508,4.91714477539062,447983.5780062,6199314.14796314,68.0725657839873,14.1340750244909,161.243835449219,193.404006958008,1882.86303710938,969.166625976562,193.404006958008,0.107662625610828,2.22460246086121,2.10343456268311,4.91714477539062,16.5977783203125,23.86279296875,1.29867542629804,4.24521668215755,5.42993396315094
"MULTIPOINT ((445614.622857928 6203252.6968614))",117,п3д огл,с.с.,далл,164.799209594727,1.33326983451843,26.7083377838135,0.000229461205890402,0.000247803778620437,С2,0.744247436523438,2.84760618209839,3.74934387207031,445614.622857928,6203252.6968614,23.9639976656322,13.0900533512361,36.2212448120117,273.514556884766,288.309661865234,923.041320800781,519.757629394531,0.661544799804688,2.62667107582092,4.05624341964722,3.74934387207031,11.2849731445312,15.7518768310547,1.13976199669554,1.83364561726789,3.78511117675369
"MULTIPOINT ((448442.580915654 6195666.33559681))",118,п2д,с.с.,морена,145.058670043945,1.41395270824432,44.9948539733887,-0.000175299428519793,0.000161391944857314,С2,-0.0218505859375,3.03287959098816,4.92848205566406,448442.580915654,6195666.33559681,23.453516843545,13.3352806219065,118.725608825684,751.819641113281,895.618103027344,322.340026855469,64.4680023193359,-0.0194210484623909,0.734233617782593,2.39616227149963,4.92848205566406,8.21226501464844,14.637451171875,0.948707142904885,1.27882137114479,2.97967519457073
"MULTIPOINT ((445764.520892471 6203258.22671132))",119,п3д огл,с.с.,далл,162.730026245117,0.861038863658905,133.969024658203,-0.000202278883079998,-0.000151435728184879,С3,-0.551422119140625,2.47345447540283,2.87139892578125,445764.520892471,6203258.22671132,30.6025143458873,13.3345829181749,111.999084472656,364.686096191406,347.170806884766,958.3857421875,644.680053710938,-0.490147918462753,-0.197276517748833,1.26233410835266,2.87139892578125,9.56390380859375,14.8350372314453,0.623012663804839,1.07052572999776,3.35728199526508
"MULTIPOINT ((448239.726102522 6195734.4170067))",120,п2д,с.с.,морена,144.613922119141,0.565747141838074,188.164581298828,-2.61765926552471e-05,-8.08009936008602e-05,С2,-0.166748046875,0.685604989528656,1.83041381835938,448239.726102522,6195734.4170067,14.4826861708491,12.3816673462484,120.06566619873,735.04833984375,776.297546386719,322.340026855469,64.4680023193359,-0.148215398192406,-0.033421728760004,1.38886880874634,1.83041381835938,6.75912475585938,13.3084869384766,0.369429282375774,1.24449749152885,2.07576156213311
"MULTIPOINT ((448133.36081785 6199306.07892761))",121,п2д огл,с.с.,фг,148.716049194336,1.79075539112091,297.768646240234,3.83791375497822e-05,0.000238811146118678,С2,0.432281494140625,2.49664878845215,5.93461608886719,448133.36081785,6199306.07892761,10.2150710664199,12.0006016494449,35.9997062683105,203.86572265625,1806.2548828125,967.02001953125,322.340026855469,0.384253621101379,0.270755380392075,0.686676919460297,5.93461608886719,16.5977783203125,23.9745025634766,1.18150182384047,3.43116532506678,5.66789147068194
"MULTIPOINT ((445914.418927014 6203263.75656124))",122,п2д огл,л.с.,далл,163.30143737793,0.422666490077972,97.8935241699219,-0.000103810867585707,-0.000146951759234071,В4,-0.390853881835938,1.68954479694366,1.44615173339844,445914.418927014,6203263.75656124,150.063253445418,14.9245576392722,52.153190612793,519.757629394531,455.857604980469,1039.51525878906,647.895385742188,-0.347418904304504,-0.165247708559036,0.839103102684021,1.44615173339844,3.65716552734375,14.8350372314453,0.292503045377762,0.607249155193159,2.06219734616679
"MULTIPOINT ((448591.248484183 6195680.2297621))",123,п2д,с.с.,морена,144.041046142578,0.930036962032318,26.1874408721924,0.000367310305591673,-3.77871874661651e-05,С2,0.5137939453125,2.81407928466797,3.37583923339844,448591.248484183,6195680.2297621,25.4407041211002,13.149851160231,48.1659851074219,807.781799316406,1009.08386230469,412.796630859375,64.4680023193359,0.456709116697311,1.87720096111298,1.61771678924561,3.37583923339844,14.637451171875,14.637451171875,1.09994949229436,3.26285141472841,3.06300438540509
"MULTIPOINT ((446064.316961557 6203269.28641116))",124,п2д,с.с.,морена,164.265228271484,0.123918287456036,356.623870849609,0.000336302880896255,-4.70318991574459e-05,С3,0.450851440429688,1.64585638046265,1.59039306640625,446064.316961557,6203269.28641116,3.03884487092493,5.64789851431305,143.107177734375,634.936218261719,554.57470703125,1109.1494140625,673.065734863281,0.400753438472748,0.704505741596222,1.57232594490051,1.59039306640625,3.58125305175781,14.8350372314453,0.37891099700707,0.774812380975937,1.34474172023303
"MULTIPOINT ((448283.1436295 6199298.00989209))",125,п2д огл,с.с.,фг,147.579681396484,0.742189705371857,243.767929077148,0.000209734338568524,-0.000224087954848073,С2,-0.022308349609375,2.16042494773865,3.54161071777344,448283.1436295,6199298.00989209,65.1598431807479,14.0903441214771,40.7918243408203,265.808380126953,1735.85400390625,969.166625976562,432.464508056641,-0.0198381207883358,-0.407318115234375,-0.999887704849243,3.54161071777344,16.0895843505859,26.8816528320312,0.573659015134351,1.66641503737683,6.09131857847184
"MULTIPOINT ((446214.2149961 6203274.81626108))",126,п2д,с.с.,морена,164.586685180664,0.773771941661835,277.620422363281,6.25793254585005e-05,0.000198296038433909,С3,0.406646728515625,1.17848908901215,2.10556030273438,446214.2149961,6203274.81626108,7.27922349595084,4.12517466457672,124.578277587891,778.969848632812,634.936218261719,1140.55541992188,663.738708496094,0.361460357904434,1.12477517127991,1.91656541824341,2.10556030273438,4.97004699707031,10.2833404541016,0.68885467308105,1.03982564268056,1.72242012247659
"MULTIPOINT ((448646.825145315 6195521.83627787))",127,п2д,с.с.,морена,140.220550537109,3.04343104362488,3.09270977973938,6.23287560301833e-05,-0.000360940204700455,С2,-0.465789794921875,5.13231086730957,9.72265625,448646.825145315,6195521.83627787,41.9118703199986,13.6490698324251,87.3606033325195,685.304260253906,1000.8125,392.1435546875,0,-0.414030283689499,-0.961641252040863,-0.816603720188141,9.72265625,10.6491394042969,17.4198150634766,2.42284434578854,2.96566916243697,2.95751481745487
"MULTIPOINT ((446364.113030643 6203280.346111))",128,п2д,с.с.,морена,160.63264465332,1.64728975296021,346.688629150391,-8.73475000844337e-05,-0.000158904149429873,В3,-0.384063720703125,1.65643787384033,4.28192138671875,446364.113030643,6203280.346111,77.730625302528,14.2667500721812,69.8564224243164,958.3857421875,807.781799316406,1279.6533203125,519.757629394531,-0.341393351554871,-1.10878801345825,-2.41780257225037,4.28192138671875,8.05435180664062,10.2841796875,1.21845705540333,1.80949630376198,1.90574999491692
"MULTIPOINT ((448432.92644115 6199289.94085657))",129,п2д огл,с.с.,фг,147.590454101562,1.18760454654694,202.765182495117,-0.000393288879422471,-0.000122291341540404,С3,-0.803985595703125,2.79326486587524,2.98377990722656,448432.92644115,6199289.94085657,41.6617221324195,13.4382962402296,11.9999017715454,322.340026855469,1643.61804199219,1000.8125,608.189880371094,-0.714662313461304,-0.576954126358032,-1.30720806121826,2.98377990722656,13.1132507324219,27.0966339111328,1.05786064421726,1.96321033655507,5.91642473569542
"MULTIPOINT ((446514.011065186 6203285.87596092))",130,п2д,с.с.,морена,159.701019287109,0.727380275726318,178.292556762695,-0.000158423703396693,-2.23918436859094e-06,В3,-0.250473022460938,1.52990055084229,2.57948303222656,446514.011065186,6203285.87596092,40.4563677462211,13.6137247981914,27.9997711181641,895.618103027344,838.084045410156,1379.67553710938,392.1435546875,-0.222632512450218,-1.78802645206451,-3.43441486358643,2.57948303222656,7.48025512695312,13.4643707275391,0.617527916937564,1.39959669361881,2.03527195389153
"MULTIPOINT ((448165.636959944 6199905.21017422))",131,п2д огл,с.с.,фг,159.112579345703,0.389283508062363,256.010589599609,0.000230875084525906,0.000246286450419575,С2,0.74371337890625,1.60410964488983,2.40107727050781,448165.636959944,6199905.21017422,5.27081898570141,7.78166610453917,127.560707092285,469.334136962891,1322.77282714844,386.808013916016,64.4680023193359,0.661080241203308,2.72588062286377,3.89786243438721,2.40107727050781,7.12483215332031,15.5818023681641,0.343409764825857,1.35154248534086,2.02233190856656
"MULTIPOINT ((446663.909099729 6203291.40581084))",132,п2д,с.с.,морена,161.66975402832,1.17157423496246,189.495727539062,-0.00028384049073793,5.37393570994027e-05,В4,-0.358901977539062,1.61985874176025,4.35517883300781,446663.909099729,6203291.40581084,60.1945473284023,14.0110825166982,34.4090194702148,786.932250976562,720.774169921875,1484.16479492188,265.808380126953,-0.319008708000183,-0.281127631664276,-1.6049507856369,4.35517883300781,8.3275146484375,14.9708862304688,0.833763010677369,2.07646196529325,2.59267959797249
"MULTIPOINT ((448315.419771594 6199897.14113869))",133,п2д огл,с.с.,фг,156.610076904297,1.47708916664124,333.717346191406,-8.22932051960379e-05,-9.89459367701784e-05,С2,-0.282638549804688,1.89168155193329,3.98789978027344,448315.419771594,6199897.14113869,43.2637819807182,13.4760293085898,52.153190612793,519.757629394531,1231.65942382812,407.7314453125,144.154830932617,-0.251244425773621,-0.241064578294754,0.649484634399414,3.98789978027344,7.99574279785156,14.4807434082031,1.22711672669827,1.55229800380147,2.34680947437059
"MULTIPOINT ((446813.807134272 6203296.93566076))",134,п2д,с.с.,морена,165.516098022461,0.550174236297607,186.097518920898,-0.000120311466162093,0.000146822610986419,С2,0.0413055419921875,1.80211758613586,2.50735473632812,446813.807134272,6203296.93566076,7.22885356838376,11.8915812021016,104.306381225586,638.20068359375,550.814819335938,1647.40661621094,91.1715240478516,0.0367143414914608,0.670316755771637,2.2627158164978,2.50735473632812,9.27174377441406,14.9708862304688,0.49541976828399,2.27313816164715,2.89665048586758
"MULTIPOINT ((448465.202583244 6199889.07210317))",135,п2д огл,с.с.,фг,156.469833374023,0.979466617107391,239.306167602539,3.9884245779831e-05,0.000136246046167798,С2,0.274566650390625,1.98412144184113,2.86822509765625,448465.202583244,6199889.07210317,48.9728397355481,13.8047665977491,55.7131004333496,594.365600585938,1147.82006835938,464.885375976562,265.808380126953,0.24405924975872,-0.321237683296204,0.0123824058100581,2.86822509765625,7.99574279785156,14.4807434082031,0.845169344767712,1.58433026814141,2.58930438596214
"MULTIPOINT ((446963.705168815 6203302.46551068))",136,п2д,с.с.,морена,168.264724731445,1.49797809123993,182.767959594727,0.000166087280376814,-1.88194771908456e-05,С2,0.229782104492188,3.09332203865051,5.09449768066406,446963.705168815,6203302.46551068,5.95507177337004,11.6977439997835,148.052841186523,554.57470703125,432.464508056641,1759.63391113281,64.4680023193359,0.204249069094658,2.41127848625183,5.05668878555298,5.09449768066406,10.5552978515625,17.0921173095703,1.17190900701612,2.31911159872991,2.61213665357342
"MULTIPOINT ((448614.985394894 6199881.00306765))",137,п2д огл,с.с.,фг,155.6552734375,0.0594338849186897,206.698791503906,-0.000243763730395585,-0.000350819987943396,С4,-0.92669677734375,2.2501232624054,1.67924499511719,448614.985394894,6199881.00306765,309.070397686469,15.6470698196037,19.9998359680176,685.304260253906,1072.96130371094,547.029113769531,375.909820556641,-0.823725402355194,-1.89235830307007,-0.970536470413208,1.67924499511719,7.99574279785156,14.4807434082031,0.34068526644789,1.34062761037348,2.59385907283787
"MULTIPOINT ((447113.603203358 6203307.9953606))",138,п2д,с.с.,морена,169.320663452148,2.5618143081665,52.5052146911621,0.000349802343407646,0.000308415794279426,В3,1.02799987792969,5.34319353103638,8.61766052246094,447113.603203358,6203307.9953606,27.981236746618,13.2450349137807,128.061431884766,490.973693847656,322.340026855469,1874.01281738281,0,0.913765788078308,3.34093284606934,5.84084796905518,8.61766052246094,11.3573150634766,18.4377899169922,2.22568999109156,2.58562978875848,2.6271215801925
"MULTIPOINT ((448764.768206544 6199872.93403212))",139,п2д огл,с.с.,фг,159.735168457031,1.03406524658203,148.402969360352,0.000227324737352319,8.09129705885425e-05,С2,0.4805908203125,1.46604418754578,2.68624877929688,448764.768206544,6199872.93403212,26.4043283242664,13.1870286928163,82.4614410400391,657.447204589844,981.947387695312,697.328063964844,347.170806884766,0.427198618650436,1.06658971309662,3.92417001724243,2.68624877929688,4.97305297851562,16.1169128417969,0.894665627849679,1.27159535854798,2.65438981052672
"MULTIPOINT ((447263.501237901 6203313.52521052))",140,п2д,с.с.,морена,164.964248657227,1.14115762710571,74.6578521728516,3.27397833643772e-06,0.000131902736029588,С2,0.210723876953125,0.963178157806396,3.6422119140625,447263.501237901,6203313.52521052,315.120624708655,16.3595715252942,114.401863098145,451.276000976562,203.86572265625,2024.33630371094,91.1715240478516,0.187310114502907,0.308979570865631,1.69275653362274,3.6422119140625,13.871337890625,18.4377899169922,0.733738350899126,2.04579649889776,3.06713223603922
"MULTIPOINT ((448914.551018193 6199864.8649966))",141,п2д огл,с.с.,фг,159.357971191406,0.791595935821533,336.758056640625,6.42414597677998e-05,3.9293896406889e-05,С2,0.161392211914062,1.20248997211456,2.92716979980469,448914.551018193,6199864.8649966,33.5701709512693,13.427138647787,148.646011352539,644.680053710938,938.668273925781,807.781799316406,322.340026855469,0.143466532230377,0.75684529542923,4.5279860496521,2.92716979980469,5.5042724609375,18.2931823730469,0.627048729279931,1.14921602217903,3.60572550712055
"MULTIPOINT ((447413.399272444 6203319.05506044))",142,п2д,с.с.,морена,164.426742553711,0.47244668006897,99.3635711669922,0.000133306428324431,-0.000112936329969671,С2,0.031768798828125,0.53665155172348,1.74029541015625,447413.399272444,6203319.05506044,42.5011193418226,13.6630311574641,50.1194496154785,469.334136962891,193.404006958008,2104.85791015625,128.936004638672,0.0282338466495275,0.495971977710724,1.25669229030609,1.74029541015625,9.13774108886719,18.4377899169922,0.427577624448765,1.23978186720061,3.44595198685824
"MULTIPOINT ((449064.333829843 6199856.79596107))",143,п2д огл,с.с.,фг,157.704788208008,1.13619780540466,323.351745605469,5.39912543899845e-05,0.000112624555185903,С2,0.259750366210938,1.56383562088013,3.63569641113281,449064.333829843,6199856.79596107,37.7709114738131,5.68565421826184,127.998954772949,644.680053710938,911.715209960938,923.041320800781,347.170806884766,0.230901077389717,1.46340441703796,4.03172969818115,3.63569641113281,12.593017578125,26.738525390625,0.801579658866545,2.65981177480734,4.46582535008183
"MULTIPOINT ((447563.297306987 6203324.58491036))",144,п2д,с.с.,морена,164.273208618164,0.615112721920013,341.183990478516,0.000189994054380804,-2.49551503657131e-05,С2,0.257278442382812,0.408828526735306,1.83174133300781,447563.297306987,6203324.58491036,32.0228675716897,13.3799510036276,105.677894592285,519.757629394531,232.442687988281,2190.01513671875,64.4680023193359,0.228685170412064,1.3325572013855,0.977551281452179,1.83174133300781,9.6298828125,18.4377899169922,0.494757612246484,1.52733246289887,3.33222484680304
"MULTIPOINT ((449214.116641493 6199848.72692555))",145,п2д огл,с.с.,фг,148.462646484375,1.77140378952026,291.673004150391,-0.000275549798971042,-0.00107056391425431,С2,-2.09941101074219,5.89539861679077,6.784423828125,449214.116641493,6199848.72692555,86.90791067558,14.378349804494,54.4054412841797,455.857604980469,969.166625976562,847.944213867188,503.511199951172,-1.86613631248474,-3.61651611328125,-2.69146680831909,6.784423828125,12.0916900634766,27.4852447509766,1.41260662199301,3.05012140037856,5.08856761021495
"MULTIPOINT ((447713.19534153 6203330.11476028))",146,п2д,с.с.,морена,160.264129638672,3.11834120750427,271.90185546875,0.000381223857402802,-0.000375112635083497,С2,0.01129150390625,4.1713433265686,8.73234558105469,447713.19534153,6203330.11476028,23.3610070391893,5.98849388521788,3.99996733665466,638.20068359375,364.686096191406,2081.02880859375,128.936004638672,0.0100487601011992,-2.03003144264221,-3.44633340835571,8.73234558105469,12.3389282226562,16.9369964599609,2.52627555678416,3.46524681496919,3.22108706095924
"MULTIPOINT ((449363.899453143 6199840.65789003))",147,п2д огл,с.с.,фг,151.214752197266,3.03043270111084,264.442840576172,-0.000399019103497267,0.000571594515349716,С2,0.267593383789062,5.74887752532959,8.51588439941406,449363.899453143,6199840.65789003,2.75996237392001,10.9287177914243,106.732444763184,364.686096191406,986.170776367188,720.774169921875,576.619323730469,0.23786586523056,1.5353296995163,1.78032732009888,8.51588439941406,10.9359283447266,24.7123870849609,2.61462689544578,2.15336491834538,5.03583120074865
"MULTIPOINT ((447863.093376073 6203335.6446102))",148,п2д,с.с.,морена,162.673126220703,3.71532893180847,233.563049316406,0.000471901526907459,-0.000383249804144725,С2,0.141571044921875,3.80748462677002,11.1382598876953,447863.093376073,6203335.6446102,80.9729488720247,14.5743753006036,91.9992523193359,735.04833984375,464.885375976562,1957.53564453125,232.442687988281,0.125837534666061,-0.405568957328796,-1.50164043903351,11.1382598876953,13.3924560546875,16.9369964599609,2.93354988496154,4.21586456544733,3.01232322228048
"MULTIPOINT ((449513.682264792 6199832.5888545))",149,п2д огл,с.с.,фг,148.763107299805,1.76483404636383,322.197235107422,-0.00035707707866095,1.58836919581518e-05,С2,-0.532546997070312,3.45611143112183,6.65560913085938,449513.682264792,6199832.5888545,21.8810353746516,5.14465763178455,156.459579467773,288.309661865234,1019.32861328125,594.365600585938,455.857604980469,-0.47337681055069,0.539053440093994,1.02121269702911,6.65560913085938,13.1387786865234,23.8696441650391,1.07677923658125,2.32533284207788,4.34725658542424
"MULTIPOINT ((448012.991410616 6203341.17446012))",150,п2д,с.с.,морена,167.596145629883,0.604334473609924,226.699356079102,0.000163848075317219,0.000184501725016162,С2,0.542984008789062,1.01605665683746,2.06826782226562,448012.991410616,6203341.17446012,19.8200312910692,5.59782329358282,122.375465393066,876.859680175781,550.814819335938,1856.18591308594,375.909820556641,0.482649058103561,2.35877180099487,2.89685249328613,2.06826782226562,13.3924560546875,15.1141967773438,0.422304997320099,2.00590559039149,3.06032384901668
"MULTIPOINT ((449663.465076442 6199824.51981898))",151,п2д огл,с.с.,фг,145.214172363281,0.944876968860626,330.325347900391,-3.05597859551199e-05,-4.11964720115066e-05,С4,-0.111862182617188,0.783885955810547,3.3070068359375,449663.465076442,6199824.51981898,127.729713171959,14.7634171598972,93.3801803588867,203.86572265625,1095.9560546875,407.7314453125,265.808380126953,-0.0994347482919693,-0.199943691492081,0.313796252012253,3.3070068359375,10.8650817871094,21.9264831542969,0.62513841727958,2.07617314151919,4.49219632240395
"MULTIPOINT ((448162.889445159 6203346.70431004))",152,п2д,с.с.,морена,167.169479370117,0.78935569524765,335.380493164062,0.000122980622109026,0.000140330419526435,С2,0.410476684570312,1.24381053447723,2.09820556640625,448162.889445159,6203346.70431004,3.58376746842292,3.38382990258546,67.9994430541992,984.061340332031,673.065734863281,1735.85400390625,490.973693847656,0.364852905273438,0.982938468456268,1.84631979465485,2.09820556640625,6.65484619140625,15.6623840332031,0.653776272394334,0.935470992356918,2.87403361793691
"MULTIPOINT ((449813.247888092 6199816.45078346))",153,п2д огл,с.с.,фг,143.948883056641,1.83978796005249,328.503662109375,0.000561748631298542,-4.95009480800945e-05,С4,0.7996826171875,3.20637726783752,5.87628173828125,449813.247888092,6199816.45078346,5.94302374444342,11.6957187961656,32.2487678527832,182.343048095703,1095.9560546875,288.309661865234,144.154830932617,0.71082729101181,1.07285392284393,0.843087017536163,5.87628173828125,12.8422698974609,27.2047424316406,1.5936872317597,3.08236924995351,5.11810192390956
"MULTIPOINT ((442921.988086074 6203003.26152829))",154,п3д,с.с.,морена,171.817153930664,0.266182094812393,307.247467041016,0.000238337146583945,0.000182151445187628,,0.655364990234375,1.27631151676178,1.48458862304688,442921.988086074,6203003.26152829,8.43873973672287,12.0463337215909,171.812454223633,554.57470703125,257.872009277344,288.309661865234,0,0.582550048828125,2.30729675292969,2.86073970794678,1.48458862304688,11.5978393554688,15.5473175048828,0.433135980415116,1.18355911225924,3.21014814517888
"MULTIPOINT ((449941.761349693 6199808.18626768))",155,п2д огл,с.с.,фг,138.65771484375,1.97025418281555,306.096252441406,-0.000690387678332627,8.21544381324202e-05,С2,-0.949798583984375,5.46687269210815,7.70294189453125,449941.761349693,6199808.18626768,110.081146370974,14.6147185325372,47.9996070861816,91.1715240478516,984.061340332031,182.343048095703,64.4680023193359,-0.844265401363373,-1.50756239891052,-2.28464031219482,7.70294189453125,12.6087188720703,24.0739669799805,2.08666649504041,3.66364973454146,6.14792427573297
"MULTIPOINT ((443071.886120617 6203008.79137821))",156,п3д,с.с.,морена,166.056182861328,3.61490893363953,346.766357421875,0.000376522220904008,-5.37710839125793e-05,,0.506378173828125,6.41576528549194,10.0308532714844,443071.886120617,6203008.79137821,205.594476005965,15.5061658317975,50.9112739562988,469.334136962891,265.808380126953,144.154830932617,0,0.450110554695129,-1.51864123344421,-2.84714269638062,10.0308532714844,12.8575286865234,15.4731597900391,2.66534177852586,3.6389675084367,3.06828624196227
"MULTIPOINT ((448157.567924421 6199755.42736256))",157,п2д огл,с.с.,фг,156.832473754883,0.683771371841431,204.177520751953,-2.15930958802346e-05,7.6763353717979e-05,С2,0.0859832763671875,1.12334775924683,2.50721740722656,448157.567924421,6199755.42736256,29.3456682457364,13.2926456902245,179.99853515625,490.973693847656,1458.74438476562,515.744018554688,91.1715240478516,0.0764329731464386,1.1575220823288,2.83198595046997,2.50721740722656,8.3997802734375,20.1921539306641,0.480398534144974,1.59002608612358,2.45424223201959
"MULTIPOINT ((443221.78415516 6203014.32122813))",158,п3д,с.с.,морена,164.639221191406,3.46340656280518,188.274230957031,-0.000114507427497301,-0.000317298748996109,С2,-0.674880981445312,5.60529565811157,11.1880340576172,443221.78415516,6203014.32122813,161.010072579391,7.21271405949538,57.2708168029785,451.276000976562,322.340026855469,144.154830932617,64.4680023193359,-0.599892497062683,-2.93420195579529,-3.98668360710144,11.1880340576172,12.8422088623047,14.3071441650391,2.59218314502375,3.44783358180192,2.90311546211284
"MULTIPOINT ((448307.350736071 6199747.35832704))",159,п2д огл,с.с.,фг,155.355407714844,1.42800521850586,330.948028564453,-4.77351604786236e-05,6.38160199741833e-05,С2,0.0250244140625,1.69657909870148,4.57391357421875,448307.350736071,6199747.35832704,70.5143220338745,14.1693165830287,51.9995765686035,634.936218261719,1329.04187011719,531.616760253906,232.442687988281,0.0222439244389534,-0.430646002292633,0.400362491607666,4.57391357421875,8.3997802734375,15.2378845214844,1.00268428931518,1.82425701365975,3.03505050702871
"MULTIPOINT ((448457.13354772 6199739.28929152))",160,п2д огл,с.с.,фг,154.421447753906,0.895670771598816,218.931640625,-4.6744473365834e-05,-0.000166673504281789,С4,-0.332687377929688,1.14309585094452,2.58677673339844,448457.13354772,6199739.28929152,1980.80994877334,17.5047618495072,0,685.304260253906,1251.7421875,576.619323730469,322.340026855469,-0.295717030763626,-1.2859114408493,-0.877625524997711,2.58677673339844,8.51434326171875,16.3486938476562,0.698124284820203,1.37631356796021,3.31031291277843
"MULTIPOINT ((447102.543503518 6203607.79142969))",161,п2д,с.с.,морена,164.015441894531,1.36556768417358,214.94775390625,0.000286480120848864,0.000196638255147263,С2,0.753448486328125,3.5778706073761,3.91946411132812,447102.543503518,6203607.79142969,9.41312740787351,12.1556059922094,36.2212448120117,797.425170898438,193.404006958008,1753.71936035156,64.4680023193359,0.669718444347382,0.80062210559845,0.899263322353363,3.91946411132812,12.0808410644531,18.4377899169922,1.37627113904936,2.19508975250037,3.60918367553167
"MULTIPOINT ((446952.645468975 6203602.26157977))",162,п2д,с.с.,морена,159.54182434082,1.45413506031036,133.141983032227,-0.000297368940664455,-0.000637091754470021,С2,-1.45716857910156,3.26660966873169,4.90882873535156,446952.645468975,6203602.26157977,2592.76866678876,17.7739823114798,0,838.084045410156,322.340026855469,1630.92578125,64.4680023193359,-1.29526603221893,-4.01452302932739,-3.62527298927307,4.90882873535156,12.0808410644531,17.0921173095703,1.7095757561053,2.63911306007485,3.08472937913353
"MULTIPOINT ((447252.441538061 6203613.3212796))",163,п1д,с.с.,морена,163.338531494141,2.00274181365967,351.311706542969,0.000517105858307332,0.000211952516110614,С2,1.13795471191406,2.8863730430603,5.38523864746094,447252.441538061,6203613.3212796,4.42036227187964,11.3997223991205,49.476863861084,776.297546386719,64.4680023193359,1877.33654785156,144.154830932617,1.01151704788208,1.46924483776093,0.425414562225342,5.38523864746094,14.9197235107422,18.4377899169922,1.64783210096343,2.75517098857754,3.69262857013811
"MULTIPOINT ((447402.339572604 6203618.85112953))",164,п2д,с.с.,морена,155.286651611328,0.812747299671173,47.5876083374023,-0.000171009611221962,-0.000670987588819116,В4,-1.31248474121094,3.17525744438171,4.97013854980469,447402.339572604,6203618.85112953,2511.65775780509,17.7421990198201,0,784.287109375,0,2063.98315429688,193.404006958008,-1.16665136814117,-4.50018692016602,-7.56825351715088,4.97013854980469,10.7339630126953,18.4377899169922,1.21946246471246,2.49590654403513,3.04166208155964
"MULTIPOINT ((448574.640217276 6199132.0890094))",165,пд пов огл,с.с.,фг,140.312042236328,4.26835536956787,288.858123779297,-0.000394752831198275,0.000117371455417015,С3,-0.43695068359375,7.29320859909058,11.9435882568359,448574.640217276,6199132.0890094,6.07543136013934,11.717753736916,51.9995765686035,91.1715240478516,1773.7490234375,1223.1943359375,720.774169921875,-0.388402312994003,-4.3411750793457,-7.1720986366272,11.9435882568359,20.60986328125,23.1960601806641,3.45648215609384,4.90877391937268,5.48805569659566
"MULTIPOINT ((448275.074593976 6199148.22708044))",166,п2д огл,с.с.,фг,148.509689331055,2.00255441665649,174.368865966797,0.000284949754131958,0.000558745115995407,С2,1.3162841796875,4.32286167144775,6.44155883789062,448275.074593976,6199148.22708044,10.1578761625426,5.52579712120009,117.642570495605,144.154830932617,1847.20788574219,1097.8505859375,451.276000976562,1.17003548145294,4.22004508972168,0.958074808120728,6.44155883789062,17.7475433349609,25.9287719726562,1.5077396061861,3.70953315626546,5.34974776234028
"MULTIPOINT ((447552.237607147 6203624.38097945))",167,п2д,с.с.,морена,155.349426269531,2.1349024772644,130.765121459961,-0.000793189683463424,-0.000620514969341457,,-2.20658874511719,5.17414331436157,7.04072570800781,447552.237607147,6203624.38097945,5626.40350018673,18.5487264515201,0,815.462890625,64.4680023193359,2189.06591796875,128.936004638672,-1.96140718460083,-4.79668998718262,-7.46420431137085,7.04072570800781,10.7339630126953,18.4377899169922,2.07395899694358,2.93109893839035,3.11282370541095
"MULTIPOINT ((448724.423028926 6199124.01997387))",168,пд пов огл,с.с.,фг,142.165832519531,2.58747506141663,184.849700927734,0.000461544696008787,-0.000735045527108014,С4,-0.42523193359375,6.06805372238159,10.8533020019531,448724.423028926,6199124.01997387,315.437239276733,15.9342199038079,3.99996733665466,0,1735.85400390625,1269.87243652344,735.04833984375,-0.377982258796692,-3.27987790107727,-5.59204530715942,10.8533020019531,19.6612701416016,23.1960601806641,2.1292606130055,5.24732751992441,5.45625031227116
"MULTIPOINT ((448424.857405626 6199140.15804492))",169,п2д огл,с.с.,фг,142.33024597168,3.59183692932129,289.805450439453,0.000458295311545953,-0.000940326310228556,С3,-0.74993896484375,4.752685546875,11.413818359375,448424.857405626,6199140.15804492,49.7142970173,14.0865527243313,45.6066436767578,128.936004638672,1820.00830078125,1188.73120117188,644.680053710938,-0.666603922843933,-1.42673480510712,-4.98836803436279,11.413818359375,17.5513610839844,22.7537384033203,2.7160501046031,5.2400226578816,5.3210617583299
"MULTIPOINT ((447702.13564169 6203629.91082937))",170,п2д,с.с.,морена,159.988174438477,2.18442296981812,159.598251342773,-0.000109740234620403,-0.00056495307944715,С3,-1.05255126953125,2.40942978858948,6.76438903808594,447702.13564169,6203629.91082937,102.495326055036,14.5433179425016,29.1202011108398,864.929016113281,193.404006958008,2251.7705078125,0,-0.93560791015625,-2.47431254386902,-3.08651614189148,6.76438903808594,13.2294921875,14.9190521240234,1.58547148109998,3.50727656418941,3.52154452094657
"MULTIPOINT ((448874.205840576 6199115.95093835))",171,пд пов огл,с.с.,фг,138.699737548828,6.72291231155396,94.644660949707,-0.00175435421988368,-0.000599042163230479,С2,-3.73153686523438,13.3934946060181,16.7835693359375,448874.205840576,6199115.95093835,55.2583313497873,14.1922792889436,43.0809669494629,64.4680023193359,1695.88842773438,1359.95397949219,634.936218261719,-3.31692838668823,-7.12113285064697,-9.35249805450439,16.7835693359375,19.6403198242188,26.1868743896484,5.25609789597881,5.81440386708764,5.59710989367422
"MULTIPOINT ((447852.033676233 6203635.44067929))",172,п2д,с.с.,морена,166.860824584961,0.357075214385986,230.766586303711,0.000100324061349966,8.79589861142449e-05,С2,0.29345703125,1.49535250663757,1.3729248046875,447852.033676233,6203635.44067929,12.7107489572755,12.455948754506,114.611450195312,967.02001953125,386.808013916016,2063.98315429688,144.154830932617,0.260854095220566,1.15247762203217,2.92479705810547,1.3729248046875,8.87185668945312,14.9190521240234,0.339309138888435,1.76560748265332,3.32142243168246
"MULTIPOINT ((449023.988652225 6199107.88190283))",173,пд пов огл,с.с.,фг,139.076522827148,5.56448841094971,81.5553817749023,-0.00192252243869007,-0.000169512568390928,С2,-3.30455017089844,12.1647348403931,14.4814300537109,449023.988652225,6199107.88190283,21.8022492201303,12.9955138841341,87.9992828369141,64.4680023193359,1681.11975097656,1305.37756347656,594.365600585938,-2.93738651275635,-5.87253856658936,-9.26875686645508,14.4814300537109,20.5623016357422,27.5363006591797,4.51249112645298,5.41072885020761,5.60955904683903
"MULTIPOINT ((448001.931710776 6203640.97052921))",174,п2д,с.с.,морена,167.76383972168,0.880384683609009,204.987777709961,3.02091084449785e-05,6.57264972687699e-05,С2,0.1495361328125,1.76336324214935,2.29351806640625,448001.931710776,6203640.97052921,23.7725040566991,13.082030365504,115.168502807617,1049.46301269531,515.744018554688,1935.1142578125,265.808380126953,0.132932871580124,0.95181679725647,3.12127375602722,2.29351806640625,3.58621215820312,14.4502258300781,0.702980852610063,0.760313428304007,2.38838314031921
"MULTIPOINT ((449173.771463875 6199099.8128673))",175,пд пов огл,с.с.,фг,142.960327148438,5.41710567474365,115.153602600098,-0.000524707778822631,0.000136460308567621,С2,-0.615203857421875,6.7982292175293,13.9850158691406,449173.771463875,6199099.8128673,24.1970017690877,12.8949421991068,47.9996070861816,91.1715240478516,1623.26293945312,1185.22985839844,580.212036132812,-0.546849548816681,-1.73932945728302,-5.2843804359436,13.9850158691406,20.7312469482422,27.5363006591797,4.3045149416032,5.71294460330528,5.69999554693713
"MULTIPOINT ((448151.829745319 6203646.50037913))",176,п2д,с.с.,морена,167.908554077148,0.787225067615509,11.4004201889038,7.71691484260373e-05,0.000164327706443146,С2,0.376449584960938,1.69903206825256,2.80422973632812,448151.829745319,6203646.50037913,7.59990469559645,11.7368491746196,188.041000366211,1140.55541992188,594.365600585938,1806.2548828125,392.1435546875,0.334616780281067,1.14360451698303,2.81351637840271,2.80422973632812,3.9427490234375,15.6623840332031,0.592025859206165,0.80221758548771,1.32086203831615
"MULTIPOINT ((449323.554275525 6199091.74383178))",177,т1п пов огл,с.с.,морена,147.668014526367,4.28637218475342,101.184097290039,0.00118155695963651,-0.000156367881572805,С2,1.61265563964844,3.61629772186279,11.7858276367188,449323.554275525,6199091.74383178,650.235423856699,16.657594654116,3.99996733665466,128.936004638672,1495.32409667969,1067.13537597656,594.365600585938,1.43348181247711,2.57717990875244,-0.185448676347733,11.7858276367188,21.1425628662109,27.5363006591797,3.35987043324538,6.44650238431269,5.84629055790491
"MULTIPOINT ((443360.622489863 6203319.64714714))",178,п3д,с.с.,морена,171.042892456055,1.40041708946228,332.10205078125,-0.000124678001157008,0.000291995267616585,,0.2607421875,2.67818546295166,4.3204345703125,443360.622489863,6203319.64714714,6.23000549395185,11.7428779590791,159.998687744141,784.287109375,322.340026855469,407.7314453125,0,0.231764048337936,0.933121025562286,2.64353036880493,4.3204345703125,6.58987426757812,14.3071441650391,1.54710303069593,1.4381224843538,2.64315217678399
"MULTIPOINT ((449473.337087175 6199083.67479625))",179,пд пов огл,с.с.,фг,150.384262084961,1.15862131118774,63.6768341064453,0.000407692306907848,0.000841973233036697,С2,1.94831848144531,4.19609022140503,5.17039489746094,449473.337087175,6199083.67479625,9.3513821393794,5.69438632307167,108.810882568359,128.936004638672,1303.78466796875,895.618103027344,519.757629394531,1.73184716701508,4.08713436126709,2.83131432533264,5.17039489746094,21.1425628662109,27.5363006591797,1.25269307569384,4.57159977113534,5.62275548026108
"MULTIPOINT ((443510.520524406 6203325.17699706))",180,п3д,с.с.,морена,167.222061157227,0.998617351055145,16.9841766357422,-0.000369044428225607,-0.000571764307096601,С2,-1.46670532226562,3.8474326133728,3.76777648925781,443510.520524406,6203325.17699706,158.387442667828,15.2453043664035,7.99993467330933,797.425170898438,451.276000976562,288.309661865234,64.4680023193359,-1.30373132228851,-2.38561367988586,-1.43667137622833,3.76777648925781,6.58987426757812,14.3071441650391,0.859363099113337,1.39967574937113,2.07047488911446
"MULTIPOINT ((449623.119898824 6199075.60576073))",181,п1д огл,с.с.,фг,144.678665161133,1.91398215293884,359.336639404297,-9.36198921408504e-05,-0.000727071717847139,В4,-1.27995300292969,2.57044887542725,5.95703125,449623.119898824,6199075.60576073,50.7036725713574,13.8394990897044,55.9995422363281,232.442687988281,1188.73120117188,825.59326171875,455.857604980469,-1.13774955272675,-3.02444982528687,-3.88207149505615,5.95703125,17.1341247558594,27.5363006591797,1.67426759575834,2.77717456126346,5.51145173457956
"MULTIPOINT ((445159.398904379 6203386.00534618))",182,п3д,с.с.,морена,150.661346435547,0.493969947099686,206.497955322266,-0.0019033367279917,-0.00033230785629712,В4,-3.48472595214844,7.23681354522705,6.401611328125,445159.398904379,6203386.00534618,169.402214970369,15.0457766019442,23.9998035430908,0,0,784.287109375,64.4680023193359,-3.09752917289734,-8.03276062011719,-10.5718212127686,6.401611328125,17.6168670654297,19.7078857421875,1.87537043476082,3.93811422568145,4.73997153040797
"MULTIPOINT ((449772.902710474 6199067.53672521))",183,пд пов огл,с.с.,фг,142.799392700195,0.650579273700714,196.790481567383,-0.000498236215207726,-0.000262599904090166,С2,-1.18597412109375,2.71837258338928,3.109375,449772.902710474,6199067.53672521,2551.88201806512,17.7580871566562,0,322.340026855469,1063.23352050781,729.372192382812,375.909820556641,-1.05420434474945,-4.23101854324341,-5.95641326904297,3.109375,12.2014770507812,27.5363006591797,1.18421471458393,2.39888704657006,4.41341083397616
"MULTIPOINT ((445309.296938922 6203391.5351961))",184,п3д огл,с.с.,далл,160.036315917969,2.66910266876221,195.039840698242,0.000760533614084125,0.000241597066633403,С2,1.56614685058594,4.3149037361145,8.73631286621094,445309.296938922,6203391.5351961,11.1488992350031,12.3248415141404,111.999084472656,91.1715240478516,91.1715240478516,773.616027832031,193.404006958008,1.39213228225708,2.05666327476501,-0.181676641106606,8.73631286621094,14.3639373779297,19.7078857421875,1.91476304414034,3.78989189660424,4.363217343929
"MULTIPOINT ((449922.685522124 6199059.46768968))",185,пд пов огл,с.с.,фг,147.724868774414,2.3647518157959,86.6559295654297,0.000423985300585628,0.000119742981041782,С3,0.849288940429688,4.95141077041626,6.03256225585938,449922.685522124,6199059.46768968,10.3696306422561,12.2523821481213,49.476863861084,490.973693847656,876.859680175781,594.365600585938,232.442687988281,0.754914999008179,-0.0103706829249859,-0.615987539291382,6.03256225585938,11.4278717041016,32.3457260131836,1.98430575197867,2.97456067797215,2.75689178861943
"MULTIPOINT ((445459.194973465 6203397.06504602))",186,п3д огл,с.с.,далл,161.807983398438,1.71936702728271,56.5349235534668,0.000634771247860044,-0.000265839247731492,С2,0.576141357421875,3.13110899925232,7.72996520996094,445459.194973465,6203397.06504602,12.4166889782921,12.6993016193179,123.998985290527,265.808380126953,232.442687988281,776.297546386719,375.909820556641,0.51213413476944,2.02685785293579,2.22450971603394,7.72996520996094,13.7408599853516,17.9119262695312,1.22199117051565,2.90262584957851,4.05734462081121
"MULTIPOINT ((450072.468333774 6199051.39865416))",187,пд пов огл,с.с.,фг,150.086608886719,2.80762481689453,162.899780273438,0.00013473053695634,3.21607876685448e-05,С2,0.26092529296875,3.63635444641113,8.38615417480469,450072.468333774,6199051.39865416,23.6168574447832,13.0754614999754,101.979560852051,490.973693847656,754.57861328125,519.757629394531,193.404006958008,0.231935292482376,0.930328965187073,2.41985321044922,8.38615417480469,11.4278717041016,32.362922668457,2.19303297192833,2.53385314119154,2.65501702045251
"MULTIPOINT ((445609.093008008 6203402.59489594))",188,п3д огл,с.с.,далл,156.565979003906,3.12532472610474,108.178489685059,-0.000391784444218501,-0.000473710912046954,С3,-1.35275268554688,3.62762761116028,7.90072631835938,445609.093008008,6203402.59489594,427.783978256271,16.2388785107183,23.9998035430908,407.7314453125,128.936004638672,735.04833984375,469.334136962891,-1.20244681835175,-2.87899851799011,-2.96120834350586,7.90072631835938,14.3456573486328,15.2624969482422,2.64113845515935,3.81976597554353,4.11074894518086
"MULTIPOINT ((448898.412947146 6199565.2993733))",189,п2д огл,с.с.,фг,156.273834228516,1.47965955734253,260.974670410156,0.000181008625077084,-0.000143165263580158,С2,0.0591888427734375,0.895871341228485,5.00297546386719,448898.412947146,6199565.2993733,32.3439255106837,13.3899269737282,107.702415466309,322.340026855469,1251.7421875,1002.88671875,644.680053710938,0.0526123046875,0.959369242191315,5.18260955810547,5.00297546386719,12.1713104248047,29.3524627685547,0.996129115196805,2.93993166307032,6.02881755583391
"MULTIPOINT ((445758.991042551 6203408.12474586))",190,п2д огл,л.с.,далл,161.474182128906,2.02566361427307,138.88639831543,0.000489422935061157,-3.33179305016529e-05,С2,0.712265014648438,1.84134900569916,7.58987426757812,445758.991042551,6203408.12474586,40.2547605107517,13.6087290148557,128.995071411133,503.511199951172,182.343048095703,778.969848632812,451.276000976562,0.633122742176056,1.26408851146698,1.01178014278412,7.58987426757812,14.3456573486328,14.5992126464844,1.2195301439725,3.43843348302789,3.91102557946744
"MULTIPOINT ((449048.195758796 6199557.23033777))",191,п2д огл,с.с.,фг,156.166549682617,1.45517766475677,328.839019775391,0.000299232138786465,0.000183909491170198,С2,0.753555297851562,1.29122805595398,4.20945739746094,449048.195758796,6199557.23033777,23.7780423594545,13.0822633093164,101.979560852051,347.170806884766,1231.65942382812,1097.8505859375,657.447204589844,0.669818460941315,2.62516570091248,5.96962690353394,4.20945739746094,13.1086120605469,29.3524627685547,1.19935988739621,2.64969419307583,6.94621682847945
"MULTIPOINT ((445908.889077094 6203413.65459578))",192,п2д огл,л.с.,далл,162.790069580078,0.389908254146576,147.20491027832,-7.13024273863994e-05,-0.00014868461585138,С2,-0.342864990234375,1.28364646434784,1.39674377441406,445908.889077094,6203413.65459578,9.34799917896527,7.82657524419878,3.99996733665466,638.20068359375,347.170806884766,876.859680175781,455.857604980469,-0.304777354001999,-0.033288761973381,1.10401606559753,1.39674377441406,9.23728942871094,14.5992126464844,0.333786937066237,1.02620096005917,3.45620032410661
"MULTIPOINT ((449197.978570446 6199549.16130225))",193,п2д огл,с.с.,фг,147.781829833984,1.50434458255768,357.11181640625,-0.000238334672758356,-0.000157133617904037,,-0.616836547851562,1.16367530822754,4.47189331054688,449197.978570446,6199549.16130225,116.691072917749,14.6730307848006,11.9999017715454,322.340026855469,1226.58740234375,923.041320800781,644.680053710938,-0.54829066991806,-1.59337532520294,-0.914934754371643,4.47189331054688,18.2144012451172,29.3524627685547,1.04824326036085,3.29735973951065,6.71499361861992
"MULTIPOINT ((446058.787111637 6203419.1844457))",194,п2д,с.с.,морена,163.931671142578,0.624735116958618,182.083923339844,-0.00013864527863916,-5.66442431590986e-05,С2,-0.304412841796875,1.57552218437195,1.64015197753906,446058.787111637,6203419.1844457,37.7805688341212,13.545295662874,63.2450370788574,735.04833984375,464.885375976562,958.3857421875,490.973693847656,-0.270589202642441,0.270265847444534,1.83545923233032,1.64015197753906,5.14283752441406,14.5992126464844,0.527104889727069,0.788215604668127,2.44724346979031
"MULTIPOINT ((449347.761382096 6199541.09226673))",195,п2д огл,с.с.,фг,145.584686279297,1.43967366218567,299.721099853516,0.00017592114454601,-0.000351095863152295,,-0.272933959960938,1.5087583065033,5.4375,449347.761382096,6199541.09226673,99.2356734937686,14.5109983059042,55.5693206787109,203.86572265625,1240.06677246094,807.781799316406,515.744018554688,-0.242606267333031,-0.219747424125671,-1.9473569393158,5.4375,17.6305694580078,28.4167938232422,0.852028183350482,3.6515203288447,5.9024958387521
"MULTIPOINT ((446208.68514618 6203424.71429562))",196,п2д,с.с.,морена,164.808212280273,0.62211686372757,39.1351661682129,0.000115301212645136,4.80900853290223e-05,С2,0.254684448242188,1.36430668830872,1.86112976074219,446208.68514618,6203424.71429562,8.56708958629456,12.0614288144903,96.6635818481445,840.559875488281,576.619323730469,1049.46301269531,554.57470703125,0.22639125585556,0.939743995666504,2.24051189422607,1.86112976074219,4.97004699707031,10.8375244140625,0.670353251957402,0.640211887516027,1.91106027520615
"MULTIPOINT ((449497.544193745 6199533.0232312))",197,п2д огл,с.с.,фг,138.38346862793,3.56890487670898,310.147766113281,-0.000802797614596784,-0.000253398640779778,С4,-1.65422058105469,5.38409566879272,10.0617370605469,449497.544193745,6199533.0232312,5116.65597590886,19.146936207098,0,64.4680023193359,1303.78466796875,735.04833984375,392.1435546875,-1.47041153907776,-5.19508457183838,-7.82648038864136,10.0617370605469,15.1336364746094,27.009765625,3.47548668834368,4.11297626161979,4.85343409662741
"MULTIPOINT ((446358.583180723 6203430.24414554))",198,п2д,с.с.,морена,163.266082763672,0.664090633392334,304.71728515625,9.66410807450302e-05,-0.000259265856584534,С2,-0.253448486328125,1.8610702753067,3.06803894042969,446358.583180723,6203430.24414554,193.7227046632,15.446687945404,71.5535888671875,951.858642578125,694.341613769531,1147.82006835938,583.782592773438,-0.225294321775436,0.466167539358139,0.266537606716156,3.06803894042969,6.787353515625,10.2841796875,0.448378870471737,1.75824614916811,1.95414731176405
"MULTIPOINT ((449647.327005395 6199524.95419568))",199,пд пов огл,с.с.,фг,144.293182373047,2.57436966896057,124.303771972656,-0.00011771653953474,0.000539817032404244,С2,0.65814208984375,4.89886379241943,8.23565673828125,449647.327005395,6199524.95419568,8.78063051693852,2.9262557382952,58.2404022216797,64.4680023193359,1112.89025878906,583.782592773438,203.86572265625,0.585030436515808,0.70427280664444,-0.573875606060028,8.23565673828125,15.1336364746094,24.5646057128906,2.64905841086818,3.85666889258515,4.07609817070857
"MULTIPOINT ((446508.481215266 6203435.77399546))",200,п2д,с.с.,морена,159.009338378906,1.29836583137512,10.695652961731,-0.00017015881894622,-0.00025033371639438,В5,-0.655654907226562,3.15406489372253,4.9537353515625,446508.481215266,6203435.77399546,12.4246786425032,12.4331854522917,27.9997711181641,967.02001953125,797.425170898438,1305.37756347656,392.1435546875,-0.58281284570694,-2.91316652297974,-4.28725814819336,4.9537353515625,10.2841796875,13.4643707275391,1.11525780603911,2.06090311819747,2.13359420011284
"MULTIPOINT ((449797.109817045 6199516.88516016))",201,пд пов огл,с.с.,фг,143.363845825195,2.10393190383911,126.951347351074,0.00017258022853639,-0.000954285846091807,С3,-1.21879577636719,7.0849986076355,9.27922058105469,449797.109817045,6199516.88516016,39.437956276123,13.588229454261,39.9996719360352,64.4680023193359,986.170776367188,455.857604980469,91.1715240478516,-1.083367228508,-1.37993264198303,-0.754959166049957,9.27922058105469,17.2281341552734,27.2047424316406,2.98664489717961,3.09255860406455,4.39730818784721
"MULTIPOINT ((446658.379249809 6203441.30384538))",202,п2д,с.с.,морена,161.674575805664,2.88299822807312,176.953674316406,0.000187402591109276,-0.000240270659560338,С2,-0.081756591796875,3.97140097618103,7.48025512695312,446658.379249809,6203441.30384538,37.563648664071,13.5395375363288,99.9991836547852,867.328247070312,673.065734863281,1415.36267089844,265.808380126953,-0.0726759135723114,-0.416915267705917,-1.80471003055573,7.48025512695312,10.2841796875,14.9708862304688,2.27613491734068,2.56376570545326,2.58106300575154
"MULTIPOINT ((450246.458251994 6199492.67805359))",203,пд пов огл,с.с.,фг,137.645034790039,6.82553863525391,50.3929061889648,0.000158167109475471,0.000250847690040246,С2,0.645584106445312,6.46024656295776,18.0166015625,450246.458251994,6199492.67805359,67.3481997564352,13.9185896402838,107.999114990234,0,550.814819335938,64.4680023193359,0,0.573847472667694,-0.86688494682312,-2.97922897338867,18.0166015625,25.6318740844727,28.0785446166992,5.7050892259525,7.72599082894368,7.88417410821742
"MULTIPOINT ((446808.277284352 6203446.8336953))",204,п2д,с.с.,морена,164.825042724609,0.876985132694244,50.896110534668,0.000315721932565793,2.58224395111029e-06,С2,0.49627685546875,2.5899920463562,3.70381164550781,446808.277284352,6203446.8336953,8.52119302584265,4.29092478104789,63.9994773864746,776.297546386719,550.814819335938,1528.31323242188,144.154830932617,0.441126495599747,1.27346861362457,1.33179211616516,3.70381164550781,13.4643707275391,14.9708862304688,0.743306267024438,2.26808161940047,2.79050867618609
"MULTIPOINT ((447841.864230074 6199471.99981031))",205,п2д огл,с.с.,фг,152.787307739258,1.05905914306641,240.422134399414,0.000158798924530856,0.000146371457958594,,0.475799560546875,2.51514101028442,3.14143371582031,447841.864230074,6199471.99981031,36.338653489734,5.2574192299671,5.6568078994751,128.936004638672,1869.57202148438,815.462890625,64.4680023193359,0.42292445898056,2.5699303150177,2.51410388946533,3.14143371582031,14.1288604736328,24.2330780029297,1.05746456285723,3.16403056629478,4.93764404528233
"MULTIPOINT ((446958.175318895 6203452.36354522))",206,п2д,с.с.,морена,170.872253417969,1.95748007297516,148.385375976562,0.00134198472369462,0.00124952755868435,С2,4.04380798339844,11.6630916595459,7.61233520507812,446958.175318895,6203452.36354522,5.99188041105401,11.499118755373,87.9992828369141,663.738708496094,375.909820556641,1702.00402832031,64.4680023193359,3.59449934959412,5.74652147293091,7.62612438201904,7.61233520507812,13.4391937255859,17.0921173095703,2.12445869071886,3.02412638516704,2.85040710889695
"MULTIPOINT ((447991.647041724 6199463.93077479))",207,п2д огл,с.с.,фг,154.694107055664,1.44705533981323,275.035308837891,0.000539597880560905,0.000233867132919841,С2,1.20640563964844,2.26955080032349,3.92617797851562,447991.647041724,6199463.93077479,9.81131502657978,12.1970370586197,120.928749084473,322.340026855469,1783.09692382812,840.559875488281,144.154830932617,1.07236230373383,3.31146812438965,5.7223482131958,3.92617797851562,14.0218963623047,25.5808868408203,1.12980000035,2.51514228192251,5.35769828543657
"MULTIPOINT ((447108.073353438 6203457.89339514))",208,п2д,с.с.,морена,167.836639404297,2.91821765899658,22.2357215881348,0.000636792101431638,0.000980590819381177,С2,2.52662658691406,9.4985876083374,8.38290405273438,447108.073353438,6203457.89339514,13.4222468571189,12.5104142879701,52.153190612793,611.59716796875,265.808380126953,1820.00830078125,0,2.24589538574219,2.91956520080566,4.48318862915039,8.38290405273438,13.4391937255859,18.4377899169922,2.89759894383083,3.11266638108363,3.05755223222894
"MULTIPOINT ((448141.429853374 6199455.86173927))",209,п2д огл,с.с.,фг,152.014587402344,2.12816715240479,315.755126953125,3.22270971082617e-05,9.20364327612333e-05,С2,0.193878173828125,1.50055015087128,5.81098937988281,448141.429853374,6199455.86173927,74.7960901864547,14.2282663578056,142.041091918945,328.723602294922,1702.00402832031,838.084045410156,265.808380126953,0.172332763671875,0.695852756500244,2.59222340583801,5.81098937988281,10.7773742675781,25.5808868408203,1.73877824666518,2.81065605466154,5.1738788944363
"MULTIPOINT ((447257.971387981 6203463.42324506))",210,п2д,с.с.,морена,162.039306640625,0.754148483276367,88.0363616943359,-0.000291904521873221,-1.71131687238812e-05,С3,-0.48175048828125,2.61943793296814,2.73965454101562,447257.971387981,6203463.42324506,161.101969342265,7.96605208613434,33.940845489502,583.782592773438,144.154830932617,1939.40490722656,0,-0.428214192390442,-1.66412949562073,-1.13575792312622,2.73965454101562,17.0921173095703,18.4377899169922,0.522976425150622,2.8750121617838,3.38869630473157
"MULTIPOINT ((448291.212665024 6199447.79270374))",211,п2д огл,с.с.,фг,149.111572265625,1.22413969039917,305.975311279297,-0.00016527583647985,2.33869195653824e-06,С2,-0.254104614257812,1.16178250312805,4.16493225097656,448291.212665024,6199447.79270374,72.1653265568115,6.80890060801302,55.9995422363281,375.909820556641,1627.09887695312,840.559875488281,375.909820556641,-0.225886031985283,-1.51508343219757,-0.923301100730896,4.16493225097656,10.7773742675781,26.8816528320312,0.821248485014101,2.41063533965415,4.89835479264972
"MULTIPOINT ((447407.869422524 6203468.95309498))",212,п2д,с.с.,морена,160.235748291016,2.62583255767822,125.820869445801,-1.90894525076146e-06,-5.79533370910212e-05,С2,-0.093414306640625,3.11599016189575,7.42225646972656,447407.869422524,6203468.95309498,59.1907278056621,14.2610250709713,19.9998359680176,657.447204589844,0,2099.91577148438,64.4680023193359,-0.0830247700214386,-0.887197971343994,-2.7193329334259,7.42225646972656,11.1103820800781,18.4377899169922,2.06232321851717,3.23003203323037,3.33680062774539
"MULTIPOINT ((448440.995476673 6199439.72366822))",213,п2д огл,с.с.,фг,150.183197021484,1.13380801677704,249.345336914062,0.000153803688590415,9.04824482859112e-05,С2,0.380889892578125,2.343266248703,3.80592346191406,448440.995476673,6199439.72366822,8.11660293205837,12.0074124529424,47.9996070861816,412.796630859375,1528.31323242188,876.859680175781,550.814819335938,0.338578969240189,-0.546843230724335,-0.233810901641846,3.80592346191406,11.5488128662109,27.0966339111328,1.010286823131,2.10906277032226,5.32770879119491
"MULTIPOINT ((447557.767457067 6203474.4829449))",214,п2д,с.с.,морена,163.460296630859,2.09040451049805,98.9907455444336,0.000579691200982779,0.000102729922218714,С2,1.06550598144531,1.75696575641632,5.76382446289062,447557.767457067,6203474.4829449,3.36436193090692,11.1267390701984,60.9256896972656,694.341613769531,91.1715240478516,2222.97802734375,64.4680023193359,0.947113037109375,2.28814482688904,0.482111603021622,5.76382446289062,10.7339630126953,18.4377899169922,1.64467445343536,3.21440281842547,3.27383695206084
"MULTIPOINT ((448590.778288323 6199431.6546327))",215,п2д огл,с.с.,фг,150.227203369141,0.40090399980545,180.759262084961,-2.84547895716969e-05,-0.000263979512965307,С3,-0.455780029296875,1.80017602443695,1.3760986328125,448590.778288323,6199431.6546327,131.416250198097,14.7918705125262,33.940845489502,347.170806884766,1472.92102050781,923.041320800781,638.20068359375,-0.405144572257996,-1.28439772129059,-0.391542494297028,1.3760986328125,14.8233947753906,27.0966339111328,0.353579651925119,2.03355069459508,5.85368488230626
"MULTIPOINT ((447707.66549161 6203480.01279482))",216,п2д,с.с.,морена,163.497039794922,1.16379010677338,111.299331665039,0.000254815648077056,-0.000148230363265611,С2,0.16632080078125,1.13725769519806,3.49346923828125,447707.66549161,6203480.01279482,19198.3828828798,19.7760820740446,0,751.819641113281,203.86572265625,2203.25927734375,64.4680023193359,0.147837325930595,0.744799554347992,0.324509263038635,3.49346923828125,13.2294921875,14.9190521240234,0.922497170809104,2.45716864403911,3.7187264638038
"MULTIPOINT ((448740.561099973 6199423.58559717))",217,п2д огл,с.с.,фг,151.493682861328,0.335198789834976,297.940795898438,-0.000114711438072845,0.000224806048208848,С3,0.171585083007812,2.80788254737854,2.98475646972656,448740.561099973,6199423.58559717,13.4927966580968,12.5156567065836,131.998916625977,273.514556884766,1427.06005859375,984.061340332031,729.372192382812,0.152520075440407,-0.0775706991553307,0.939068853855133,2.98475646972656,20.3698883056641,27.0966339111328,0.94737236332981,2.72716331565367,6.22644912451715
"MULTIPOINT ((447857.563526153 6203485.54264474))",218,п2д,с.с.,морена,166.283096313477,0.485325843095779,198.345092773438,9.56628064159304e-05,-1.46916345329373e-05,С2,0.126205444335938,0.857538998126984,1.28826904296875,447857.563526153,6203485.54264474,324.776533486524,15.6966381009855,43.2662620544434,867.328247070312,392.1435546875,2023.3095703125,203.86572265625,0.112189397215843,0.879025220870972,2.41871404647827,1.28826904296875,8.87185668945312,14.9190521240234,0.391502688761165,1.53899178384567,3.52064417998562
"MULTIPOINT ((448890.343911623 6199415.51656165))",219,п2д огл,с.с.,фг,151.834350585938,2.69610190391541,231.121444702148,3.66264180229336e-06,-7.62091294745915e-05,С3,-0.113189697265625,2.89379453659058,6.97193908691406,448890.343911623,6199415.51656165,30.6599360090761,13.3364575307531,19.9998359680176,193.404006958008,1378.16845703125,1097.8505859375,773.616027832031,-0.100604586303234,0.157582491636276,2.03809714317322,6.97193908691406,20.3698883056641,29.3524627685547,2.27485055754802,4.0962319453108,6.74273307785954
"MULTIPOINT ((448007.461560696 6203491.07249466))",220,п2д,с.с.,морена,167.005310058594,0.474909752607346,160.19660949707,2.03414383577183e-05,-0.00018449334311299,С2,-0.255859375,1.26873230934143,1.33078002929688,448007.461560696,6203491.07249466,36.1200737689498,13.5003495153023,59.4637908935547,958.3857421875,519.757629394531,1904.80859375,322.340026855469,-0.227418690919876,0.372906446456909,2.41096997261047,1.33078002929688,7.82444763183594,14.4502258300781,0.404887988438809,0.77471305662846,2.98282259236694
"MULTIPOINT ((449040.126723272 6199407.44752613))",221,п2д огл,с.с.,фг,154.953460693359,1.12025785446167,265.653747558594,0.000570923264604062,0.000253308302490041,С2,1.28518676757812,2.25843214988708,3.724853515625,449040.126723272,6199407.44752613,4.92265313260863,3.01160790881985,147.077011108398,232.442687988281,1359.95397949219,1153.23864746094,784.287109375,1.14239501953125,4.8921947479248,5.65065097808838,3.724853515625,25.3514251708984,29.3524627685547,1.03431862412955,3.52541935973422,6.98067767873415
"MULTIPOINT ((448157.359595239 6203496.60234458))",222,п2д,с.с.,морена,167.522583007812,0.607709646224976,342.573028564453,0.000311561801936477,-0.000100286320957821,С2,0.329360961914062,1.44654667377472,2.09820556640625,448157.359595239,6203496.60234458,12.1334874886507,12.4094699354283,74.7255554199219,1057.35388183594,634.936218261719,1787.75244140625,432.464508056641,0.292761921882629,0.663807153701782,2.35774374008179,2.09820556640625,3.9427490234375,15.6623840332031,0.525926583819821,0.817235212820797,1.97983737201138
"MULTIPOINT ((449189.909534922 6199399.3784906))",223,пд пов огл,с.с.,фг,151.053436279297,4.11490964889526,308.478668212891,0.000760993105359375,0.000472695712232962,С2,1.93388366699219,2.44594955444336,13.7391357421875,449189.909534922,6199399.3784906,20.318569541547,12.9250359680808,123.998985290527,128.936004638672,1418.29602050781,1072.96130371094,735.04833984375,1.71901619434357,5.1363410949707,2.71044254302979,13.7391357421875,25.4518890380859,29.3524627685547,2.82748587679132,6.45423229095136,6.39696872353988
"MULTIPOINT ((449339.692346572 6199391.30945508))",224,пд пов огл,с.с.,фг,140.700927734375,3.94805574417114,303.152557373047,-0.000525842246133834,0.000348568370100111,С2,-0.280853271484375,4.57721376419067,12.7950439453125,449339.692346572,6199391.30945508,23.6070445037255,12.8702586308701,79.9993438720703,128.936004638672,1419.76037597656,916.262451171875,550.814819335938,-0.24965412914753,-1.62446129322052,-6.22892904281616,12.7950439453125,21.6292877197266,27.2957458496094,3.41515491405537,5.22878035470302,5.37183485243706
"MULTIPOINT ((447691.07594185 6203929.70689845))",225,п2д,с.с.,морена,163.055877685547,0.940560400485992,155.778503417969,-0.000228718490689062,4.04782040277496e-05,В3,-0.293502807617188,1.57586681842804,2.62001037597656,447691.07594185,6203929.70689845,14.9909082375862,12.6209446442704,43.999641418457,1162.21337890625,322.340026855469,2257.30078125,128.936004638672,-0.260904937982559,0.153663784265518,0.244351804256439,2.62001037597656,10.3196411132812,14.9190521240234,0.762171360344405,1.53401698542287,2.96764336326974
"MULTIPOINT ((447541.177907307 6203924.17704853))",226,п2д,с.с.,морена,162.186019897461,1.16163527965546,217.350250244141,0.000387946784030646,-3.02422768072574e-06,С3,0.600296020507812,1.91778647899628,3.91549682617188,447541.177907307,6203924.17704853,6.11506375095479,11.7242559388508,36.8778762817383,1125.88525390625,193.404006958008,2136.21704101562,232.442687988281,0.533594787120819,0.815210163593292,-0.464204043149948,3.91549682617188,8.29664611816406,14.2427520751953,0.871578451165292,1.88595542035026,2.89444526851437
"MULTIPOINT ((447840.973976393 6203935.23674837))",227,п2д,с.с.,морена,165.256973266602,0.721759855747223,116.094284057617,2.35925526794745e-05,0.000215192369068973,С2,0.3721923828125,0.548434317111969,2.35179138183594,447840.973976393,6203935.23674837,10.8482561348844,7.18463160715418,78.8916931152344,1211.24377441406,451.276000976562,2162.32250976562,0,0.330839365720749,1.21778655052185,2.00125885009766,2.35179138183594,8.19125366210938,14.9190521240234,0.510975219507394,1.38642025568181,2.70694711643003
"MULTIPOINT ((447990.872010936 6203940.76659829))",228,п2д,с.с.,морена,165.152389526367,0.579840838909149,130.530349731445,8.07888281997293e-05,-7.00392774888314e-05,С2,0.0167694091796875,0.752752661705017,2.32090759277344,447990.872010936,6203940.76659829,44.8144734312899,13.7160318993344,28.8441753387451,1305.37756347656,608.189880371094,1972.34155273438,193.404006958008,0.0149044459685683,-0.102850154042244,1.04216587543488,2.32090759277344,5.36416625976562,13.5106048583984,0.305885847116568,1.03176121607583,1.98155458944892
"MULTIPOINT ((450064.39929825 6198901.61584251))",229,пд пов огл,с.с.,фг,150.431671142578,0.651260852813721,236.107177734375,-0.000167196500115097,0.000335816730512306,С2,0.262786865234375,1.75986135005951,3.91789245605469,450064.39929825,6198901.61584251,5.27013138834553,11.5755560380432,111.210601806641,608.189880371094,807.781799316406,634.936218261719,257.872009277344,0.233588322997093,0.770112633705139,1.01458966732025,3.91789245605469,9.88153076171875,29.0109558105469,0.462394457732712,1.5107991690207,3.27276815873978
"MULTIPOINT ((449764.833674951 6198917.75391356))",230,п1д огл,с.с.,фг,145.474487304688,3.43504309654236,84.6720123291016,-0.000596184050664306,-0.000698651012498885,С2,-2.02507019042969,7.10398817062378,9.07884216308594,449764.833674951,6198917.75391356,31.4396556555974,13.3615707594968,53.3662223815918,412.796630859375,1101.62963867188,820.543762207031,455.857604980469,-1.800048828125,-3.26326298713684,-5.02979373931885,9.07884216308594,14.4512023925781,30.6072845458984,2.88195655784908,3.18562882404456,4.53636606127474
"MULTIPOINT ((448140.770045479 6203946.29644821))",231,п2д,с.с.,морена,165.780014038086,0.151506200432777,119.84888458252,4.23804558522534e-05,1.12188190541929e-05,С2,0.0835418701171875,0.509189784526825,0.720245361328125,448140.770045479,6203946.29644821,1.27023817076902,9.74722942093709,96.1657333374023,1379.67553710938,611.59716796875,1846.08264160156,203.86572265625,0.0742560476064682,0.726744651794434,1.50490820407867,0.720245361328125,6.63594055175781,9.85595703125,0.138108717578476,0.564326835877012,1.86753001147872
"MULTIPOINT ((450214.1821099 6198893.54680699))",232,пд пов огл,с.с.,фг,151.3916015625,1.44301867485046,265.417938232422,0.00030527840135619,0.00011641960736597,С2,0.657745361328125,2.35748481750488,3.91789245605469,450214.1821099,6198893.54680699,26.2540632320811,13.1813215112784,120.06566619873,550.814819335938,697.328063964844,554.57470703125,128.936004638672,0.584665954113007,2.32534623146057,3.09075546264648,3.91789245605469,9.31149291992188,34.1003875732422,1.11252137975462,2.09828018982975,2.52942240867949
"MULTIPOINT ((449914.616486601 6198909.68487803))",233,п1д огл,с.с.,фг,150.428009033203,0.452964782714844,76.6776275634766,0.000213008359423839,0.000111219931568485,С2,0.50537109375,1.78468656539917,1.81781005859375,449914.616486601,6198909.68487803,4.6539309958763,11.4512129823538,19.9998359680176,554.57470703125,923.041320800781,697.328063964844,347.170806884766,0.449211955070496,1.60708832740784,0.30806028842926,1.81781005859375,10.9696350097656,26.3561096191406,0.265222538956447,2.05990152339076,3.84478124446051
"MULTIPOINT ((446047.727411796 6203718.98051479))",234,п2д,с.с.,морена,164.527053833008,1.28160381317139,180.200790405273,0.000342235900461674,-3.31594746967312e-05,С2,0.482086181640625,1.41152918338776,3.50079345703125,446047.727411796,6203718.98051479,7.7462584044737,11.7559234077258,103.227066040039,911.715209960938,386.808013916016,786.932250976562,273.514556884766,0.428532928228378,1.13382577896118,3.06326460838318,3.50079345703125,8.38558959960938,15.1547088623047,1.05511376376516,1.79215060199694,3.35950124742909
"MULTIPOINT ((450363.96492155 6198885.47777146))",235,пд пов огл,с.с.,фг,144.169860839844,0.971889019012451,97.6758575439453,-0.000751297804526985,-0.000918095174711198,,-2.60255432128906,7.18527793884277,4.85096740722656,450363.96492155,6198885.47777146,1067.32783416062,17.5795932847729,0,503.511199951172,594.365600585938,503.511199951172,0,-2.31337642669678,-3.70728874206543,-2.7848002910614,4.85096740722656,8.33554077148438,34.6955871582031,1.31258533161366,1.78434503870517,3.17053006932762
"MULTIPOINT ((446197.625446339 6203724.51036471))",236,п2д,с.с.,морена,166.177398681641,0.247925758361816,259.082672119141,0.000163882286869921,0.000143619545269758,С2,0.479278564453125,0.657942414283752,0.825241088867188,446197.625446339,6203724.51036471,3.42871959408113,10.9089243594336,150.624130249023,1049.46301269531,519.757629394531,864.929016113281,347.170806884766,0.426015228033066,1.65325248241425,4.19214296340942,0.825241088867188,5.84672546386719,11.3945617675781,0.266115175887896,0.830603282752218,2.57159154187758
"MULTIPOINT ((450513.7477332 6198877.40873594))",237,пд пов огл,с.с.,фг,148.082504272461,1.15551650524139,79.8843688964844,8.8527005573269e-05,0.000555338920094073,С2,1.00376892089844,2.09808230400085,3.44490051269531,450513.7477332,6198877.40873594,2.11009838491238,10.4234720384559,78.7902221679688,412.796630859375,519.757629394531,432.464508056641,128.936004638672,0.892230570316315,2.09374356269836,2.69572138786316,3.44490051269531,8.48686218261719,28.6899108886719,0.934188913799842,1.85067632195437,3.87490193529522
"MULTIPOINT ((446347.523480883 6203730.04021463))",238,п2д,с.с.,морена,165.596923828125,0.60375303030014,359.742126464844,0.000198825335246511,9.69395696301945e-05,С2,0.461029052734375,0.888166785240173,2.05148315429688,446347.523480883,6203730.04021463,5.97410943352973,11.4961485053861,196.36540222168,1140.55541992188,647.895385742188,981.947387695312,322.340026855469,0.409800201654434,1.40648233890533,2.93194699287415,2.05148315429688,7.29512023925781,12.3537292480469,0.443523178908961,1.21158946963142,2.31395676912835
"MULTIPOINT ((450663.53054485 6198869.33970042))",239,пд пов огл,с.с.,фг,143.923721313477,2.27703928947449,21.8163166046143,-5.4542539146496e-05,-0.000200396971195005,С3,-0.397781372070312,1.82393956184387,6.715576171875,450663.53054485,6198869.33970042,59.1294470159994,13.9932298022108,145.381057739258,347.170806884766,469.334136962891,364.686096191406,0,-0.353586822748184,-0.320875197649002,0.432360589504242,6.715576171875,10.1502075195312,27.8414764404297,1.67061762563664,2.73773324318328,4.8801235860076
"MULTIPOINT ((446497.421515426 6203735.57006455))",240,п2д,с.с.,морена,162.498184204102,0.956938505172729,280.924774169922,2.70375385298394e-05,-0.000104512713733129,В4,-0.120758056640625,1.10378921031952,2.81544494628906,446497.421515426,6203735.57006455,68.6771520580214,14.142917312764,64.4975357055664,1188.73120117188,694.341613769531,1162.21337890625,232.442687988281,-0.107337102293968,-0.962288379669189,-0.910989582538605,2.81544494628906,9.51219177246094,14.3454742431641,0.899369724870743,1.62537784249758,2.32716799616451
"MULTIPOINT ((450813.313356499 6198861.27066489))",241,пд пов огл,с.с.,фг,141.549331665039,0.438562124967575,102.037773132324,0.000304142537061125,2.6212896045763e-05,С2,0.514923095703125,2.56456446647644,2.8155517578125,450813.313356499,6198861.27066489,5.72223539887277,5.22789297114585,44.181079864502,265.808380126953,451.276000976562,265.808380126953,64.4680023193359,0.457706034183502,0.792728364467621,0.746583104133606,2.8155517578125,16.8010711669922,24.0425262451172,0.298195007023586,1.68887844054759,6.24718160173357
"MULTIPOINT ((446647.319549969 6203741.09991447))",242,п2д,с.с.,морена,163.156616210938,0.800275444984436,165.928344726562,-0.000154409950482659,8.88404599663772e-07,С3,-0.239349365234375,1.84871089458466,4.16746520996094,446647.319549969,6203741.09991447,6.45089954439116,11.777720329756,102.527206420898,1109.1494140625,576.619323730469,1284.51574707031,144.154830932617,-0.21274821460247,0.0275315269827843,-0.441896706819534,4.16746520996094,9.51219177246094,14.3454742431641,0.530190217212793,1.56713589277909,2.3801182757643
"MULTIPOINT ((447659.80527633 6198880.93759924))",243,т1п пов огл,с.с.,морена,154.386657714844,1.21659958362579,97.0233840942383,0.000654530245810747,0.000414728157920763,С2,1.66732788085938,3.34814643859863,4.93074035644531,447659.80527633,6198880.93759924,8.61052102437385,11.8616982979323,150.783386230469,182.343048095703,2437.02685546875,1470.0966796875,64.4680023193359,1.48207259178162,4.53841400146484,6.58446311950684,4.93074035644531,17.9820556640625,24.0078125,1.0019593465716,3.6449384683931,5.7575288752025
"MULTIPOINT ((446797.217584512 6203746.62976439))",244,п2д,с.с.,морена,163.468597412109,0.905683040618896,6.14103889465332,5.71765049244277e-05,7.00703967595473e-05,С2,0.1983642578125,1.90190696716309,4.92276000976562,446797.217584512,6203746.62976439,10.5133754977497,12.2661490478505,37.7356147766113,1039.51525878906,464.885375976562,1408.00244140625,91.1715240478516,0.176327168941498,0.18359749019146,0.144483029842377,4.92276000976562,9.61370849609375,14.3454742431641,0.676605632964757,1.92734860948819,2.41524325526151
"MULTIPOINT ((447809.58808798 6198872.86856371))",245,пд пов огл,с.с.,фг,152.217788696289,0.983384191989899,354.579895019531,5.13395279995166e-05,0.000267801922746003,С2,0.497482299804688,1.04143834114075,3.26821899414062,447809.58808798,6198872.86856371,6.01538670741365,11.7078213822953,174.721206665039,232.442687988281,2360.796875,1441.54833984375,193.404006958008,0.442218363285065,3.04046106338501,4.48274850845337,3.26821899414062,15.6289367675781,22.5000305175781,0.840509280807022,2.44858816475248,5.59713667913324
"MULTIPOINT ((446947.115619055 6203752.15961431))",246,п2д,с.с.,морена,162.055084228516,2.72622084617615,238.025650024414,-0.000142049844725989,-0.0003649084828794,С2,-0.791519165039062,3.04717588424683,7.55293273925781,446947.115619055,6203752.15961431,45.5926023778931,13.7332462192308,21.5404834747314,958.3857421875,322.340026855469,1594.85034179688,0,-0.703572571277618,-1.58350265026093,-0.906784355640411,7.55293273925781,9.00216674804688,15.5856018066406,2.1678477047,2.62429425222022,2.93905114086725
"MULTIPOINT ((447959.37089963 6198864.79952819))",247,т1п пов огл,с.с.,морена,148.65983581543,1.83624374866486,346.241943359375,-0.000118511947221123,0.000153119704918936,С2,0.0537872314453125,2.09246706962585,4.50706481933594,447959.37089963,6198864.79952819,4.36339850501041,11.3867519717813,44.7209930419922,257.872009277344,2289.29516601562,1424.14465332031,273.514556884766,0.0478007011115551,1.71539926528931,1.06013810634613,4.50706481933594,18.2078704833984,22.1501312255859,1.36941001312491,3.2873493026498,5.30214719134954
"MULTIPOINT ((447097.013653598 6203757.68946423))",248,п1д,с.с.,морена,165.565093994141,0.60497909784317,248.253051757812,0.000250364711973816,0.000169607403222471,С2,0.654632568359375,0.931879103183746,3.67822265625,447097.013653598,6203757.68946423,4.25606355103341,11.3618454284575,158.491607666016,923.041320800781,203.86572265625,1720.22094726562,64.4680023193359,0.581892251968384,2.50829744338989,2.70161914825439,3.67822265625,9.21511840820312,16.9312744140625,0.446512126206183,2.09838203394839,3.46836004397809
"MULTIPOINT ((448109.153711279 6198856.73049267))",249,т1п пов огл,с.с.,морена,143.886016845703,3.07704544067383,70.0473480224609,0.000459040806163102,-1.38777977554128e-05,С3,0.696884155273438,2.71185374259949,9.11543273925781,448109.153711279,6198856.73049267,2701.56752698201,17.8150881935042,0,144.154830932617,2191.912109375,1418.29602050781,412.796630859375,0.619450867176056,0.000185908109415323,-3.08676314353943,9.11543273925781,15.4396362304688,23.0767059326172,2.28938763599979,4.522303498672,5.18157086236444
"MULTIPOINT ((447246.911688141 6203763.21931415))",250,п1д,с.с.,морена,162.96745300293,2.09134912490845,0.190881863236427,0.000130465225083753,4.56569614470936e-05,С2,0.274948120117188,1.24086129665375,5.13897705078125,447246.911688141,6203763.21931415,6.53169434242375,11.7901671245666,133.685104370117,904.851501464844,91.1715240478516,1846.08264160156,193.404006958008,0.244400024414062,1.41401171684265,0.26735046505928,5.13897705078125,11.9683227539062,16.9312744140625,1.50640940369929,2.83850248911053,3.35053774390187
"MULTIPOINT ((448258.936522929 6198848.66145714))",251,пд пов огл,с.с.,фг,141.22248840332,3.48055386543274,72.5076065063477,0.000187614175956696,-4.9159240006702e-05,С2,0.217269897460938,3.44036388397217,8.91426086425781,448258.936522929,6198848.66145714,73.9617004892747,14.2170481426934,39.9996719360352,64.4680023193359,2134.27075195312,1419.76037597656,451.276000976562,0.193130493164062,-1.22634482383728,-5.86495065689087,8.91426086425781,16.3662109375,23.0767059326172,2.53694826740413,4.57609717281581,5.35343700592243
"MULTIPOINT ((447396.809722684 6203768.74916407))",252,п2д,с.с.,морена,156.948043823242,1.26038599014282,320.399047851562,-0.000158166847540997,-0.000211524762562476,С2,-0.576431274414062,1.59454536437988,4.20802307128906,447396.809722684,6203768.74916407,42.5853605161553,13.6650112887846,44.7209930419922,911.715209960938,91.1715240478516,2035.59692382812,288.309661865234,-0.512393534183502,-2.22489333152771,-5.85825252532959,4.20802307128906,9.39755249023438,16.9312744140625,0.973910146612818,2.02218077596343,2.91851883843508
"MULTIPOINT ((448582.7092528 6199281.87182104))",253,п2д огл,с.с.,фг,150.935607910156,0.657301843166351,241.586334228516,0.000185644312296063,0.000322206877171993,С3,0.791610717773438,1.37877857685089,2.27403259277344,448582.7092528,6199281.87182104,2.17581112738255,10.4541389912831,104.994384765625,232.442687988281,1592.2421875,1041.51245117188,720.774169921875,0.703647196292877,2.87114357948303,1.81998956203461,2.27403259277344,14.28759765625,27.0966339111328,0.478544364669491,2.78526200567024,5.96343177838914
"MULTIPOINT ((447546.707757227 6203774.27901399))",254,п2д,с.с.,морена,158.104827880859,1.89780795574188,237.386596679688,-5.73108918615617e-05,0.000182638774276711,В4,0.195327758789062,2.53976678848267,5.93568420410156,447546.707757227,6203774.27901399,13.0937748411285,12.485637658721,27.9997711181641,938.668273925781,144.154830932617,2162.32250976562,182.343048095703,0.173634842038155,-1.59386920928955,-4.6673731803894,5.93568420410156,11.0501251220703,15.3796844482422,1.37226584076439,2.61523991634416,3.05962769680654
"MULTIPOINT ((448732.492064449 6199273.80278552))",255,п2д огл,с.с.,фг,147.816589355469,3.40213751792908,287.833648681641,0.00011625044135144,0.000516550266183913,С3,0.988632202148438,3.7244713306427,8.59286499023438,448732.492064449,6199273.80278552,18.4505580968442,13.0953547854332,69.8564224243164,128.936004638672,1611.70007324219,1153.23864746094,840.559875488281,0.878787577152252,1.89706265926361,-0.878941833972931,8.59286499023438,17.4839172363281,26.9766998291016,2.65190055411288,4.71712872190585,6.05522401871601
"MULTIPOINT ((447696.60579177 6203779.80886391))",256,п2д,с.с.,морена,161.173126220703,2.44977855682373,205.058013916016,7.5881696830038e-05,-0.000252236350206658,С2,-0.27490234375,1.61825704574585,7.18716430664062,447696.60579177,6203779.80886391,87.8208530730289,14.3887997233933,119.9990234375,981.947387695312,232.442687988281,2264.65380859375,64.4680023193359,-0.244349166750908,-0.957203149795532,-1.93242514133453,7.18716430664062,13.2294921875,14.9190521240234,1.78494547581991,3.35648890297704,3.30247351707946
"MULTIPOINT ((448882.274876099 6199265.73375))",257,пд пов огл,с.с.,фг,139.090576171875,4.89228630065918,259.987701416016,-0.000325014436384663,-0.00113199604675174,С3,-2.28285217285156,7.19546556472778,13.7126007080078,448882.274876099,6199265.73375,114.675703843555,14.6556089226148,47.9996070861816,0,1568.57421875,1251.7421875,754.57861328125,-2.02920532226562,-6.87521886825562,-9.5295991897583,13.7126007080078,20.4522247314453,29.2325286865234,3.66973745461042,5.25617014517549,6.20243979224628
"MULTIPOINT ((447846.503826313 6203785.33871383))",258,п2д,с.с.,морена,167.014099121094,0.25180795788765,110.958862304688,6.13266311120242e-05,0.000153382425196469,С2,0.334640502929688,1.16729235649109,0.915771484375,447846.503826313,6203785.33871383,5.3892466964933,4.77864577818354,134.460784912109,1072.96130371094,407.7314453125,2072.02197265625,128.936004638672,0.297458231449127,1.54677188396454,2.98078608512878,0.915771484375,8.87185668945312,14.9190521240234,0.22528580512409,1.49144449009746,2.98440602696719
"MULTIPOINT ((449032.057687749 6199257.66471447))",259,пд пов огл,с.с.,фг,143.115097045898,5.00958156585693,271.385559082031,0.000107067673525307,0.000172360916621983,С3,0.438461303710938,5.74243497848511,11.6795654296875,449032.057687749,6199257.66471447,1.38247382794027,9.69026268052226,47.9996070861816,64.4680023193359,1552.59509277344,1251.7421875,720.774169921875,0.389743387699127,-2.14812135696411,-5.44821166992188,11.6795654296875,21.9474029541016,29.2325286865234,3.7033485121237,6.00035361384665,6.00496717109951
"MULTIPOINT ((447996.401860856 6203790.86856375))",260,п2д,с.с.,морена,165.273818969727,0.535079300403595,97.9274673461914,-0.000260213884757832,-0.000386270839953795,С2,-1.00765991210938,3.15972971916199,2.12417602539062,447996.401860856,6203790.86856375,43.2488095271957,13.6804704520422,53.6651916503906,1199.17419433594,550.814819335938,1951.15576171875,203.86572265625,-0.895697712898254,-0.91207355260849,0.698643505573273,2.12417602539062,5.22079467773438,13.5106048583984,0.498487233222665,0.960752025929368,2.05968792796122
"MULTIPOINT ((449181.840499399 6199249.59567895))",261,пд пов огл,с.с.,фг,137.621383666992,4.04212951660156,310.005889892578,-0.00174270372372121,-0.000257322826655582,,-3.13851928710938,9.58634376525879,15.2559661865234,449181.840499399,6199249.59567895,600663.325069508,23.2192906097454,0,0,1547.23205566406,1142.37585449219,709.148010253906,-2.78979325294495,-7.14229869842529,-10.5399951934814,15.2559661865234,23.6775970458984,29.2325286865234,4.43887995212514,6.04896375643065,5.84542152837913
"MULTIPOINT ((448146.299895399 6203796.39841367))",262,п2д,с.с.,морена,165.894973754883,0.371486693620682,49.0738945007324,-0.000156378198880702,-2.53644848271506e-05,С2,-0.283279418945312,1.29085397720337,1.75529479980469,448146.299895399,6203796.39841367,39.4391633149832,13.5882600598121,58.2404022216797,1279.6533203125,583.782592773438,1823.43041992188,328.723602294922,-0.251797139644623,-0.13116517663002,1.06210851669312,1.75529479980469,5.22079467773438,8.87185668945312,0.162708863155436,0.886180119298426,1.61824527581584
"MULTIPOINT ((449331.623311048 6199241.52664343))",263,пд пов огл,с.с.,фг,132.238143920898,3.22040605545044,129.093170166016,-0.00250480766408145,-0.00158626248594373,С2,-6.39862060546875,16.7545490264893,14.0164642333984,449331.623311048,6199241.52664343,1.74939414209955,10.4727702679041,14.4220876693726,0,1419.76037597656,958.3857421875,594.365600585938,-5.68765592575073,-11.2822580337524,-14.8617315292358,14.0164642333984,21.6292877197266,27.2579345703125,3.97366663771684,5.55563234929812,5.35923922314458
"MULTIPOINT ((445153.869054459 6203535.90338072))",264,п3д огл,с.с.,далл,156.178726196289,1.10126376152039,282.513488769531,0.000147495622513816,-0.000543922709766775,В4,-0.617889404296875,2.81514716148376,4.57829284667969,445153.869054459,6203535.90338072,8223.2574543941,18.9282224379659,0,0,128.936004638672,594.365600585938,0,-0.549228250980377,-2.08477473258972,-3.88969159126282,4.57829284667969,13.3733520507812,19.7078857421875,1.63468982620503,2.36578209883484,4.18998961750752
"MULTIPOINT ((449481.406122698 6199233.4576079))",265,т1п пов огл,с.с.,морена,142.101806640625,4.71105241775513,128.884948730469,-0.000229426397709176,-0.000376208656234667,,-0.949554443359375,5.64966869354248,11.2919464111328,449481.406122698,6199233.4576079,24.8331289355278,13.1256793503253,42.5202369689941,0,1290.970703125,838.084045410156,469.334136962891,-0.844044983386993,-2.16212964057922,-4.48331832885742,11.2919464111328,19.1868591308594,25.6602935791016,4.4943136840737,5.93199695551762,4.97152576946469
"MULTIPOINT ((445303.767089002 6203541.43323064))",266,п3д огл,с.с.,далл,159.330627441406,1.41080439090729,158.214996337891,0.000282885797787458,0.000189551166840829,С2,0.736801147460938,2.48463797569275,3.72100830078125,445303.767089002,6203541.43323064,38.0907884971322,13.5534732255982,88.0901412963867,128.936004638672,182.343048095703,580.212036132812,128.936004638672,0.654941141605377,1.81766676902771,0.317218750715256,3.72100830078125,12.34814453125,19.7078857421875,1.1459078863953,2.15568581843682,3.78754582859097
"MULTIPOINT ((449631.188934348 6199225.38857238))",267,т1п пов огл,с.с.,морена,150.108703613281,1.31065952777863,173.80290222168,0.000820548855699599,0.000584672670811415,С2,2.19134521484375,4.5541467666626,7.72554016113281,449631.188934348,6199225.38857238,7.53763166240403,11.9334087739756,132.482879638672,128.936004638672,1162.21337890625,720.774169921875,347.170806884766,1.94787085056305,4.94136333465576,3.68638348579407,7.72554016113281,14.9356842041016,25.2574768066406,1.01893233649649,4.05848517225184,4.69503354585919
"MULTIPOINT ((445453.665123545 6203546.96308056))",268,п3д огл,с.с.,далл,158.631912231445,2.40059781074524,39.3465805053711,0.000405161204980686,3.93730806536041e-05,С2,0.694549560546875,2.46791696548462,6.76589965820312,445453.665123545,6203546.96308056,38.7637366624198,4.93758284816562,147.565734863281,257.872009277344,193.404006958008,580.212036132812,257.872009277344,0.617377400398254,1.55222988128662,0.0867659524083138,6.76589965820312,11.3673095703125,18.1341857910156,1.91013523858651,2.97721526753349,3.64529299464792
"MULTIPOINT ((449780.971745998 6199217.31953686))",269,пд пов огл,с.с.,фг,144.159240722656,2.73813414573669,331.457092285156,-0.000465967488707975,-0.000203889299882576,,-1.04685974121094,4.47661399841309,7.61344909667969,449780.971745998,6199217.31953686,27.8597516952486,6.05754531387625,63.9994773864746,288.309661865234,969.166625976562,554.57470703125,182.343048095703,-0.930545389652252,-2.29156374931335,-2.0525369644165,7.61344909667969,10.3079986572266,27.7323913574219,2.19499978995013,2.62284019786674,4.20658135972318
"MULTIPOINT ((445603.563158088 6203552.49293048))",270,п3д огл,с.с.,далл,152.486785888672,1.18783473968506,70.6794967651367,-0.000131954730022699,-0.00039283957448788,В4,-0.818191528320312,2.45463252067566,4.17591857910156,445603.563158088,6203552.49293048,81.0083727442413,14.1032659840023,43.0809669494629,451.276000976562,0,611.59716796875,347.170806884766,-0.727274596691132,-4.43862342834473,-6.53301239013672,4.17591857910156,11.7657928466797,15.2624969482422,0.86949211615844,3.20852583246454,3.92047776627606
"MULTIPOINT ((449930.754557648 6199209.25050133))",271,пд пов огл,с.с.,фг,143.329559326172,1.90653562545776,199.382339477539,-0.000569936411920935,-0.000285829359199852,,-1.33547973632812,2.71593236923218,6.85813903808594,449930.754557648,6199209.25050133,247.90854447305,15.4265606502916,20.3959121704102,407.7314453125,847.944213867188,503.511199951172,144.154830932617,-1.18709313869476,-4.08407878875732,-3.03797388076782,6.85813903808594,11.4278717041016,31.488166809082,1.4806705056498,2.93487106625689,3.02263120792141
"MULTIPOINT ((445753.461192631 6203558.0227804))",272,п2д огл,л.с.,далл,157.283813476562,3.96039342880249,158.459899902344,0.000272591132670641,-0.000302590633509681,С2,-0.0448150634765625,4.11726808547974,10.2891693115234,445753.461192631,6203558.0227804,125.801977749271,14.5434225329791,87.9992828369141,576.619323730469,128.936004638672,663.738708496094,322.340026855469,-0.0398457832634449,-0.809327721595764,-2.77311658859253,10.2891693115234,11.7847595214844,14.5992126464844,3.15396768400206,3.87605904969759,4.17927641680041
"MULTIPOINT ((450080.537369298 6199201.18146581))",273,пд пов огл,с.с.,фг,148.833282470703,2.08460879325867,190.076278686523,0.000189698053873144,-0.000336905679432675,С2,-0.22918701171875,2.79009628295898,7.17091369628906,450080.537369298,6199201.18146581,37.8830709899675,13.5480050809985,107.702415466309,375.909820556641,720.774169921875,412.796630859375,64.4680023193359,-0.203725174069405,0.125793769955635,3.20175647735596,7.17091369628906,11.4278717041016,28.9973831176758,1.63031012597326,2.85271741053083,3.93578357575387
"MULTIPOINT ((445903.359227174 6203563.55263032))",274,п2д огл,л.с.,далл,161.654769897461,0.883667528629303,107.090675354004,0.000124218320706859,2.08903747989098e-05,С2,0.226242065429688,2.43003153800964,2.2723388671875,445903.359227174,6203563.55263032,101.570844132055,14.5342572711831,59.99951171875,685.304260253906,232.442687988281,735.04833984375,322.340026855469,0.201095581054688,0.905794084072113,0.664330244064331,2.2723388671875,13.0852203369141,14.5992126464844,0.705410554799512,2.70603796205082,4.19898530461022
"MULTIPOINT ((450230.320180947 6199193.11243029))",275,пд пов огл,с.с.,фг,149.70622253418,1.01394748687744,35.9886779785156,-3.25466899084859e-05,0.000160050200065598,С2,0.19873046875,0.776164174079895,3.17704772949219,450230.320180947,6199193.11243029,65.46877843082,14.0950741082478,190.030014038086,288.309661865234,531.616760253906,322.340026855469,0,0.176654398441315,1.04371583461761,5.83092498779297,3.17704772949219,16.6837005615234,28.0785446166992,0.717701440989087,1.78785183728184,6.74099176312128
"MULTIPOINT ((446053.257261717 6203569.08248024))",276,п2д,с.с.,морена,164.598678588867,0.439232349395752,181.143478393555,0.000260357744991779,5.03258124808781e-05,С2,0.4842529296875,0.983362853527069,1.82601928710938,446053.257261717,6203569.08248024,7.21333377879162,11.8894319714909,127.309608459473,820.543762207031,407.7314453125,867.328247070312,375.909820556641,0.430448740720749,0.998052775859833,2.75230121612549,1.82601928710938,6.7554931640625,14.5992126464844,0.34260216403512,1.26779866965908,3.0702889118873
"MULTIPOINT ((450380.102992597 6199185.04339476))",277,пд пов огл,с.с.,фг,148.688888549805,0.476312190294266,318.513336181641,0.000203431860427372,0.000129931140691042,С2,0.519607543945312,2.08812546730042,1.70736694335938,450380.102992597,6199185.04339476,2.40827790321398,10.7924126735249,153.881820678711,232.442687988281,407.7314453125,232.442687988281,91.1715240478516,0.461869984865189,2.50349640846252,5.98031997680664,1.70736694335938,22.7421569824219,28.0785446166992,0.505705224432374,2.45140566353419,8.05358847831622
"MULTIPOINT ((446203.15529626 6203574.61233016))",278,п2д,с.с.,морена,163.837326049805,0.114876948297024,312.426055908203,-0.000128688014228828,-0.000209649617318064,С3,-0.527313232421875,1.36617338657379,0.883865356445312,446203.15529626,6203574.61233016,60.5721596021452,14.017336119433,23.9998035430908,916.262451171875,531.616760253906,967.02001953125,455.857604980469,-0.468727946281433,-0.487918466329575,1.36816573143005,0.883865356445312,4.76376342773438,10.8390655517578,0.18995664442272,0.648684240041126,2.12826553827027
"MULTIPOINT ((450529.885804247 6199176.97435924))",279,пд пов огл,с.с.,фг,146.560638427734,2.206955909729,32.847599029541,0.000554241938516498,5.85820089327171e-05,С2,0.957107543945312,1.32132589817047,7.43672180175781,450529.885804247,6199176.97435924,51.6415144339817,13.8578266367361,157.275543212891,182.343048095703,288.309661865234,193.404006958008,128.936004638672,0.850765645503998,4.21905851364136,5.17364645004272,7.43672180175781,22.3994979858398,28.0785446166992,1.59452456666699,5.26819905180982,8.10720356378502
"MULTIPOINT ((446353.053330803 6203580.14218008))",280,п2д,с.с.,морена,165.009750366211,0.207652777433395,258.040618896484,0.000202362585696392,0.000195178159628995,С2,0.619598388671875,1.62945795059204,1.10079956054688,446353.053330803,6203580.14218008,8.22598016777875,12.020798203312,123.54655456543,1019.32861328125,657.447204589844,1072.96130371094,490.973693847656,0.550752401351929,1.47543239593506,2.0346519947052,1.10079956054688,7.43754577636719,12.3537292480469,0.287344556132405,1.39548297837491,2.01084480164449
"MULTIPOINT ((450679.668615897 6199168.90532371))",281,пд пов огл,с.с.,фг,136.944549560547,4.83219289779663,57.9778671264648,0.000315305136609823,-0.00062548543792218,С2,-0.48162841796875,4.85783815383911,14.3286285400391,450679.668615897,6199168.90532371,42.2217676605307,13.9231960756441,123.998985290527,64.4680023193359,144.154830932617,64.4680023193359,0,-0.428117543458939,-0.201327428221703,-2.08547282218933,14.3286285400391,20.7382583618164,26.2108840942383,3.64965130388033,6.18014095645062,7.11699536546376
"MULTIPOINT ((446502.951365346 6203585.67203001))",282,п2д,с.с.,морена,158.882278442383,1.94677114486694,345.055114746094,-0.000661881582345814,-0.000208557044970803,В5,-1.35859680175781,4.04670286178589,5.556396484375,446502.951365346,6203585.67203001,106.757112599086,14.5840570228779,44.7209930419922,1049.46301269531,776.297546386719,1240.06677246094,375.909820556641,-1.20764493942261,-3.7426393032074,-4.59345674514771,5.556396484375,10.2841796875,13.4643707275391,1.70803896150382,2.37713045941584,2.08578559278224
"MULTIPOINT ((447675.943347377 6199180.50322254))",283,п2д,т.с.,морена,139.281280517578,0.866259634494781,66.1090087890625,9.81960256467573e-05,-0.00103002053219825,С2,-1.45242309570312,5.12614870071411,5.22454833984375,447675.943347377,6199180.50322254,38767.6170622038,20.478841309756,0,0,2190.01513671875,1162.21337890625,64.4680023193359,-1.29104781150818,-4.68549489974976,-8.94812393188477,5.22454833984375,15.7473449707031,25.9174194335938,1.77159121162291,2.9297176836835,5.505144011359
"MULTIPOINT ((446652.849399889 6203591.20187992))",284,п2д,с.с.,морена,163.622680664062,3.52223205566406,199.967880249023,0.000637013697996736,-3.54599796992261e-05,С2,0.943084716796875,6.06550884246826,10.2841796875,446652.849399889,6203591.20187992,27.2023602879387,13.2168044892549,92.7785491943359,958.3857421875,647.895385742188,1355.36218261719,322.340026855469,0.838307678699493,1.30768692493439,-0.0592287853360176,10.2841796875,10.2841796875,14.9708862304688,2.64885660517852,2.65787522517653,2.3998292171768
"MULTIPOINT ((447825.726159027 6199172.43418701))",285,п2д огл,с.с.,фг,138.627990722656,0.798010289669037,298.441772460938,-0.000655564595945179,-0.000887455360498279,С4,-2.40530395507812,6.29889297485352,5.42254638671875,447825.726159027,6199172.43418701,603706.667023907,23.2243444527537,0,64.4680023193359,2104.85791015625,1125.88525390625,0,-2.13805294036865,-5.45376300811768,-9.14888763427734,5.42254638671875,14.5818176269531,24.6841583251953,1.381759489243,3.19255205607591,5.32493166793574
"MULTIPOINT ((446802.747434432 6203596.73172985))",286,п2д,с.с.,морена,163.433059692383,2.75871396064758,359.314056396484,-8.9428314822726e-05,5.49779215361923e-05,С2,-0.0540924072265625,4.37571477890015,7.56300354003906,446802.747434432,6203596.73172985,11.5757958119132,7.03804146134934,64.1243515014648,929.770751953125,515.744018554688,1448.73815917969,203.86572265625,-0.0480702705681324,0.568448126316071,-0.0725042074918747,7.56300354003906,13.4643707275391,15.8519897460938,2.39968203928744,2.13013543717904,2.53242726264264
"MULTIPOINT ((447975.508970677 6199164.36515149))",287,п2д огл,с.с.,фг,144.003021240234,3.43355822563171,285.853515625,-0.000141013355460018,0.000205117365112528,С2,0.0992889404296875,3.81856727600098,10.0400085449219,447975.508970677,6199164.36515149,23.2947171076623,13.0617273457129,63.9994773864746,64.4680023193359,1985.9912109375,1097.8505859375,193.404006958008,0.0882636159658432,-0.32497826218605,-3.15034365653992,10.0400085449219,17.4629821777344,22.5903015136719,2.42741495309404,4.34777333607584,5.21401416307245
"MULTIPOINT ((448125.291782327 6199156.29611597))",288,п2д огл,с.с.,фг,143.385818481445,3.1222403049469,249.249786376953,0.000379042845452204,-0.000500493915751576,С2,-0.187820434570312,3.02791738510132,8.45315551757812,448125.291782327,6199156.29611597,480.239811113757,16.087786330053,23.9998035430908,91.1715240478516,1913.51635742188,1095.9560546875,322.340026855469,-0.166941329836845,-1.5378006696701,-3.80249214172363,8.45315551757812,17.4629821777344,23.4111022949219,2.79704511090503,4.45229413577283,5.3658897465359
"MULTIPOINT ((446780.628034751 6204196.32386802))",289,п2д,с.с.,морена,164.612762451172,1.60597896575928,218.94953918457,-8.70126896188594e-05,-0.000126346829347312,С2,-0.332763671875,3.10266637802124,4.70185852050781,446780.628034751,6204196.32386802,41.3420380706334,13.6353805976731,83.9993133544922,1441.54833984375,386.808013916016,1355.36218261719,193.404006958008,-0.295795023441315,0.532902956008911,0.686848402023315,4.70185852050781,13.479248046875,14.2295227050781,1.27145723027525,2.96793973330544,3.27870708292253
"MULTIPOINT ((446630.730000208 6204190.7940181))",290,п2д,с.с.,морена,160.610275268555,2.03814697265625,137.757461547852,0.000387879030313343,-0.000599555321969092,С2,-0.329360961914062,4.38271045684814,8.78620910644531,446630.730000208,6204190.7940181,11.9729058738662,12.3961469975968,7.99993467330933,1388.68322753906,515.744018554688,1226.58740234375,193.404006958008,-0.292756825685501,-1.48230040073395,-3.20144820213318,8.78620910644531,12.5441284179688,14.0752258300781,1.82983716337145,3.45240335740084,3.31834388350755
"MULTIPOINT ((446930.526069294 6204201.85371794))",291,п2д,с.с.,морена,166.673721313477,0.850753605365753,229.639343261719,-3.96967843698803e-05,-8.19605047581717e-05,С2,-0.189651489257812,1.41091763973236,2.75079345703125,446930.526069294,6204201.85371794,49.0411485567617,13.8061604565945,132.965072631836,1408.00244140625,257.872009277344,1484.16479492188,64.4680023193359,-0.168572321534157,0.69422447681427,2.76590061187744,2.75079345703125,6.02578735351562,14.2295227050781,0.603950414316528,1.26129618727017,3.1663195809891
"MULTIPOINT ((447080.424103837 6204207.38356786))",292,п2д,с.с.,морена,165.761383056641,2.5313024520874,324.336273193359,0.000382664817152545,-8.42044319142587e-05,С3,0.466781616210938,1.89053082466125,7.78416442871094,447080.424103837,6204207.38356786,28.0956374064727,13.249115056274,163.998657226562,1367.57287597656,64.4680023193359,1677.40734863281,128.936004638672,0.414922088384628,1.28142559528351,1.88680326938629,7.78416442871094,11.7289581298828,12.4361572265625,1.86919781809136,3.18722724026538,2.79201058425333
"MULTIPOINT ((448250.867487406 6198698.87864549))",293,т1п пов огл,с.с.,морена,146.994979858398,2.2811393737793,92.3641204833984,-5.23132875969168e-05,-0.000137243041535839,С2,-0.295791625976562,1.84433126449585,5.57237243652344,448250.867487406,6198698.87864549,11.7182403178734,12.3746473737759,111.426200866699,193.404006958008,2251.7705078125,1548.57458496094,322.340026855469,-0.262930989265442,0.76459676027298,-1.20660364627838,5.57237243652344,18.7548217773438,25.7544250488281,1.76834538523026,4.15651372098385,5.83507858036558
"MULTIPOINT ((447951.301864106 6198715.01671654))",294,пд пов огл,с.с.,фг,147.889129638672,1.19710528850555,352.646545410156,-2.82110650005052e-05,6.64121253066696e-05,С2,0.059539794921875,1.76548659801483,3.76795959472656,447951.301864106,6198715.01671654,2.81236472151632,10.542050669368,75.999382019043,364.686096191406,2399.21459960938,1552.59509277344,322.340026855469,0.05291748046875,-0.991721332073212,-1.04106163978577,3.76795959472656,14.2131195068359,24.8278503417969,0.773817794113194,1.8359130115046,5.43688726948106
"MULTIPOINT ((447230.32213838 6204212.91341778))",295,п2д,с.с.,морена,161.071014404297,2.25641870498657,282.771240234375,-9.18193982215598e-05,-0.00049574626609683,С3,-0.91668701171875,2.66275525093079,6.68360900878906,447230.32213838,6204212.91341778,108.745045810319,14.6025068575898,23.9998035430908,1355.36218261719,64.4680023193359,1806.2548828125,193.404006958008,-0.81483119726181,-2.08037757873535,-2.87538075447083,6.68360900878906,11.7289581298828,12.4361572265625,1.81464266842841,3.03108993125727,2.87894503235268
"MULTIPOINT ((448400.650299055 6198690.80960997))",296,т1п пов огл,с.с.,морена,146.880630493164,3.19011664390564,25.4332447052002,-3.42848506988958e-05,-9.05672859516926e-05,С2,-0.195068359375,5.96554470062256,10.0582427978516,448400.650299055,6198690.80960997,63.14431146372,14.0589235094139,23.9998035430908,257.872009277344,2263.73608398438,1623.26293945312,257.872009277344,-0.173383921384811,-2.0712628364563,-2.45155453681946,10.0582427978516,16.7338256835938,27.4192047119141,2.32916315598288,3.68635887103594,6.08354595705022
"MULTIPOINT ((448101.084675756 6198706.94768102))",297,т1п пов огл,с.с.,морена,147.806015014648,1.26839590072632,82.5791702270508,5.94354314671364e-05,0.000125929145724513,С2,0.289016723632812,1.09720277786255,4.66519165039062,448101.084675756,6198706.94768102,34.8622811967675,14.1580215009433,63.9994773864746,232.442687988281,2306.47729492188,1547.23205566406,322.340026855469,0.256903767585754,0.796023905277252,-0.446793347597122,4.66519165039062,18.7548217773438,25.7544250488281,0.997869868221659,3.0754416099822,5.60597588642665
"MULTIPOINT ((447380.220172923 6204218.4432677))",298,п2д,с.с.,морена,162.845657348633,1.4795994758606,229.297973632812,0.000224057017476298,-0.000153027416672558,С3,0.110977172851562,1.32384824752808,4.89869689941406,447380.220172923,6204218.4432677,26.5095840600532,13.1910070746774,83.2339324951172,1355.36218261719,64.4680023193359,1935.1142578125,193.404006958008,0.0986429825425148,0.528127551078796,-0.889673888683319,4.89869689941406,9.50123596191406,12.4361572265625,1.0071300120141,2.13899048532131,2.70437168486211
"MULTIPOINT ((448550.433110705 6198682.74057445))",299,пд пов огл,с.с.,фг,147.028625488281,3.75846648216248,166.108795166016,-0.000115484966954682,-0.000316244724672288,С2,-0.675094604492188,5.56792545318604,9.27279663085938,448550.433110705,6198682.74057445,20.3922828634338,3.83263067699436,110.344017028809,288.309661865234,2222.97802734375,1643.61804199219,265.808380126953,-0.600090861320496,-2.92829418182373,-2.63097739219666,9.27279663085938,15.7728118896484,27.4192047119141,2.85348765981602,3.26374598722602,5.76765737547549
"MULTIPOINT ((447530.118207466 6204223.97311762))",300,п2д,с.с.,морена,163.405944824219,0.379521727561951,261.097198486328,-9.53870039666072e-06,-5.29868484591134e-05,В3,-0.097442626953125,0.935920596122742,1.41960144042969,447530.118207466,6204223.97311762,26.1422966517139,13.1770553084302,132.059509277344,1378.16845703125,203.86572265625,1999.54760742188,182.343048095703,-0.0866241455078125,0.358816355466843,0.301384419202805,1.41960144042969,5.35313415527344,12.4361572265625,0.24371758877476,0.503151409033718,2.02729724644077
"MULTIPOINT ((448700.215922355 6198674.67153892))",301,пд пов огл,с.с.,фг,152.468124389648,0.599850475788116,338.305328369141,0.000195238753804006,-7.04289195709862e-05,С2,0.194564819335938,1.2379959821701,2.17300415039062,448700.215922355,6198674.67153892,21.0029400723017,12.7533758988258,100.238899230957,347.170806884766,2161.36108398438,1692.20837402344,322.340026855469,0.172948196530342,0.927452564239502,2.15465307235718,2.17300415039062,8.50381469726562,27.4192047119141,0.417723575659877,1.42533521225159,4.84917036543572
"MULTIPOINT ((447680.016242009 6204229.50296754))",302,п2д,с.с.,морена,163.380783081055,0.198147311806679,318.584075927734,-1.51669364640838e-05,4.12827394029591e-05,С2,0.0406951904296875,0.456313937902451,0.736038208007812,447680.016242009,6204229.50296754,10.2253897092863,12.2383745590061,60.9256896972656,1408.00244140625,328.723602294922,1999.54760742188,128.936004638672,0.0361802838742733,0.149294480681419,0.501122057437897,0.736038208007812,2.71707153320312,11.9110107421875,0.182680715740817,0.375085804610854,1.70031060627371
"MULTIPOINT ((448849.998734005 6198666.6025034))",303,п1д огл,с.с.,фг,151.147811889648,0.95794814825058,345.212982177734,0.000274372461717576,-4.98554982186761e-05,С2,0.350082397460938,1.89075946807861,3.53431701660156,448849.998734005,6198666.6025034,11.7802954971347,12.3799290069811,31.240743637085,412.796630859375,2038.6572265625,1681.11975097656,322.340026855469,0.311191141605377,-0.106615029275417,0.255753248929977,3.53431701660156,9.62760925292969,26.6456298828125,1.08208123357606,1.80331912044738,3.84546883055913
"MULTIPOINT ((447829.914276552 6204235.03281746))",304,п2д,с.с.,морена,163.023803710938,0.296296834945679,47.8799743652344,5.67882307223044e-05,-6.16750694462098e-05,С2,-0.00762939453125,0.968159198760986,1.1116943359375,447829.914276552,6204235.03281746,10509.8205186307,19.1735661309513,0,1448.73815917969,455.857604980469,2007.84448242188,0,-0.00676812045276165,-0.151958540081978,0.0837636962532997,1.1116943359375,4.22224426269531,10.7035369873047,0.256874699731637,0.677660133749451,1.60681678177551
"MULTIPOINT ((448999.781545655 6198658.53346788))",305,п1д огл,с.с.,фг,146.407119750977,1.15036368370056,80.4589080810547,-0.000563722860533744,-0.00111006165388972,В4,-2.60955810546875,6.26343393325806,4.84516906738281,448999.781545655,6198658.53346788,5012.16801756828,19.1262398626991,0,469.334136962891,1916.771484375,1573.86450195312,232.442687988281,-2.31961059570312,-4.43017435073853,-5.60842847824097,4.84516906738281,10.9773864746094,26.1593170166016,1.17788435779652,2.38506299547255,3.28140570562263
"MULTIPOINT ((447979.812311095 6204240.56266738))",306,п2д,с.с.,морена,163.797637939453,1.22428834438324,64.0277481079102,0.000413020752603188,7.43015043553896e-05,С2,0.759994506835938,2.6420202255249,3.40895080566406,447979.812311095,6204240.56266738,2.7457447339072,4.49978116006034,74.7255554199219,1585.70324707031,657.447204589844,1972.34155273438,0,0.675542175769806,1.14692223072052,0.922835528850555,3.40895080566406,7.47438049316406,8.248046875,1.19178563828955,1.46739051529849,1.84074616996119
"MULTIPOINT ((449149.564357304 6198650.46443235))",307,п1д огл,с.с.,фг,153.417434692383,2.34504818916321,127.482200622559,0.000256351981079206,2.6108335077879e-05,С2,0.441268920898438,1.18399882316589,7.53338623046875,449149.564357304,6198650.46443235,87.6234413831834,14.3865493022693,148.807388305664,519.757629394531,1735.85400390625,1419.76037597656,128.936004638672,0.392239034175873,0.954527258872986,0.280618816614151,7.53338623046875,13.1338348388672,22.1138153076172,1.65416727846494,3.63379132549084,3.68540828227877
"MULTIPOINT ((446186.565746499 6204024.30643379))",308,п2д,с.с.,морена,165.900741577148,1.31518936157227,67.6904830932617,0.000722809927538037,0.000328357768012211,С2,1.63932800292969,4.16308689117432,5.7158203125,446186.565746499,6204024.30643379,2.51714514400282,10.4311716512987,150.570999145508,1125.88525390625,608.189880371094,784.287109375,182.343048095703,1.45717871189117,3.42115473747253,4.70167684555054,5.7158203125,9.58247375488281,14.1358184814453,0.918411983387091,2.46151712690806,2.80637666821431
"MULTIPOINT ((449299.347168954 6198642.39539683))",309,п1д огл,с.с.,фг,156.564056396484,1.58577907085419,135.8037109375,0.00034263645648025,7.99203189671971e-05,С2,0.65924072265625,1.19293570518494,4.99322509765625,449299.347168954,6198642.39539683,28.990641500603,13.2804738154555,207.998306274414,550.814819335938,1616.84924316406,1322.77282714844,182.343048095703,0.585990071296692,1.80131995677948,3.2334930896759,4.99322509765625,14.2159576416016,22.9171752929688,1.1671348476838,2.61475639450342,3.81546934692411
"MULTIPOINT ((446336.463781042 6204029.83628371))",310,п2д,с.с.,морена,161.827301025391,3.2077043056488,40.8471260070801,0.000199319169041701,0.000396892952267081,С2,0.931671142578125,6.18637180328369,8.97073364257812,446336.463781042,6204029.83628371,43.6502062835966,13.6897087525559,23.9998035430908,1245.08386230469,720.774169921875,911.715209960938,91.1715240478516,0.828145325183868,-0.75618040561676,-0.190037906169891,8.97073364257812,10.2061157226562,15.0949859619141,2.59508968964079,2.97342880069757,2.71267378802147
"MULTIPOINT ((449449.129980604 6198634.32636131))",311,п1д огл,с.с.,фг,158.082244873047,0.711900949478149,140.9921875,0.00013483504881151,5.42877933185082e-05,С2,0.294815063476562,0.895382344722748,2.47967529296875,449449.129980604,6198634.32636131,35.9093315227403,13.2897106601726,199.99836730957,580.212036132812,1499.48754882812,1231.65942382812,288.309661865234,0.262056142091751,1.92555642127991,4.28649854660034,2.47967529296875,9.08863830566406,27.9688720703125,0.57160838995267,1.38698416024034,4.15943234495552
"MULTIPOINT ((446486.361815585 6204035.36613363))",312,п2д,с.с.,морена,160.027252197266,3.15697765350342,167.390274047852,-0.000458663533208892,-0.000541089102625847,С2,-1.56272888183594,7.2894082069397,10.2061157226562,446486.361815585,6204035.36613363,23.768218198228,13.3486094847069,124.578277587891,1366.05249023438,709.148010253906,1039.51525878906,64.4680023193359,-1.38907873630524,-2.08672189712524,-2.79927706718445,10.2061157226562,10.2061157226562,12.9263458251953,2.23290974154657,2.74387243764808,2.75430853793381
"MULTIPOINT ((449598.912792254 6198626.25732578))",313,п1д огл,с.с.,фг,157.538284301758,1.19260931015015,66.2599182128906,0.000351366907125339,-0.00020293376292102,С2,0.23162841796875,1.08724248409271,4.82771301269531,449598.912792254,6198626.25732578,32.7970793540434,5.41879377256864,191.998428344727,657.447204589844,1305.37756347656,1147.82006835938,257.872009277344,0.20589192211628,0.70080441236496,1.99062156677246,4.82771301269531,11.8003082275391,24.4115905761719,0.763300917266137,2.36971054660796,4.47728191379622
"MULTIPOINT ((446636.259850128 6204040.89598355))",314,п2д,с.с.,морена,161.699966430664,1.15726137161255,66.5376205444336,-0.000107057712739334,-0.000812248268630356,С3,-1.43315124511719,4.75308513641357,4.88734436035156,446636.259850128,6204040.89598355,64.9780836695624,14.0875507831511,15.9998693466187,1327.47741699219,515.744018554688,1231.65942382812,64.4680023193359,-1.27390885353088,-1.63436365127563,-1.69703483581543,4.88734436035156,7.40773010253906,13.5223236083984,1.50650154596993,1.61572076358558,3.16829830658753
"MULTIPOINT ((449748.695603904 6198618.18829026))",315,п1д огл,с.с.,фг,157.85969543457,2.94305181503296,95.0797119140625,0.000553706311620772,5.1391059969319e-05,С2,0.946609497070312,3.43197441101074,7.56034851074219,449748.695603904,6198618.18829026,10.2789928603312,12.2436030288685,92.3464126586914,694.341613769531,1185.22985839844,1072.96130371094,257.872009277344,0.841427266597748,1.43227183818817,2.42361760139465,7.56034851074219,12.5243072509766,24.4115905761719,2.35304247615181,3.51078985062729,5.07527091661931
"MULTIPOINT ((446786.157884671 6204046.42583347))",316,п2д,с.с.,морена,164.073333740234,1.1067054271698,172.395355224609,-0.000108426116639748,2.59138641922618e-06,С2,-0.1650390625,0.905933439731598,3.378662109375,446786.157884671,6204046.42583347,21.820872930817,13.2631271518527,63.9994773864746,1269.87243652344,386.808013916016,1359.95397949219,91.1715240478516,-0.146704778075218,-0.366317451000214,0.780348598957062,3.378662109375,8.04342651367188,13.5223236083984,0.803661227942811,1.81513843848675,3.16442880433773
"MULTIPOINT ((450222.251145424 6199043.32961864))",317,пд пов огл,с.с.,фг,152.505401611328,1.0144944190979,22.6850395202637,0.000233987113460898,0.000182750023668632,С2,0.649734497070312,1.93648147583008,3.1224365234375,450222.251145424,6199043.32961864,5.08904727474348,3.36726543789822,198.593444824219,432.464508056641,634.936218261719,455.857604980469,128.936004638672,0.577531576156616,3.23913335800171,6.02821350097656,3.1224365234375,9.31149291992188,32.7171859741211,0.965217056991296,1.72272721565119,3.12382271084605
"MULTIPOINT ((446936.055919214 6204051.95568339))",318,п2д,с.с.,морена,166.102630615234,0.82958859205246,159.23681640625,-0.000120135533506982,-0.000125870865304023,С2,-0.38348388671875,2.15764665603638,2.33328247070312,446936.055919214,6204051.95568339,22.5428690077589,13.0289195301086,116.618087768555,1284.51574707031,257.872009277344,1484.16479492188,64.4680023193359,-0.340883046388626,0.436439663171768,2.71803379058838,2.33328247070312,6.02578735351562,14.2295227050781,0.612288754969263,1.47552953222309,3.10270679116861
"MULTIPOINT ((450372.033957074 6199035.26058311))",319,пд пов огл,с.с.,фг,146.542404174805,1.02837991714478,315.129821777344,-0.000141605196404271,-0.000324848166201264,С2,-0.7271728515625,2.0404531955719,3.42375183105469,450372.033957074,6199035.26058311,147.103414910344,14.904636586654,53.6651916503906,347.170806884766,464.885375976562,347.170806884766,64.4680023193359,-0.646382629871368,-1.16793918609619,2.17199850082397,3.42375183105469,11.9134368896484,30.5785140991211,1.0343963256738,2.11485074490632,5.98046720952589
"MULTIPOINT ((447085.953953757 6204057.48553331))",320,п2д,с.с.,морена,162.639770507812,3.26845240592957,353.353546142578,0.000125015983940102,-0.000432581553468481,С2,-0.4794921875,2.68954181671143,7.99649047851562,447085.953953757,6204057.48553331,71.7225465350299,14.1863058991559,30.4628448486328,1240.06677246094,64.4680023193359,1677.40734863281,128.936004638672,-0.426223754882812,-1.23768579959869,-0.614348888397217,7.99649047851562,11.7289581298828,15.0542602539062,2.45964167728868,3.78069065148328,2.93386789400183
"MULTIPOINT ((450521.816768723 6199027.19154759))",321,пд пов огл,с.с.,фг,146.961090087891,0.754404246807098,325.953277587891,0.00022972263104748,0.000253188249189407,С2,0.752777099609375,1.64732778072357,2.14511108398438,450521.816768723,6199027.19154759,8.25263024565975,12.0240327116167,11.9999017715454,273.514556884766,364.686096191406,273.514556884766,182.343048095703,0.66912841796875,2.08339238166809,4.11176919937134,2.14511108398438,17.23046875,28.0785446166992,0.707434134111183,1.94913097210861,6.9801089502371
"MULTIPOINT ((447235.8519883 6204063.01538323))",322,п2д,с.с.,морена,156.55908203125,0.96729177236557,304.085662841797,-0.000561360677238554,-0.000665626022964716,В4,-1.912841796875,2.45842528343201,3.94479370117188,447235.8519883,6204063.01538323,185.152471584862,15.134680400791,15.9998693466187,1226.58740234375,0,1806.2548828125,257.872009277344,-1.70030725002289,-5.66780662536621,-6.65057420730591,3.94479370117188,11.7289581298828,15.0542602539062,0.890656392617096,2.62670608834579,3.05066549934892
"MULTIPOINT ((450671.599580373 6199019.12251207))",323,пд пов огл,с.с.,фг,143.078979492188,1.91296148300171,358.480529785156,-6.17280011283583e-06,-7.14390407665633e-05,С3,-0.121047973632812,1.85285604000092,4.61288452148438,450671.599580373,6199019.12251207,25939.8755201092,20.7702164912487,0,182.343048095703,288.309661865234,203.86572265625,144.154830932617,-0.107591420412064,0.817397475242615,2.03293490409851,4.61288452148438,19.0714111328125,27.1025924682617,1.34519188287043,3.31092341939893,7.2552773305033
"MULTIPOINT ((447385.750022843 6204068.54523315))",324,п2д,с.с.,морена,160.055511474609,2.16241383552551,208.907806396484,-2.24852592509706e-05,-6.18154590483755e-05,В3,-0.13153076171875,1.97200095653534,5.79176330566406,447385.750022843,6204068.54523315,260.663298558793,15.7434896969164,59.99951171875,1226.58740234375,0,1935.1142578125,322.340026855469,-0.116916231811047,-1.14968967437744,-3.04855465888977,5.79176330566406,8.65594482421875,15.0542602539062,1.78471761233667,2.18670070595414,2.98510716661112
"MULTIPOINT ((450821.382392023 6199011.05347654))",325,пд пов огл,с.с.,фг,140.419525146484,0.581239640712738,144.195816040039,1.23261288536014e-05,0.000272108212811872,С3,0.443328857421875,4.04811573028564,2.5355224609375,450821.382392023,6199011.05347654,10.7809297679756,12.086492278569,11.9999017715454,144.154830932617,322.340026855469,144.154830932617,64.4680023193359,0.394071787595749,1.76792001724243,1.10114121437073,2.5355224609375,18.0166778564453,23.6985778808594,0.608191762602456,3.44137994703144,6.69107040813383
"MULTIPOINT ((447535.648057386 6204074.07508307))",326,п2д,с.с.,морена,162.95329284668,0.26678392291069,249.901504516602,4.96424108860083e-05,7.24862184142694e-05,В3,0.190353393554688,0.754146158695221,1.38270568847656,447535.648057386,6204074.07508307,3.3079765975319,11.1098374470556,87.7261352539062,1251.7421875,193.404006958008,2128.42065429688,257.872009277344,0.169197931885719,0.506107866764069,0.150402158498764,1.38270568847656,6.70298767089844,15.0542602539062,0.122223898360885,1.09878295672979,2.49797051845482
"MULTIPOINT ((447667.874311854 6199030.72041089))",327,пд пов огл,с.с.,фг,141.970565795898,2.87437057495117,113.975296020508,-0.000902028405107558,-5.46433911949862e-05,С2,-1.49644470214844,4.19059324264526,8.93035888671875,447667.874311854,6199030.72041089,75.8344929766919,14.2420539860322,37.7356147766113,0,2286.5703125,1284.51574707031,0,-1.33017814159393,-3.29001593589783,-5.92414331436157,8.93035888671875,17.0742034912109,25.9174194335938,2.43634692077487,4.64660694332419,5.55717047236629
"MULTIPOINT ((447685.546091929 6204079.60493299))",328,п2д,с.с.,морена,162.235260009766,0.206171959638596,223.104278564453,-0.000163752920343541,-0.000317508878652006,В3,-0.750076293945312,1.95743727684021,1.499755859375,447685.546091929,6204079.60493299,6200.52608270845,18.6458901639091,0,1284.51574707031,322.340026855469,2128.42065429688,128.936004638672,-0.666737854480743,-0.979891717433929,-0.528896868228912,1.499755859375,7.20567321777344,14.9190521240234,0.302036152802088,0.676069341562332,2.43290363541176
"MULTIPOINT ((447817.657123503 6199022.65137536))",329,пд пов огл,с.с.,фг,144.730407714844,4.04133081436157,88.7990341186523,-0.000358738616341725,0.000350928108673543,С2,-0.0149993896484375,3.95397591590881,10.3274536132812,447817.657123503,6199022.65137536,7.11614907787813,11.8758674636837,93.7222366333008,64.4680023193359,2205.14477539062,1251.7421875,64.4680023193359,-0.0133344866335392,-0.532442986965179,-2.81016874313354,10.3274536132812,17.0472259521484,24.6841583251953,3.10977795860134,4.61014950408158,5.18990074544032
"MULTIPOINT ((447835.444126472 6204085.13478291))",330,п2д,с.с.,морена,163.948303222656,0.435083568096161,98.6878128051758,-0.000109107764728833,0.000388818938517943,С2,0.435943603515625,1.46282339096069,1.6707763671875,447835.444126472,6204085.13478291,13.6157364395868,12.5247269594,71.9994125366211,1329.04187011719,451.276000976562,2136.21704101562,0,0.387508809566498,0.213791832327843,0.916074395179749,1.6707763671875,4.052978515625,14.9190521240234,0.622425101056267,0.943198791569161,2.03937107513661
"MULTIPOINT ((447967.439935153 6199014.58233984))",331,пд пов огл,с.с.,фг,148.215438842773,3.64917945861816,56.7501182556152,0.000873398850671947,0.000609887705650181,С2,2.32203674316406,6.67686367034912,11.3007354736328,447967.439935153,6199014.58233984,2.66129149048369,1.27692215418428,14.4220876693726,128.936004638672,2181.45849609375,1295.79077148438,182.343048095703,2.06402254104614,3.50239586830139,0.999336063861847,11.3007354736328,18.2078704833984,20.8362426757812,2.77363796158775,4.76234757624795,5.06064278740151
"MULTIPOINT ((447985.342161015 6204090.66463283))",332,п2д,с.с.,морена,164.423782348633,1.11924660205841,164.6123046875,0.000334109528921545,-9.34524723561481e-05,С2,0.375350952148438,2.63809561729431,3.20606994628906,447985.342161015,6204090.66463283,48.7539082427886,13.8002861077392,71.9994125366211,1415.36267089844,644.680053710938,1999.54760742188,144.154830932617,0.333641886711121,0.0982803031802177,0.852762937545776,3.20606994628906,5.074462890625,13.5106048583984,1.06966181901816,0.99537672082123,1.94436925154646
"MULTIPOINT ((448117.222746803 6199006.51330432))",333,пд пов огл,с.с.,фг,135.305160522461,1.64523732662201,53.6002998352051,-0.00131938920821995,-0.000405757193220779,С2,-2.6915283203125,4.8727388381958,7.28379821777344,448117.222746803,6199006.51330432,193.440838174582,15.1784724642781,11.9999017715454,64.4680023193359,2079.03051757812,1289.36010742188,347.170806884766,-2.39247798919678,-7.49893617630005,-11.32493019104,7.28379821777344,15.5734558105469,21.394775390625,2.03085378131823,4.05188990615502,4.75899029181946
"MULTIPOINT ((448135.240195558 6204096.19448275))",334,п2д,с.с.,морена,165.861526489258,0.372506767511368,65.5165176391602,0.000214487707125954,0.000321840692777187,С2,0.835922241210938,1.96826696395874,2.00765991210938,448135.240195558,6204096.19448275,3.30218017012727,11.1080836523745,159.998687744141,1484.16479492188,663.738708496094,1870.68322753906,91.1715240478516,0.743047058582306,1.71518564224243,2.2741265296936,2.00765991210938,5.19808959960938,10.4728851318359,0.453493747277952,1.26609771174243,1.95886887531112
"MULTIPOINT ((448267.005558453 6198998.44426879))",335,пд пов огл,с.с.,фг,136.193893432617,3.2491614818573,249.431365966797,-0.002278818981722,0.000293713295832276,,-3.11033630371094,10.6350908279419,11.9065856933594,448267.005558453,6198998.44426879,18.7929591147875,12.8469830289426,27.9997711181641,64.4680023193359,2018.16772460938,1290.970703125,469.334136962891,-2.76474499702454,-5.55268144607544,-10.6257905960083,11.9065856933594,16.5000305175781,21.394775390625,3.63409316034801,4.4893623416095,4.79486327747893
"MULTIPOINT ((446341.993630962 6203879.93824917))",336,п2д,с.с.,морена,164.607803344727,1.78350853919983,30.1055488586426,0.000383839273126796,-4.66994788439479e-05,С2,0.526290893554688,2.73718762397766,5.50422668457031,446341.993630962,6203879.93824917,69.3008264900895,14.1519575768145,50.5960311889648,1204.36169433594,673.065734863281,938.668273925781,203.86572265625,0.467809051275253,0.808228135108948,2.35164761543274,5.50422668457031,10.2061157226562,12.9263458251953,1.275621546539,2.28343199628921,2.45190216039182
"MULTIPOINT ((448416.788370103 6198990.37523327))",337,пд пов огл,с.с.,фг,135.289154052734,2.92966747283936,301.39208984375,-0.00205020746216178,-4.64078402728774e-05,С4,-3.28033447265625,9.66946220397949,12.8331604003906,448416.788370103,6198990.37523327,540862.849764979,23.1144217576656,0,0,1963.89477539062,1303.78466796875,580.212036132812,-2.91585969924927,-7.18427324295044,-11.751654624939,12.8331604003906,17.9007720947266,21.394775390625,3.06709525098782,4.66347098842432,5.13350160092263
"MULTIPOINT ((446491.891665505 6203885.46809909))",338,п2д,с.с.,морена,164.889938354492,0.639791667461395,196.971740722656,0.00031292240601033,0.000404332095058635,С2,1.11799621582031,2.74556446075439,2.96327209472656,446491.891665505,6203885.46809909,5.74795275650511,3.66558016022802,137.926391601562,1289.36010742188,657.447204589844,1125.88525390625,128.936004638672,0.99378627538681,1.88056695461273,1.74785208702087,2.96327209472656,10.2061157226562,16.1065368652344,0.619608127900931,1.72836572272107,2.69308782647793
"MULTIPOINT ((448566.571181752 6198982.30619775))",339,пд пов огл,с.с.,фг,140.493667602539,5.84729337692261,130.696960449219,-0.000701976590789855,0.000350945338141173,С4,-0.561492919921875,7.21858310699463,16.6027679443359,448566.571181752,6198982.30619775,43.9730845495711,13.6970784763878,25.6122875213623,0,1896.06091308594,1346.13146972656,594.365600585938,-0.499108195304871,-4.41095209121704,-6.76154756546021,16.6027679443359,21.2890777587891,21.4217681884766,5.00271463686456,6.44983276822238,5.53602819114676
"MULTIPOINT ((446641.789700048 6203890.99794901))",340,п2д,с.с.,морена,164.252868652344,0.422074913978577,319.520568847656,7.38274175091647e-05,0.000223882816499099,С3,0.464019775390625,1.73843801021576,1.68959045410156,446641.789700048,6203890.99794901,2.40187037195785,10.7897484999154,145.985107421875,1216.37976074219,531.616760253906,1251.7421875,64.4680023193359,0.412458628416061,0.857058763504028,0.879725635051727,1.68959045410156,6.98039245605469,16.1065368652344,0.552500904501093,1.04064626114042,2.79732102423274
"MULTIPOINT ((448716.353993402 6198974.23716222))",341,пд пов огл,с.с.,фг,150.628555297852,5.49764728546143,122.491004943848,0.00124637829139829,0.00022288114996627,С2,2.31857299804688,8.54906558990479,16.6450347900391,448716.353993402,6198974.23716222,24.7831473648133,13.1236646248623,98.7919006347656,91.1715240478516,1860.65869140625,1388.68322753906,634.936218261719,2.06095886230469,3.88349843025208,3.02898526191711,16.6450347900391,20.3404846191406,21.8466491699219,4.20023365337626,6.36436115791144,5.4415162379325
"MULTIPOINT ((446791.687734591 6203896.52779893))",342,п2д,с.с.,морена,163.756210327148,0.669795095920563,225.935119628906,-0.000119462005386595,-2.79947525996249e-05,С3,-0.229873657226562,1.13534379005432,2.39375305175781,446791.687734591,6203896.52779893,22.2688729619569,13.0166906165096,54.4054412841797,1153.23864746094,407.7314453125,1378.16845703125,0,-0.204320266842842,-0.154630079865456,0.586243093013763,2.39375305175781,9.03604125976562,16.1065368652344,0.587619299947259,1.44314341097272,2.62812266100926
"MULTIPOINT ((448866.136805052 6198966.1681267))",343,п3д,с.с.,морена,153.035751342773,1.55361914634705,89.7725601196289,0.000479212467325851,0.000333186122588813,С2,1.26718139648438,3.10325932502747,5.61785888671875,448866.136805052,6198966.1681267,16.1516088834447,12.6955204103986,183.563201904297,128.936004638672,1833.65856933594,1441.54833984375,554.57470703125,1.12638342380524,5.57900714874268,5.1517539024353,5.61785888671875,20.3195343017578,25.8568420410156,1.0375938129309,5.30531312656985,5.29852658152635
"MULTIPOINT ((446941.585769134 6203902.05764885))",344,п2д,с.с.,морена,167.141738891602,1.02188324928284,239.926132202148,0.000323532818583772,0.000136398695758544,С2,0.717086791992188,0.670565247535706,3.46321105957031,446941.585769134,6203902.05764885,14.8884393036779,4.9942635414564,148.646011352539,1080.68054199219,232.442687988281,1568.57421875,64.4680023193359,0.637424051761627,2.78646540641785,4.2742862701416,3.46321105957031,9.08689880371094,16.1065368652344,0.832758981305112,2.04579880607624,2.88170384472926
"MULTIPOINT ((449015.919616702 6198958.09909118))",345,п3д,с.с.,морена,148.838134765625,2.12554669380188,340.702545166016,-0.00028731711790897,0.00015656347386539,С2,-0.204544067382812,7.35942125320435,5.76780700683594,449015.919616702,6198958.09909118,23.4443633542986,13.0681308417384,80.4977874755859,193.404006958008,1770.23083496094,1355.36218261719,469.334136962891,-0.181816950440407,2.20192050933838,0.0760944932699203,5.76780700683594,19.0671234130859,27.5363006591797,1.76553819875009,4.62349414409095,5.60160513573124
"MULTIPOINT ((447091.483803677 6203907.58749877))",346,п2д,с.с.,морена,166.323944091797,1.66229653358459,19.1912269592285,0.000488381600007415,0.000255592312896624,С2,1.16064453125,2.36103701591492,6.16598510742188,447091.483803677,6203907.58749877,13.3486024016432,12.5049124347764,142.041091918945,1049.46301269531,144.154830932617,1695.88842773438,144.154830932617,1.03169083595276,3.13412952423096,3.49241971969604,6.16598510742188,11.2683715820312,16.9312744140625,1.15265561298979,2.86503597785763,3.22291379166298
"MULTIPOINT ((449165.702428352 6198950.03005565))",347,т1п пов огл,с.с.,морена,148.819458007812,2.1476263999939,208.213882446289,0.000268803356448188,2.63885540334741e-05,С2,0.460983276367188,3.88354635238647,6.47869873046875,449165.702428352,6198950.03005565,86.7345024936598,15.0695315894136,39.9996719360352,265.808380126953,1657.46728515625,1271.5078125,386.808013916016,0.409764617681503,-0.117066986858845,-0.641405582427979,6.47869873046875,17.4427947998047,27.5363006591797,1.54189411400459,2.46211596754799,6.08504722850184
"MULTIPOINT ((447241.38183822 6203913.11734869))",348,п2д,с.с.,морена,161.70100402832,2.21887040138245,41.75244140625,-2.52389982051682e-05,0.000258751009823754,С3,0.364151000976562,1.97524571418762,6.32864379882812,447241.38183822,6203913.11734869,63.3653106250078,14.0624173051022,60.5304870605469,1033.50073242188,64.4680023193359,1823.43041992188,232.442687988281,0.323693156242371,0.183480709791183,-1.02219772338867,6.32864379882812,11.088623046875,16.9312744140625,1.81040977909051,3.04697975691409,3.28822082008176
"MULTIPOINT ((449315.485240001 6198941.96102013))",349,пд пов огл,с.с.,фг,151.169830322266,1.09864544868469,131.731674194336,-0.000354002753738314,0.000280438573099673,В4,-0.114883422851562,1.7605801820755,4.41799926757812,449315.485240001,6198941.96102013,28.2491603421957,13.2545644791765,64.4975357055664,322.340026855469,1532.38684082031,1162.21337890625,407.7314453125,-0.102113515138626,0.551144063472748,1.67720437049866,4.41799926757812,19.0649108886719,29.6072998046875,0.907172440299321,2.33632537527475,6.17346541387018
"MULTIPOINT ((447391.279872763 6203918.64719861))",350,п2д,с.с.,морена,159.398834228516,1.04483544826508,234.896850585938,-0.000267658469965681,7.65503718866967e-05,С3,-0.29803466796875,1.03755283355713,3.5885009765625,447391.279872763,6203918.64719861,1.31441324730267,2.08204834396022,3.99996733665466,1103.51440429688,64.4680023193359,2007.84448242188,347.170806884766,-0.264924794435501,-0.881252706050873,-3.36344623565674,3.5885009765625,6.70024108886719,14.3470611572266,0.927044442976017,1.86018253446147,2.98033260182027
"MULTIPOINT ((449465.268051651 6198933.89198461))",351,п1д огл,с.с.,фг,152.280624389648,2.09931802749634,71.2285003662109,-7.27037113392726e-05,0.000178935908479616,В4,0.16552734375,1.37411081790924,6.352294921875,449465.268051651,6198933.89198461,33.8048762133271,13.4341058031759,127.560707092285,322.340026855469,1346.13146972656,1007.02239990234,503.511199951172,0.14713542163372,1.01625430583954,2.41212940216064,6.352294921875,15.5076293945312,30.6072845458984,1.47527511418839,3.19876980877196,5.99692265582738
"MULTIPOINT ((449615.050863301 6198925.82294908))",352,п1д огл,с.с.,фг,148.649124145508,3.10450077056885,63.0604476928711,-0.000160024108481593,-0.000348232948454097,С2,-0.794036865234375,3.55496191978455,9.71128845214844,449615.050863301,6198925.82294908,48.3191565493647,13.791328842382,91.9992523193359,347.170806884766,1223.1943359375,911.715209960938,554.57470703125,-0.705817341804504,-1.25753998756409,-1.64157092571259,9.71128845214844,15.5076293945312,30.6072845458984,2.1512297474634,4.01679356842003,5.22591643906621
"MULTIPOINT ((446913.936519533 6204651.54782157))",353,п2д,с.с.,морена,164.333282470703,0.939538359642029,83.1097869873047,-0.000194381442270242,-0.000303802749840543,С2,-0.776626586914062,2.8445999622345,4.21939086914062,446913.936519533,6204651.54782157,1081.28399318393,16.8994052409606,0,1140.55541992188,519.757629394531,1569.8984375,64.4680023193359,-0.690339803695679,-1.07192027568817,-0.269909799098969,4.21939086914062,8.83657836914062,17.7813568115234,0.830429852219308,1.97657698237649,2.44643005167161
"MULTIPOINT ((446764.038484991 6204646.01797165))",354,п2д,с.с.,морена,165.059005737305,0.716870784759521,155.472625732422,-8.48533309181221e-05,0.000248776166699827,С2,0.255477905273438,2.67299199104309,4.45887756347656,446764.038484991,6204646.01797165,7.44607608481329,11.9211879380371,84.7577896118164,1057.35388183594,594.365600585938,1448.73815917969,64.4680023193359,0.227094858884811,0.179256826639175,0.632223665714264,4.45887756347656,7.52481079101562,17.7813568115234,0.589527244344469,1.52940808599295,2.90572449422393
"MULTIPOINT ((447063.834554076 6204657.07767149))",355,п2д,с.с.,морена,166.834686279297,1.9249449968338,231.865386962891,-0.000272746168775484,0.000271105847787112,С2,-0.0030517578125,4.15309953689575,5.34248352050781,447063.834554076,6204657.07767149,27.930556274207,13.2432220409124,107.330383300781,1231.65942382812,469.334136962891,1568.57421875,64.4680023193359,-0.0027008056640625,0.737720727920532,2.33744835853577,5.34248352050781,8.83657836914062,15.7527465820312,1.78614807408123,1.83600077938266,2.19404350460772
"MULTIPOINT ((447213.73258862 6204662.60752141))",356,п2д,с.с.,морена,167.873764038086,1.10013890266418,25.0040950775146,0.000478698202641681,0.000275251251878217,С2,1.17556762695312,3.68868184089661,3.78941345214844,447213.73258862,6204662.60752141,5.95428754539646,11.6976123003438,127.058006286621,1341.49230957031,455.857604980469,1548.57458496094,232.442687988281,1.04494392871857,1.96541142463684,3.40596580505371,3.78941345214844,7.29061889648438,15.7527465820312,1.07469852642592,1.73167619313291,1.78838023344433
"MULTIPOINT ((449740.62656838 6198468.40547861))",357,п1д огл,с.с.,фг,160.883163452148,1.10889160633087,173.603363037109,0.00016053591389209,0.000329112750478089,С2,0.763381958007812,2.45862007141113,3.68307495117188,449740.62656838,6198468.40547861,2.75342514127719,10.9263463870243,51.2245750427246,815.462890625,1142.37585449219,1183.47521972656,128.936004638672,0.678560018539429,1.70692598819733,3.7861123085022,3.68307495117188,12.9828796386719,21.3840789794922,0.775171328973982,2.17356903792262,4.40545531707967
"MULTIPOINT ((449441.060945081 6198484.54354966))",358,п1д огл,с.с.,фг,157.518280029297,0.713550388813019,238.669906616211,6.79206204949878e-05,5.61189590371214e-05,,0.193344116210938,1.60150063037872,1.87077331542969,449441.060945081,6198484.54354966,30.5199270876106,13.3318805618357,47.9996070861816,773.616027832031,1454.46435546875,1370.60852050781,128.936004638672,0.171869918704033,-0.0189666748046875,0.992331266403198,1.87077331542969,5.36415100097656,22.2623596191406,0.59281600822852,0.805122745256786,3.14885871308217
"MULTIPOINT ((447363.630623163 6204668.13737133))",359,п2д,с.с.,морена,163.830474853516,0.743066787719727,299.120391845703,-0.000121858589409385,-0.000428517872933298,С2,-0.857879638671875,2.12106871604919,2.24868774414062,447363.630623163,6204668.13737133,34.8570403385504,13.4647558795523,73.4296340942383,1419.76037597656,490.973693847656,1547.23205566406,257.872009277344,-0.7625732421875,-1.5246787071228,-0.371515572071075,2.24868774414062,6.13314819335938,15.7527465820312,0.783050574455021,1.39747028676857,1.70617484294984
"MULTIPOINT ((449890.40938003 6198460.33644308))",360,п1д огл,с.с.,фг,161.883148193359,1.27534317970276,59.4578514099121,0.000408071879064664,0.000301087886327878,С2,1.10585021972656,2.05345320701599,4.27032470703125,449890.40938003,6198460.33644308,11.0915495436268,12.3196842604304,193.492599487305,864.929016113281,1019.32861328125,1109.1494140625,128.936004638672,0.982979655265808,3.03268599510193,5.46627855300903,4.27032470703125,14.4563751220703,21.3840789794922,1.06582651848653,2.94990067343711,4.96310728391858
"MULTIPOINT ((449590.84375673 6198476.47451413))",361,п1д огл,с.с.,фг,158.177154541016,0.467667996883392,218.995269775391,-9.17442885111086e-05,1.68505466717761e-05,С2,-0.116729736328125,1.70198667049408,1.79191589355469,449590.84375673,6198476.47451413,3.35582226153259,11.1241975702257,39.9996719360352,784.287109375,1266.59533691406,1251.7421875,128.936004638672,-0.103768244385719,-0.421711206436157,0.929863154888153,1.79191589355469,10.9925231933594,21.3840789794922,0.579654947479291,1.261737074001,3.67031453852907
"MULTIPOINT ((447513.528657706 6204673.66722125))",362,п2д,с.с.,морена,164.850112915039,0.685407757759094,242.845474243164,-8.48530253279023e-05,9.30248097574804e-06,С2,-0.117767333984375,1.47344589233398,2.32040405273438,447513.528657706,6204673.66722125,23.2632452577447,13.0603754027535,193.03727722168,1505.02075195312,531.616760253906,1547.23205566406,203.86572265625,-0.104690551757812,0.460785835981369,1.05117833614349,2.32040405273438,3.92765808105469,16.4493408203125,0.484247968093921,0.863673167405878,1.83750832748882
"MULTIPOINT ((450040.19219168 6198452.26740756))",363,п1д огл,с.с.,фг,155.310913085938,2.37196707725525,21.8580856323242,3.38808167725801e-05,0.000151720363646746,С2,0.28961181640625,3.40129160881042,7.39723205566406,450040.19219168,6198452.26740756,70.8100971613955,14.1735023502309,121.654258728027,967.02001953125,838.084045410156,1007.02239990234,64.4680023193359,0.257429331541061,-0.938064277172089,0.775887191295624,7.39723205566406,16.7978668212891,22.6887054443359,1.70073921921474,3.96404540940899,5.73850648990858
"MULTIPOINT ((447663.426692249 6204679.19707117))",364,п2д,с.с.,морена,163.162872314453,0.797827482223511,46.3463401794434,0.000116422852443065,-0.000319135113386437,С2,-0.315933227539062,2.08042907714844,3.64726257324219,447663.426692249,6204679.19707117,83.118663887755,14.33377001659,46.818416595459,1548.57458496094,608.189880371094,1548.57458496094,64.4680023193359,-0.280829548835754,-0.360274344682693,0.52563613653183,3.64726257324219,5.54624938964844,16.9161376953125,0.524738901516887,1.38227977069358,1.73139349166877
"MULTIPOINT ((450189.97500333 6198444.19837204))",365,п1д огл,с.с.,фг,151.927124023438,1.03659963607788,66.2776794433594,-0.000385561696020886,6.36415716144256e-05,С2,-0.50201416015625,2.15626287460327,2.91798400878906,450189.97500333,6198444.19837204,86.8926700319018,14.3781744236793,28.2840404510498,916.262451171875,720.774169921875,929.770751953125,0,-0.446229726076126,-1.49793815612793,-1.24204349517822,2.91798400878906,17.6634368896484,23.1542205810547,0.979484431491848,2.87169640171835,5.90716337422593
"MULTIPOINT ((446169.976196739 6204474.00053742))",366,п2д,с.с.,морена,162.323760986328,0.773152232170105,162.855194091797,0.000387522974051535,8.45046452013776e-05,С2,0.735855102539062,1.93068253993988,3.61276245117188,446169.976196739,6204474.00053742,10.3468408863874,12.2501819891772,12.6490077972412,1033.50073242188,916.262451171875,838.084045410156,91.1715240478516,0.654095113277435,1.84183490276337,2.2555239200592,3.61276245117188,12.8762817382812,21.0010070800781,0.638952092182381,2.11428073051352,3.75666172366199
"MULTIPOINT ((450339.757814979 6198436.12933651))",367,п1д огл,с.с.,фг,151.924453735352,2.27073669433594,49.4878234863281,0.000250521901762113,0.000202372742933221,С2,0.707015991210938,3.46139526367188,6.60336303710938,450339.757814979,6198436.12933651,62.9869971017344,5.40930524620842,67.0516662597656,895.618103027344,576.619323730469,916.262451171875,91.1715240478516,0.628470540046692,0.0617990307509899,0.190249219536781,6.60336303710938,15.1791229248047,25.6305694580078,1.78234197427355,2.81893491868681,5.70978268912177
"MULTIPOINT ((446319.874231282 6204479.53038734))",368,п2д,с.с.,морена,164.138946533203,1.29349255561829,244.381317138672,0.000330220704199746,0.000468937942059711,С2,1.24610900878906,3.51505517959595,4.86186218261719,446319.874231282,6204479.53038734,5.38517639368671,11.5971508109855,139.99885559082,1049.46301269531,876.859680175781,958.3857421875,64.4680023193359,1.10765409469604,2.33661317825317,3.27524399757385,4.86186218261719,10.2962646484375,21.0010070800781,0.960660320494257,2.21646565079912,3.87398059873688
"MULTIPOINT ((450489.540626629 6198428.06030099))",369,п1д огл,с.с.,фг,148.96354675293,1.00437724590302,77.1084823608398,0.000327185145579278,-8.33401500131004e-05,С2,0.3802490234375,1.89791822433472,3.59547424316406,450489.540626629,6198428.06030099,84.3278841612063,14.3482133277084,73.7557525634766,807.781799316406,412.796630859375,807.781799316406,182.343048095703,0.338009297847748,0.693626880645752,0.0879192426800728,3.59547424316406,12.5850067138672,24.3235778808594,0.710553310896241,1.91581391920563,4.1896900501358
"MULTIPOINT ((446469.772265825 6204485.06023726))",370,п2д,с.с.,морена,163.819381713867,2.78877019882202,274.302581787109,0.000656790158245713,-0.000153198518091813,С2,0.788238525390625,3.17002749443054,7.14761352539062,446469.772265825,6204485.06023726,21.3873963509734,12.9763025373892,130.597549438477,1080.68054199219,754.57861328125,1080.68054199219,64.4680023193359,0.700654745101929,1.87903392314911,1.88156187534332,7.14761352539062,12.1572265625,21.8373870849609,2.19475642139672,3.48856387805282,3.55296676227308
"MULTIPOINT ((450639.323438279 6198419.99126547))",371,п1д огл,с.с.,фг,147.464584350586,1.691690325737,37.4672088623047,7.97687680460513e-05,0.000360573612852022,С2,0.68670654296875,3.41166520118713,5.32781982421875,450639.323438279,6198419.99126547,32.0640234051918,13.3812353798404,125.601524353027,735.04833984375,322.340026855469,754.57861328125,193.404006958008,0.610404133796692,0.718450725078583,0.118980102241039,5.32781982421875,7.91128540039062,24.2185211181641,1.30079415097297,1.66087297154529,3.33181067243859
"MULTIPOINT ((446619.670300368 6204490.59008718))",372,п2д,с.с.,морена,161.369476318359,2.11430788040161,251.292129516602,0.000633906689472497,-0.00131725776009262,С2,-1.06442260742188,4.86957025527954,8.15023803710938,446619.670300368,6204490.59008718,1943.73497187028,18.1789826685707,0,1153.23864746094,576.619323730469,1266.59533691406,64.4680023193359,-0.946148335933685,-2.09636521339417,-2.17667317390442,8.15023803710938,14.0752258300781,23.1491546630859,2.2969080841632,3.60649297992649,3.12474320829551
"MULTIPOINT ((450789.106249929 6198411.92222994))",373,п1д огл,с.с.,фг,147.328338623047,1.46630132198334,155.572509765625,6.44164538243786e-05,0.00030268551199697,С2,0.572402954101562,3.03063416481018,4.65544128417969,450789.106249929,6198411.92222994,4.59293264462626,11.4380194848735,96.7462997436523,644.680053710938,265.808380126953,685.304260253906,64.4680023193359,0.50880092382431,1.34850299358368,1.46736824512482,4.65544128417969,6.86337280273438,28.0118255615234,1.13041347345946,1.61411476542609,2.58632736782302
"MULTIPOINT ((446769.568334911 6204496.1199371))",374,п2д,с.с.,морена,166.568145751953,1.61094832420349,177.891479492188,0.000257989595411345,0.000152142762090079,С2,0.6397705078125,2.45095419883728,5.39396667480469,446769.568334911,6204496.1199371,16.4626617693799,5.25807439965164,108.073165893555,1216.37976074219,464.885375976562,1391.6728515625,64.4680023193359,0.568696737289429,1.94121158123016,2.37322020530701,5.39396667480469,14.0752258300781,15.3869934082031,0.968915018949136,2.73389262253565,3.07442756560787
"MULTIPOINT ((447635.598169759 6198431.58916429))",375,п1д,с.с.,морена,153.300155639648,0.567747473716736,90.6714477539062,-0.000432387634646147,6.25578479684918e-07,С2,-0.673019409179688,1.97692573070526,2.09866333007812,447635.598169759,6198431.58916429,751.220068770794,16.5351993875792,3.99996733665466,464.885375976562,2625.04345703125,1367.57287597656,0,-0.598242878913879,-1.2206552028656,0.123223669826984,2.09866333007812,7.92640686035156,28.6682739257812,0.519153014635104,1.51842929143006,3.19228527714808
"MULTIPOINT ((446919.466369454 6204501.64978702))",376,п2д,с.с.,морена,166.843734741211,1.35820472240448,14.7719478607178,2.52448644459946e-05,0.000158921669935808,С2,0.287139892578125,3.13979029655457,4.03071594238281,446919.466369454,6204501.64978702,71.4828382938511,14.1829581414533,26.8325958251953,1238.38989257812,412.796630859375,1532.38684082031,0,0.255232065916061,0.757731556892395,2.32390928268433,4.03071594238281,6.97747802734375,15.9805297851562,1.29682197550732,1.27101611331112,2.72875301581066
"MULTIPOINT ((447785.380981409 6198423.52012877))",377,п1д,с.с.,морена,150.880447387695,1.51521730422974,68.0185394287109,-0.000646282103843987,-0.000465224089566618,С2,-1.73365783691406,4.67653799057007,4.98130798339844,447785.380981409,6198423.52012877,200.845903381075,15.2160387086133,7.99993467330933,594.365600585938,2742.73266601562,1408.00244140625,0,-1.54102408885956,-2.6177396774292,-3.34134387969971,4.98130798339844,12.2693328857422,26.0290222167969,1.19095454164147,2.50738972254383,3.67652663288167
"MULTIPOINT ((447069.364403997 6204507.17963694))",378,п2д,с.с.,морена,166.192825317383,1.20722830295563,187.938262939453,-0.000389925116905943,8.38810738059692e-05,С2,-0.477371215820312,2.99729204177856,3.77767944335938,447069.364403997,6204507.17963694,100.154704342344,14.5202167783985,73.5385055541992,1367.57287597656,328.723602294922,1687.2890625,64.4680023193359,-0.424321502447128,-0.102373398840427,1.55639207363129,3.77767944335938,6.73799133300781,13.5936279296875,1.27126843305609,1.39235582551234,2.02490618064114
"MULTIPOINT ((447935.163793059 6198415.45109324))",379,п1д,с.с.,морена,151.236511230469,2.23803186416626,87.9951705932617,-0.000655784388072789,0.000131283406517468,С2,-0.81964111328125,2.84621214866638,6.06388854980469,447935.163793059,6198415.45109324,3.5417576228805,11.178123851993,59.0588111877441,608.189880371094,2681.43505859375,1448.73815917969,0,-0.72857666015625,-1.94887804985046,-3.19877624511719,6.06388854980469,12.5792541503906,23.5073547363281,1.84320538421843,3.02900415024621,4.05022339188425
"MULTIPOINT ((447219.26243854 6204512.70948686))",380,п2д,с.с.,морена,167.80290222168,2.15036916732788,331.284484863281,0.00053237279644236,0.000485840137116611,С2,1.5892333984375,4.96016788482666,5.39462280273438,447219.26243854,6204512.70948686,28.7435217513334,13.2719131558901,107.999114990234,1448.73815917969,328.723602294922,1677.40734863281,128.936004638672,1.41264677047729,2.15367007255554,3.1421799659729,5.39462280273438,7.29061889648438,13.5936279296875,1.9970516895228,1.81127503729792,2.03886114782018
"MULTIPOINT ((448408.719334579 6198840.59242162))",381,пд пов огл,с.с.,фг,140.946212768555,4.02288770675659,108.108306884766,0.000117690105980728,-0.000275627011433244,С2,-0.245849609375,4.60524129867554,10.09228515625,448408.719334579,6198840.59242162,2851.62449724661,17.6643575773679,0,64.4680023193359,2083.02490234375,1431.42199707031,451.276000976562,-0.218534678220749,-2.04344201087952,-6.3464150428772,10.09228515625,18.1138763427734,23.0767059326172,3.54947734514592,4.72925979743152,5.66469942405859
"MULTIPOINT ((447369.160473083 6204518.23933678))",382,п2д,с.с.,морена,163.009506225586,0.341018825769424,313.409240722656,-0.000226485572056845,-0.000146102436701767,С2,-0.580718994140625,0.781805038452148,1.81858825683594,447369.160473083,6204518.23933678,124.524477115673,14.7380030443455,39.9996719360352,1521.49951171875,375.909820556641,1676.16809082031,128.936004638672,-0.516196370124817,-1.92303121089935,-1.37343752384186,1.81858825683594,6.13314819335938,13.5936279296875,0.328653772985441,1.60977673356706,1.90228174976984
"MULTIPOINT ((448558.502146229 6198832.5233861))",383,т1п пов огл,с.с.,морена,151.079635620117,3.55505561828613,146.246612548828,0.000673644302878529,0.000675282266456634,С2,2.11048889160156,5.0059814453125,12.2871398925781,448558.502146229,6198832.5233861,89.1813645640264,14.4041728447419,113.70043182373,128.936004638672,2019.19702148438,1470.0966796875,469.334136962891,1.87598848342896,4.54288387298584,3.50678467750549,12.2871398925781,21.2890777587891,23.0767059326172,2.50787221796988,6.28206142234059,5.49448214326363
"MULTIPOINT ((447519.058507626 6204523.7691867))",384,п2д,с.с.,морена,164.543487548828,0.522908806800842,201.199234008789,0.000199320435058326,8.85780318640172e-05,С2,0.448760986328125,1.40664184093475,1.38478088378906,447519.058507626,6204523.7691867,119.959939290071,15.3937738719826,190.072113037109,1601.35192871094,407.7314453125,1676.16809082031,128.936004638672,0.398888468742371,0.461786389350891,0.612448930740356,1.38478088378906,3.43092346191406,13.5936279296875,0.491608471721463,0.647866139961059,1.72030939767212
"MULTIPOINT ((448708.284957879 6198824.45435057))",385,т1п пов огл,с.с.,морена,153.212646484375,0.717332065105438,275.512237548828,-0.000158503928105347,0.000129484295030124,С2,-0.0452728271484375,2.45555782318115,2.53599548339844,448708.284957879,6198824.45435057,5.17900107776342,11.824872361797,211.696166992188,232.442687988281,2048.8251953125,1569.8984375,451.276000976562,-0.0402408167719841,2.56366038322449,4.86342144012451,2.53599548339844,20.3404846191406,24.4753723144531,0.745344149082006,1.83134720112942,5.32848608988898
"MULTIPOINT ((447668.956542169 6204529.29903662))",386,п2д,с.с.,морена,164.644500732422,0.277794271707535,332.970092773438,0.000202304581762291,0.000230099962209351,С2,0.673934936523438,1.97758543491364,1.144775390625,447668.956542169,6204529.29903662,1.77134834118671,10.2484568542845,168.806213378906,1677.40734863281,503.511199951172,1677.40734863281,91.1715240478516,0.599058389663696,1.11999070644379,1.61674416065216,1.144775390625,5.53115844726562,11.9110107421875,0.38621806362307,0.842984056814826,1.5971133786401
"MULTIPOINT ((448858.067769528 6198816.38531505))",387,пд пов огл,с.с.,фг,152.490112304688,1.09816575050354,317.691314697266,0.000186173594556749,3.31709925376344e-05,В4,0.342041015625,1.00059199333191,4.17105102539062,448858.067769528,6198816.38531505,65.7182705045843,14.0988777211285,118.117622375488,322.340026855469,2001.625,1615.56359863281,412.796630859375,0.304026275873184,1.43487858772278,3.7586236000061,4.17105102539062,9.62760925292969,25.8568420410156,0.642435837155203,2.34278726083149,5.25165256021155
"MULTIPOINT ((446175.506046659 6204324.10250288))",388,п2д,с.с.,морена,161.643905639648,0.832942008972168,338.146789550781,0.000177237132447772,-4.71365674457047e-05,С2,0.202835083007812,2.03125810623169,2.61805725097656,446175.506046659,6204324.10250288,7.05917638601947,11.8678291299218,35.9997062683105,1162.21337890625,820.543762207031,797.425170898438,64.4680023193359,0.18030971288681,1.02021014690399,1.10093951225281,2.61805725097656,11.4795227050781,15.1969299316406,0.647269288448655,1.27750849011905,3.32759684514271
"MULTIPOINT ((449007.850581178 6198808.31627953))",389,пд пов огл,с.с.,фг,145.883605957031,0.937808454036713,36.660961151123,-3.59438017767388e-05,-0.000725997728295624,,-1.18769836425781,2.69230365753174,5.10601806640625,449007.850581178,6198808.31627953,776.829824739381,16.5687220550266,3.99996733665466,375.909820556641,1815.43542480469,1448.73815917969,288.309661865234,-1.05573356151581,-4.3082389831543,-4.29806184768677,5.10601806640625,11.7539215087891,27.5363006591797,1.0426337702774,2.40582082363997,4.93968137329337
"MULTIPOINT ((446325.404081202 6204329.6323528))",390,п2д,с.с.,морена,160.654922485352,1.1969530582428,309.850433349609,0.000198262743651867,0.000207673438126221,С2,0.632949829101562,3.48777532577515,4.1014404296875,446325.404081202,6204329.6323528,2.12953678708681,10.6694052296457,83.9993133544922,1176.4306640625,847.944213867188,923.041320800781,64.4680023193359,0.562618672847748,-0.374770820140839,-0.661275029182434,4.1014404296875,9.29594421386719,15.1969299316406,1.1419415972435,2.1597766548175,3.34637202646667
"MULTIPOINT ((449157.633392828 6198800.247244))",391,п1д огл,с.с.,фг,148.295272827148,2.53211045265198,142.389068603516,-8.70959993335418e-05,-0.000296935642836615,С3,-0.599380493164062,1.96577215194702,8.14060974121094,449157.633392828,6198800.247244,61.579638172759,13.8290447342115,48.1659851074219,392.1435546875,1692.20837402344,1341.49230957031,257.872009277344,-0.532786071300507,-2.60219645500183,-2.45157551765442,8.14060974121094,13.1338348388672,27.7576751708984,1.8054626367815,3.25083854322169,4.98414822596742
"MULTIPOINT ((446475.302115745 6204335.16220272))",392,п2д,с.с.,морена,157.505783081055,1.02044463157654,308.495880126953,-0.000395176728488877,-0.000135151989525184,С2,-0.826873779296875,0.594324469566345,3.8419189453125,446475.302115745,6204335.16220272,5.5624879483683,11.6295462253304,15.9998693466187,1204.36169433594,720.774169921875,1049.46301269531,64.4680023193359,-0.73499721288681,-3.00530290603638,-4.93534135818481,3.8419189453125,11.1569061279297,16.6821746826172,0.916703061977306,2.82677216030324,3.09673175566477
"MULTIPOINT ((449307.416204478 6198792.17820848))",393,п1д огл,с.с.,фг,152.927520751953,2.11085224151611,150.542114257812,2.3908000002848e-05,-0.000233950340771116,С2,-0.327529907226562,1.74672019481659,6.60896301269531,449307.416204478,6198792.17820848,82.9509073821455,14.3317496999072,122.440826416016,432.464508056641,1569.8984375,1238.38989257812,288.309661865234,-0.291141092777252,-0.00315265264362097,1.98985350131989,6.60896301269531,14.2159576416016,29.6072998046875,1.53905202971566,3.20503046918498,5.0190795243637
"MULTIPOINT ((446625.200150288 6204340.69205264))",394,п2д,с.с.,морена,156.73469543457,3.66273713111877,184.432922363281,-0.00115504465065897,-0.0005157898995094,С2,-2.61680603027344,6.68529081344604,9.39784240722656,446625.200150288,6204340.69205264,135.838030146282,14.8249639656049,31.9997386932373,1269.87243652344,531.616760253906,1240.06677246094,64.4680023193359,-2.3260498046875,-5.85674571990967,-7.09213829040527,9.39784240722656,14.0752258300781,16.7251586914062,2.98645782398939,3.75010885623813,3.33504075520663
"MULTIPOINT ((449457.199016128 6198784.10917296))",395,п1д огл,с.с.,фг,156.533340454102,1.2973415851593,83.2745590209961,9.47780645219609e-05,0.00026300479657948,С2,0.557846069335938,0.841466784477234,3.69964599609375,449457.199016128,6198784.10917296,8.68661355718018,5.42279630302409,243.308517456055,451.276000976562,1388.68322753906,1094.05822753906,412.796630859375,0.495859771966934,2.57586431503296,4.90711641311646,3.69964599609375,14.2684936523438,32.5900115966797,1.0383402101465,2.65478404906178,4.75135595311659
"MULTIPOINT ((446775.098184831 6204346.22190256))",396,п2д,с.с.,морена,166.717910766602,1.51982879638672,176.419692993164,0.000574180739931762,-1.31549886646098e-05,С2,0.875335693359375,1.484654545784,3.61268615722656,446775.098184831,6204346.22190256,20.293687341332,12.9238106137056,126.490074157715,1327.47741699219,407.7314453125,1367.57287597656,64.4680023193359,0.778067708015442,2.38242316246033,2.56405830383301,3.61268615722656,14.0752258300781,15.3869934082031,1.27201585281155,3.60517374494294,3.13881215990243
"MULTIPOINT ((449606.981827777 6198776.04013743))",397,п1д огл,с.с.,фг,153.492446899414,2.15454936027527,25.3905830383301,-0.000115931332402397,9.22470790101215e-05,С2,-0.0372161865234375,2.71711850166321,5.98153686523438,449606.981827777,6198776.04013743,72.5960235721898,14.1984108930237,100.238899230957,469.334136962891,1269.87243652344,1002.88671875,451.276000976562,-0.0330624058842659,0.610663890838623,1.38649225234985,5.98153686523438,16.3004455566406,32.5900115966797,1.77639856584988,3.49355111117164,4.78102955140389
"MULTIPOINT ((446924.996219374 6204351.75175248))",398,п2д,с.с.,морена,167.662826538086,0.327375471591949,152.935684204102,-2.15635591302998e-05,0.000105893348518293,С2,0.131439208984375,0.81534469127655,1.04481506347656,446924.996219374,6204351.75175248,6.63002540411187,11.8051093803074,165.213668823242,1394.65612792969,288.309661865234,1495.32409667969,64.4680023193359,0.116829767823219,1.41236591339111,3.39406967163086,1.04481506347656,6.23295593261719,15.3869934082031,0.26942790624458,0.954569373347256,3.09591789243819
"MULTIPOINT ((449756.764639427 6198767.97110191))",399,п1д огл,с.с.,фг,150.081893920898,0.400475889444351,343.091400146484,-0.000187400379218161,-0.000420264288550243,С2,-0.947113037109375,4.74140882492065,1.85321044921875,449756.764639427,6198767.97110191,225.379154235172,15.331284858326,16.4922866821289,519.757629394531,1153.23864746094,916.262451171875,451.276000976562,-0.841879963874817,-1.69714820384979,-2.18576335906982,1.85321044921875,15.6082763671875,32.5900115966797,0.4883684018559,3.10894424015184,5.08576801284772
"MULTIPOINT ((447074.894253917 6204357.2816024))",400,п2д,с.с.,морена,167.369522094727,0.919957518577576,12.5111398696899,0.000231436963076703,0.000134033063659444,С3,0.569778442382812,1.23692548274994,3.07301330566406,447074.894253917,6204357.2816024,40.7349502009298,13.6205871956747,204.350967407227,1495.32409667969,144.154830932617,1687.2890625,64.4680023193359,0.506462931632996,1.8318372964859,3.01755475997925,3.07301330566406,10.4638214111328,13.5936279296875,0.72540500317972,1.73034188759433,2.76184318582441
"MULTIPOINT ((449906.547451077 6198759.90206638))",401,п1д огл,с.с.,фг,151.384887695312,1.01637423038483,65.5850524902344,-0.000121644327009562,0.000158112918143161,С2,0.0567779541015625,1.34814405441284,3.0430908203125,449906.547451077,6198759.90206638,10.4530097570851,4.97421747862622,59.99951171875,685.304260253906,1019.32861328125,864.929016113281,347.170806884766,0.0504777692258358,-0.679571032524109,-1.05834937095642,3.0430908203125,15.0505523681641,23.5896606445312,0.798433260943736,2.50577494615221,5.12707521480486
"MULTIPOINT ((447224.79228846 6204362.81145232))",402,п2д,с.с.,морена,164.077713012695,0.848939180374146,346.434143066406,-0.000317851809086278,-1.31543774841703e-05,С3,-0.51605224609375,2.12839078903198,2.30686950683594,447224.79228846,6204362.81145232,110.105527208021,14.6149399886022,103.999153137207,1484.16479492188,144.154830932617,1815.43542480469,64.4680023193359,-0.458716511726379,-0.409794718027115,-0.353396058082581,2.30686950683594,10.4638214111328,13.5936279296875,0.680009854405057,2.09526521411612,2.74371732500646
"MULTIPOINT ((450056.330262727 6198751.83303086))",403,п1д огл,с.с.,фг,149.99267578125,1.09094607830048,50.994457244873,-3.76699426851701e-05,5.87560498388484e-06,С2,-0.049591064453125,0.954881489276886,3.4810791015625,450056.330262727,6198751.83303086,161.41900472598,14.9975042425614,11.9999017715454,776.297546386719,916.262451171875,786.932250976562,288.309661865234,-0.0440741628408432,-1.19469058513641,-1.50578081607819,3.4810791015625,12.7673950195312,23.5896606445312,0.814984429802547,1.98311231935084,4.61882969168255
"MULTIPOINT ((447374.690323003 6204368.34130224))",404,п2д,с.с.,морена,163.643341064453,0.23755931854248,95.4026718139648,1.06893166957889e-05,-9.46924919844605e-05,С2,-0.13092041015625,1.264315366745,1.13626098632812,447374.690323003,6204368.34130224,1,2.73687797626576,44.181079864502,1484.16479492188,193.404006958008,1869.57202148438,64.4680023193359,-0.116377085447311,-0.0520573817193508,-0.50665807723999,1.13626098632812,10.4638214111328,13.5936279296875,0.227325313884052,0.948519124564212,2.51734493253235
"MULTIPOINT ((450206.113074377 6198743.76399534))",405,пд пов огл,с.с.,фг,148.087814331055,1.14076447486877,52.2467002868652,-0.000203397663426585,-8.39328422443941e-05,С3,-0.448043823242188,1.10418403148651,3.20587158203125,450206.113074377,6198743.76399534,114.960366016396,14.4533008930834,19.9998359680176,720.774169921875,820.543762207031,720.774169921875,193.404006958008,-0.398252695798874,-1.54375505447388,-2.45185661315918,3.20587158203125,11.917724609375,24.3959655761719,0.986943598029178,1.59056347533188,3.7968111930556
"MULTIPOINT ((447524.588357546 6204373.87115216))",406,п2д,с.с.,морена,163.743423461914,0.268009662628174,305.318542480469,-1.87236437341198e-05,-7.26887374185026e-05,С2,-0.142471313476562,0.670979738235474,0.746978759765625,447524.588357546,6204373.87115216,32.3158308302353,13.6558173949955,155.639343261719,1568.57421875,322.340026855469,1806.2548828125,0,-0.126642867922783,0.0190859418362379,0.315357118844986,0.746978759765625,1.87655639648438,13.5221252441406,0.217837593353398,0.489061639312298,1.73134548070298
"MULTIPOINT ((450355.895886026 6198735.69495981))",407,пд пов огл,с.с.,фг,148.121780395508,0.802544176578522,116.137237548828,7.41989279049449e-05,2.98453505820362e-05,С2,0.162200927734375,1.75261175632477,1.83705139160156,450355.895886026,6198735.69495981,280.898405855937,16.2446090831506,50.9112739562988,638.20068359375,735.04833984375,644.680053710938,64.4680023193359,0.144175216555595,-0.398077815771103,-1.05016565322876,1.83705139160156,7.73329162597656,30.8086700439453,0.782407905570082,1.41011697125541,3.32548062731868
"MULTIPOINT ((447674.486392089 6204379.40100208))",408,п2д,с.с.,морена,163.234298706055,0.334583312273026,307.499298095703,-8.71312004164793e-05,-6.12679796176963e-05,С2,-0.231292724609375,0.453341007232666,1.05458068847656,447674.486392089,6204379.40100208,99.9653690123188,14.518324560558,71.9994125366211,1594.85034179688,412.796630859375,1806.2548828125,64.4680023193359,-0.205596923828125,-0.293254613876343,0.213265523314476,1.05458068847656,3.8609619140625,11.9110107421875,0.250607794531679,0.521166972843273,1.36184712712175
"MULTIPOINT ((450505.678697676 6198727.62592429))",409,пд пов огл,с.с.,фг,148.614059448242,0.761842429637909,315.224456787109,9.88945976132527e-05,0.000246315554250032,С2,0.538101196289062,1.62714064121246,1.96543884277344,450505.678697676,6198727.62592429,20.1548597131591,12.9169461805718,155.998733520508,519.757629394531,634.936218261719,547.029113769531,64.4680023193359,0.478313863277435,2.23028254508972,1.77248203754425,1.96543884277344,8.50602722167969,34.6756439208984,0.73785173840995,1.5539335441832,3.2632357892729
"MULTIPOINT ((446181.035896579 6204174.20446834))",410,п2д,с.с.,морена,161.901931762695,2.06676197052002,27.0060367584229,0.000270856427960098,-1.83689062396297e-05,С2,0.394302368164062,3.16253662109375,5.62980651855469,446181.035896579,6204174.20446834,16.4433731717102,5.31906245416755,51.9995765686035,1183.47521972656,685.304260253906,773.616027832031,64.4680023193359,0.350507944822311,0.660016119480133,0.911029279232025,5.62980651855469,9.41239929199219,14.1979217529297,1.72064328936677,2.35457766475422,3.02340932814495
"MULTIPOINT ((450655.461509326 6198719.55688877))",411,пд пов огл,с.с.,фг,145.958694458008,1.89793133735657,359.032928466797,0.00013270259660203,0.000244218565057963,С2,0.587997436523438,2.15355110168457,4.96090698242188,450655.461509326,6198719.55688877,4.84532028851868,11.2867268176382,101.979560852051,464.885375976562,594.365600585938,464.885375976562,64.4680023193359,0.522667765617371,1.08833253383636,0.935370802879333,4.96090698242188,9.86553955078125,31.5849456787109,1.31794595907135,2.36795128628091,3.34215440320301
"MULTIPOINT ((446330.933931122 6204179.73431826))",412,п2д,с.с.,морена,159.024612426758,0.854330062866211,315.890502929688,0.000161204225150868,0.000171344217960723,С2,0.518402099609375,4.12037897109985,2.93682861328125,446330.933931122,6204179.73431826,5.07466185821837,4.14696910638592,3.99996733665466,1303.78466796875,825.59326171875,904.851501464844,64.4680023193359,0.460806965827942,-1.6435649394989,-2.65618538856506,2.93682861328125,10.2061157226562,14.3258666992188,0.72185347866101,1.74768211776746,2.80913762654172
"MULTIPOINT ((450805.244320976 6198711.48785324))",413,п1д огл,с.с.,фг,142.493515014648,0.753689050674438,4.27342844009399,-2.44576567638433e-05,0.000106365827377886,С3,0.127670288085938,1.8909147977829,2.29573059082031,450805.244320976,6198711.48785324,4.40918102368965,11.3971897077247,7.99993467330933,407.7314453125,580.212036132812,407.7314453125,128.936004638672,0.113477915525436,-0.835924446582794,-0.571920692920685,2.29573059082031,10.2395782470703,29.0845489501953,0.70552040154711,1.8037113140488,4.54978032219385
"MULTIPOINT ((446480.831965665 6204185.26416818))",414,п2д,с.с.,морена,159.325164794922,2.01256489753723,144.428237915039,-0.000519235676620156,0.000572419841773808,С2,0.081939697265625,4.17835998535156,7.90597534179688,446480.831965665,6204185.26416818,7.80794219748759,11.5631664481084,73.7557525634766,1329.04187011719,709.148010253906,1033.50073242188,128.936004638672,0.0728369802236557,-0.440054446458817,-3.44951844215393,7.90597534179688,11.9671783447266,16.0570831298828,1.36797008512297,2.67686140807125,2.86743557630434
"MULTIPOINT ((447651.736240807 6198731.15478759))",415,пд пов огл,с.с.,фг,154.610076904297,1.03492903709412,5.73274993896484,0.000396000017644837,4.51871965196915e-05,С2,0.68792724609375,1.58003950119019,2.85740661621094,447651.736240807,6198731.15478759,122.893763226868,15.4179362927409,185.298248291016,273.514556884766,2540.56274414062,1594.85034179688,64.4680023193359,0.611490905284882,2.14850234985352,5.85381269454956,2.85740661621094,10.8729248046875,23.8785705566406,0.89627275112295,1.78776067794162,5.50766486740307
"MULTIPOINT ((447801.519052456 6198723.08575207))",416,пд пов огл,с.с.,фг,150.178833007812,1.62143671512604,337.337524414062,-0.000185138182132505,-0.000230703095439821,С2,-0.648590087890625,1.79548418521881,4.29985046386719,447801.519052456,6198723.08575207,52.4782130151765,13.8738988377041,92.0861587524414,347.170806884766,2467.533203125,1568.57421875,193.404006958008,-0.576534688472748,-0.738594532012939,1.24190258979797,4.29985046386719,9.39627075195312,24.8278503417969,1.24894279601423,2.53400903709295,5.02664507769797
"MULTIPOINT ((447197.143038859 6205112.30162504))",417,п2д,с.с.,морена,165.151306152344,0.974329233169556,149.869674682617,0.000477545894682407,7.03229452483356e-05,С2,0.854217529296875,1.52978575229645,3.44888305664062,447197.143038859,6205112.30162504,7.80427489456556,5.9114835066812,191.998428344727,958.3857421875,902.552001953125,1103.51440429688,64.4680023193359,0.759307861328125,2.21219182014465,4.01203680038452,3.44888305664062,13.6257934570312,21.8681945800781,0.788288898721549,3.11593625127148,4.33072329188132
"MULTIPOINT ((447047.245004316 6205106.77177512))",418,п1д,с.с.,морена,156.990432739258,3.62836360931396,156.040969848633,-0.000667885178700089,-0.000950795598328114,С2,-2.53205871582031,7.02373361587524,9.67333984375,447047.245004316,6205106.77177512,65.1609565601494,14.0903612082262,43.999641418457,867.328247070312,911.715209960938,1125.88525390625,0,-2.25072050094604,-4.91351222991943,-4.61172866821289,9.67333984375,13.0895843505859,20.1057434082031,3.15746159241254,3.15188363781753,3.79975317965969
"MULTIPOINT ((447927.094757535 6198265.66828159))",419,п2д,с.с.,морена,157.253753662109,1.36062121391296,90.4459915161133,0.000217227134271525,0.000271162716671824,С2,0.761581420898438,1.64532685279846,3.73422241210938,447927.094757535,6198265.66828159,6.75286752221978,11.8234679772073,87.9992828369141,720.774169921875,2796.75244140625,1329.04187011719,128.936004638672,0.676966369152069,1.47216701507568,1.15410530567169,3.73422241210938,10.4701843261719,18.4044799804688,0.891340855705976,2.77577031725126,4.13182878562867
"MULTIPOINT ((447796.735177031 6205092.73852887))",420,п2д,с.с.,морена,159.91423034668,2.48304080963135,50.5941505432129,0.00052353908540681,0.000316216435749084,С2,1.31158447265625,3.18057465553284,8.35005187988281,447796.735177031,6205092.73852887,28.9967531779717,13.2806846087642,142.434783935547,1112.89025878906,1067.13537597656,1112.89025878906,0,1.16583931446075,2.41316914558411,1.49439573287964,8.35005187988281,14.5863189697266,19.4789428710938,1.77110108109847,4.0877367342222,4.68377980104639
"MULTIPOINT ((447627.529134236 6198281.80635264))",421,п1д,с.с.,морена,155.30810546875,0.945909261703491,118.174728393555,-0.000210896469070576,-0.000177711859578267,С2,-0.6058349609375,2.14949250221252,3.39141845703125,447627.529134236,6198281.80635264,218.483784581433,15.3002125437657,37.7356147766113,576.619323730469,2681.43505859375,1240.06677246094,64.4680023193359,-0.538523375988007,-0.573672533035278,0.664462149143219,3.39141845703125,9.56083679199219,26.1212921142578,0.745197308683594,1.91347372695836,3.0686022109164
"MULTIPOINT ((448132.656075853 6205101.01939565))",422,п2д,с.с.,морена,153.93049621582,3.4784631729126,98.1851959228516,0.000123343037557788,0.000457783753518015,,0.908096313476562,8.03573036193848,10.8219299316406,448132.656075853,6205101.01939565,2.67592114545488,10.8977944189389,35.9997062683105,1211.24377441406,838.084045410156,1211.24377441406,0,0.807200133800507,-2.46504306793213,-4.11455965042114,10.8219299316406,16.4723510742188,17.0237274169922,2.63176964243902,3.89125078871395,3.39260860803213
"MULTIPOINT ((448076.877569185 6198257.59924607))",423,п1д,с.с.,морена,157.192047119141,1.23728358745575,115.377914428711,0.000207767938263714,-4.73942673124839e-05,С2,0.250152587890625,0.652773797512054,3.77102661132812,448076.877569185,6198257.59924607,131.125272465711,14.7896538890484,39.9996719360352,673.065734863281,2742.73266601562,1384.18676757812,128.936004638672,0.222364634275436,0.729780852794647,1.27982473373413,3.77102661132812,11.6197662353516,21.3658752441406,0.901699707550353,2.4874741251982,4.25815632393031
"MULTIPOINT ((447777.311945886 6198273.73731712))",424,п2д,с.с.,морена,156.662673950195,1.29758012294769,79.1572418212891,0.000115226248453837,0.000117513671284541,С2,0.362930297851562,1.04487812519073,3.84169006347656,447777.311945886,6198273.73731712,9.70031484336003,5.27909002978192,63.9994773864746,644.680053710938,2796.75244140625,1266.59533691406,128.936004638672,0.322597920894623,0.829100966453552,1.21918821334839,3.84169006347656,10.2882080078125,22.5659942626953,0.833542005763892,2.46661181901789,3.65096828101912
"MULTIPOINT ((446303.284681521 6204929.22449097))",425,п2д,с.с.,морена,164.010467529297,5.32567882537842,185.196426391602,0.00110482354648411,0.000677840784192085,С2,2.80545043945312,7.11519050598145,16.2885437011719,446303.284681521,6204929.22449097,9.36291151803699,12.1502570461657,101.979560852051,611.59716796875,1097.8505859375,1188.73120117188,64.4680023193359,2.49373364448547,4.19873571395874,5.04123401641846,16.2885437011719,25.8096466064453,27.6707611083984,4.16327563996097,7.38166220814764,6.69420942112649
"MULTIPOINT ((448226.660380835 6198249.53021054))",426,п1д,с.с.,морена,158.056137084961,1.01051080226898,132.82080078125,-7.05802012817003e-05,-6.5801570599433e-05,С2,-0.212615966796875,2.48648643493652,3.82411193847656,448226.660380835,6198249.53021054,30.4203481198402,13.5953718968001,191.998428344727,647.895385742188,2646.3310546875,1448.73815917969,128.936004638672,-0.189000442624092,1.07956218719482,2.27834630012512,3.82411193847656,13.0609436035156,21.3658752441406,0.665148945873711,2.24764513272568,4.40524824331315
"MULTIPOINT ((446453.182716064 6204934.75434089))",427,п2д,с.с.,морена,165.936080932617,2.3830738067627,254.782302856445,-0.000406535429647192,-0.000586013600695878,С2,-1.54937744140625,7.86722469329834,7.12431335449219,446453.182716064,6204934.75434089,40.3215559726959,13.6103869580371,128.808883666992,663.738708496094,1002.88671875,1289.36010742188,0,-1.37722444534302,1.82678842544556,5.86407852172852,7.12431335449219,21.3690185546875,27.6707611083984,1.79991077150817,3.62916549447182,6.0671389394155
"MULTIPOINT ((448376.443192485 6198241.46117502))",428,п1д,с.с.,морена,159.189483642578,1.88344407081604,57.7426147460938,9.62225822149776e-05,-5.12443839397747e-05,С2,0.0703125,1.79688310623169,5.12001037597656,448376.443192485,6198241.46117502,32.0508881898764,13.3808256400412,47.9996070861816,709.148010253906,2450.63232421875,1510.53369140625,182.343048095703,0.0624898262321949,0.940287053585052,2.71366810798645,5.12001037597656,10.8078460693359,21.2561798095703,1.54493699921199,2.53485142124718,3.59344972919404
"MULTIPOINT ((446603.080750607 6204940.28419081))",429,п2д,с.с.,морена,165.027450561523,1.59148037433624,329.406005859375,-0.000809972290880978,-0.000349599111359566,С2,-1.80894470214844,6.81621837615967,5.97355651855469,446603.080750607,6204940.28419081,86.7760567234609,14.3768314838404,14.4220876693726,735.04833984375,916.262451171875,1394.65612792969,64.4680023193359,-1.60793387889862,-0.631612658500671,3.69913077354431,5.97355651855469,10.6236114501953,25.8096466064453,1.32776415633807,2.43721539129292,4.98221219149651
"MULTIPOINT ((448526.226004135 6198233.3921395))",430,п1д,с.с.,морена,158.646499633789,1.30535197257996,91.0736923217773,6.99118681950495e-05,0.000157592876348644,С2,0.354721069335938,1.0258971452713,3.27999877929688,448526.226004135,6198233.3921395,6.42197307810477,11.7732261479488,103.999153137207,720.774169921875,2321.7431640625,1596.15270996094,128.936004638672,0.315312713384628,1.04484868049622,2.14754581451416,3.27999877929688,11.6019134521484,19.5925445556641,0.924863912988077,2.31760422722193,3.71935168219511
"MULTIPOINT ((446752.97878515 6204945.81404073))",431,п1д,с.с.,морена,163.192306518555,1.56704127788544,16.1942977905273,0.000239241635426879,0.000122324941912666,С2,0.564010620117188,2.85032749176025,4.17619323730469,446752.97878515,6204945.81404073,36.6181316921295,6.3893187139908,108.810882568359,867.328247070312,807.781799316406,1388.68322753906,128.936004638672,0.5013427734375,0.0476647205650806,-0.379325300455093,4.17619323730469,14.0009765625,18.4542846679688,1.23203089781474,1.74732773529183,3.26030718151243
"MULTIPOINT ((448676.008815784 6198225.32310397))",432,п1д огл,с.с.,фг,158.344848632812,0.89867502450943,82.5347213745117,0.000286211696220562,-3.09332790493499e-05,С2,0.398025512695312,0.927782714366913,2.81404113769531,448676.008815784,6198225.32310397,45.5785352608461,13.7329376321598,87.7261352539062,754.57861328125,2192.85986328125,1687.2890625,128.936004638672,0.353798747062683,1.34665513038635,1.73448956012726,2.81404113769531,12.1505889892578,19.5925445556641,0.712823130756926,2.05413130741085,3.7007780073495
"MULTIPOINT ((446902.876819693 6204951.34389065))",433,п1д,с.с.,морена,160.665618896484,0.612323343753815,95.8712615966797,6.41287042526528e-05,-5.90538984397426e-05,С2,0.0079345703125,1.78910255432129,3.14845275878906,446902.876819693,6204951.34389065,99.2675756360874,14.7780791546369,31.9997386932373,895.618103027344,815.462890625,1284.51574707031,64.4680023193359,0.00704108364880085,-1.56785833835602,-2.640944480896,3.14845275878906,14.6087341308594,19.6536254882812,0.489591259065773,2.37827769289876,3.14087884091869
"MULTIPOINT ((448825.791627434 6198217.25406845))",434,п1д огл,с.с.,фг,158.647888183594,1.46528780460358,108.247055053711,-6.8766821641475e-05,-4.14368187193759e-05,,-0.171890258789062,2.09790754318237,4.44525146484375,448825.791627434,6198217.25406845,33.6394140661363,13.4291991616065,90.2433700561523,815.462890625,1999.54760742188,1832.52490234375,0,-0.152786254882812,1.33569025993347,2.18485021591187,4.44525146484375,13.2251129150391,19.0047607421875,1.08266251593181,2.75207892033341,3.32522061410369
"MULTIPOINT ((447052.774854236 6204956.87374057))",435,п1д,л.с.,морена,163.469848632812,2.58258032798767,146.334671020508,4.43283133790828e-05,0.000207417368073948,С2,0.392898559570312,2.38620781898499,8.66920471191406,447052.774854236,6204956.87374057,54.7819926253995,13.9168622826522,69.8564224243164,967.02001953125,784.287109375,1251.7421875,64.4680023193359,0.3492431640625,0.504996180534363,0.626023292541504,8.66920471191406,14.6087341308594,19.5923767089844,1.72490065320851,3.46890621146272,2.95819966316908
"MULTIPOINT ((448975.574439084 6198209.18503293))",436,п1д огл,с.с.,фг,159.803604125977,1.39218819141388,95.9672546386719,0.000228904653340578,-1.35565342134214e-05,С2,0.335952758789062,0.989756405353546,3.93368530273438,448975.574439084,6198209.18503293,54.8978617336473,13.7141878668307,193.492599487305,864.929016113281,1870.68322753906,1869.57202148438,91.1715240478516,0.298614501953125,1.92721271514893,3.10157799720764,3.93368530273438,13.2251129150391,15.3430938720703,1.05310255859445,2.30816384779,3.31203891590011
"MULTIPOINT ((447202.672888779 6204962.40359049))",437,п2д,с.с.,морена,165.254989624023,0.851892173290253,21.9988384246826,-4.94927153340541e-05,1.73104053828865e-05,С2,-0.0501708984375,1.48773574829102,3.04104614257812,447202.672888779,6204962.40359049,23.1476414189229,13.0553936372158,154.348983764648,1094.05822753906,776.297546386719,1226.58740234375,182.343048095703,-0.0446048304438591,0.831914186477661,2.9680643081665,3.04104614257812,12.0182647705078,21.8681945800781,0.566015735258298,1.13938284872437,3.3508918234603
"MULTIPOINT ((449125.357250734 6198201.1159974))",438,п1д огл,с.с.,фг,159.555694580078,0.795925378799438,87.6834335327148,0.000260613916907459,-0.00019829097436741,С2,0.09722900390625,1.08413922786713,2.21168518066406,449125.357250734,6198201.1159974,27.8723293956573,13.2411351631826,159.297164916992,929.770751953125,1741.82958984375,1778.42907714844,128.936004638672,0.0864190012216568,1.10726892948151,2.5288507938385,2.21168518066406,10.7604522705078,15.3430938720703,0.677016558113033,1.76820346565619,3.0268270382011
"MULTIPOINT ((447652.366992408 6204978.99314025))",439,п2д,с.с.,морена,161.694244384766,0.681179583072662,141.954681396484,1.3137004316377e-05,-9.81320454229717e-07,С2,0.018951416015625,1.877800822258,2.17929077148438,447652.366992408,6204978.99314025,31.3417621312831,6.62228377949702,63.9994773864746,1226.58740234375,897.935363769531,1226.58740234375,64.4680023193359,0.0168440081179142,0.27575495839119,1.47940456867218,2.17929077148438,13.0221405029297,21.5232543945312,0.599588081000394,1.61127644407136,4.77617465696124
"MULTIPOINT ((449275.140062384 6198193.04696188))",440,п1д огл,с.с.,фг,158.868850708008,1.28206551074982,99.29541015625,5.44054782949388e-05,-0.000336785684339702,С2,-0.440185546875,1.9157862663269,3.39585876464844,449275.140062384,6198193.04696188,41.7924620057492,13.6462167329036,84.8521194458008,986.170776367188,1548.57458496094,1651.1865234375,128.936004638672,-0.391264170408249,-0.0437024161219597,1.14555251598358,3.39585876464844,6.22605895996094,15.8779754638672,1.07034048137843,1.59690378321693,2.3118216706902
"MULTIPOINT ((447802.265026951 6204984.52299017))",441,п2д,с.с.,морена,162.317428588867,0.993124485015869,17.0196399688721,0.000374115974409506,0.000260503788013011,С2,0.989410400390625,2.4801230430603,3.635009765625,447802.265026951,6204984.52299017,2.63591678086683,10.8827317903352,167.998626708984,1240.06677246094,951.858642578125,1240.06677246094,128.936004638672,0.879477620124817,2.3350076675415,2.90823245048523,3.635009765625,16.1654510498047,19.4789428710938,0.765708663405371,1.99423458617253,4.56209451094071
"MULTIPOINT ((447986.898474702 6204960.875093))",442,п2д,с.с.,морена,159.562042236328,1.79725205898285,81.9583358764648,0.000571990443859249,-0.0002619189908728,С2,0.484375,2.03958296775818,4.84548950195312,447986.898474702,6204960.875093,20.4253150819339,12.930275811341,15.9998693466187,1284.51574707031,975.577880859375,1284.51574707031,64.4680023193359,0.430558949708939,1.12427508831024,0.741757750511169,4.84548950195312,17.0237274169922,19.0902862548828,1.68962769805404,3.72326944865033,3.71878706989266
"MULTIPOINT ((449898.478415554 6198610.11925473))",443,п1д огл,с.с.,фг,156.896530151367,3.04993772506714,75.2203979492188,0.000219467823626474,5.62000423087738e-05,С2,0.431228637695312,2.18083047866821,7.79800415039062,449898.478415554,6198610.11925473,38.5279201857173,13.5648839225185,156.817077636719,751.819641113281,1067.13537597656,1007.02239990234,257.872009277344,0.383310943841934,1.51167857646942,2.04993152618408,7.79800415039062,13.2261810302734,24.4115905761719,2.28903505746239,3.91837112968079,5.42180540751789
"MULTIPOINT ((448138.185925773 6204951.12136111))",444,п2д,с.с.,морена,160.593032836914,2.01726627349854,100.227523803711,0.000369272078387439,0.000313132477458566,С2,1.06492614746094,3.70942282676697,7.15185546875,448138.185925773,6204951.12136111,5.59780271298922,11.902634314315,146.695755004883,1329.04187011719,847.944213867188,1329.04187011719,64.4680023193359,0.946611166000366,2.40707778930664,1.96883702278137,7.15185546875,17.0237274169922,17.6976623535156,1.2146668374937,3.60068038852149,3.23907104948527
"MULTIPOINT ((450048.261227203 6198602.05021921))",445,п1д огл,с.с.,фг,152.568252563477,1.86370575428009,42.5711975097656,-0.000180177987203933,0.000170554223586805,С2,-0.01531982421875,1.25729191303253,5.80671691894531,450048.261227203,6198602.05021921,114.557500301712,14.6545776274081,108.073165893555,867.328247070312,895.618103027344,895.618103027344,182.343048095703,-0.0136040579527617,-0.39935114979744,-0.612881422042847,5.80671691894531,15.4969177246094,24.4115905761719,1.35717594831459,2.95491614905782,5.42284859327632
"MULTIPOINT ((447974.393725947 6205066.47074915))",446,п2д,с.с.,морена,156.005996704102,3.35920095443726,83.9721298217773,0.000245989474933594,-0.000564880028832704,С2,-0.496536254882812,2.61762928962708,8.83865356445312,447974.393725947,6205066.47074915,1258.94009782359,17.0515261981672,0,1223.1943359375,969.166625976562,1223.1943359375,0,-0.441368937492371,-1.0347090959549,-2.44587779045105,8.83865356445312,16.4723510742188,19.0902862548828,2.65668760665005,4.43003695633098,3.75082709303031
"MULTIPOINT ((446158.916496898 6204773.79660651))",447,п2д,с.с.,морена,152.158767700195,0.706315875053406,78.6981582641602,-7.21147371223196e-05,-0.000690606306307018,С2,-1.1888427734375,3.36562132835388,5.93577575683594,446158.916496898,6204773.79660651,614.596316337063,16.3344664005102,3.99996733665466,709.148010253906,1153.23864746094,958.3857421875,64.4680023193359,-1.05675423145294,-3.95914483070374,-6.27639007568359,5.93577575683594,17.6387939453125,27.6707611083984,0.564742471078767,3.11600731532856,5.96575059127807
"MULTIPOINT ((450198.044038853 6198593.98118369))",448,п1д огл,с.с.,фг,151.707656860352,0.892841219902039,72.9537963867188,0.000362233608029783,0.000259756809100509,С2,0.969650268554688,3.14341568946838,2.99110412597656,450198.044038853,6198593.98118369,4.27451587582914,11.3661715949818,39.9996719360352,820.543762207031,786.932250976562,825.59326171875,128.936004638672,0.861919820308685,0.87746661901474,-0.317837178707123,2.99110412597656,12.0015258789062,24.3468475341797,0.705709130552903,2.10448992716745,5.12149330137098
"MULTIPOINT ((446308.814531441 6204779.32645643))",449,п2д,с.с.,морена,161.295623779297,2.43449592590332,171.454803466797,0.000279917730949819,-0.000203542163944803,С2,0.11993408203125,1.25224137306213,7.04208374023438,446308.814531441,6204779.32645643,121.624737166489,14.7144411239142,39.9996719360352,735.04833984375,1019.32861328125,1109.1494140625,0,0.106606379151344,0.311470180749893,1.73614299297333,7.04208374023438,24.3745727539062,27.6707611083984,1.67207192431019,5.24952908489847,6.14503115216344
"MULTIPOINT ((450347.826850503 6198585.91214816))",450,пд пов огл,с.с.,фг,149.284362792969,0.91169935464859,15.1097469329834,-0.000251537945587188,0.000264260219410062,С2,0.0197296142578125,1.25139224529266,3.03822326660156,450347.826850503,6198585.91214816,6.99645161422411,11.858903852704,83.9993133544922,735.04833984375,685.304260253906,751.819641113281,64.4680023193359,0.0175391305238008,-0.0150928106158972,-1.10853910446167,3.03822326660156,8.08197021484375,27.7716827392578,0.804151822843463,1.61945361750098,4.37522033898105
"MULTIPOINT ((446458.712565984 6204784.85630635))",451,п2д,с.с.,морена,165.366485595703,1.4836585521698,158.654235839844,7.81468334025703e-05,-4.98889203299768e-05,С2,0.04412841796875,1.68768739700317,3.98966979980469,446458.712565984,6204784.85630635,25.9266206917171,13.168771011215,73.4296340942383,778.969848632812,916.262451171875,1216.37976074219,64.4680023193359,0.0392337366938591,0.807765126228333,4.66411876678467,3.98966979980469,17.7349243164062,27.6707611083984,1.18846773018137,2.35175837187698,5.4682641886031
"MULTIPOINT ((450497.609662153 6198577.84311264))",452,пд пов огл,с.с.,фг,146.024978637695,0.921154260635376,332.779876708984,-0.00017911232134793,-0.000389155669836327,С2,-0.8858642578125,2.67946147918701,2.58065795898438,450497.609662153,6198577.84311264,45.3395692174649,13.7276808883014,7.99993467330933,634.936218261719,554.57470703125,644.680053710938,0,-0.787433207035065,-1.14223086833954,-1.71977066993713,2.58065795898438,9.162109375,30.346435546875,0.839302968274553,1.45804279840341,3.41659660068816
"MULTIPOINT ((446608.610600527 6204790.38615627))",453,п2д,с.с.,морена,166.671279907227,0.500722646713257,36.4937973022461,5.12101141794119e-05,0.000157825372298248,С2,0.3258056640625,0.772488713264465,1.62019348144531,446608.610600527,6204790.38615627,2.34182226508538,10.5276451950875,156.203704833984,840.559875488281,820.543762207031,1327.47741699219,64.4680023193359,0.289610117673874,1.00092613697052,4.72717666625977,1.62019348144531,8.19692993164062,25.8096466064453,0.368896052841853,1.16397845784039,4.24621772631127
"MULTIPOINT ((450647.392473802 6198569.77407712))",454,п1д огл,с.с.,фг,145.25129699707,1.04270195960999,352.631958007812,0.000170190542121418,3.26210056300624e-06,С3,0.270462036132812,2.13752841949463,4.55792236328125,450647.392473802,6198569.77407712,64.6543588303411,14.0825562693407,7.99993467330933,576.619323730469,490.973693847656,576.619323730469,91.1715240478516,0.240415781736374,-0.626004576683044,-0.789932250976562,4.55792236328125,7.92817687988281,34.6527404785156,0.63210927134817,1.67600287752132,3.07112431362979
"MULTIPOINT ((446758.50863507 6204795.91600619))",455,п2д,с.с.,морена,164.156982421875,1.36617887020111,27.4075756072998,0.000249219796387479,-4.291223740438e-05,С2,0.321868896484375,1.89505255222321,3.91535949707031,446758.50863507,6204795.91600619,30.4059835644761,13.3281401612488,113.841064453125,958.3857421875,697.328063964844,1499.48754882812,144.154830932617,0.286092132329941,-0.0651363432407379,0.0591723620891571,3.91535949707031,7.375244140625,18.4542846679688,1.06001340718825,1.55752774504662,2.98981035863228
"MULTIPOINT ((450797.175285452 6198561.70504159))",456,п1д огл,с.с.,фг,144.418655395508,1.24717354774475,127.154083251953,-0.000303141714539379,4.10699831263628e-05,С3,-0.408767700195312,2.00840210914612,4.451416015625,450797.175285452,6198561.70504159,12.0268552713032,4.70943774664662,48.6617050170898,554.57470703125,392.1435546875,594.365600585938,128.936004638672,-0.36335414648056,-1.01664209365845,-0.305007040500641,4.451416015625,8.27322387695312,29.410758972168,0.947266655292147,1.86123310793956,2.89966326203972
"MULTIPOINT ((446908.406669613 6204801.44585611))",457,п2д,с.с.,морена,162.280807495117,1.27969205379486,132.773361206055,-0.000243652058998123,-0.00028971055871807,С2,-0.831680297851562,0.709615051746368,4.0162353515625,446908.406669613,6204801.44585611,55.4716542398207,13.9293729002914,27.9997711181641,1049.46301269531,634.936218261719,1470.0966796875,64.4680023193359,-0.739262878894806,-2.21726059913635,-2.08979654312134,4.0162353515625,9.54255676269531,17.7813568115234,1.04383096989419,2.32452625359068,2.77805628709413
"MULTIPOINT ((447643.667205283 6198581.37197594))",458,пд пов огл,с.с.,фг,155.110397338867,0.350220799446106,252.359252929688,0.000136984235723503,0.00018068467034027,С2,0.4951171875,1.20743548870087,1.605712890625,447643.667205283,6198581.37197594,7.85668829063195,11.9748659250099,116.618087768555,322.340026855469,2550.359375,1559.27294921875,64.4680023193359,0.440107554197311,1.87991738319397,4.63342666625977,1.605712890625,6.25019836425781,25.6094055175781,0.36524718129559,1.10488112221577,5.18431469181815
"MULTIPOINT ((447058.304704156 6204806.97570603))",459,п2д,с.с.,морена,169.008697509766,2.10406446456909,134.418014526367,0.000616851611994207,0.000918924459256232,С2,2.39651489257812,7.07042694091797,6.98171997070312,447058.304704156,6204806.97570603,7.61699675708836,11.739095633103,76.9409103393555,1127.72937011719,594.365600585938,1441.54833984375,64.4680023193359,2.13022351264954,3.77916646003723,4.9092845916748,6.98171997070312,9.54255676269531,15.7527465820312,1.97613950967441,2.40996313885793,2.61910767555883
"MULTIPOINT ((447793.450016933 6198573.30294042))",460,п2д,с.с.,морена,150.011123657227,1.91533124446869,19.1025676727295,-0.000292464654194191,-0.000223972645471804,С2,-0.80584716796875,2.62187480926514,5.18646240234375,447793.450016933,6198573.30294042,27.9607104779596,13.2443010719822,61.1877326965332,455.857604980469,2576.30151367188,1594.85034179688,193.404006958008,-0.716315388679504,-1.14673137664795,-0.881824135780334,5.18646240234375,9.39627075195312,25.9986724853516,1.42332891893202,2.49046057538656,3.53281815980739
"MULTIPOINT ((447208.202738699 6204812.50555595))",461,п2д,с.с.,морена,165.931243896484,0.732533931732178,26.8323974609375,-0.000129544438095763,2.83232366200536e-05,С2,-0.157806396484375,0.768543899059296,2.62971496582031,447208.202738699,6204812.50555595,41.2780894583627,13.6338325820272,153.881820678711,1238.38989257812,583.782592773438,1419.76037597656,257.872009277344,-0.14027065038681,0.043237492442131,2.0068941116333,2.62971496582031,6.86508178710938,15.7527465820312,0.453446948061796,1.46223548269367,2.37839867272266
"MULTIPOINT ((447943.232828583 6198565.23390489))",462,п2д,с.с.,морена,149.240051269531,1.39769434928894,56.0467338562012,0.000292926270049065,0.000106640574813355,С2,0.623199462890625,4.03683423995972,4.26516723632812,447943.232828583,6198565.23390489,664.624193864423,8.25859973408915,3.99996733665466,503.511199951172,2567.41333007812,1569.8984375,128.936004638672,0.553958475589752,-1.48311221599579,-2.94793629646301,4.26516723632812,10.5575561523438,27.9480895996094,1.04333928646585,2.11554002577962,4.11921620311963
"MULTIPOINT ((448093.015640232 6198557.16486937))",463,пд пов огл,с.с.,фг,149.358901977539,2.42178678512573,146.346450805664,-0.000113861307909247,-0.000118322910566349,С3,-0.362518310546875,2.76889276504517,7.02651977539062,448093.015640232,6198557.16486937,104.148083317639,14.5593145088684,55.9995422363281,432.464508056641,2508.45971679688,1616.84924316406,128.936004638672,-0.322233408689499,-1.72113382816315,-2.37081503868103,7.02651977539062,12.1088256835938,28.8746643066406,1.8869923545609,2.74230613648374,5.05869070501313
"MULTIPOINT ((447657.896842328 6204829.09510571))",464,п2д,с.с.,морена,162.124557495117,0.42363303899765,49.9297714233398,-0.000286087248241529,-2.53051712206798e-05,,-0.4853515625,1.85266327857971,2.66403198242188,447657.896842328,6204829.09510571,30.7481029570407,13.3393290443214,136.527267456055,1355.36218261719,778.969848632812,1355.36218261719,0,-0.431430399417877,-0.671536803245544,0.778909862041473,2.66403198242188,7.34066772460938,21.5232543945312,0.440475639157956,1.50064954014065,3.21828226498062
"MULTIPOINT ((448242.798451882 6198549.09583384))",465,пд пов огл,с.с.,фг,154.806182861328,1.08859634399414,105.505760192871,0.000199045010958798,0.000232117017731071,С2,0.672210693359375,1.46560478210449,3.34976196289062,448242.798451882,6198549.09583384,13.6602961164741,12.3232069990002,180.176223754883,386.808013916016,2430.19580078125,1703.224609375,128.936004638672,0.597530782222748,3.26200890541077,3.23303198814392,3.34976196289062,15.0702209472656,28.8746643066406,0.918430620094622,2.7407872897013,5.72665932163214
"MULTIPOINT ((447807.794876871 6204834.62495563))",466,п2д,с.с.,морена,161.946884155273,0.580237090587616,15.596263885498,3.72085087292362e-05,1.85139779205201e-05,С2,0.08685302734375,0.915639638900757,1.76670837402344,447807.794876871,6204834.62495563,34.2204789515416,13.4463250090381,139.712844848633,1367.57287597656,840.559875488281,1367.57287597656,64.4680023193359,0.0772060826420784,0.331401586532593,1.50518333911896,1.76670837402344,8.69857788085938,19.4789428710938,0.486683917081179,0.725526175908531,3.76825036618944
"MULTIPOINT ((448392.581263532 6198541.02679832))",467,п1д огл,с.с.,фг,152.585479736328,2.96001243591309,44.7022132873535,0.000647633394692093,-6.08414666203316e-05,С2,0.918472290039062,5.03932285308838,9.87698364257812,448392.581263532,6198541.02679832,25.5875157303381,13.1556053101796,35.7767944335938,386.808013916016,2385.31616210938,1751.34777832031,128.936004638672,0.81641811132431,0.911682426929474,0.879605293273926,9.87698364257812,15.0702209472656,28.8746643066406,2.15812120466409,3.28558343294159,5.62933299149701
"MULTIPOINT ((447957.692911414 6204840.15480555))",468,п2д,с.с.,морена,161.281280517578,0.935744225978851,137.994674682617,-0.000349772424669936,2.96854559564963e-05,С2,-0.49908447265625,3.18671560287476,3.30961608886719,447957.692911414,6204840.15480555,8.52220398324656,12.0561757352939,116.618087768555,1391.6728515625,916.262451171875,1391.6728515625,64.4680023193359,-0.443630635738373,0.246851086616516,1.35346508026123,3.30961608886719,7.96456909179688,19.4789428710938,0.855282895516549,1.25403895766591,3.689112249569
"MULTIPOINT ((448542.364075182 6198532.9577628))",469,п1д огл,с.с.,фг,151.281188964844,2.09848999977112,126.641708374023,0.00061504845507443,-0.000367765838745981,С2,0.386947631835938,4.12507390975952,7.84909057617188,448542.364075182,6198532.9577628,25.5559277809089,13.1543700412467,62.6093940734863,407.7314453125,2346.6708984375,1770.23083496094,144.154830932617,0.343955159187317,-0.246518820524216,-0.729804933071136,7.84909057617188,12.4821624755859,28.8746643066406,1.37127516144125,2.88346777783531,5.1628941911034
"MULTIPOINT ((446164.446346818 6204623.89857197))",470,п2д,с.с.,морена,157.890899658203,2.3721227645874,149.666900634766,-1.77346246346133e-05,-1.30420266941655e-05,С2,-0.0480499267578125,1.45765089988708,7.15652465820312,446164.446346818,6204623.89857197,29.1519437010182,5.87202525956068,63.9994773864746,902.552001953125,984.061340332031,840.559875488281,64.4680023193359,-0.0427161306142807,-0.548815071582794,-1.5859979391098,7.15652465820312,11.9801788330078,25.8096466064453,1.76652316839967,3.38322335490191,4.1940138066072
"MULTIPOINT ((448692.146886832 6198524.88872727))",471,п1д огл,с.с.,фг,152.666580200195,1.0544056892395,353.244354248047,0.000316215126076713,0.000170393905136734,С2,0.758712768554688,2.57918286323547,3.03448486328125,448692.146886832,6198524.88872727,8.59636717870404,12.0648404373595,87.9992828369141,469.334136962891,2162.32250976562,1815.43542480469,193.404006958008,0.674401164054871,0.94686484336853,0.12198269367218,3.03448486328125,8.814697265625,28.8746643066406,0.766821207300765,1.23995976466531,3.90186031092723
"MULTIPOINT ((446314.344381361 6204629.42842189))",472,п2д,с.с.,морена,163.210525512695,2.24454164505005,157.065338134766,0.000147664119140245,8.31505021778867e-05,С2,0.360366821289062,0.917865037918091,6.47097778320312,446314.344381361,6204629.42842189,57.0695271511155,13.9577710435208,187.998458862305,860.110473632812,951.858642578125,1039.51525878906,91.1715240478516,0.320326060056686,1.29980933666229,2.97997212409973,6.47097778320312,17.0665435791016,27.6707611083984,1.68098403780099,3.41482995868477,5.2883026149509
"MULTIPOINT ((448841.929698481 6198516.81969175))",473,п1д огл,с.с.,фг,151.298156738281,0.344736009836197,179.839981079102,4.53623488283483e-06,0.000232269696425647,С2,0.36907958984375,1.90067076683044,1.58160400390625,448841.929698481,6198516.81969175,8.17438423777286,12.0145061357757,35.9997062683105,519.757629394531,2035.59692382812,1753.71936035156,193.404006958008,0.328072428703308,-0.377824127674103,-1.78260743618011,1.58160400390625,9.451904296875,28.2185211181641,0.346066529143185,1.62660522818793,3.81486192461565
"MULTIPOINT ((446464.242415904 6204634.95827181))",474,п2д,с.с.,морена,166.624282836914,0.813066065311432,166.118026733398,0.000261605222476646,1.74186970980372e-05,С2,0.434982299804688,0.719969630241394,3.11302185058594,446464.242415904,6204634.95827181,32.1616526846692,13.3842755768649,194.400054931641,897.935363769531,840.559875488281,1153.23864746094,64.4680023193359,0.386666178703308,2.30998301506042,5.30346298217773,3.11302185058594,10.1551055908203,27.6707611083984,0.504714907372186,1.7703494886346,4.90454672628531
"MULTIPOINT ((448991.712510131 6198508.75065623))",475,п1д огл,с.с.,фг,151.392471313477,1.4254332780838,120.010704040527,-5.94192133576144e-05,-0.000228552002226934,С2,-0.449020385742188,2.53679060935974,5.10624694824219,448991.712510131,6198508.75065623,225.265557632157,15.3307807068185,3.99996733665466,594.365600585938,1909.16735839844,1651.1865234375,144.154830932617,-0.399124145507812,-0.67854368686676,-2.67801666259766,5.10624694824219,10.4230194091797,27.2699279785156,1.45467050020782,2.42096093194203,3.73683758864813
"MULTIPOINT ((446614.140450448 6204640.48812173))",476,п2д,с.с.,морена,166.720245361328,0.981808006763458,342.221313476562,0.000383391423383728,-2.70148193521891e-05,С2,0.555694580078125,1.66080629825592,3.1820068359375,446614.140450448,6204640.48812173,16.5869483411116,4.52190760294613,70.8796005249023,951.858642578125,735.04833984375,1269.87243652344,64.4680023193359,0.49394565820694,1.54353737831116,4.16653442382812,3.1820068359375,5.98622131347656,25.8096466064453,0.78853150034132,1.23694283883396,3.67201728711487
"MULTIPOINT ((449141.495321781 6198500.6816207))",477,п1д огл,с.с.,фг,155.573593139648,0.382349193096161,200.301284790039,-3.41483391821384e-05,0.000123741861898452,,0.139633178710938,1.53218746185303,1.5189208984375,449141.495321781,6198500.6816207,6.94378910590807,5.91465286604102,63.9994773864746,712.072326660156,1706.880859375,1549.91589355469,64.4680023193359,0.124121770262718,0.311888724565506,-0.030230239033699,1.5189208984375,12.3173675537109,17.1540069580078,0.243384624016373,1.52784294153763,4.14410931737027
"MULTIPOINT ((449291.278133431 6198492.61258518))",478,п1д огл,с.с.,фг,156.679992675781,0.656812906265259,225.059387207031,7.81578128226101e-05,7.66635785112157e-05,,0.2413330078125,1.4905424118042,2.1507568359375,449291.278133431,6198492.61258518,71.9058584071476,14.1888584857661,55.9995422363281,735.04833984375,1580.45251464844,1458.74438476562,128.936004638672,0.214514836668968,-0.0539460480213165,0.701215267181396,2.1507568359375,7.67225646972656,17.6888885498047,0.461230641332106,0.935551827468688,3.77403396199967
"MULTIPOINT ((446569.901651086 6205839.67239807))",479,п2д,с.с.,морена,157.434616088867,3.45797204971313,119.998184204102,0.000543145288247615,0.00012115541176172,,1.04034423828125,2.78208661079407,9.622802734375,446569.901651086,6205839.67239807,26.599795426921,13.1944042694667,44.7209930419922,64.4680023193359,503.511199951172,807.781799316406,0,0.924740254878998,2.52409601211548,1.94212853908539,9.622802734375,18.0140075683594,19.323974609375,2.77026543303952,4.54108597495226,4.30555506116351
"MULTIPOINT ((446425.533466463 6205684.24451361))",480,п2д,с.с.,морена,155.633987426758,2.86325311660767,141.297241210938,0.0003286431892775,-0.000274887395789847,С2,0.0851593017578125,3.40014147758484,6.91770935058594,446425.533466463,6205684.24451361,25.7312118485809,4.371148574472,64.1243515014648,64.4680023193359,685.304260253906,984.061340332031,144.154830932617,0.0757056325674057,-0.172255218029022,-0.162212729454041,6.91770935058594,10.9652862548828,19.59423828125,2.56679222759688,3.36611289834326,4.07397219181428
"MULTIPOINT ((446575.431501006 6205689.77436353))",481,п2д,с.с.,морена,158.50927734375,1.34616684913635,198.019134521484,-0.000304407032672316,-0.000226505464524962,В3,-0.82794189453125,5.49890279769897,3.23069763183594,446575.431501006,6205689.77436353,6.59217677177576,11.7993843527803,39.9996719360352,144.154830932617,608.189880371094,876.859680175781,64.4680023193359,-0.735951721668243,1.00057864189148,2.49120259284973,3.23069763183594,11.5873718261719,19.59423828125,1.29344300685493,2.76476575605916,4.07661901114006
"MULTIPOINT ((449416.85383851 6198035.19511471))",482,п1д огл,с.с.,фг,160.820114135742,0.58670437335968,318.356872558594,0.000137145660119131,0.000167493781191297,С2,0.474838256835938,1.13194036483765,1.45404052734375,449416.85383851,6198035.19511471,26.8112403860397,13.2023219614013,62.4814872741699,1204.36169433594,1418.29602050781,1735.85400390625,322.340026855469,0.422083526849747,1.40988659858704,2.27586269378662,1.45404052734375,7.52589416503906,17.1809539794922,0.566970832923881,1.55637788917572,2.60647580804078
"MULTIPOINT ((446281.16528184 6205528.81662914))",483,п2д,с.с.,морена,156.306274414062,4.49218273162842,159.479949951172,0.000630299269687384,0.000533057027496397,С2,1.8248291015625,7.30229759216309,10.9791259765625,446281.16528184,6205528.81662914,29.2190890185871,4.33444328876193,76.4192657470703,91.1715240478516,958.3857421875,1031.48803710938,64.4680023193359,1.6220635175705,2.19460558891296,0.627433180809021,10.9791259765625,12.6103363037109,27.6707611083984,3.73534441890407,4.16746147062828,4.11736382508076
"MULTIPOINT ((449566.63665016 6198027.12607918))",484,п1д огл,с.с.,фг,159.297515869141,0.264939218759537,218.935928344727,-0.00023970365873538,-0.000240337889408693,С2,-0.748184204101562,2.49803519248962,1.33656311035156,449566.63665016,6198027.12607918,74.8132229149903,14.2284953907215,57.6883506774902,1226.58740234375,1289.36010742188,1663.72424316406,322.340026855469,-0.665054321289062,-0.507504820823669,0.294052809476852,1.33656311035156,8.72467041015625,17.1809539794922,0.309984907360409,1.0609629010594,2.60308250893984
"MULTIPOINT ((446431.063316383 6205534.34647906))",485,п2д,с.с.,морена,159.673797607422,0.588306427001953,49.4333000183105,0.000223082970478572,0.000717617687769234,С2,1.46624755859375,3.77710342407227,3.63092041015625,446431.063316383,6205534.34647906,2.83467249069307,10.5499726782735,141.363616943359,182.343048095703,786.932250976562,1057.35388183594,64.4680023193359,1.30332946777344,2.68000102043152,3.51373291015625,3.63092041015625,10.9652862548828,26.2370910644531,0.664898246751618,2.60920803914119,4.22003980563271
"MULTIPOINT ((449716.41946181 6198019.05704366))",486,п1д огл,с.с.,фг,161.508728027344,1.10797011852264,282.285583496094,0.000195798624190502,0.000341745821060613,С2,0.83807373046875,2.82056093215942,3.34669494628906,449716.41946181,6198019.05704366,8.0197123154836,5.1182769918854,112.070487976074,1251.7421875,1095.9560546875,1559.27294921875,193.404006958008,0.744944274425507,0.73326051235199,2.4035632610321,3.34669494628906,8.51640319824219,16.5918579101562,0.920532001282366,1.54871086865494,2.33686974669411
"MULTIPOINT ((446580.961350926 6205539.87632898))",487,п2д,с.с.,морена,158.013610839844,1.17227160930634,192.230850219727,-0.000553264922928065,4.05024038627744e-05,В3,-0.799713134765625,3.02001786231995,3.74844360351562,446580.961350926,6205539.87632898,11.8395947188157,12.3849501434661,118.455772399902,232.442687988281,720.774169921875,958.3857421875,0,-0.710840880870819,-0.600519597530365,1.38973724842072,3.74844360351562,10.8756561279297,26.2370910644531,0.98591182947557,1.60679026814058,3.91684389909449
"MULTIPOINT ((449866.202273459 6198010.98800813))",488,п1д огл,с.с.,фг,159.592468261719,1.42462289333344,263.746704101562,-0.00046660378575325,-0.000181336014065892,С2,-1.0106201171875,2.08912801742554,3.68104553222656,449866.202273459,6198010.98800813,91.3322402890635,14.4280045944362,23.9998035430908,1284.51574707031,967.02001953125,1484.16479492188,64.4680023193359,-0.898320496082306,-1.89520359039307,1.06051468849182,3.68104553222656,8.51640319824219,19.3902893066406,1.10811273476298,2.1189185522888,3.06172267977831
"MULTIPOINT ((446880.757420012 6205550.93602882))",489,п2д,с.с.,морена,156.849105834961,2.28086686134338,7.20830678939819,-0.000153772227349691,-0.000155844027176499,С2,-0.483322143554688,2.37596535682678,7.32200622558594,446880.757420012,6205550.93602882,17.3609738109033,12.7677255471829,74.7255554199219,464.885375976562,644.680053710938,751.819641113281,64.4680023193359,-0.42961460351944,-1.23089289665222,-1.18865954875946,7.32200622558594,10.8356628417969,26.2370910644531,1.82953840891504,2.78386903108561,2.518302079466
"MULTIPOINT ((450015.985085109 6198002.91897261))",490,п1д огл,с.с.,фг,160.910247802734,1.15990781784058,243.645980834961,-0.000274739257292822,-8.48748968564905e-05,С2,-0.560760498046875,2.48535776138306,3.494384765625,450015.985085109,6198002.91897261,43.6832478958793,13.6904654296889,171.998596191406,1329.04187011719,838.084045410156,1415.36267089844,64.4680023193359,-0.498460561037064,0.0767065584659576,3.63758277893066,3.494384765625,16.3968963623047,22.6504364013672,1.02583753138341,2.05710619467585,4.46621189722939
"MULTIPOINT ((447030.655454555 6205556.46587874))",491,п2д,с.с.,морена,151.429336547852,1.38614094257355,273.749359130859,-0.000668526568915695,-0.00121873198077083,В3,-2.94285583496094,6.8641562461853,5.45512390136719,447030.655454555,6205556.46587874,312.632740663094,15.6585298935349,19.9998359680176,576.619323730469,657.447204589844,694.341613769531,64.4680023193359,-2.61587858200073,-5.39113330841064,-6.53174209594727,5.45512390136719,9.92330932617188,24.7802886962891,1.49757185204666,2.30281300797414,3.01611534243066
"MULTIPOINT ((450165.767896759 6197994.84993709))",492,п1д огл,с.с.,фг,158.100723266602,3.30987524986267,318.685974121094,0.000480304617667571,-0.000160984563990496,С2,0.501007080078125,2.78018617630005,11.2801513671875,450165.767896759,6197994.84993709,79.1974546906391,14.2854449049854,140.227233886719,1297.39343261719,644.680053710938,1305.37756347656,203.86572265625,0.445348113775253,1.31665229797363,2.80491852760315,11.2801513671875,18.7070922851562,22.6504364013672,2.18979401607241,4.7279857309828,6.01293432893729
"MULTIPOINT ((447180.553489098 6205561.99572866))",493,п2д,с.с.,морена,158.783004760742,2.74020981788635,266.734649658203,0.00119411654304713,0.00136528117582202,,3.99778747558594,13.2922220230103,7.60894775390625,447180.553489098,6205561.99572866,6.29345729223193,11.75301131314,87.9992828369141,644.680053710938,694.341613769531,657.447204589844,0,3.55359220504761,3.05126214027405,1.14953625202179,7.60894775390625,9.81132507324219,19.7412414550781,2.58016460994602,2.4343252158601,3.41849194989002
"MULTIPOINT ((450315.550708409 6197986.78090157))",494,п1д огл,с.с.,фг,153.35627746582,3.01435995101929,309.804046630859,8.45989598019514e-06,0.000652539078146219,С2,1.03166198730469,4.26834344863892,8.94961547851562,450315.550708409,6197986.78090157,54.3692890243813,4.92033780417436,103.999153137207,1238.38989257812,515.744018554688,1240.06677246094,328.723602294922,0.917036294937134,0.939018726348877,-0.513866245746613,8.94961547851562,17.6479339599609,25.1488342285156,2.35471087504582,4.7307858282039,5.86462392469862
"MULTIPOINT ((447330.451523641 6205567.52557858))",495,п2д,с.с.,морена,153.48762512207,2.21782183647156,245.667999267578,0.000216441549127921,-0.000603777705691755,С2,-0.603622436523438,3.9824652671814,6.64045715332031,447330.451523641,6205567.52557858,819.478492597573,16.6221688977231,3.99996733665466,644.680053710938,786.932250976562,644.680053710938,0,-0.53656005859375,-1.79725456237793,-2.71532702445984,6.64045715332031,10.6857299804688,19.7412414550781,1.90985032725916,2.26774209997406,3.82059119283502
"MULTIPOINT ((450465.333520058 6197978.71186604))",496,п2д,с.с.,фг,146.515441894531,1.48538994789124,313.129852294922,-0.000375296658603474,-0.000358036922989413,С4,-1.14372253417969,3.51230120658875,5.50189208984375,450465.333520058,6197978.71186604,210.142127822778,15.2612848453742,11.9999017715454,1185.22985839844,386.808013916016,1231.65942382812,386.808013916016,-1.01663720607758,-3.02147555351257,-6.14690256118774,5.50189208984375,15.0122833251953,23.9424438476562,1.27426432327648,2.42224823924246,5.09873757898486
"MULTIPOINT ((446286.69513176 6205378.9185946))",497,п2д,с.с.,морена,157.064849853516,3.9615740776062,197.59700012207,0.000745499331969768,0.000643414736259729,С2,2.17546081542969,7.84435129165649,10.0037689208984,446286.69513176,6205378.9185946,23.5170356148221,13.0712258227282,110.633636474609,182.343048095703,1057.35388183594,1039.51525878906,64.4680023193359,1.93374800682068,2.78755068778992,0.939200818538666,10.0037689208984,18.1015014648438,27.6707611083984,3.11216671894006,4.01041828224264,5.37324375106425
"MULTIPOINT ((450615.116331708 6197970.64283052))",498,п2д,с.с.,фг,151.275421142578,1.15203404426575,127.999130249023,-0.000304979010252282,0.000548780371900648,С2,0.379867553710938,2.50975799560547,5.04597473144531,450615.116331708,6197970.64283052,3.27882809110816,3.13191047195172,127.058006286621,1009.08386230469,193.404006958008,1039.51525878906,193.404006958008,0.337654948234558,2.62652063369751,1.24092018604279,5.04597473144531,13.91357421875,19.2084808349609,1.00285476886694,3.41963971818269,4.21993050263158
"MULTIPOINT ((446436.593166303 6205384.44844452))",499,п2д,с.с.,морена,157.956085205078,0.540518403053284,331.260375976562,-0.000280254433164373,0.000161188654601574,С2,-0.185623168945312,1.46791517734528,2.60169982910156,446436.593166303,6205384.44844452,8.79622161397522,12.0878230116595,55.9995422363281,322.340026855469,951.858642578125,1185.22985839844,91.1715240478516,-0.164993286132812,0.0101698273792863,0.722629129886627,2.60169982910156,16.2078094482422,27.6707611083984,0.505371512297674,2.01482778892981,5.64553122166636
"MULTIPOINT ((450764.899143358 6197962.57379499))",500,п2д,с.с.,фг,150.15576171875,2.5671398639679,46.8490791320801,3.4405955375405e-05,0.000257785519352183,С2,0.455947875976562,2.17260694503784,7.70683288574219,450764.899143358,6197962.57379499,33.4510762434833,13.4235847051756,111.999084472656,895.618103027344,64.4680023193359,911.715209960938,64.4680023193359,0.405298858880997,1.29217898845673,1.34430527687073,7.70683288574219,13.91357421875,18.0980529785156,1.95900175659764,3.97393115758096,4.14179616272337
"MULTIPOINT ((446586.491200847 6205389.97829444))",501,п2д,с.с.,морена,156.3466796875,0.284861147403717,9.16944789886475,-0.000382285565137863,-0.000232476741075516,,-0.958160400390625,1.64474427700043,2.0379638671875,446586.491200847,6205389.97829444,214.149085577381,15.2801731784682,7.99993467330933,407.7314453125,897.935363769531,1097.8505859375,144.154830932617,-0.851703226566315,-3.18576383590698,-1.61481881141663,2.0379638671875,9.4100341796875,25.8096466064453,0.397939270293031,1.60528901066919,4.63879870594866
"MULTIPOINT ((446736.38923539 6205395.50814436))",502,п2д,с.с.,морена,159.427429199219,2.03756713867188,185.624649047852,0.000191353756235912,-0.000276902894256637,С2,-0.133056640625,2.43252301216125,5.38601684570312,446736.38923539,6205395.50814436,40.594279092693,13.617127892058,92.0861587524414,464.885375976562,860.110473632812,1019.32861328125,128.936004638672,-0.118257313966751,-0.438464730978012,0.152710646390915,5.38601684570312,9.4100341796875,22.6324157714844,1.61720770012983,1.88493095033144,3.42162017483748
"MULTIPOINT ((448084.946604709 6198407.38205772))",503,п1д,с.с.,морена,152.254638671875,2.31178188323975,118.473945617676,-0.000279648200375959,-0.000216686108615249,С2,-0.77490234375,2.44897174835205,7.11038208007812,448084.946604709,6198407.38205772,121.06423268003,14.7098219977676,47.9996070861816,550.814819335938,2625.04345703125,1499.48754882812,0,-0.688803791999817,-1.67621874809265,-1.85018336772919,7.11038208007812,14.3816680908203,23.5073547363281,1.71832602197121,3.25008896514031,4.55083339936555
"MULTIPOINT ((446886.287269933 6205401.03799428))",504,п2д,с.с.,морена,158.811614990234,2.07482028007507,34.2781372070312,0.000118891839520074,-0.000332370749674737,В3,-0.33270263671875,2.42027163505554,6.26022338867188,446886.287269933,6205401.03799428,57.4496226405988,5.94381780359711,146.695755004883,547.029113769531,773.616027832031,864.929016113281,64.4680023193359,-0.29572719335556,0.00406693434342742,-0.576016008853912,6.26022338867188,10.8713226318359,22.1343536376953,1.57874333103481,3.01438143320484,3.06293115352899
"MULTIPOINT ((447036.185304476 6205406.5678442))",505,п2д,с.с.,морена,155.176284790039,3.08280253410339,72.2062759399414,7.9760729931877e-06,-0.000580089574214071,В3,-0.892913818359375,4.32808017730713,8.49699401855469,447036.185304476,6205406.5678442,76.7337153950195,14.2538419311168,24.3308525085449,644.680053710938,784.287109375,815.462890625,182.343048095703,-0.793711364269257,-2.7254855632782,-3.87720131874084,8.49699401855469,13.1905822753906,18.3539733886719,2.30943829897892,3.20606695954937,3.53419901059799
"MULTIPOINT ((447186.083339019 6205412.09769412))",506,п2д,с.с.,морена,153.749725341797,3.0824613571167,79.9252700805664,-0.000694068614393473,-4.42818709416315e-05,В3,-1.15556335449219,4.15451622009277,8.49699401855469,447186.083339019,6205412.09769412,121.226444923309,14.7111609866971,48.1659851074219,751.819641113281,815.462890625,784.287109375,128.936004638672,-1.02717077732086,-3.46304225921631,-4.76286315917969,8.49699401855469,17.9787902832031,19.7412414550781,2.17512634613208,4.11307646794179,3.87574987219394
"MULTIPOINT ((447335.981373562 6205417.62754404))",507,п2д,с.с.,морена,153.209671020508,2.79629015922546,94.1274566650391,-0.000576133083086461,9.61935802479275e-06,В3,-0.886138916015625,3.62514734268188,8.81617736816406,447335.981373562,6205417.62754404,3.47692400504921,11.1596487407414,43.999641418457,773.616027832031,895.618103027344,773.616027832031,64.4680023193359,-0.787679016590118,-3.3228862285614,-3.95062375068665,8.81617736816406,19.7412414550781,19.7412414550781,2.51309970956223,4.15550626479886,4.34240248448049
"MULTIPOINT ((446292.224981681 6205229.02056006))",508,п2д,с.с.,морена,150.395355224609,3.37817287445068,210.968414306641,-0.000209016652661376,-0.000518682005349547,С2,-1.13728332519531,3.96719813346863,10.2834777832031,446292.224981681,6205229.02056006,274.446015387382,15.7950147426057,19.9998359680176,288.309661865234,1162.21337890625,1063.23352050781,128.936004638672,-1.01090490818024,-4.38863468170166,-6.22921800613403,10.2834777832031,25.6353149414062,27.6707611083984,2.47280748278459,4.22579871134267,6.1450268029822
"MULTIPOINT ((446442.123016224 6205234.55040998))",509,п2д,с.с.,морена,160.591522216797,3.34891724586487,132.608489990234,-0.000259821972576901,0.000548212963622063,С3,0.4488525390625,4.03764152526855,9.17695617675781,446442.123016224,6205234.55040998,8.5585629952147,12.0604330460962,36.8778762817383,412.796630859375,1067.13537597656,1251.7421875,203.86572265625,0.398980021476746,1.14179062843323,2.6894793510437,9.17695617675781,22.6324157714844,27.6707611083984,2.95290861138955,4.71741788932196,5.96034908639412
"MULTIPOINT ((446592.021050767 6205240.0802599))",510,п2д,с.с.,морена,158.931381225586,2.59877228736877,53.9801750183105,-0.000481999100884423,-0.000275071972282603,С3,-1.18269348144531,4.80389213562012,8.87638854980469,446592.021050767,6205240.0802599,18.9860185434904,12.8572035865779,27.9997711181641,503.511199951172,1019.32861328125,1199.17419433594,203.86572265625,-1.05128812789917,-2.28400254249573,0.111767441034317,8.87638854980469,15.8346405029297,25.8096466064453,1.92568776625802,3.62918669477856,4.83055605842929
"MULTIPOINT ((446741.91908531 6205245.61010982))",511,п1д,л.с.,морена,160.706558227539,1.46643149852753,148.989364624023,0.000310823961626738,-7.42263146094047e-05,С2,0.369186401367188,2.22602653503418,4.76325988769531,446741.91908531,6205245.61010982,51.3655588537825,14.119228052912,121.060974121094,576.619323730469,986.170776367188,1127.72937011719,91.1715240478516,0.328167378902435,-0.25777792930603,0.374311238527298,4.76325988769531,15.0567016601562,22.6324157714844,1.02074494260704,1.84096641447475,3.76981439743062
"MULTIPOINT ((446891.817119853 6205251.13995974))",512,п1д,с.с.,морена,160.557174682617,2.20117545127869,337.522094726562,0.000532839447259903,-0.000149386745761149,В3,0.59930419921875,4.18703603744507,7.11637878417969,446891.817119853,6205251.13995974,22.5236990079767,13.0280687885598,107.999114990234,685.304260253906,967.02001953125,1041.51245117188,64.4680023193359,0.532711446285248,0.440965622663498,-0.429158866405487,7.11637878417969,9.67333984375,22.1343536376953,1.63966526672651,2.03049998147484,3.83211390788437
"MULTIPOINT ((449432.991909557 6198334.76073801))",513,п1д огл,с.с.,фг,157.675582885742,1.10560369491577,100.896911621094,-5.9703324950533e-05,-2.47397038037889e-05,С2,-0.131668090820312,1.22106122970581,2.85638427734375,449432.991909557,6198334.76073801,101.410854263226,14.5326808738702,95.9992141723633,897.935363769531,1431.42199707031,1470.0966796875,0,-0.117038302123547,-0.721462965011597,-0.0660299360752106,2.85638427734375,5.52682495117188,20.9749603271484,0.836332719862394,1.42510849596776,2.37043222047076
"MULTIPOINT ((447041.715154396 6205256.66980966))",514,п1д,с.с.,морена,158.526336669922,2.08457064628601,209.485260009766,-6.88725558575243e-05,-0.00045091356150806,В3,-0.810791015625,4.03551387786865,6.91572570800781,447041.715154396,6205256.66980966,34.0529044053921,13.4414160716331,11.9999017715454,776.297546386719,975.577880859375,1000.8125,128.936004638672,-0.720704793930054,-1.72858285903931,-2.00904655456543,6.91572570800781,12.1642456054688,18.9617309570312,1.58915998850575,2.71304203906682,3.96661506311923
"MULTIPOINT ((449582.774721207 6198326.69170248))",515,п1д огл,с.с.,фг,159.033538818359,1.0786874294281,104.331916809082,5.48259777133353e-05,9.24681353353662e-06,С2,0.0998992919921875,1.93538427352905,2.74168395996094,449582.774721207,6198326.69170248,71.3006160341534,7.64976173916713,103.999153137207,911.715209960938,1240.06677246094,1359.95397949219,0,0.0888078510761261,-0.867788791656494,0.618144035339355,2.74168395996094,8.7501220703125,18.5632934570312,0.866611340948841,1.43034949028636,2.93403527167788
"MULTIPOINT ((447191.613188939 6205262.19965958))",516,п2д,с.с.,морена,163.101928710938,1.53132283687592,139.878509521484,-4.38730785390362e-05,0.000191364277270623,С2,0.229904174804688,1.21288907527924,3.93675231933594,447191.613188939,6205262.19965958,46.2892644644453,13.7484108096138,124.063484191895,867.328247070312,1000.8125,975.577880859375,64.4680023193359,0.204360961914062,2.48884248733521,3.08604693412781,3.93675231933594,15.4980621337891,20.7241821289062,1.29659474230804,3.48751863268913,4.45252507987375
"MULTIPOINT ((449732.557532857 6198318.62266696))",517,п1д огл,с.с.,фг,160.694885253906,1.71274375915527,158.246124267578,-0.00014248164370656,-4.32610358984675e-05,С2,-0.289825439453125,1.52278792858124,5.79237365722656,449732.557532857,6198318.62266696,72.6204461407811,14.1987472538906,120.331886291504,938.668273925781,1112.89025878906,1289.36010742188,0,-0.257615834474564,-0.489875644445419,2.49893522262573,5.79237365722656,9.32011413574219,19.1390991210938,1.13637912736759,2.24965668941837,3.49344383936717
"MULTIPOINT ((447341.511223482 6205267.7295095))",518,п2д,с.с.,морена,163.683258056641,3.14160346984863,0.787646293640137,-0.000240429289988242,0.000342298502800986,С2,0.157882690429688,6.39942646026611,8.13710021972656,447341.511223482,6205267.7295095,13.7343263099173,12.5333990136196,141.759201049805,967.02001953125,1049.46301269531,967.02001953125,64.4680023193359,0.140335083007812,3.93043923377991,4.76166248321533,8.13710021972656,19.7412414550781,20.7241821289062,2.43265167683548,4.14645562108343,5.01951893480392
"MULTIPOINT ((449882.340344506 6198310.55363143))",519,п1д огл,с.с.,фг,163.760101318359,1.3519161939621,106.53182220459,-7.49912360333838e-05,0.000293764547677711,С2,0.340988159179688,0.720220029354095,4.30145263671875,449882.340344506,6198310.55363143,42.5681249922308,13.931365899838,221.881042480469,981.947387695312,986.170776367188,1216.37976074219,0,0.303110748529434,2.18156504631042,6.3674488067627,4.30145263671875,12.7775115966797,19.7835693359375,0.934143459086942,2.42870921731298,4.0954752242894
"MULTIPOINT ((446297.754831601 6205079.12252552))",520,п2д,с.с.,морена,156.291320800781,6.02952337265015,152.18424987793,-0.000497768283821642,0.000121774792205542,С2,-0.597976684570312,4.01246070861816,18.7130279541016,446297.754831601,6205079.12252552,38.2955755959525,13.8255945360784,123.998985290527,432.464508056641,1231.65942382812,1162.21337890625,203.86572265625,-0.531528055667877,-1.37076807022095,-1.52563118934631,18.7130279541016,25.8096466064453,27.6707611083984,4.19773816925645,8.20063498856764,6.60631797716211
"MULTIPOINT ((450032.123156156 6198302.48459591))",521,п1д огл,с.с.,фг,165.482971191406,1.82726740837097,48.2043190002441,0.000622748048044741,0.00037501665065065,С2,1.55685424804688,2.40827465057373,6.44001770019531,450032.123156156,6198302.48459591,10.4707890822677,3.72030607862968,175.452270507812,1095.9560546875,847.944213867188,1199.17419433594,0,1.38386535644531,4.13343048095703,9.00360107421875,6.44001770019531,14.9314422607422,22.6504364013672,1.24941173746758,3.3070906923043,4.51699475614103
"MULTIPOINT ((446447.652866144 6205084.65237544))",522,п2д,с.с.,морена,169.482559204102,4.20999383926392,126.186950683594,0.00100020202808082,0.000977145275101066,С3,3.09861755371094,6.35767602920532,13.8459625244141,446447.652866144,6205084.65237544,9.69324999753689,12.1849305111582,143.107177734375,503.511199951172,1147.82006835938,1284.51574707031,144.154830932617,2.75431823730469,8.05311870574951,10.7239618301392,13.8459625244141,22.6324157714844,27.6707611083984,3.5109336122577,5.761832074192,6.13660485784999
"MULTIPOINT ((450181.905967806 6198294.41556039))",523,п1д огл,с.с.,фг,157.85041809082,2.30764675140381,48.8065643310547,-8.13312453828985e-06,-6.45945037831552e-05,С2,-0.11346435546875,1.26244699954987,6.78120422363281,450181.905967806,6198294.41556039,81.3537599707101,14.3123077966997,130.2294921875,1072.96130371094,657.447204589844,1095.9560546875,128.936004638672,-0.100855506956577,0.775300025939941,3.57760906219482,6.78120422363281,17.8326416015625,22.6504364013672,1.76778689056814,3.83799089598778,6.00394797650999
"MULTIPOINT ((446597.550900687 6205090.18222535))",524,п2д,с.с.,морена,163.202865600586,3.93110537528992,42.2886428833008,-0.000731724896468222,-0.000460998038761318,С3,-1.86869812011719,8.06704711914062,10.9938201904297,446597.550900687,6205090.18222535,30.3919196834876,13.3276775176217,59.4637908935547,594.365600585938,1072.96130371094,1305.37756347656,91.1715240478516,-1.6610701084137,-0.196076989173889,3.35980749130249,10.9938201904297,15.6015625,25.8096466064453,3.20830291828617,4.01609911216036,5.24115829062468
"MULTIPOINT ((450331.688779456 6198286.34652486))",525,п1д огл,с.с.,фг,154.623062133789,2.15730714797974,38.9742469787598,-8.62867382238619e-05,0.000140197182190605,С2,0.083892822265625,1.58522665500641,7.2105712890625,450331.688779456,6198286.34652486,34.1551153028558,13.2396258315076,179.107437133789,1009.08386230469,531.616760253906,1019.32861328125,182.343048095703,0.0745697021484375,1.21708428859711,2.14859223365784,7.2105712890625,14.5310516357422,25.1488342285156,1.45853382209303,3.64381706666571,6.07446245720151
"MULTIPOINT ((446747.44893523 6205095.71207527))",526,п1д,с.с.,морена,161.84846496582,0.209073141217232,358.806030273438,7.57447196519934e-05,-3.41039485647343e-05,С3,0.0648956298828125,1.34043252468109,1.49156188964844,446747.44893523,6205095.71207527,68.4063576754027,14.8320817929665,68.3514709472656,720.774169921875,981.947387695312,1211.24377441406,0,0.0576900914311409,0.571047425270081,-0.104247845709324,1.49156188964844,14.0009765625,20.8200225830078,0.211911912019427,1.88342947377897,3.66277613879883
"MULTIPOINT ((450481.471591106 6198278.27748934))",527,п1д огл,с.с.,фг,150.565216064453,1.59599792957306,9.4721736907959,-0.000208447483601049,0.000189142621820793,С2,-0.030364990234375,0.81737893819809,4.50215148925781,450481.471591106,6198278.27748934,5.70042270638873,3.64243297182041,135.881195068359,951.858642578125,407.7314453125,951.858642578125,265.808380126953,-0.0269792340695858,0.158939599990845,0.0276710335165262,4.50215148925781,14.2899017333984,24.4080963134766,1.23957398942941,2.67837916155355,5.22734698772529
"MULTIPOINT ((446897.346969773 6205101.2419252))",528,п1д,с.с.,морена,158.793395996094,2.59984827041626,6.83560943603516,0.000419326999690384,-0.000586605514399707,В3,-0.259628295898438,5.03451585769653,7.79092407226562,446897.346969773,6205101.2419252,261.123199931096,15.4784930707646,19.9998359680176,786.932250976562,938.668273925781,1162.21337890625,64.4680023193359,-0.230784103274345,-2.35624480247498,-3.28162026405334,7.79092407226562,13.0895843505859,22.1343536376953,2.38364624929064,2.2523762970408,3.75890926564924
"MULTIPOINT ((450631.254402755 6198270.20845382))",529,п1д,с.с.,фг,147.051071166992,1.84990751743317,337.736633300781,4.47599886683747e-05,2.83393201243598e-05,С2,0.114059448242188,1.80809116363525,5.57466125488281,450631.254402755,6198270.20845382,39.9781787874299,13.6018345193698,91.9992523193359,825.59326171875,232.442687988281,867.328247070312,193.404006958008,0.101387873291969,0.325849562883377,-0.981005787849426,5.57466125488281,8.85548400878906,19.6741333007812,1.29537503714322,2.18215825516798,3.60854507461452
"MULTIPOINT ((450781.037214405 6198262.13941829))",530,п1д,с.с.,фг,145.559677124023,1.94513487815857,253.477554321289,0.000161269985255785,-4.25692596763838e-05,С2,0.185394287109375,2.89111685752869,5.9603271484375,450781.037214405,6198262.13941829,9.58315737430287,12.1735078618903,83.9993133544922,729.372192382812,144.154830932617,776.297546386719,64.4680023193359,0.164798319339752,-0.24029977619648,-1.22376608848572,5.9603271484375,7.80757141113281,21.7795867919922,1.59217763390914,2.22380330746291,2.66374703102117
"MULTIPOINT ((444309.779346402 6202003.74393577))",531,п3д,с.с.,морена,162.223266601562,1.30302345752716,10.9053401947021,-0.000696940289344639,-0.000662965816445649,С3,-2.12059020996094,3.61615657806396,4.31820678710938,444309.779346402,6202003.74393577,157.298364549932,14.9716451574236,15.9998693466187,807.781799316406,455.857604980469,1240.06677246094,232.442687988281,-1.88497412204742,-4.79894876480103,-5.65386486053467,4.31820678710938,14.5049133300781,14.5049133300781,1.22391723319216,3.47127924599431,3.40586919586912
"MULTIPOINT ((444159.881311859 6201998.21408585))",532,п3д,с.с.,морена,173.396026611328,0.966133832931519,5.20544052124023,0.00079594150884077,0.000321362458635122,С2,1.74197387695312,3.41177868843079,3.29222106933594,444159.881311859,6201998.21408585,4.10529687813896,11.3257788058209,152.471694946289,634.936218261719,455.857604980469,1072.96130371094,193.404006958008,1.54842460155487,3.88304424285889,5.35695886611938,3.29222106933594,11.1727600097656,14.5049133300781,1.04460192624388,2.52859065611948,3.25991558272057
"MULTIPOINT ((444459.677380945 6202009.27378569))",533,п3д огл,с.с.,морена,161.367172241211,1.58952260017395,308.811462402344,-6.70982844894752e-05,-0.000389656255720183,С2,-0.712234497070312,1.53085827827454,5.18630981445312,444459.677380945,6202009.27378569,94.8611551474029,14.4659150421932,30.4628448486328,911.715209960938,490.973693847656,1355.36218261719,322.340026855469,-0.633093953132629,-3.99828791618347,-6.44309377670288,5.18630981445312,12.0414886474609,14.5049133300781,1.3158006601082,3.00993161791551,3.36992513833425
"MULTIPOINT ((444609.575415488 6202014.80363561))",534,п3д огл,с.с.,морена,161.365966796875,2.92142844200134,200.820953369141,-0.000770473212469369,-0.000421201781136915,С2,-1.86283874511719,5.07733106613159,8.15115356445312,444609.575415488,6202014.80363561,41.9221591363326,13.6493152892271,64.4975357055664,784.287109375,554.57470703125,1413.89367675781,386.808013916016,-1.65585494041443,-4.70081758499146,-6.17491149902344,8.15115356445312,12.0707855224609,14.5049133300781,2.45854884579914,3.67886624469607,3.09881358028542
"MULTIPOINT ((444759.473450031 6202020.33348553))",535,п3д огл,с.с.,морена,167.143417358398,1.13488912582397,16.5393543243408,-0.000160982919624075,-0.000185568555025384,С2,-0.540328979492188,3.07934665679932,3.47508239746094,444759.473450031,6202020.33348553,22.0780835209093,13.0080861650074,89.8880844116211,594.365600585938,685.304260253906,1279.6533203125,257.872009277344,-0.480287343263626,0.147718161344528,0.306863278150558,3.47508239746094,11.3996734619141,13.1697998046875,0.822970326052128,2.18418689155875,2.96119690475924
"MULTIPOINT ((444909.371484574 6202025.86333545))",536,п3д огл,с.с.,морена,164.190719604492,1.48969638347626,16.7256984710693,-0.000209193531190977,-0.000221598500502296,С2,-0.671859741210938,1.73194181919098,4.25054931640625,444909.371484574,6202025.86333545,99.7830890986603,14.5164994654762,19.9998359680176,469.334136962891,786.932250976562,1199.17419433594,128.936004638672,-0.597208678722382,-2.9664306640625,-1.86780250072479,4.25054931640625,7.98837280273438,15.8843536376953,1.08420519707731,1.91728993384496,3.17529005485835
"MULTIPOINT ((445059.269519117 6202031.39318537))",537,п3д огл,с.с.,морена,164.435806274414,1.68615818023682,162.47412109375,-0.000235316896578297,-0.000111178102088161,С2,-0.54058837890625,2.92159032821655,4.38291931152344,445059.269519117,6202031.39318537,16.4745216759187,12.7153157910648,55.9995422363281,347.170806884766,895.618103027344,1080.68054199219,0,-0.48051792383194,-1.47012293338776,-0.777767479419708,4.38291931152344,7.57044982910156,16.8887786865234,1.31033840268075,1.41543862965949,3.61862213175029
"MULTIPOINT ((445209.16755366 6202036.92303529))",538,п3д огл,с.с.,морена,163.485702514648,2.3046236038208,352.51171875,-0.000153927176143043,-0.00012771668843925,С4,-0.439697265625,2.77825832366943,6.83711242675781,445209.16755366,6202036.92303529,77.6731055567863,14.0612225330849,157.428070068359,182.343048095703,1067.13537597656,897.935363769531,144.154830932617,-0.390845417976379,0.312304139137268,-0.482033610343933,6.83711242675781,10.9224700927734,16.8887786865234,1.65096673561452,3.05509134887909,3.60915794921663
"MULTIPOINT ((445359.065588203 6202042.45288521))",539,п3д,с.с.,морена,159.16389465332,1.69108319282532,334.228912353516,-0.000342171901138499,3.98890479118563e-05,С2,-0.4718017578125,1.65643656253815,4.79432678222656,445359.065588203,6202042.45288521,250.947005262382,15.4387425268528,36.8778762817383,64.4680023193359,1095.9560546875,778.969848632812,265.808380126953,-0.41937255859375,-2.28493022918701,-3.73069190979004,4.79432678222656,11.8338165283203,15.1635437011719,1.43464553307955,2.70377950431688,3.21727520945255
"MULTIPOINT ((445508.963622746 6202047.98273513))",540,п3д огл,с.с.,далл,159.457321166992,2.41730904579163,123.310737609863,-0.000209661608096212,0.000237952059251256,С2,0.043548583984375,3.69049048423767,7.39791870117188,445508.963622746,6202047.98273513,33.1724231508747,4.64801555348714,39.3951110839844,64.4680023193359,1103.51440429688,663.738708496094,322.340026855469,0.0387098528444767,-1.0027459859848,-2.79859375953674,7.39791870117188,8.4813232421875,13.7920379638672,2.18394659196368,2.35683393668415,2.9093135953429
"MULTIPOINT ((445658.861657289 6202053.51258505))",541,п3д огл,с.с.,далл,159.07795715332,1.64365315437317,325.869323730469,0.000409908883739263,-0.000521431327797472,С2,-0.173355102539062,3.65387940406799,6.17314147949219,445658.861657289,6202053.51258505,1.73863403892171,10.4666005142484,3.99996733665466,193.404006958008,1080.68054199219,547.029113769531,392.1435546875,-0.154096812009811,-1.1496593952179,-2.4959499835968,6.17314147949219,8.70579528808594,9.88594055175781,1.32065342381156,2.33596060623193,2.38654724098612
"MULTIPOINT ((445808.759691832 6202059.04243497))",542,п2д огл,л.с.,далл,158.435333251953,2.64299058914185,227.644058227539,-0.000142429213155992,-0.000451183645054698,С3,-0.9266357421875,3.6843147277832,7.85063171386719,445808.759691832,6202059.04243497,66.9966946180614,14.1181440285411,11.9999017715454,322.340026855469,1125.88525390625,464.885375976562,392.1435546875,-0.823676228523254,-2.82780170440674,-3.13302302360535,7.85063171386719,9.02565002441406,9.88594055175781,2.03947088413858,2.4193178573272,2.23029338885079
"MULTIPOINT ((445958.657726376 6202064.57228489))",543,п2д огл,л.с.,далл,162.068908691406,0.844152510166168,225.691818237305,2.78477400570409e-05,-0.000169473059941083,В3,-0.22076416015625,1.92155957221985,2.87409973144531,445958.657726376,6202064.57228489,161.385326108002,14.9972955798213,11.9999017715454,432.464508056641,1183.47521972656,407.7314453125,392.1435546875,-0.196217849850655,0.145624592900276,0.286839544773102,2.87409973144531,9.02565002441406,9.772705078125,0.831949219364943,2.0499813020339,1.93718512665258
"MULTIPOINT ((446108.555760919 6202070.10213481))",544,п2д,с.с.,морена,163.251419067383,0.209310084581375,123.094581604004,2.04595362447435e-05,-8.42264489619993e-06,В3,0.018768310546875,0.842026889324188,0.727340698242188,446108.555760919,6202070.10213481,30.3173587816224,13.3252211899816,129.552032470703,611.59716796875,1289.36010742188,392.1435546875,386.808013916016,0.0166761614382267,0.730070173740387,1.21288979053497,0.727340698242188,4.84469604492188,9.72535705566406,0.175465120189264,0.811466201875472,1.65587431195566
"MULTIPOINT ((446258.453795462 6202075.63198473))",545,п2д,с.с.,морена,162.292098999023,1.53267955780029,349.455657958984,0.000324645894579589,4.06138667585765e-07,В4,0.50714111328125,2.54796504974365,4.1217041015625,446258.453795462,6202075.63198473,23.2643734556135,13.0604238985889,92.3464126586914,580.212036132812,1370.60852050781,432.464508056641,386.808013916016,0.450803965330124,0.219307720661163,0.325270861387253,4.1217041015625,4.77047729492188,8.29330444335938,1.19652174724862,1.35929664576851,1.17946680421356
"MULTIPOINT ((446408.351830005 6202081.16183465))",546,п2д огл,л.с.,далл,159.720138549805,0.832330167293549,211.609725952148,-0.000257522333413363,-0.000356064643710852,В4,-0.956497192382812,2.55564022064209,2.51708984375,446408.351830005,6202081.16183465,355.342514215367,15.7865828975289,7.99993467330933,451.276000976562,1458.74438476562,503.511199951172,386.808013916016,-0.850216329097748,-1.9773325920105,-1.74643743038177,2.51708984375,4.1217041015625,11.4008941650391,0.674826772869422,0.998595656394826,1.6480279204353
"MULTIPOINT ((446558.249864548 6202086.69168457))",547,п3д огл,л.с.,далл,161.880432128906,0.635613024234772,355.945159912109,0.000371450587408617,-3.58374345523771e-05,В2,0.523178100585938,1.17069172859192,1.78260803222656,446558.249864548,6202086.69168457,13.8256914832294,12.5400293074536,29.1202011108398,257.872009277344,1601.35192871094,644.680053710938,386.808013916016,0.465043812990189,1.18461608886719,1.22485911846161,1.78260803222656,7.53170776367188,10.4798431396484,0.622578718301464,1.76138068212657,2.53082597260008
"MULTIPOINT ((446708.147899091 6202092.22153449))",548,п3д огл,л.с.,далл,156.812484741211,2.15541863441467,348.975433349609,-0.000267576629994437,-0.000599670747760683,С2,-1.35319519042969,3.20084643363953,5.61451721191406,446708.147899091,6202092.22153449,76.6266540196131,14.2524457243496,31.9997386932373,128.936004638672,1557.93969726562,751.819641113281,265.808380126953,-1.20284354686737,-2.37471795082092,-3.66124033927917,5.61451721191406,9.13365173339844,10.5620269775391,1.75711557874267,2.81246772560025,2.46867363585647
"MULTIPOINT ((446858.045933634 6202097.75138441))",549,п3д,с.с.,далл,154.421417236328,1.05209493637085,234.125106811523,-0.000314329547109082,-0.000685321749188006,В3,-1.55844116210938,3.64043664932251,3.79057312011719,446858.045933634,6202097.75138441,669.217595685097,16.4196100068048,3.99996733665466,0,1509.1572265625,864.929016113281,144.154830932617,-1.38527762889862,-3.89186334609985,-5.73213720321655,3.79057312011719,9.11697387695312,10.5620269775391,1.29207826367294,2.23106882553773,2.43002701301048
"MULTIPOINT ((447007.943968177 6202103.28123433))",550,п3д огл,л.с.,далл,159.292984008789,0.738931179046631,193.8896484375,-0.000214495797990821,5.29134740645532e-05,С2,-0.251922607421875,2.21470975875854,2.92190551757812,447007.943968177,6202103.28123433,5.32949284160143,6.53378148854457,84.0944976806641,193.404006958008,1454.46435546875,1041.51245117188,0,-0.223921030759811,0.690183699131012,-0.619159281253815,2.92190551757812,8.40328979492188,11.8595581054688,0.48871819454254,1.97190654347116,2.20407876390687
"MULTIPOINT ((447157.84200272 6202108.81108426))",551,п2д огл,л.с.,далл,160.389739990234,0.767383992671967,337.998291015625,0.000206611162866466,9.55493087531067e-05,С3,0.471038818359375,1.80565679073334,2.98605346679688,447157.84200272,6202108.81108426,26.7048648478784,13.1983464972753,65.6043472290039,322.340026855469,1431.42199707031,1162.21337890625,128.936004638672,0.418696075677872,0.901090323925018,0.660855650901794,2.98605346679688,5.75491333007812,12.3113403320312,0.767869130789081,1.23511821983268,2.05483436161804
"MULTIPOINT ((447307.740037263 6202114.34093417))",552,п2д огл,л.с.,далл,156.518249511719,0.780605852603912,128.514755249023,-0.000676474941428751,-0.000671576650347561,С2,-2.10140991210938,5.55406045913696,3.88359069824219,447307.740037263,6202114.34093417,292.51351887099,16.2851907161181,28.8441753387451,203.86572265625,1355.36218261719,1305.37756347656,257.872009277344,-1.86791145801544,-3.32136631011963,-4.06385040283203,3.88359069824219,6.18673706054688,21.8383483886719,1.14317826718132,1.50074896038552,2.02934809138564
"MULTIPOINT ((447457.638071806 6202119.8707841))",553,п3д,с.с.,далл,160.739410400391,0.968786537647247,73.0162506103516,0.000180296803591773,0.00034690325264819,С2,0.821868896484375,4.07829856872559,3.18565368652344,447457.638071806,6202119.8707841,10.5939459580699,12.2737834463525,63.9994773864746,64.4680023193359,1355.36218261719,1488.359375,257.872009277344,0.730548441410065,0.288072854280472,-1.64614498615265,3.18565368652344,9.22846984863281,21.3043518066406,0.905592666057234,1.5069953057593,3.06923590224423
"MULTIPOINT ((447607.536106349 6202125.40063401))",554,п2д огл,л.с.,далл,161.433181762695,1.7679146528244,190.606216430664,-0.000175954250153154,0.000191446277312934,С2,0.023895263671875,2.58197236061096,4.49874877929688,447607.536106349,6202125.40063401,11.9968462598296,12.398144547992,50.1194496154785,64.4680023193359,1367.57287597656,1611.70007324219,128.936004638672,0.021240234375,-0.833922743797302,-1.60115218162537,4.49874877929688,14.0820770263672,21.3043518066406,1.47921577833319,1.99951246034993,3.93441273137176
"MULTIPOINT ((447757.434140892 6202130.93048394))",555,п2д огл,л.с.,далл,163.259338378906,1.49235439300537,248.515731811523,-0.000101252640888561,-0.00023506763682235,С3,-0.524444580078125,4.24223613739014,6.82136535644531,447757.434140892,6202130.93048394,57.5862887770266,13.9667852417257,65.11474609375,144.154830932617,1391.6728515625,1676.16809082031,0,-0.466184824705124,-0.640714049339294,-0.549790263175964,6.82136535644531,12.8692321777344,21.3043518066406,1.02415024569574,2.93840386000883,3.90217936129624
"MULTIPOINT ((447907.332175435 6202136.46033385))",556,п2д,с.с.,морена,166.456909179688,1.216193318367,180.56867980957,-3.53650511897285e-06,-6.25845350441523e-05,С2,-0.103073120117188,1.66422140598297,4.16668701171875,447907.332175435,6202136.46033385,10.1362234218608,4.35585006768454,113.70043182373,322.340026855469,1448.73815917969,1687.2890625,144.154830932617,-0.0916256383061409,-0.0530414208769798,1.25678563117981,4.16668701171875,11.7582397460938,21.3043518066406,0.895453769848168,2.31968621673475,3.24441907863311
"MULTIPOINT ((448057.230209978 6202141.99018378))",557,п2д огл,л.с.,далл,168.480819702148,1.15837454795837,266.158752441406,-0.000417648028815165,0.00045177826541476,С2,0.0529327392578125,3.69260501861572,4.09318542480469,448057.230209978,6202141.99018378,4.12080940579314,11.3295503462088,147.185745239258,432.464508056641,1499.48754882812,1706.880859375,265.808380126953,0.0470564104616642,1.10443270206451,2.67625522613525,4.09318542480469,7.20896911621094,21.3043518066406,1.36181858395621,1.44058070499623,2.65111239836801
"MULTIPOINT ((448207.128244521 6202147.5200337))",558,п2д огл,л.с.,далл,168.697387695312,0.800967276096344,255.563949584961,-0.000105794177216012,0.000183727475814521,С2,0.121444702148438,2.70894765853882,3.40635681152344,448207.128244521,6202147.5200337,1.65595181644959,10.181091782213,112.923828125,550.814819335938,1559.27294921875,1652.44458007812,347.170806884766,0.107949152588844,0.540837168693542,2.57531881332397,3.40635681152344,6.163330078125,17.8926849365234,0.969106505009388,1.01780155720731,2.17654286004002
"MULTIPOINT ((443266.022954521 6201815.13695179))",559,п3д,с.с.,морена,169.153533935547,1.20392751693726,138.345825195312,0.000379966135369614,7.67839155741967e-05,С2,0.712295532226562,1.80483543872833,3.60862731933594,443266.022954521,6201815.13695179,19.3523435010993,4.56857176471913,78.7902221679688,64.4680023193359,754.57861328125,776.297546386719,0,0.633144795894623,1.1233047246933,0.778576791286469,3.60862731933594,7.96072387695312,9.86138916015625,0.989880939645352,2.04659022979517,2.30924515052753
"MULTIPOINT ((443415.920989064 6201820.66680171))",560,п3д,с.с.,морена,170.054824829102,0.780399084091187,141.182571411133,-3.40594306180719e-05,0.000155580957653001,С2,0.189407348632812,1.10186803340912,2.63641357421875,443415.920989064,6201820.66680171,3.45406404849854,11.1530522672612,192.081741333008,144.154830932617,840.559875488281,797.425170898438,0,0.168360397219658,0.815900504589081,1.36752843856812,2.63641357421875,7.49319458007812,9.48501586914062,0.592423579023522,1.20978399688671,2.17059344114553
"MULTIPOINT ((443565.819023607 6201826.19665163))",561,п3д,с.с.,морена,171.077331542969,0.673413932323456,79.4545516967773,0.000227816592087038,0.000136856702738442,С2,0.568450927734375,1.97631657123566,2.10482788085938,443565.819023607,6201826.19665163,5.29428041748734,11.5801278157527,161.986328125,232.442687988281,778.969848632812,838.084045410156,64.4680023193359,0.505289733409882,0.935247600078583,2.33291029930115,2.10482788085938,5.59580993652344,9.48501586914062,0.401206521945047,1.0712091590977,1.97051131758232
"MULTIPOINT ((443715.71705815 6201831.72650155))",562,п3д,с.с.,морена,170.859222412109,1.53639459609985,106.891174316406,0.00014384335372597,-6.99118536431342e-05,С2,0.11541748046875,2.36566686630249,4.03604125976562,443715.71705815,6201831.72650155,127.219474185143,15.4525297623141,79.9993438720703,322.340026855469,735.04833984375,895.618103027344,64.4680023193359,0.102603487670422,0.362354189157486,1.97420179843903,4.03604125976562,4.93795776367188,10.1632385253906,1.38670536603648,1.15747971926197,1.84040017814916
"MULTIPOINT ((444604.045565568 6202164.70167015))",563,п3д огл,с.с.,морена,167.387390136719,2.71319770812988,256.254791259766,0.000444259640062228,-0.000329712725942954,С2,0.180282592773438,2.69039964675903,6.9102783203125,444604.045565568,6202164.70167015,181.209451808309,14.908367022005,63.2450370788574,815.462890625,455.857604980469,1329.04187011719,322.340026855469,0.160252884030342,-0.0987847745418549,-0.510766506195068,6.9102783203125,13.0447845458984,14.5049133300781,2.30033847729002,3.40429928150299,3.15040058170659
"MULTIPOINT ((444454.147531025 6202159.17182023))",564,п3д огл,с.с.,морена,167.717498779297,2.7007417678833,274.730438232422,0.000383480888558552,0.000113386449811514,С2,0.776596069335938,2.49958610534668,6.80105590820312,444454.147531025,6202159.17182023,40.8374832169063,13.6231011103804,101.19206237793,864.929016113281,375.909820556641,1251.7421875,322.340026855469,0.690299153327942,0.74979293346405,-0.545063257217407,6.80105590820312,13.0447845458984,14.5049133300781,1.86291810314101,3.5858752745657,3.16698025321513
"MULTIPOINT ((444753.943600111 6202170.23152007))",565,п3д огл,с.с.,морена,169.291564941406,1.35838735103607,286.205780029297,0.000241601097513922,6.90525630488992e-05,С2,0.484512329101562,1.82143151760101,4.4268798828125,444753.943600111,6202170.23152007,14.9840009260996,12.6204837713736,148.807388305664,634.936218261719,608.189880371094,1366.05249023438,257.872009277344,0.430682718753815,1.52459681034088,2.26482439041138,4.4268798828125,11.7927551269531,13.1697998046875,0.986485529350448,2.05476301287119,3.03895854210039
"MULTIPOINT ((444903.841634654 6202175.76136999))",566,п3д огл,с.с.,морена,166.247131347656,2.26922106742859,317.980987548828,-8.90939118107781e-05,5.52610072190873e-05,С2,-0.0529937744140625,2.44217491149902,7.06222534179688,444903.841634654,6202175.76136999,131.89112487765,15.0622369369619,87.7261352539062,519.757629394531,720.774169921875,1245.08386230469,128.936004638672,-0.0471021868288517,-1.00089681148529,0.00590549036860466,7.06222534179688,8.587646484375,15.5272216796875,1.69419359201755,2.35714675828428,2.98528583907967
"MULTIPOINT ((445053.739669197 6202181.29121992))",567,п3д огл,с.с.,морена,165.789978027344,0.917507708072662,298.079895019531,-0.000109646825876553,0.000216341897612438,С2,0.166259765625,1.27954936027527,2.70623779296875,445053.739669197,6202181.29121992,26.3255158623209,13.1840393981636,7.99993467330933,432.464508056641,815.462890625,1153.23864746094,0,0.147793233394623,-0.270398199558258,0.436666518449783,2.70623779296875,8.80354309082031,17.7189178466797,0.80714969911695,1.82873170809563,3.44805755823596
"MULTIPOINT ((445203.63770374 6202186.82106984))",568,п3д огл,с.с.,морена,164.298416137695,0.421469956636429,299.621063232422,0.000152922002598643,-5.14461826242041e-05,С2,0.158187866210938,1.489173412323,1.586181640625,445203.63770374,6202186.82106984,48.971444927235,13.8047381160809,62.4814872741699,257.872009277344,911.715209960938,984.061340332031,193.404006958008,0.140597879886627,0.803977489471436,0.252153664827347,1.586181640625,9.89781188964844,17.7189178466797,0.388462558722164,1.37299423697288,3.9188208968972
"MULTIPOINT ((445353.535738283 6202192.35091976))",569,п3д,с.с.,морена,163.417846679688,1.64645326137543,344.214569091797,0.000503746152389795,0.000186044417205267,С2,1.07615661621094,1.56621050834656,4.84518432617188,445353.535738283,6202192.35091976,10.7839922426855,12.29156357926,103.999153137207,128.936004638672,902.552001953125,876.859680175781,257.872009277344,0.956593811511993,2.24667453765869,0.447929829359055,4.84518432617188,10.9356536865234,15.9358520507812,1.25377054759902,2.89448021703327,3.40708657566706
"MULTIPOINT ((445503.433772826 6202197.88076968))",570,п3д,с.с.,морена,156.161224365234,1.26238036155701,340.530029296875,-0.0012455100659281,-0.000132661662064493,С4,-2.14942932128906,5.48152303695679,5.18058776855469,445503.433772826,6202197.88076968,209.658817479701,15.2589822752536,31.9997386932373,0,911.715209960938,776.297546386719,257.872009277344,-1.91059362888336,-4.12114334106445,-6.15211582183838,5.18058776855469,8.79690551757812,13.7803802490234,1.6858130684252,2.47500664207683,2.9620000937361
"MULTIPOINT ((445653.331807369 6202203.4106196))",571,п3д огл,с.с.,далл,161.420806884766,0.550479352474213,236.260711669922,-2.02354403882055e-05,0.00015867268666625,С2,0.21575927734375,1.71914660930634,2.32498168945312,445653.331807369,6202203.4106196,297.482008131897,8.59944259080399,5.6568078994751,144.154830932617,958.3857421875,644.680053710938,288.309661865234,0.191794499754906,1.33946514129639,-0.202631220221519,2.32498168945312,8.39016723632812,10.5450134277344,0.352336414032415,2.04737217274591,2.47694023156732
"MULTIPOINT ((445803.229841912 6202208.94046952))",572,п2д огл,л.с.,далл,163.04997253418,0.849810123443604,219.041702270508,0.000408502615755424,0.000106920801044907,С2,0.803543090820312,1.4925891160965,3.18055725097656,445803.229841912,6202208.94046952,4.30184542663664,11.1677575670771,99.9991836547852,265.808380126953,1009.08386230469,576.619323730469,322.340026855469,0.714260518550873,1.79940640926361,1.50981593132019,3.18055725097656,8.39016723632812,10.5450134277344,0.69724435777848,1.77106795893027,2.30298941891372
"MULTIPOINT ((445953.127876455 6202214.47031944))",573,п2д огл,л.с.,далл,163.054122924805,0.687962830066681,67.5807495117188,0.000242176931351423,2.03257986868266e-05,В3,0.409194946289062,1.42682337760925,1.91719055175781,445953.127876455,6202214.47031944,4.21130520880041,11.1464860929485,92.7785491943359,392.1435546875,1072.96130371094,531.616760253906,322.340026855469,0.363740712404251,1.27840840816498,1.27482175827026,1.91719055175781,8.42390441894531,9.772705078125,0.694205291719229,1.32843838045134,1.88750853326538
"MULTIPOINT ((446103.025910998 6202220.00016936))",574,п2д огл,л.с.,далл,163.162002563477,0.189477950334549,39.5345840454102,0.000199663409148343,5.00436954098404e-06,В3,0.319000244140625,0.939235746860504,1.14582824707031,446103.025910998,6202220.00016936,4.29984768603795,5.2204927181094,152.051391601562,583.782592773438,1188.73120117188,519.757629394531,322.340026855469,0.283547282218933,1.00699472427368,1.0537371635437,1.14582824707031,4.59736633300781,9.66799926757812,0.200072638677742,0.66399696997213,1.44133998538367
"MULTIPOINT ((446252.923945541 6202225.53001928))",575,п2д,с.с.,морена,162.016006469727,0.59126752614975,17.3839702606201,-3.30069597112015e-05,4.0591479773866e-05,С2,0.011810302734375,0.769852936267853,2.2537841796875,446252.923945541,6202225.53001928,56.8516774560218,13.9539464708893,32.2487678527832,594.365600585938,1276.4013671875,550.814819335938,322.340026855469,0.01050313282758,-0.0317631922662258,-0.0158610697835684,2.2537841796875,4.24295043945312,8.23594665527344,0.434378276356341,0.917797264579274,1.01987940039022
"MULTIPOINT ((446402.821980084 6202231.0598692))",576,п2д,с.с.,морена,161.30094909668,0.331124514341354,229.417953491211,4.62499338027555e-06,-0.000117703108116984,С3,-0.176239013671875,0.706195294857025,1.03462219238281,446402.821980084,6202231.0598692,91.660345384166,14.4315905916011,11.9999017715454,469.334136962891,1370.60852050781,608.189880371094,322.340026855469,-0.156658589839935,-0.495191931724548,-0.258936077356339,1.03462219238281,4.1217041015625,11.0583648681641,0.345544378907479,0.755015769956571,1.43091066366511
"MULTIPOINT ((446552.720014627 6202236.58971912))",577,п3д огл,л.с.,далл,162.566009521484,0.452483057975769,312.291900634766,0.000300768035231158,0.000101526828075293,В2,0.627044677734375,1.42034876346588,2.1309814453125,446552.720014627,6202236.58971912,11.8767529788098,12.6548431245469,80.4977874755859,288.309661865234,1503.63928222656,729.372192382812,322.340026855469,0.557374715805054,1.37894201278687,1.75453293323517,2.1309814453125,8.41191101074219,10.4798431396484,0.326781064965881,1.26139956117244,2.257580020503
"MULTIPOINT ((446702.61804917 6202242.11956904))",578,п3д огл,л.с.,далл,162.549331665039,0.795933485031128,291.402893066406,0.000276323349680752,0.00015435011300724,С2,0.671371459960938,1.29318606853485,2.83038330078125,446702.61804917,6202242.11956904,4.58135178168878,3.58548469244978,171.998596191406,232.442687988281,1384.18676757812,867.328247070312,257.872009277344,0.596778035163879,1.82815110683441,1.68099570274353,2.83038330078125,9.02479553222656,10.5791320800781,0.603009331731482,2.09544045753952,2.30344360966537
"MULTIPOINT ((446852.516083713 6202247.64941896))",579,п3д,с.с.,далл,159.958862304688,1.85820114612579,331.057708740234,-3.94542403228115e-05,0.000232701044296846,В4,0.30126953125,2.42774319648743,4.90452575683594,446852.516083713,6202247.64941896,54.0485379474487,13.9033832381443,23.9998035430908,193.404006958008,1329.04187011719,967.02001953125,128.936004638672,0.267803609371185,-0.0485120490193367,-0.626523911952972,4.90452575683594,9.02479553222656,10.5791320800781,1.47574543325738,2.25804923074313,2.41295258985041
"MULTIPOINT ((447002.414118256 6202253.17926888))",580,п3д огл,л.с.,далл,158.701736450195,1.08112096786499,194.01399230957,-0.000182018091436476,-6.04568276685313e-06,В3,-0.293258666992188,1.5988382101059,3.38648986816406,447002.414118256,6202253.17926888,46.2485752343985,14.0142908239939,78.7902221679688,232.442687988281,1284.51574707031,1072.96130371094,0,-0.260676056146622,-1.28408908843994,-1.74661183357239,3.38648986816406,8.90475463867188,11.1697235107422,0.739493044235655,1.66830192989134,2.36368372643982
"MULTIPOINT ((447152.312152799 6202258.7091188))",581,п2д огл,л.с.,далл,161.424880981445,1.50230836868286,1.92727911472321,0.000611224153544754,2.53637936111772e-05,С3,0.993148803710938,3.03391194343567,3.68040466308594,447152.312152799,6202258.7091188,6.09322515624887,11.3152025258601,111.999084472656,265.808380126953,1240.06677246094,1240.06677246094,193.404006958008,0.882802307605743,1.66365337371826,0.983609616756439,3.68040466308594,6.80792236328125,12.4332122802734,1.26712665741791,1.74232372890241,2.2088943085443
"MULTIPOINT ((447302.210187342 6202264.23896872))",582,п2д огл,л.с.,далл,157.21598815918,0.273336946964264,292.751800537109,-0.000139558338560164,-0.000416761846281588,С2,-0.8670654296875,1.58225405216217,1.8861083984375,447302.210187342,6202264.23896872,133.459766931279,14.8073008055434,17.8883972167969,144.154830932617,1226.58740234375,1355.36218261719,288.309661865234,-0.770728230476379,-2.94877052307129,-4.04977369308472,1.8861083984375,8.50968933105469,23.7276916503906,0.573358355486294,1.53709036903456,2.22437505882261
"MULTIPOINT ((447452.108221886 6202269.76881864))",583,п3д,с.с.,далл,158.087387084961,1.26462888717651,214.876266479492,-0.000631152128335088,-0.000128476036479697,С2,-1.1846923828125,3.25493884086609,4.64408874511719,447452.108221886,6202269.76881864,87.3698812173951,14.3836513591996,24.3308525085449,64.4680023193359,1224.89208984375,1472.92102050781,322.340026855469,-1.05305647850037,-2.22345876693726,-4.53386783599854,4.64408874511719,8.52775573730469,21.0793151855469,0.914733252644423,2.20916510028948,3.34209927643728
"MULTIPOINT ((447602.006256429 6202275.29866856))",584,п2д огл,л.с.,далл,161.811325073242,1.80335342884064,207.552978515625,-0.000417400151491165,-0.000257131701800972,В4,-1.05245971679688,2.96538901329041,6.15818786621094,447602.006256429,6202275.29866856,51.9934080601498,13.8646176868975,23.323616027832,0,1240.06677246094,1652.44458007812,144.154830932617,-0.935519754886627,-2.01009082794189,-1.93664574623108,6.15818786621094,16.9528961181641,20.6417999267578,1.40353600575205,3.19667741624746,4.48226924740262
"MULTIPOINT ((447751.904290972 6202280.82851848))",585,п2д огл,л.с.,далл,168.08642578125,3.21981739997864,223.108520507812,4.654564691009e-05,0.000300473679089919,С3,0.54193115234375,4.5264139175415,8.31291198730469,447751.904290972,6202280.82851848,19.1543757715127,12.6612446568014,161.243835449219,91.1715240478516,1266.59533691406,1773.7490234375,64.4680023193359,0.481718271970749,2.73022484779358,3.52995181083679,8.31291198730469,15.5971527099609,20.6417999267578,2.7667838905281,3.49979364622179,4.28412218363113
"MULTIPOINT ((447901.802325515 6202286.3583684))",586,п2д,с.с.,морена,166.132873535156,2.55863547325134,348.650085449219,-0.000642518338281661,-9.49013992794789e-05,С2,-1.15243530273438,6.52407169342041,8.15779113769531,447901.802325515,6202286.3583684,9.000582892277,3.92878258970348,90.5089263916016,203.86572265625,1305.37756347656,1809.70300292969,64.4680023193359,-1.02440559864044,-0.591890633106232,0.556896924972534,8.15779113769531,13.6203765869141,19.0726623535156,2.0021804596896,2.76442718220308,3.71024119996498
"MULTIPOINT ((448051.700360058 6202291.88821832))",587,п2д огл,л.с.,далл,168.301162719727,2.08403658866882,107.228446960449,-2.97136793960817e-05,0.000479116919450462,С2,0.700820922851562,3.83399128913879,6.163330078125,448051.700360058,6202291.88821832,8.04774359823434,11.7941052212426,73.7557525634766,392.1435546875,1384.18676757812,1735.85400390625,257.872009277344,0.622951924800873,1.10251975059509,1.92255747318268,6.163330078125,8.63203430175781,17.5594024658203,1.92821891101832,1.88396744664344,2.64035989422175
"MULTIPOINT ((448201.598394601 6202297.41806824))",588,п2д огл,л.с.,далл,168.655471801758,1.03921627998352,93.1403503417969,-0.000115243026812095,0.000346880260622129,С2,0.36102294921875,2.65035581588745,4.17683410644531,448201.598394601,6202297.41806824,7.11339655052872,11.8754805887328,25.2980155944824,519.757629394531,1448.73815917969,1611.70007324219,322.340026855469,0.320905894041061,1.10770809650421,2.19655060768127,4.17683410644531,8.31074523925781,16.7488250732422,1.06567131638204,1.29782798038345,2.33688135855446
"MULTIPOINT ((443260.493104601 6201965.03498633))",589,п3д,с.с.,морена,165.554016113281,0.3031867146492,108.782211303711,-0.000315633602440357,0.000108355350675993,С2,-0.323074340820312,2.12478971481323,3.80458068847656,443260.493104601,6201965.03498633,22577.0683177746,19.9381907383492,0,64.4680023193359,657.447204589844,644.680053710938,64.4680023193359,-0.287175506353378,-1.27696537971497,-2.49162673950195,3.80458068847656,6.59017944335938,9.98182678222656,0.164646359483722,1.62463773539203,2.04401828606975
"MULTIPOINT ((443410.391139144 6201970.56483625))",590,п3д,с.с.,морена,168.78532409668,0.647584319114685,137.205276489258,0.000115415430627763,-6.4398709582747e-06,С2,0.169876098632812,1.088374376297,2.41165161132812,443410.391139144,6201970.56483625,37.7152034767571,13.3387767558649,93.2944641113281,64.4680023193359,847.944213867188,673.065734863281,64.4680023193359,0.151002675294876,0.23873870074749,0.144169181585312,2.41165161132812,7.288818359375,9.25315856933594,0.401055801220443,1.82512640977571,2.0518516792392
"MULTIPOINT ((443560.289173687 6201976.09468617))",591,п3д,с.с.,морена,170.019409179688,0.424864023923874,200.145553588867,0.000139776821015403,5.84121553401928e-05,С2,0.308914184570312,1.57002472877502,1.99813842773438,443560.289173687,6201976.09468617,3.35673632541759,11.1244699146317,155.998733520508,144.154830932617,825.59326171875,720.774169921875,64.4680023193359,0.27458530664444,0.441091746091843,1.26308703422546,1.99813842773438,7.29898071289062,9.25315856933594,0.4380904364982,1.00291240353377,1.91683410123036
"MULTIPOINT ((443710.18720823 6201981.62453609))",592,п3д,с.с.,морена,168.968185424805,0.688047289848328,288.781585693359,-0.000233711471082643,-0.000231083366088569,С2,-0.724517822265625,2.55929732322693,2.34608459472656,443710.18720823,6201981.62453609,804.357324312696,17.2967234358244,3.99996733665466,265.808380126953,729.372192382812,786.932250976562,64.4680023193359,-0.644010782241821,-1.06496667861938,-0.0496128350496292,2.34608459472656,5.60499572753906,9.25859069824219,0.68176179269374,0.929576356351919,1.8764772162992
"MULTIPOINT ((443860.085242773 6201987.15438601))",593,п3д,с.с.,морена,170.022537231445,1.28692710399628,163.42024230957,-8.08180120657198e-05,-3.58593169949017e-05,С2,-0.181961059570312,2.43286752700806,3.53884887695312,443860.085242773,6201987.15438601,38.0779097907618,13.8198944847208,17.8883972167969,407.7314453125,554.57470703125,867.328247070312,64.4680023193359,-0.161739766597748,0.194533675909042,1.08956265449524,3.53884887695312,6.91581726074219,14.3172760009766,0.976971387883117,1.64596344998198,1.92743319084555
"MULTIPOINT ((444009.983277316 6201992.68423593))",594,п3д,с.с.,морена,172.438858032227,0.377097249031067,181.309005737305,-1.8239861674374e-05,0.000394096568925306,С2,0.585800170898438,1.12209749221802,1.70536804199219,444009.983277316,6201992.68423593,9.1063888889819,12.1224769873211,126.300193786621,519.757629394531,490.973693847656,967.02001953125,193.404006958008,0.520714640617371,2.29343295097351,3.82758283615112,1.70536804199219,7.3834228515625,14.3172760009766,0.550295029681187,1.81510541019275,2.52768160090388
"MULTIPOINT ((444898.311784734 6202325.65940454))",595,п3д огл,с.с.,морена,170.277847290039,1.35632133483887,335.319152832031,0.000213773368159309,0.000281421234831214,С2,0.772201538085938,1.9552149772644,3.99368286132812,444898.311784734,6202325.65940454,6.78194937645716,11.8277653237041,193.657913208008,594.365600585938,657.447204589844,1327.47741699219,128.936004638672,0.686391174793243,1.55722260475159,3.71349430084229,3.99368286132812,7.41717529296875,14.8632049560547,1.01452342303192,1.99031374428774,2.5132103534188
"MULTIPOINT ((444748.413750191 6202320.12955462))",596,п3д огл,с.с.,морена,171.444931030273,0.48896923661232,302.191528320312,2.45065507442632e-07,6.48131390335038e-05,С2,0.101394653320312,0.754083573818207,1.58192443847656,444748.413750191,6202320.12955462,9.22031556060322,6.72279363276892,252.25178527832,720.774169921875,531.616760253906,1329.04187011719,128.936004638672,0.0901336669921875,1.68615317344666,4.0541524887085,1.58192443847656,7.40478515625,13.1697998046875,0.364996197629459,1.15189465263515,2.45584630606702
"MULTIPOINT ((445048.209819277 6202331.18925446))",597,п3д огл,с.с.,морена,167.053436279297,1.27529013156891,339.377990722656,0.000108424035715871,-6.26898254267871e-05,С2,0.071380615234375,0.99596780538559,3.55693054199219,445048.209819277,6202331.18925446,6.39280645550184,11.7686741113117,84.0944976806641,469.334136962891,784.287109375,1216.37976074219,0,0.0634494349360466,0.19024284183979,1.72449231147766,3.55693054199219,8.80354309082031,17.7189178466797,1.06656059165666,2.07264460094442,3.44890574540938
"MULTIPOINT ((445198.10785382 6202336.71910438))",598,п3д огл,с.с.,морена,163.630859375,1.06052589416504,355.671234130859,-0.000139777723234147,-0.000426672195317224,,-0.883056640625,2.66136837005615,4.04512023925781,445198.10785382,6202336.71910438,850.951933712852,16.6598563892805,3.99996733665466,347.170806884766,797.425170898438,1109.1494140625,128.936004638672,-0.784949421882629,-1.33934891223907,-0.840636789798737,4.04512023925781,7.87158203125,17.7189178466797,0.93741881353791,1.72661598752751,4.31720818916044
"MULTIPOINT ((445348.005888363 6202342.2489543))",599,п3д,с.с.,морена,162.75129699707,1.54625463485718,34.3843765258789,0.000401954661356285,0.000140072850626893,С2,0.845550537109375,2.68189096450806,6.7901611328125,445348.005888363,6202342.2489543,27.9205843215367,13.2428649505229,54.4054412841797,182.343048095703,773.616027832031,958.3857421875,128.936004638672,0.751593708992004,1.53998923301697,-0.232466161251068,6.7901611328125,11.70166015625,15.9358520507812,0.715023663489673,3.0328134253967,3.58897755517443
"MULTIPOINT ((445497.903922906 6202347.77880422))",600,п3д,с.с.,морена,156.706802368164,0.86391693353653,28.6080017089844,-0.00131001463159919,0.00013771528028883,С4,-1.8277587890625,5.33024978637695,5.67610168457031,445497.903922906,6202347.77880422,31.9452049773702,13.3775228350309,28.2840404510498,64.4680023193359,784.287109375,867.328247070312,128.936004638672,-1.62467789649963,-3.96434617042542,-5.64716672897339,5.67610168457031,9.88594055175781,13.7803802490234,1.99913027661423,2.79078789211397,3.05800235866449
"MULTIPOINT ((445647.801957449 6202353.30865414))",601,п3д огл,с.с.,далл,161.846466064453,1.8289920091629,202.595275878906,0.000556445971596986,3.54846088157501e-05,С2,0.923904418945312,2.74909377098083,5.40446472167969,445647.801957449,6202353.30865414,23.9346626884535,13.355587896182,67.9994430541992,64.4680023193359,815.462890625,786.932250976562,144.154830932617,0.821253478527069,1.29342246055603,-0.00238437228836119,5.40446472167969,9.88594055175781,13.2440948486328,1.53180799957926,2.68134618609477,2.78272100268469
"MULTIPOINT ((445797.699991992 6202358.83850406))",602,п2д огл,л.с.,далл,161.618286132812,0.464156061410904,23.2488708496094,0.000144532372360118,-0.000530521385371685,В4,-0.601593017578125,2.7310733795166,2.36346435546875,445797.699991992,6202358.83850406,18.3433458746504,12.8227676305281,47.9996070861816,257.872009277344,895.618103027344,694.341613769531,193.404006958008,-0.534745931625366,-0.450537860393524,0.0652848333120346,2.36346435546875,5.9461669921875,12.0712280273438,0.795892669656835,1.24052606129212,2.48117986804232
"MULTIPOINT ((445947.598026535 6202364.36835398))",603,п2д огл,л.с.,далл,158.940841674805,0.820560157299042,77.1610336303711,-0.000578368024434894,-0.000772136962041259,В4,-2.10523986816406,5.32453966140747,3.63653564453125,445947.598026535,6202364.36835398,206.849022135231,15.2454899099121,31.9997386932373,386.808013916016,967.02001953125,657.447204589844,193.404006958008,-1.87131929397583,-3.23034834861755,-2.93643426895142,3.63653564453125,4.86817932128906,11.2989196777344,1.01184502599714,1.21940451440453,1.8711119828947
"MULTIPOINT ((446097.496061078 6202369.8982039))",604,п2д огл,л.с.,далл,163.253768920898,0.838537871837616,154.534118652344,0.000574385863728821,0.000196870256331749,С3,1.20236206054688,3.5044252872467,2.92422485351562,446097.496061078,6202369.8982039,122.588613537582,14.9890943105443,141.363616943359,515.744018554688,1049.46301269531,644.680053710938,193.404006958008,1.06876802444458,1.18920028209686,0.929750978946686,2.92422485351562,4.53236389160156,11.2989196777344,0.828880457494806,1.15759258338382,1.28808206723621
"MULTIPOINT ((446247.394095621 6202375.42805382))",605,п2д,с.с.,морена,162.030136108398,0.0702371522784233,252.360061645508,6.02023683313746e-05,1.81032064574538e-05,С2,0.122055053710938,0.89779931306839,0.473388671875,446247.394095621,6202375.42805382,8.36432318805538,12.0374761656158,67.0516662597656,663.738708496094,1147.82006835938,735.04833984375,128.936004638672,0.108483210206032,-0.107557959854603,-0.268214255571365,0.473388671875,1.95281982421875,8.66403198242188,0.0352021016358628,0.349633215479643,1.04005577252212
"MULTIPOINT ((446397.292130164 6202380.95790374))",606,п2д,с.с.,морена,161.998962402344,0.0683625042438507,317.170471191406,6.7984095949214e-05,3.00478041026508e-05,С3,0.15277099609375,0.719243705272675,0.385833740234375,446397.292130164,6202380.95790374,8.16015672002753,12.0127641191032,31.9997386932373,554.57470703125,1251.7421875,778.969848632812,128.936004638672,0.135811701416969,-0.0714992582798004,-0.017198758199811,0.385833740234375,1.70771789550781,11.6799926757812,0.0959229125354988,0.328502408631938,1.04649906799928
"MULTIPOINT ((446547.190164707 6202386.48775366))",607,п2д огл,л.с.,далл,162.210250854492,0.419312298297882,222.672653198242,-1.6572941603954e-05,3.44101572409272e-05,С3,0.027801513671875,0.65245109796524,1.2244873046875,446547.190164707,6202386.48775366,69.1414870853628,14.1496556870098,86.1619338989258,455.857604980469,1359.95397949219,840.559875488281,128.936004638672,0.0247107613831758,-0.0327830426394939,0.603153049945831,1.2244873046875,2.22560119628906,11.6864013671875,0.323540163188526,0.522044582060613,1.60196653124034
"MULTIPOINT ((446697.08819925 6202392.01760358))",608,п3д огл,л.с.,далл,163.446212768555,0.209742978215218,288.770874023438,0.000159734161570668,0.000136203409056179,С2,0.461227416992188,0.839581608772278,0.981674194335938,446697.08819925,6202392.01760358,5.48517194021932,11.6155491850126,179.99853515625,347.170806884766,1271.5078125,958.3857421875,128.936004638672,0.409991800785065,1.82054817676544,2.08172988891602,0.981674194335938,5.75827026367188,11.6864013671875,0.181235679058646,1.06540468596317,2.02606012801878
"MULTIPOINT ((446846.986233793 6202397.5474535))",609,п3д,с.с.,далл,161.423095703125,2.01844525337219,350.237121582031,0.000332268769852817,3.11482872348279e-05,С3,0.567398071289062,3.28846216201782,5.10818481445312,446846.986233793,6202397.5474535,46.0911960397217,13.7441227009132,27.9997711181641,322.340026855469,1211.24377441406,1049.46301269531,128.936004638672,0.504355549812317,0.404414594173431,0.350068300962448,5.10818481445312,5.75827026367188,11.6864013671875,1.55205558177134,1.81601159759544,2.18801740352675
"MULTIPOINT ((446996.884268336 6202403.07730342))",610,п3д огл,л.с.,далл,159.178100585938,1.51870584487915,194.252990722656,-0.000428887113230303,-2.47274383582408e-05,В3,-0.70770263671875,2.6077241897583,4.21243286132812,446996.884268336,6202403.07730342,67.3075131742667,14.1227726119075,111.999084472656,347.170806884766,1162.21337890625,1147.82006835938,0,-0.629067301750183,-1.77435088157654,-1.79617118835449,4.21243286132812,6.32354736328125,13.3336639404297,1.22451625240998,1.66160676827789,2.2256696905053
"MULTIPOINT ((447146.782302879 6202408.60715334))",611,п2д огл,л.с.,далл,161.023315429688,1.41910350322723,334.909576416016,4.70685336040333e-05,-0.000177620357135311,С2,-0.2034912109375,1.83328497409821,4.64605712890625,447146.782302879,6202408.60715334,25.6037719540034,13.1562404270109,115.999053955078,203.86572265625,1112.89025878906,1305.37756347656,128.936004638672,-0.180879384279251,0.565216660499573,-0.0804399251937866,4.64605712890625,7.21748352050781,13.3336639404297,0.98493333883196,1.79534732004426,2.16913179583386
"MULTIPOINT ((447296.680337422 6202414.13700326))",612,п2д огл,л.с.,далл,158.561889648438,0.728992760181427,296.503387451172,-8.08113836683333e-05,-0.000248344760620967,С2,-0.513076782226562,1.03129172325134,2.94123840332031,447296.680337422,6202414.13700326,102.084947632866,14.5393060310381,27.9997711181641,91.1715240478516,1097.8505859375,1415.36267089844,182.343048095703,-0.456061482429504,-2.4343888759613,-3.37882256507874,2.94123840332031,9.07156372070312,23.7276916503906,0.604474059974751,2.02032942754327,2.4786574684792
"MULTIPOINT ((447446.578371965 6202419.66685318))",613,п2д огл,л.с.,далл,161.910614013672,2.66121292114258,206.442459106445,1.29641421153792e-05,0.000273669633315876,В4,0.447265625,2.87311029434204,6.728759765625,447446.578371965,6202419.66685318,28.0394962885457,13.247114842399,139.99885559082,0,1095.9560546875,1528.31323242188,193.404006958008,0.397564351558685,0.655897200107574,-1.1976352930069,6.728759765625,9.07156372070312,21.0793151855469,2.16792891875183,2.71859105294389,4.13968333210206
"MULTIPOINT ((447596.476406508 6202425.1967031))",614,п2д огл,л.с.,далл,163.69970703125,0.319241672754288,252.66438293457,0.000231133817578666,-0.000526121119037271,С2,-0.459747314453125,3.29801511764526,3.27783203125,447596.476406508,6202425.1967031,383.186754226854,15.8620232237113,3.99996733665466,91.1715240478516,1112.89025878906,1702.00402832031,128.936004638672,-0.408665984869003,-1.95059728622437,-0.463750004768372,3.27783203125,17.5364532470703,20.6417999267578,0.736321469575365,3.21018117332953,4.53754361429812
"MULTIPOINT ((447746.374441051 6202430.72655302))",615,п2д,с.с.,морена,169.452545166016,4.15801811218262,176.676681518555,0.000220135945710354,-0.000233715065405704,С3,-0.0193939208984375,6.74981641769409,11.1478271484375,447746.374441051,6202430.72655302,17.9394312883269,7.44144070864259,84.0944976806641,91.1715240478516,1142.37585449219,1820.00830078125,0,-0.0172458216547966,2.33356022834778,4.45199060440063,11.1478271484375,16.0353088378906,20.6417999267578,3.20331362498053,4.06073084849085,4.15254436892828
"MULTIPOINT ((447896.272475594 6202436.25640294))",616,п2д,с.с.,морена,171.541931152344,3.84985446929932,354.627868652344,0.000345534353982657,0.000162965487106703,С3,0.796768188476562,5.4683575630188,9.17063903808594,447896.272475594,6202436.25640294,8.78114216020143,4.59881433319569,96.1657333374023,232.442687988281,1125.88525390625,1887.27258300781,128.936004638672,0.708231627941132,3.23576998710632,5.45975685119629,9.17063903808594,14.3172760009766,19.0726623535156,2.79114847703925,3.86575679427251,3.39467963628897
"MULTIPOINT ((448046.170510137 6202441.78625286))",617,п2д огл,л.с.,далл,162.909896850586,0.752969443798065,80.0275573730469,-0.000402156641939655,-0.000831929093692452,С2,-1.92367553710938,4.9891939163208,3.22984313964844,448046.170510137,6202441.78625286,393.319182204304,15.8881221951236,3.99996733665466,407.7314453125,1216.37976074219,1695.88842773438,128.936004638672,-1.70992195606232,-3.68064379692078,-3.74691820144653,3.22984313964844,8.798583984375,17.3214874267578,0.986989569375374,1.70392282130411,2.93945486616749
"MULTIPOINT ((448196.06854468 6202447.31610278))",618,п2д огл,л.с.,далл,167.273803710938,1.25607776641846,150.189651489258,0.000368244393030182,0.000101046745839994,С2,0.73187255859375,2.36258316040039,3.98532104492188,448196.06854468,6202447.31610278,2.95309253088306,10.9963536812322,143.609405517578,531.616760253906,1289.36010742188,1568.57421875,128.936004638672,0.650548279285431,1.10563719272614,0.580971658229828,3.98532104492188,5.81269836425781,16.7488250732422,1.17387994861296,1.51109278439043,2.65046245989157
"MULTIPOINT ((443254.963254681 6202114.93302087))",619,п3д,с.с.,морена,166.828735351562,0.723573386669159,339.473754882812,-0.000121406963444315,-4.87389070258359e-06,,-0.196853637695312,1.77718424797058,2.49545288085938,443254.963254681,6202114.93302087,24.0326090595764,6.70099026112117,75.999382019043,182.343048095703,647.895385742188,451.276000976562,64.4680023193359,-0.17498779296875,0.0519991517066956,-0.94974672794342,2.49545288085938,4.64788818359375,9.98182678222656,0.560390250292155,0.99367714195651,1.63901093892571
"MULTIPOINT ((443404.861289224 6202120.46287079))",620,п3д,с.с.,морена,165.965805053711,1.07918393611908,163.048263549805,-0.000364014966180548,-9.04846601770259e-05,С2,-0.708694458007812,1.69880151748657,3.07081604003906,443404.861289224,6202120.46287079,141.672417494208,14.867018217935,14.4220876693726,64.4680023193359,838.084045410156,490.973693847656,128.936004638672,-0.629945516586304,-1.75412178039551,-2.29389691352844,3.07081604003906,6.66819763183594,9.25315856933594,0.940891041412438,1.65082320679891,1.65459309054854
"MULTIPOINT ((443554.759323767 6202125.99272071))",621,п3д,с.с.,морена,169.388046264648,1.02813148498535,169.747406005859,0.00017305658548139,-5.84220761083998e-05,С2,0.178787231445312,0.478177815675735,2.52589416503906,443554.759323767,6202125.99272071,65.8649589205856,14.1011073134164,79.397087097168,64.4680023193359,720.774169921875,554.57470703125,0,0.15891520678997,0.612880170345306,0.836101889610291,2.52589416503906,5.74064636230469,9.25315856933594,0.795367484320933,1.60788379209458,1.69712415717197
"MULTIPOINT ((443704.65735831 6202131.52257063))",622,п2д,с.с.,морена,170.605728149414,0.160044476389885,113.185844421387,9.04083499335684e-05,7.92363643995486e-05,С2,0.264389038085938,1.54789400100708,0.940948486328125,443704.65735831,6202131.52257063,7.55308928357134,11.9354574006289,136.527267456055,182.343048095703,608.189880371094,638.20068359375,91.1715240478516,0.235024347901344,1.31405925750732,1.59467136859894,0.940948486328125,4.92465209960938,9.25859069824219,0.300555318750227,1.12467342354287,1.75495037010085
"MULTIPOINT ((443854.555392853 6202137.05242055))",623,п2д,с.с.,морена,166.890594482422,1.56476235389709,103.813423156738,-0.000537731859367341,-0.00010622607805999,С3,-1.004638671875,3.11158347129822,5.21044921875,443854.555392853,6202137.05242055,251.830087148653,15.442255347177,3.99996733665466,347.170806884766,455.857604980469,786.932250976562,64.4680023193359,-0.893015563488007,-2.62147617340088,-2.32831883430481,5.21044921875,6.91581726074219,11.3896942138672,1.2416988812175,1.74294198075354,1.55810030794474
"MULTIPOINT ((444004.453427396 6202142.58227047))",624,п3д,с.с.,морена,168.634963989258,2.20262575149536,121.851585388184,-0.00017252704128623,-0.000391849491279572,С3,-0.88067626953125,3.2876570224762,5.78814697265625,444004.453427396,6202142.58227047,37.3234162198327,13.3283343778295,91.9992523193359,464.885375976562,375.909820556641,895.618103027344,193.404006958008,-0.782808065414429,-1.26219987869263,-0.304803937673569,5.78814697265625,7.3834228515625,12.5925750732422,1.80594008559029,2.19435690572066,2.00768761064825
"MULTIPOINT ((444154.351461939 6202148.11212039))",625,п3д,с.с.,морена,172.312301635742,0.328223407268524,116.682960510254,0.00041032544686459,0.000292424636427313,С2,1.09532165527344,2.13873553276062,3.08456420898438,444154.351461939,6202148.11212039,6.35580593566729,11.7628694601716,154.400802612305,576.619323730469,328.723602294922,1009.08386230469,265.808380126953,0.973610758781433,2.63648200035095,3.90939331054688,3.08456420898438,11.1727600097656,14.5049133300781,0.612769389014222,2.16133732825002,2.62773974688404
"MULTIPOINT ((444304.249496482 6202153.64197031))",626,п3д,с.с.,морена,167.688247680664,2.85744071006775,283.038818359375,0.000413450761698186,-0.000376857991795987,С3,0.0587158203125,3.08370423316956,7.70394897460938,444304.249496482,6202153.64197031,73.2005817239016,14.2067041124094,88.0901412963867,751.819641113281,328.723602294922,1183.47521972656,322.340026855469,0.0521867536008358,-0.376341223716736,-0.68416965007782,7.70394897460938,14.5049133300781,14.5049133300781,2.38860502554986,3.26920205545904,3.16240488167111
"MULTIPOINT ((445492.374072986 6202497.67683876))",627,п3д огл,с.с.,далл,155.439498901367,2.41820669174194,186.49836730957,-0.00135679671075195,-0.000251957593718544,С3,-2.51333618164062,6.83645153045654,7.85719299316406,445492.374072986,6202497.67683876,23.5992644662462,13.3414757111141,35.9997062683105,0,657.447204589844,967.02001953125,0,-2.2340784072876,-5.29111289978027,-7.03605890274048,7.85719299316406,10.5450134277344,13.7803802490234,2.21016358612076,3.23263084792062,3.22906866474831
"MULTIPOINT ((445342.476038443 6202492.14698884))",628,п3д,с.с.,морена,161.369781494141,3.28848695755005,7.1901741027832,0.00103949848562479,-0.000178118192707188,С2,1.35008239746094,6.54151678085327,8.92245483398438,445342.476038443,6202492.14698884,31.1390874284536,13.3519646049577,51.9995765686035,128.936004638672,644.680053710938,1049.46301269531,0,1.20006990432739,0.206809535622597,-1.7676990032196,8.92245483398438,12.5067901611328,15.9358520507812,2.7420674502451,3.44551940776374,3.66509803675573
"MULTIPOINT ((445642.272107529 6202503.20668868))",629,п3д огл,с.с.,далл,164.887008666992,0.858144342899323,178.320297241211,0.000556111976038665,0.00054475263459608,С2,1.71614074707031,3.48283338546753,3.77714538574219,445642.272107529,6202503.20668868,2.03326730174099,2.91965880936844,143.107177734375,128.936004638672,634.936218261719,951.858642578125,0,1.52546012401581,3.75724482536316,2.83849382400513,3.77714538574219,11.0554809570312,12.5067901611328,0.69520633773755,3.15956420197742,2.9423216103312
"MULTIPOINT ((445792.170142072 6202508.7365386))",630,п2д огл,л.с.,далл,162.839614868164,0.64163613319397,347.071838378906,7.7874239650555e-05,-0.000155493427882902,С3,-0.1209716796875,0.889782845973969,2.11088562011719,445792.170142072,6202508.7365386,95.8675885760557,14.4764686981376,40.1991729736328,288.309661865234,735.04833984375,876.859680175781,0,-0.107525296509266,-0.0617417320609093,1.04033637046814,2.11088562011719,6.45663452148438,12.0712280273438,0.559574820016012,1.38390335308144,2.59604387618874
"MULTIPOINT ((445942.068176615 6202514.26638852))",631,п2д огл,л.с.,далл,161.190124511719,1.08001971244812,290.529571533203,-0.000139999523526058,-0.000206026088562794,С3,-0.539474487304688,1.32015860080719,3.06275939941406,445942.068176615,6202514.26638852,248.188671620521,15.4276899740134,31.9997386932373,407.7314453125,820.543762207031,847.944213867188,0,-0.479531168937683,-1.40947461128235,-1.07441508769989,3.06275939941406,6.22572326660156,10.9737243652344,0.979901961292898,1.44825515586418,1.44644683371271
"MULTIPOINT ((446091.966211158 6202519.79623844))",632,п2д огл,л.с.,далл,162.849365234375,0.62029230594635,200.215805053711,0.000392685789847746,9.81805278570391e-05,С3,0.765151977539062,2.67294812202454,2.35188293457031,446091.966211158,6202519.79623844,5.32160586472482,11.5852758565022,135.350296020508,531.616760253906,916.262451171875,838.084045410156,0,0.680140197277069,0.639336407184601,0.0539681650698185,2.35188293457031,6.22572326660156,9.39141845703125,0.560964255803921,1.06956862533415,1.18138548639979
"MULTIPOINT ((446241.864245701 6202525.32608836))",633,п2д,с.с.,морена,161.865310668945,0.064074382185936,18.3918075561523,-1.95733719010605e-05,-2.75145193882054e-05,В4,-0.073394775390625,0.283269047737122,0.32843017578125,446241.864245701,6202525.32608836,31.6600630917939,13.3685567916687,39.9996719360352,720.774169921875,1072.96130371094,860.110473632812,0,-0.0652347132563591,-0.465640932321548,-0.656678915023804,0.32843017578125,2.41923522949219,8.39790344238281,0.0904739154319419,0.367415960576789,1.14891635877477
"MULTIPOINT ((446391.762280244 6202530.85593828))",634,п2д,с.с.,морена,161.583404541016,0.257295697927475,235.667831420898,-0.000191409242688678,-0.000114276706881355,С3,-0.476425170898438,1.16191065311432,0.99365234375,446391.762280244,6202530.85593828,720.815429063764,16.7606432777891,7.99993467330933,638.20068359375,1183.47521972656,897.935363769531,0,-0.423500895500183,-0.73835414648056,-0.769899785518646,0.99365234375,2.41923522949219,10.6973419189453,0.277396300266879,0.554182062931714,1.08390651891936
"MULTIPOINT ((446541.660314787 6202536.3857882))",635,п2д,с.с.,морена,162.891799926758,0.33569923043251,187.083755493164,0.000115482849651016,9.90358093986288e-05,С3,0.3343505859375,1.15746903419495,1.03829956054688,446541.660314787,6202536.3857882,3.36790555485637,11.1277917985055,61.0568504333496,554.57470703125,1279.6533203125,951.858642578125,0,0.297200530767441,0.414373278617859,0.851902306079865,1.03829956054688,2.71498107910156,10.6973419189453,0.314475063630815,0.541596216606215,1.27081384618376
"MULTIPOINT ((446691.55834933 6202541.91563812))",636,п3д огл,л.с.,далл,162.602935791016,0.77634060382843,60.4798774719238,0.000150412670336664,-4.00519129470922e-05,С2,0.172073364257812,1.47526621818542,2.54293823242188,446691.55834933,6202541.91563812,60.2233675427596,14.0115611865862,83.2339324951172,469.334136962891,1162.21337890625,1057.35388183594,0,0.152943924069405,0.565293610095978,0.710646748542786,2.54293823242188,5.75657653808594,10.6973419189453,0.551575062709338,0.900324577620346,1.71756362751964
"MULTIPOINT ((446841.456383873 6202547.44548804))",637,п3д огл,л.с.,далл,161.654434204102,1.18956708908081,21.5720024108887,0.000192087827599607,0.000332598079694435,С2,0.81805419921875,3.87499356269836,3.84867858886719,446841.456383873,6202547.44548804,30.1024533955654,13.3181074210174,19.9998359680176,451.276000976562,1095.9560546875,1140.55541992188,0,0.72716099023819,0.117672979831696,0.064187079668045,3.84867858886719,5.44831848144531,10.6973419189453,0.907041023876946,1.41309265979366,1.80784025492757
"MULTIPOINT ((446991.354418416 6202552.97533796))",638,п2д огл,л.с.,далл,159.829391479492,1.36101496219635,193.134063720703,-0.000549559306818992,-2.07583034352865e-05,В3,-0.889602661132812,2.75024271011353,3.80886840820312,446991.354418416,6202552.97533796,25.6142140363245,12.9518609006521,66.5727233886719,386.808013916016,1041.51245117188,1231.65942382812,0,-0.79075962305069,-1.79038155078888,-1.68440115451813,3.80886840820312,6.00160217285156,12.3446044921875,1.0878452165876,1.54994172371399,1.87431189568688
"MULTIPOINT ((447141.252452959 6202558.50518788))",639,п2д огл,л.с.,далл,163.054336547852,1.12228798866272,327.853546142578,0.000153596571180969,5.14963212481234e-05,С2,0.319808959960938,1.38722312450409,3.29548645019531,447141.252452959,6202558.50518788,20.1088560136448,12.7098737831831,123.998985290527,193.404006958008,986.170776367188,1379.67553710938,0,0.284267842769623,1.86776614189148,1.26777803897858,3.29548645019531,6.23672485351562,12.3446044921875,0.847693069346142,1.51850459647902,2.24238846161049
"MULTIPOINT ((447291.150487502 6202564.0350378))",640,п2д огл,л.с.,далл,160.255935668945,0.446533441543579,324.005035400391,-0.000357313343556598,-0.00022898918541614,В4,-0.913848876953125,2.5702657699585,2.96705627441406,447291.150487502,6202564.0350378,127.034697871229,14.7579610051535,23.9998035430908,64.4680023193359,904.851501464844,1521.49951171875,0,-0.812306702136993,-2.32278752326965,-2.57964158058167,2.96705627441406,7.30368041992188,21.3637390136719,1.08146134650208,1.82149531309617,3.00363277017863
"MULTIPOINT ((447441.048522045 6202569.56488772))",641,п2д огл,л.с.,далл,164.501770019531,1.85979175567627,187.164443969727,0.000449576764367521,0.000199456539121456,В4,1.01283264160156,3.04500675201416,5.48667907714844,447441.048522045,6202569.56488772,16.5544017248465,12.720152776134,147.998794555664,64.4680023193359,902.552001953125,1627.09887695312,0,0.900288879871368,1.61581671237946,0.82227349281311,5.48667907714844,7.30368041992188,20.6417999267578,1.44248430281136,2.06385945114185,4.14223232650043
"MULTIPOINT ((447590.946556588 6202575.09473764))",642,п2д,с.с.,морена,164.097061157227,2.5563337802887,188.657043457031,-0.00191937363706529,0.000463810749351978,В4,-2.27680969238281,7.87670612335205,9.72674560546875,447590.946556588,6202575.09473764,924.628310924164,16.7428925751567,3.99996733665466,257.872009277344,923.041320800781,1791.23620605469,0,-2.02382230758667,-3.34863519668579,-0.347783535718918,9.72674560546875,15.2494354248047,20.6417999267578,2.89274364529112,4.39774418261743,4.08139984967453
"MULTIPOINT ((447740.844591131 6202580.62458756))",643,п2д,с.с.,морена,175.270706176758,3.1882381439209,222.17448425293,0.00105470407288522,0.000263327819993719,С3,2.06251525878906,4.99607801437378,11.0840454101562,447740.844591131,6202580.62458756,28.2664745987516,13.2551772036771,148.861129760742,265.808380126953,958.3857421875,1903.71728515625,0,1.83334684371948,7.04072904586792,10.0994300842285,11.0840454101562,14.0813446044922,20.6417999267578,2.44191894178465,4.38351990317735,3.60470383130089
"MULTIPOINT ((447890.742625674 6202586.15443748))",644,п2д,с.с.,морена,170.958709716797,4.3186149597168,9.86952018737793,-7.42958800401539e-05,0.000271381461061537,С3,0.307373046875,5.35320329666138,10.5574798583984,447890.742625674,6202586.15443748,36.6913432135972,13.5160415919239,79.9993438720703,322.340026855469,1009.08386230469,1874.01281738281,0,0.273227274417877,2.51955795288086,4.94551277160645,10.5574798583984,14.3172760009766,19.0726623535156,3.15091374906354,4.29993721278624,3.33457244781326
"MULTIPOINT ((448040.640660217 6202591.6842874))",645,п2д огл,л.с.,далл,164.396118164062,0.980016529560089,243.442260742188,-9.74598806351423e-05,-0.0003034463734366,С2,-0.624969482421875,2.03712439537048,3.73812866210938,448040.640660217,6202591.6842874,252.107700950984,16.1364724051214,27.9997711181641,464.885375976562,1109.1494140625,1681.11975097656,0,-0.555528402328491,-2.02014970779419,-2.08069396018982,3.73812866210938,8.798583984375,19.0606842041016,1.07509017879884,1.51832152090651,3.16314822547068
"MULTIPOINT ((448190.53869476 6202597.21413732))",646,п2д огл,л.с.,далл,166.826690673828,0.397837787866592,227.848434448242,0.000222698028665036,9.92332425084896e-05,С2,0.50177001953125,1.42842900753021,2.31953430175781,448190.53869476,6202597.21413732,4.37635680390235,11.3897173427624,139.712844848633,576.619323730469,1188.73120117188,1552.59509277344,0,0.446022868156433,0.79275918006897,0.307172507047653,2.31953430175781,5.73382568359375,19.0606842041016,0.438756483717332,1.39090869010239,2.72155820713761
"MULTIPOINT ((442949.637335675 6202253.77135557))",647,п3д,с.с.,морена,167.995758056641,0.268727213144302,100.283378601074,-6.6953849454876e-05,1.88809872270213e-06,С2,-0.101409912109375,0.974258720874786,0.762435913085938,442949.637335675,6202253.77135557,22.1183362798612,13.0099077048635,104.076049804688,364.686096191406,432.464508056641,412.796630859375,64.4680023193359,-0.0901438370347023,0.19909542798996,0.777606606483459,0.762435913085938,3.68144226074219,10.8241271972656,0.232592162412448,0.435324375644261,1.63121726484696
"MULTIPOINT ((443099.535370218 6202259.3012055))",648,п3д,с.с.,морена,167.729751586914,0.404823899269104,38.2621154785156,4.13247653341386e-06,-3.85975508834235e-05,,-0.0537261962890625,0.688486456871033,1.28543090820312,443099.535370218,6202259.3012055,25.3057226515382,13.1445313063423,79.9993438720703,257.872009277344,550.814819335938,347.170806884766,0,-0.0477481409907341,0.318300515413284,0.303560793399811,1.28543090820312,2.97203063964844,10.2328186035156,0.296896015853889,0.512252169025323,1.50958381526629
"MULTIPOINT ((443249.433404761 6202264.83105542))",649,п3д,с.с.,морена,166.803787231445,0.305369287729263,17.6455917358398,-0.000112833520688582,-5.36961051693652e-05,,-0.259552001953125,1.22132802009583,1.34352111816406,443249.433404761,6202264.83105542,6176.30686102893,18.6419765209436,0,128.936004638672,673.065734863281,322.340026855469,64.4680023193359,-0.230714589357376,-0.29791134595871,-0.895439267158508,1.34352111816406,3.20745849609375,10.2328186035156,0.23937844847425,0.687722749212648,1.41320127794632
"MULTIPOINT ((443399.331439304 6202270.36090534))",650,п3д,с.с.,морена,165.977294921875,1.08528089523315,208.201995849609,-0.00038620043778792,-0.00024749367730692,С2,-0.988037109375,2.79789471626282,3.00357055664062,443399.331439304,6202270.36090534,83.6200590997747,14.3397841771201,7.99993467330933,64.4680023193359,797.425170898438,375.909820556641,128.936004638672,-0.878256916999817,-1.68538928031921,-2.03371095657349,3.00357055664062,5.14227294921875,11.0392456054688,1.13689438150466,1.28704447116883,1.38759705899981
"MULTIPOINT ((443549.229473847 6202275.89075526))",651,п2д,с.с.,морена,169.642852783203,0.728533864021301,180.667358398438,0.000224937073653564,0.000130795277073048,С2,0.554519653320312,1.05974233150482,2.30903625488281,443549.229473847,6202275.89075526,1.79716110227186,10.262924077483,109.177856445312,0,673.065734863281,455.857604980469,64.4680023193359,0.492914825677872,1.12042355537415,1.22658264636993,2.30903625488281,5.74064636230469,11.5943450927734,0.501281197952988,1.45229783945204,1.42527181204266
"MULTIPOINT ((443699.12750839 6202281.42060518))",652,п2д,с.с.,морена,169.533264160156,0.411973088979721,102.171226501465,-4.59377188235521e-05,-0.000165794161148369,С2,-0.330001831054688,2.54813313484192,1.57562255859375,443699.12750839,6202281.42060518,60.4408161236792,14.0151653847783,85.5095291137695,128.936004638672,550.814819335938,554.57470703125,64.4680023193359,-0.293340057134628,0.547970235347748,0.505269765853882,1.57562255859375,4.92465209960938,9.54197692871094,0.34241892781383,0.956787249296822,1.47364711932291
"MULTIPOINT ((443849.025542933 6202286.9504551))",653,п3д,с.с.,морена,168.247955322266,1.32996952533722,268.708709716797,0.000268970819888636,-0.000129414445837028,С2,0.217788696289062,3.03949785232544,3.73922729492188,443849.025542933,6202286.9504551,33154.7896547537,21.0155584936701,0,288.309661865234,375.909820556641,720.774169921875,91.1715240478516,0.19359165430069,-0.786232471466064,-1.19926035404205,3.73922729492188,6.07745361328125,11.4561462402344,1.14204239721849,1.23324138488679,1.44831770835071
"MULTIPOINT ((443998.923577476 6202292.48030502))",654,п3д,с.с.,морена,167.465850830078,0.637443959712982,263.387237548828,-9.3272807134781e-05,-0.000412548426538706,С3,-0.788406372070312,2.50176119804382,3.44992065429688,443998.923577476,6202292.48030502,507.200186435267,16.1424065151263,5.6568078994751,407.7314453125,273.514556884766,838.084045410156,128.936004638672,-0.700814127922058,-1.80904746055603,-1.78196835517883,3.44992065429688,6.49424743652344,12.8759613037109,0.62358832266328,1.55696802617553,1.79009561864939
"MULTIPOINT ((444148.821612019 6202298.01015494))",655,п3д,с.с.,морена,170.671844482422,1.36244761943817,147.391784667969,0.000314593780785799,0.000100607445347123,С3,0.647567749023438,2.46389436721802,3.74667358398438,444148.821612019,6202298.01015494,32.2177898429219,13.3860195240094,91.2132873535156,519.757629394531,203.86572265625,958.3857421875,144.154830932617,0.575620889663696,1.20954179763794,1.83902716636658,3.74667358398438,9.2781982421875,14.7882995605469,1.30308498883885,1.42053421527015,2.260960139971
"MULTIPOINT ((444298.719646562 6202303.54000486))",656,п3д,с.с.,морена,170.833221435547,0.675887644290924,27.2887191772461,0.000176505374838598,0.000259026215644553,С2,0.678878784179688,1.65199017524719,2.8203125,444298.719646562,6202303.54000486,8.51522142094574,4.42913108727057,131.998916625977,694.341613769531,203.86572265625,1072.96130371094,193.404006958008,0.603452920913696,1.95637607574463,1.93097829818726,2.8203125,9.41427612304688,14.7882995605469,0.524667085844867,1.72204642288652,2.96004041914179
"MULTIPOINT ((444448.617681105 6202309.06985478))",657,п3д,с.с.,морена,169.25813293457,1.37791574001312,105.310966491699,0.000111139946966432,6.43961975583807e-05,С2,0.273757934570312,1.96466088294983,3.30609130859375,444448.617681105,6202309.06985478,21.7528565112507,13.2600052490144,101.979560852051,797.425170898438,232.442687988281,1097.8505859375,128.936004638672,0.243343770503998,0.0877237096428871,0.329178273677826,3.30609130859375,5.99848937988281,14.7882995605469,1.08966254047239,1.49544238829669,2.75179239803751
"MULTIPOINT ((444598.515715648 6202314.5997047))",658,п3д огл,с.с.,морена,170.539031982422,1.10900330543518,155.953247070312,0.000109486049041152,-3.40208571287803e-05,С2,0.117706298828125,1.48855543136597,4.21357727050781,444598.515715648,6202314.5997047,90.3902897001624,14.4176375912334,142.041091918945,895.618103027344,347.170806884766,1185.22985839844,128.936004638672,0.104624427855015,0.985241949558258,2.12096405029297,4.21357727050781,6.12350463867188,14.7882995605469,0.8230432574003,1.6714997249789,2.7182109464214
"MULTIPOINT ((446236.334395781 6202675.22412291))",659,п2д,с.с.,морена,161.654968261719,0.236041858792305,227.841461181641,-0.0002056673693005,-0.000152102467836812,В4,-0.557601928710938,1.14399600028992,1.37762451171875,446236.334395781,6202675.22412291,670.741920784147,16.4218851886112,12.6490077972412,754.57861328125,1009.08386230469,986.170776367188,128.936004638672,-0.495656341314316,-1.28701257705688,-0.989257633686066,1.37762451171875,3.53535461425781,6.26954650878906,0.248738879064229,0.901568135946685,1.21749360234283
"MULTIPOINT ((446086.436361238 6202669.69427299))",660,п2д огл,л.с.,далл,162.986312866211,0.638493835926056,302.376281738281,-0.000104019680293277,8.55715770740062e-05,В4,-0.028778076171875,0.697180151939392,2.12147521972656,446086.436361238,6202669.69427299,29.7878330138014,13.3076007664375,51.9995765686035,576.619323730469,840.559875488281,967.02001953125,128.936004638672,-0.0255771204829216,0.0433916375041008,0.0105673559010029,2.12147521972656,5.15286254882812,7.47238159179688,0.45860041395395,0.961489776541165,1.29909451284105
"MULTIPOINT ((446386.232430324 6202680.75397283))",661,п2д,с.с.,морена,163.137268066406,0.687829315662384,243.327667236328,-9.03364070836687e-06,0.000143675686558709,С3,0.209869384765625,0.738361358642578,1.93324279785156,446386.232430324,6202680.75397283,2.95671018188057,10.9975779696307,95.9992141723633,735.04833984375,1125.88525390625,1019.32861328125,128.936004638672,0.186542093753815,0.264614820480347,0.556112945079803,1.93324279785156,4.55288696289062,6.81674194335938,0.598891977789633,1.07938735923892,1.15087359399535
"MULTIPOINT ((446536.130464867 6202686.28382275))",662,п2д,с.с.,морена,162.993911743164,0.422299861907959,287.846862792969,-8.70177609613165e-05,5.68384166399483e-05,С3,-0.0470428466796875,0.793229639530182,1.45172119140625,446536.130464867,6202686.28382275,73.4917812615126,14.2106743248211,127.811317443848,663.738708496094,1185.22985839844,1067.13537597656,128.936004638672,-0.0418175607919693,0.284445941448212,0.654534697532654,1.45172119140625,4.8714599609375,7.43081665039062,0.431838134029363,1.02542272948995,1.28232703649211
"MULTIPOINT ((446686.02849941 6202691.81367267))",663,п2д,с.с.,морена,161.554641723633,0.113426491618156,284.534881591797,0.000101139274192974,-0.000315535842673853,С2,-0.334136962890625,1.55411243438721,2.49044799804688,446686.02849941,6202691.81367267,21908.9401236147,20.1749102235788,0,594.365600585938,1057.35388183594,1162.21337890625,128.936004638672,-0.297020792961121,-0.748981416225433,-0.747628688812256,2.49044799804688,5.72030639648438,8.59468078613281,0.230249875726094,0.92589516368952,1.49322726209357
"MULTIPOINT ((446835.926533953 6202697.34352259))",664,п2д,с.с.,морена,163.458206176758,0.92792671918869,282.286773681641,0.00020706161740236,0.000232433012570255,С2,0.685150146484375,1.33321356773376,3.02690124511719,446835.926533953,6202697.34352259,3.70531049002469,11.2232678026383,87.3606033325195,455.857604980469,929.770751953125,1289.36010742188,193.404006958008,0.609022378921509,1.40846371650696,1.10978400707245,3.02690124511719,5.19357299804688,10.4291839599609,0.704953643292683,1.36893420833876,1.44802659812349
"MULTIPOINT ((446985.824568496 6202702.87337251))",665,п2д огл,л.с.,далл,161.481414794922,0.861553907394409,306.243713378906,-0.000285700167296454,2.71144162979908e-05,,-0.403167724609375,1.74789619445801,3.04135131835938,446985.824568496,6202702.87337251,5.5023825496857,11.6186819337162,14.4220876693726,328.723602294922,864.929016113281,1370.60852050781,193.404006958008,-0.358369618654251,-1.10735893249512,-0.913528740406036,3.04135131835938,5.19357299804688,10.4291839599609,0.776883176804578,1.40558698354603,1.64706989737612
"MULTIPOINT ((447135.722603039 6202708.40322243))",666,п2д огл,л.с.,далл,163.362670898438,0.706009745597839,347.375579833984,0.000548049807548523,-7.94087754911743e-05,В3,0.7305908203125,2.58140826225281,2.4490966796875,447135.722603039,6202708.40322243,7.02222685827849,4.87077531710398,116.618087768555,144.154830932617,797.425170898438,1505.02075195312,144.154830932617,0.649410665035248,0.961174488067627,0.550458967685699,2.4490966796875,5.92680358886719,10.4291839599609,0.858419042823861,1.1922514620566,2.05702616276381
"MULTIPOINT ((447285.620637582 6202713.93307235))",667,п2д,с.с.,морена,160.701202392578,1.17587268352509,225.796676635742,-0.000626197783276439,-0.000295480829663575,В4,-1.43721008300781,3.55989170074463,4.94091796875,447285.620637582,6202713.93307235,72.7759317432432,14.2008860370432,19.9998359680176,64.4680023193359,776.297546386719,1601.35192871094,128.936004638672,-1.27750992774963,-2.79305124282837,-2.71228361129761,4.94091796875,7.17533874511719,21.4199371337891,1.12210545333768,1.72534955150798,2.70091678558577
"MULTIPOINT ((447435.518672125 6202719.46292227))",668,п2д,с.с.,морена,164.602081298828,0.896199107170105,223.866317749023,0.000266238610493019,-7.58165188017301e-05,,0.296920776367188,1.0889641046524,3.46455383300781,447435.518672125,6202719.46292227,5.38643229072469,11.5973839975188,148.052841186523,64.4680023193359,773.616027832031,1702.00402832031,128.936004638672,0.263929575681686,0.880304753780365,0.6449094414711,3.46455383300781,7.17533874511719,22.6552124023438,0.728126909648454,1.84237275137427,3.50482579178567
"MULTIPOINT ((447585.416706668 6202724.99277219))",669,п2д,с.с.,морена,163.705795288086,4.18895673751831,185.415725708008,-0.00199625757522881,-0.000176475557964295,С2,-3.41212463378906,12.4756917953491,10.1335754394531,447585.416706668,6202724.99277219,30.9194535066876,6.24541356973156,8.94419860839844,257.872009277344,797.425170898438,1859.54150390625,128.936004638672,-3.03299975395203,-3.51686596870422,-0.769056081771851,10.1335754394531,14.1422119140625,22.6552124023438,3.84010655974296,4.10170502008536,3.90288979083668
"MULTIPOINT ((447735.314741211 6202730.52262211))",670,п2д,с.с.,морена,174.730346679688,3.07313060760498,75.6820449829102,0.000870521762408316,0.000741461466532201,С2,2.5198974609375,5.70108556747437,11.9585266113281,447735.314741211,6202730.52262211,2.64563688101076,10.6816252905563,152.838531494141,386.808013916016,838.084045410156,1968.12268066406,128.936004638672,2.23990726470947,7.42232227325439,9.71772861480713,11.9585266113281,15.7077941894531,22.6552124023438,2.56515545570788,4.52842498805015,3.83802717355239
"MULTIPOINT ((447885.212775754 6202736.05247203))",671,п2д,с.с.,морена,166.074737548828,3.86924171447754,39.291919708252,-0.000976800336502492,0.000210117039387114,С2,-1.20463562011719,5.53173971176147,12.6676635742188,447885.212775754,6202736.05247203,25.2221306674734,12.9364352776736,23.9998035430908,432.464508056641,895.618103027344,1869.57202148438,64.4680023193359,-1.07077872753143,-1.43477272987366,0.421205580234528,12.6676635742188,15.7077941894531,22.6552124023438,2.86549626949674,4.55589373031654,3.72595605342382
"MULTIPOINT ((448035.110810297 6202741.58232195))",672,п2д,с.с.,морена,164.999389648438,0.823935329914093,158.547515869141,2.25401345232967e-05,-0.00010277092223987,С2,-0.12506103515625,1.55315899848938,3.18991088867188,448035.110810297,6202741.58232195,30.7983131432309,13.6077200866554,73.5385055541992,503.511199951172,967.02001953125,1740.63610839844,64.4680023193359,-0.111155189573765,-1.66154766082764,-0.905872046947479,3.18991088867188,14.5400390625,22.6552124023438,0.645207363158624,2.1928704378438,3.53078337325201
"MULTIPOINT ((448185.00884484 6202747.11217187))",673,п2д,с.с.,морена,167.274978637695,0.525349199771881,233.241241455078,-4.54830878879875e-05,4.00568751501851e-06,С2,-0.0646514892578125,1.04635167121887,1.699951171875,448185.00884484,6202747.11217187,51.6879009901201,13.8587244751506,188.041000366211,644.680053710938,1094.05822753906,1547.23205566406,91.1715240478516,-0.0574696846306324,0.82455039024353,1.09572732448578,1.699951171875,8.03520202636719,22.6552124023438,0.366477209893093,1.25352103615676,2.55040361662378
"MULTIPOINT ((442794.209451211 6202398.1395402))",674,п3д,с.с.,морена,168.769897460938,0.86696583032608,340.785552978516,3.94361413782462e-05,-0.000122746685519814,С2,-0.129837036132812,1.3929386138916,2.2191162109375,442794.209451211,6202398.1395402,6.83497751154492,11.8355539244054,45.2544631958008,469.334136962891,375.909820556641,392.1435546875,64.4680023193359,-0.11541748046875,0.0850674360990524,0.729236721992493,2.2191162109375,4.85690307617188,12.4647521972656,0.789404834087163,0.887727951462354,1.7456945156271
"MULTIPOINT ((442944.107485755 6202403.66939012))",675,п3д,с.с.,морена,167.874771118164,0.138516426086426,194.611221313477,4.90271449962165e-05,-1.6048708857852e-05,С2,0.0514068603515625,0.902892649173737,0.5474853515625,442944.107485755,6202403.66939012,9.24975126728878,5.85555371618204,3.99996733665466,288.309661865234,503.511199951172,322.340026855469,64.4680023193359,0.0456882044672966,-0.173524498939514,0.190141811966896,0.5474853515625,4.70060729980469,12.4647521972656,0.143163612659055,0.487281816400074,1.83587354412655
"MULTIPOINT ((443094.005520298 6202409.19924004))",676,п3д,с.с.,морена,167.499694824219,0.304118722677231,346.787445068359,-1.66194258781616e-05,-4.6143977669999e-05,С2,-0.0978240966796875,0.631254136562347,0.941848754882812,443094.005520298,6202409.19924004,35.7521421132399,13.4901109310223,27.9997711181641,182.343048095703,608.189880371094,232.442687988281,0,-0.0869530588388443,0.0185453444719315,-0.297789514064789,0.941848754882812,4.03785705566406,12.1570434570312,0.215277564670772,0.568326560641566,1.78077092158874
"MULTIPOINT ((443243.903554841 6202414.72908996))",677,п3д,с.с.,морена,166.946014404297,0.215794265270233,3.54618167877197,-3.79461926058866e-05,1.96425662579713e-05,С2,-0.028533935546875,0.708455145359039,1.16511535644531,443243.903554841,6202414.72908996,4.24724484958048,11.1549839694901,23.9998035430908,91.1715240478516,720.774169921875,193.404006958008,91.1715240478516,-0.0253584124147892,-0.206530511379242,-0.980100154876709,1.16511535644531,2.97357177734375,12.1570434570312,0.111085930859626,0.499018700117195,1.70865907377855
"MULTIPOINT ((443393.801589384 6202420.25893988))",678,п3д,с.с.,морена,167.900680541992,0.304726302623749,219.494247436523,9.92496643448249e-05,6.87158681103028e-05,,0.261795043945312,1.25342071056366,1.13014221191406,443393.801589384,6202420.25893988,6.19683251311838,6.3083282132887,80.0992813110352,64.4680023193359,776.297546386719,273.514556884766,64.4680023193359,0.232703313231468,0.146861180663109,-0.117776282131672,1.13014221191406,4.6915283203125,12.4250793457031,0.364235758177703,1.09274976569779,1.51143347211479
"MULTIPOINT ((443543.699623927 6202425.7887898))",679,п3д,с.с.,морена,169.072341918945,0.64505273103714,153.490295410156,0.000177178488229401,5.13588056492154e-05,С2,0.356246948242188,1.28704726696014,1.71014404296875,443543.699623927,6202425.7887898,41.757873587496,13.6453887668641,71.5535888671875,64.4680023193359,647.895385742188,375.909820556641,64.4680023193359,0.31666225194931,0.655656754970551,0.690443933010101,1.71014404296875,5.17219543457031,13.2349700927734,0.543016335577101,0.865558763242478,1.40038333670169
"MULTIPOINT ((443693.59765847 6202431.31863972))",680,п2д,с.с.,морена,169.290557861328,0.424894064664841,24.5615463256836,0.000223654409637675,-1.86010838660877e-05,С2,0.319610595703125,1.26868510246277,1.49479675292969,443693.59765847,6202431.31863972,5.07070633447201,8.79895915849944,75.999382019043,64.4680023193359,519.757629394531,490.973693847656,0,0.284101694822311,0.504590690135956,0.18732862174511,1.49479675292969,4.590087890625,9.54197692871094,0.41135194877905,0.737482385700675,1.39133840317382
"MULTIPOINT ((443843.495693013 6202436.84848964))",681,п3д,с.с.,морена,167.747451782227,0.623058974742889,145.942230224609,-0.000296253594569862,-0.000137391209136695,С3,-0.675949096679688,1.64659559726715,2.23648071289062,443843.495693013,6202436.84848964,24.3746511680738,13.3738038719808,54.4054412841797,144.154830932617,386.808013916016,594.365600585938,64.4680023193359,-0.600847005844116,-1.38767659664154,-1.8771538734436,2.23648071289062,3.82510375976562,8.48280334472656,0.585891646053288,0.754039020390531,1.44799923026922
"MULTIPOINT ((443993.393727556 6202442.37833956))",682,п3д,с.с.,морена,169.672027587891,0.396924167871475,313.497650146484,9.91743872873485e-05,-7.17949515092187e-05,С2,0.0426788330078125,0.85672402381897,1.38850402832031,443993.393727556,6202442.37833956,35.5261991670169,13.4837711734204,62.4814872741699,328.723602294922,193.404006958008,754.57861328125,64.4680023193359,0.0379384346306324,0.0384527705609798,0.0810064002871513,1.38850402832031,5.78697204589844,12.3122406005859,0.343484563838438,0.92514870482794,1.65553649873098
"MULTIPOINT ((444143.291762099 6202447.90818948))",683,п3д,с.с.,морена,168.971237182617,0.385898143053055,273.760314941406,-0.000256001600064337,1.09269776658039e-05,С2,-0.381988525390625,0.899141252040863,1.3001708984375,444143.291762099,6202447.90818948,72.8596696757035,14.2020360023109,7.99993467330933,455.857604980469,64.4680023193359,807.781799316406,0,-0.339545369148254,-0.876772820949554,-0.487574815750122,1.3001708984375,5.71640014648438,13.3549957275391,0.407086821279812,1.07310284975723,1.85547480793282
"MULTIPOINT ((444293.189796642 6202453.4380394))",684,п3д,с.с.,морена,168.241470336914,0.372427225112915,342.848175048828,-6.53766546747647e-05,-0.000454757799161598,С2,-0.8106689453125,2.43802499771118,1.84867858886719,444293.189796642,6202453.4380394,1.73967368530488,10.4671983028839,14.4220876693726,583.782592773438,0,876.859680175781,0,-0.720603108406067,-1.22336316108704,-1.25779032707214,1.84867858886719,7.24484252929688,13.3549957275391,0.580491333223119,1.21460902748069,1.87518865350161
"MULTIPOINT ((444443.087831185 6202458.96788932))",685,п3д,с.с.,морена,165.937408447266,0.362563788890839,353.464019775391,-0.000281261105556041,-0.000597110658418387,С2,-1.36903381347656,2.73228406906128,2.35673522949219,444443.087831185,6202458.96788932,2249.5952496131,17.6320063343815,0,776.297546386719,193.404006958008,1002.88671875,0,-1.2169189453125,-3.33843803405762,-3.4634211063385,2.35673522949219,5.99848937988281,13.3549957275391,0.650952301508952,1.24877242466307,1.99302602772359
"MULTIPOINT ((444592.985865728 6202464.49773924))",686,п3д,с.с.,морена,168.911346435547,2.06213474273682,168.95198059082,5.4475553042721e-05,-0.000209646081202663,С2,-0.24188232421875,2.61290287971497,5.82806396484375,444592.985865728,6202464.49773924,26.3286372301357,13.1841579592887,73.5385055541992,902.552001953125,322.340026855469,1097.8505859375,0,-0.215011596679688,-0.583872258663177,0.0204868577420712,5.82806396484375,6.12350463867188,13.3549957275391,1.70919762283652,1.79658521243383,1.74739497572117
"MULTIPOINT ((444742.883900271 6202470.02758916))",687,п3д огл,с.с.,морена,171.865127563477,0.881349742412567,93.1487579345703,0.000358351680915803,8.66049522301182e-05,С2,0.693710327148438,1.54005074501038,2.42446899414062,444742.883900271,6202470.02758916,36.9756278881983,13.5237597343038,140.05598449707,773.616027832031,451.276000976562,1199.17419433594,0,0.616624593734741,1.97495031356812,3.69365477561951,2.42446899414062,5.98649597167969,12.4808959960938,0.74693119521497,1.51196225366767,1.70790600835547
"MULTIPOINT ((444892.781934814 6202475.55743908))",688,п3д огл,с.с.,морена,169.366470336914,1.1131317615509,29.2094879150391,-0.000180321672814898,6.28982743364759e-05,С2,-0.183135986328125,1.23085856437683,3.08464050292969,444892.781934814,6202475.55743908,50.6660127437357,13.8387560701471,198.069076538086,580.212036132812,644.680053710938,1359.95397949219,0,-0.16280110180378,0.390054494142532,2.46002078056335,3.08464050292969,6.91288757324219,13.3234405517578,0.89462243549275,1.45036589976409,2.45998802810764
"MULTIPOINT ((445042.679969357 6202481.087289))",689,п3д огл,с.с.,морена,167.911087036133,0.512216091156006,345.061126708984,-4.77577887068037e-05,6.77221250953153e-05,С2,0.0311126708984375,0.945126116275787,2.11972045898438,445042.679969357,6202481.087289,4.27227198540649,11.1608592340861,137.636077880859,451.276000976562,720.774169921875,1289.36010742188,0,0.0276540126651525,0.535268664360046,2.48040843009949,2.11972045898438,8.80354309082031,17.7189178466797,0.374541218750885,1.7131080425742,3.71070393640083
"MULTIPOINT ((445192.5780039 6202486.61713892))",690,п3д огл,с.с.,морена,166.155532836914,1.8294130563736,336.206390380859,0.000227776195970364,0.000133793146233074,С2,0.564178466796875,2.14165496826172,4.958251953125,445192.5780039,6202486.61713892,49.8120687198688,13.8217580428684,111.138641357422,322.340026855469,673.065734863281,1188.73120117188,0,0.501488566398621,0.891699969768524,1.67275154590607,4.958251953125,9.16966247558594,17.7189178466797,1.42384076784614,2.08066097126579,4.278096681411
"MULTIPOINT ((446980.294718576 6202852.77140705))",691,п2д,с.с.,морена,161.417022705078,1.1217143535614,23.3346862792969,-0.000475506269140169,-0.000129546664538793,В4,-0.943466186523438,3.17923426628113,3.16078186035156,446980.294718576,6202852.77140705,5.92841690773962,11.6932579585128,27.9997711181641,322.340026855469,751.819641113281,1470.0966796875,322.340026855469,-0.838641703128815,-1.61027896404266,-1.62969207763672,3.16078186035156,4.44570922851562,14.0016784667969,1.12667650391287,1.34769151439245,2.14372873503787
"MULTIPOINT ((446830.396684033 6202847.24155713))",692,п2д,с.с.,морена,164.822219848633,0.288405567407608,301.038024902344,0.000130015425384045,0.000382983387680724,С2,0.799545288085938,0.702332556247711,1.422607421875,446830.396684033,6202847.24155713,3.85123940067784,11.0571084862068,160.647369384766,451.276000976562,825.59326171875,1394.65612792969,322.340026855469,0.710712015628815,2.36958909034729,1.96821534633636,1.422607421875,4.57492065429688,14.0016784667969,0.367539019232435,1.3070258804022,1.74042493926207
"MULTIPOINT ((447130.192753119 6202858.30125697))",693,п2д,с.с.,морена,163.927886962891,1.2675096988678,191.46760559082,0.000472140149213374,7.18883165973239e-05,С2,0.848464965820312,3.01297926902771,3.12345886230469,447130.192753119,6202858.30125697,20.6290242446652,13.2069591943338,119.9990234375,193.404006958008,694.341613769531,1552.59509277344,288.309661865234,0.754191100597382,1.23468232154846,0.501853108406067,3.12345886230469,5.13748168945312,14.0016784667969,1.08731480018664,1.23907022457437,2.21346059949245
"MULTIPOINT ((447280.090787662 6202863.83110689))",694,п2д,с.с.,морена,162.788360595703,1.29092419147491,199.587127685547,-0.000492025690618902,-5.70981683267746e-05,В3,-0.8564453125,3.08297872543335,3.77511596679688,447280.090787662,6202863.83110689,62.1150192062189,14.0424885592957,19.9998359680176,0,647.895385742188,1687.2890625,257.872009277344,-0.761284708976746,-1.1219722032547,-1.18933081626892,3.77511596679688,6.73652648925781,21.6179504394531,1.1410619332983,1.6035801937593,2.32707610510168
"MULTIPOINT ((447429.988822205 6202869.36095681))",695,п2д,с.с.,морена,166.766021728516,0.336246430873871,228.006240844727,0.000385175633709878,0.000382278667530045,С3,1.1961669921875,1.95583724975586,1.79560852050781,447429.988822205,6202869.36095681,4.51500009939444,11.4209059533091,171.998596191406,128.936004638672,644.680053710938,1783.09692382812,257.872009277344,1.06325280666351,2.76990175247192,2.53586578369141,1.79560852050781,6.73652648925781,22.6552124023438,0.499969801177067,1.33056759048682,3.03554373247744
"MULTIPOINT ((447579.886856748 6202874.89080673))",696,п2д,с.с.,морена,165.782943725586,0.407597452402115,315.300598144531,0.000125436941743828,0.000211417238460854,С2,0.525039672851562,3.01375436782837,2.15254211425781,447579.886856748,6202874.89080673,7.61748594413704,11.7391598541282,124.063484191895,232.442687988281,657.447204589844,1882.86303710938,203.86572265625,0.466691762208939,0.106298640370369,1.32265543937683,2.15254211425781,15.1766204833984,22.6552124023438,0.707116279086293,2.16712181290814,3.75463959937502
"MULTIPOINT ((447729.784891291 6202880.42065665))",697,п2д,с.с.,морена,166.315551757812,2.51108407974243,53.3794097900391,-0.000401905068429187,0.000325799715938047,С2,-0.11993408203125,4.49973297119141,8.85348510742188,447729.784891291,6202880.42065665,29.3568477308098,13.2930265762912,111.999084472656,407.7314453125,720.774169921875,2002.66296386719,64.4680023193359,-0.10660807043314,0.954099059104919,1.42313814163208,8.85348510742188,19.0606842041016,22.6552124023438,1.80518797093105,4.0775024763424,4.08952235822446
"MULTIPOINT ((447879.682925834 6202885.95050657))",698,п2д,с.с.,морена,162.858749389648,0.942891895771027,59.107536315918,-0.000156411129864864,-0.000241810790612362,С2,-0.62078857421875,2.19894862174988,3.749267578125,447879.682925834,6202885.95050657,1527.10694740911,17.244631084788,0,531.616760253906,786.932250976562,1874.01281738281,0,-0.551822245121002,-2.83719968795776,-2.49470067024231,3.749267578125,19.0606842041016,22.6552124023438,1.05255457268891,3.2861317510626,4.11875221086724
"MULTIPOINT ((448029.580960377 6202891.48035649))",699,п2д,с.с.,морена,164.323028564453,1.60882306098938,166.404174804688,-0.000233553495490924,5.98892313519173e-07,С2,-0.363510131835938,1.33125460147858,4.43157958984375,448029.580960377,6202891.48035649,23.8088459173759,12.8787706562822,132.482879638672,663.738708496094,820.543762207031,1751.34777832031,144.154830932617,-0.323113322257996,-0.338312566280365,-1.12051820755005,4.43157958984375,15.9768371582031,22.6552124023438,1.1657478843577,2.71340692514357,3.89620519497742
"MULTIPOINT ((448179.47899492 6202897.01020641))",700,п2д,с.с.,морена,168.520904541016,1.25909769535065,39.7137145996094,-5.8003392041428e-05,0.000236443287576549,С2,0.278121948242188,3.28512191772461,4.20651245117188,448179.47899492,6202897.01020641,20.8802197124772,12.9523030300132,163.216323852539,776.297546386719,958.3857421875,1559.27294921875,232.442687988281,0.247227981686592,1.87745380401611,2.61715364456177,4.20651245117188,6.90042114257812,22.6552124023438,0.888593865030773,1.32809327707657,2.61704021798937
"MULTIPOINT ((442788.679601291 6202548.03757474))",701,п3д,с.с.,морена,169.364334106445,0.661785185337067,169.360397338867,0.00047890713904053,-0.00019773117674049,С2,0.4383544921875,3.64925980567932,3.20744323730469,442788.679601291,6202548.03757474,18.8353082152913,12.8492339494016,35.9997062683105,451.276000976562,490.973693847656,392.1435546875,0,0.389650136232376,0.0649557337164879,1.03394496440887,3.20744323730469,4.00349426269531,12.6132659912109,0.816520607709851,1.0284976325763,1.89429882806085
"MULTIPOINT ((442938.577635834 6202553.56742466))",702,п3д,с.с.,морена,168.637756347656,0.879978358745575,300.997497558594,-7.55204091547057e-05,-1.70908751897514e-05,С2,-0.144378662109375,1.71339213848114,2.75386047363281,442938.577635834,6202553.56742466,31.3537751988276,7.24927078850788,87.8172760009766,322.340026855469,554.57470703125,328.723602294922,64.4680023193359,-0.128341674804688,0.450476825237274,0.562594950199127,2.75386047363281,10.2183990478516,12.8422088623047,0.773988846661218,1.57351153679179,2.20230363554527
"MULTIPOINT ((443088.475670377 6202559.09727458))",703,п3д,с.с.,морена,167.34538269043,0.751969218254089,91.5601043701172,0.000316015124553815,-0.000139655167004094,С2,0.274978637695312,1.28008186817169,2.49423217773438,443088.475670377,6202559.09727458,53.1464759923296,13.8865525439551,114.541633605957,128.936004638672,685.304260253906,144.154830932617,64.4680023193359,0.244422063231468,0.122330643236637,-0.802053928375244,2.49423217773438,9.97718811035156,12.8422088623047,0.776606414729012,1.83386786767853,2.21438684278974
"MULTIPOINT ((443238.37370492 6202564.6271245))",704,п3д,с.с.,морена,167.035919189453,0.26882615685463,273.723907470703,-4.29191677540075e-05,2.82354676528485e-07,С2,-0.06646728515625,1.8562468290329,1.25825500488281,443238.37370492,6202564.6271245,18536.2489354645,20.007743662112,0,64.4680023193359,673.065734863281,0,0,-0.0590701624751091,0.0314707867801189,-1.22088801860809,1.25825500488281,10.566650390625,12.8575286865234,0.285642025700201,1.71843158435451,2.35095268375899
"MULTIPOINT ((443388.271739463 6202570.15697442))",705,п3д,с.с.,морена,167.480133056641,0.963221848011017,228.736419677734,-0.000135616195620969,-6.41420920146629e-05,,-0.311431884765625,0.63349723815918,3.05137634277344,443388.271739463,6202570.15697442,53.8994336935304,13.9006207156721,59.99951171875,128.936004638672,720.774169921875,128.936004638672,64.4680023193359,-0.276833415031433,-0.594051122665405,-0.607287287712097,3.05137634277344,9.4390869140625,12.8575286865234,0.699552877912237,1.24427926466148,2.26207917532081
"MULTIPOINT ((443538.169774006 6202575.68682434))",706,п2д,с.с.,морена,168.650726318359,0.612842500209808,304.026702880859,-0.000232507765758783,6.17905170656741e-05,,-0.26611328125,1.69008958339691,2.11355590820312,443538.169774006,6202575.68682434,13.4998288339071,12.51617775082,21.5404834747314,144.154830932617,657.447204589844,322.340026855469,64.4680023193359,-0.236558705568314,-0.135288164019585,0.367559403181076,2.11355590820312,4.34426879882812,13.1315765380859,0.672451269809876,0.899222941708446,1.59446723574568
"MULTIPOINT ((443688.06780855 6202581.21667426))",707,п2д,с.с.,морена,169.104034423828,0.312982171773911,37.7934417724609,0.00018508336506784,0.000246568844886497,С2,0.672760009765625,2.8325834274292,1.49861145019531,443688.06780855,6202581.21667426,2.92356245735516,10.986303636729,31.9997386932373,64.4680023193359,531.616760253906,451.276000976562,64.4680023193359,0.598019063472748,0.111864984035492,0.048322007060051,1.49861145019531,4.23368835449219,9.32649230957031,0.478850499512792,0.731144260335622,1.41966123167161
"MULTIPOINT ((443837.965843093 6202586.74652418))",708,п2д,с.с.,морена,168.167678833008,1.00825762748718,221.450790405273,-0.000271289027296007,-7.61234550736845e-05,С3,-0.541671752929688,1.52420699596405,3.27235412597656,443837.965843093,6202586.74652418,208.573324038771,15.2537913978888,23.9998035430908,144.154830932617,407.7314453125,580.212036132812,64.4680023193359,-0.481489390134811,-1.21165347099304,-1.40470576286316,3.27235412597656,4.67242431640625,8.24891662597656,0.826733050447546,1.1340062256308,1.57470726418628
"MULTIPOINT ((443987.863877636 6202592.2763741))",709,п3д,с.с.,морена,170.677185058594,0.624611496925354,247.95100402832,-2.70445289061172e-05,2.69926749751903e-05,С2,-9.1552734375e-05,0.31092694401741,1.972900390625,443987.863877636,6202592.2763741,44.1134395259402,13.7002652316066,103.845191955566,328.723602294922,232.442687988281,634.936218261719,182.343048095703,-7.62939453125e-05,0.231857612729073,1.0202739238739,1.972900390625,6.28413391113281,7.8267822265625,0.393828822067959,1.29256113824577,1.68029924692933
"MULTIPOINT ((444137.761912179 6202597.80622402))",710,п3д,с.с.,морена,171.60758972168,1.12945556640625,274.334167480469,2.6604617232806e-05,0.000353135488694534,С2,0.591964721679688,1.90355741977692,3.30828857421875,444137.761912179,6202597.80622402,4.2765435687202,11.3666458503515,136.819931030273,455.857604980469,144.154830932617,697.328063964844,128.936004638672,0.526201009750366,1.03472030162811,1.92075598239899,3.30828857421875,5.65412902832031,7.8267822265625,1.09568565517071,1.45928631680239,1.69873811289517
"MULTIPOINT ((444287.659946722 6202603.33607394))",711,п3д,с.с.,морена,170.050445556641,0.904286861419678,325.210845947266,-1.33811226987746e-05,6.82843892718665e-05,С2,0.0855712890625,0.837831556797028,2.85888671875,444287.659946722,6202603.33607394,92.4541760885539,14.440213872559,133.505477905273,583.782592773438,128.936004638672,776.297546386719,128.936004638672,0.0760667622089386,0.100793331861496,0.222596228122711,2.85888671875,7.74200439453125,7.74200439453125,0.649833673378754,1.62649623045494,1.56432404939688
"MULTIPOINT ((444437.557981265 6202608.86592386))",712,п3д,с.с.,морена,168.57112121582,0.858631730079651,278.508392333984,7.10229578544386e-05,-3.84994164051022e-05,С2,0.0507354736328125,1.30992460250854,2.78860473632812,444437.557981265,6202608.86592386,1824.7680692775,17.4227089170391,0,776.297546386719,232.442687988281,916.262451171875,128.936004638672,0.0450846366584301,-0.655348181724548,-1.29012560844421,2.78860473632812,6.33241271972656,7.74200439453125,0.659427558961813,1.25020857529534,1.53407997246321
"MULTIPOINT ((444587.456015808 6202614.39577378))",713,п3д,с.с.,морена,169.437530517578,0.605823218822479,211.525009155273,0.000399505923269317,-0.000185938173672184,С2,0.33294677734375,1.62437152862549,3.4920654296875,444587.456015808,6202614.39577378,2.61968699555263,10.8765555877158,96.7462997436523,902.552001953125,347.170806884766,1019.32861328125,128.936004638672,0.295951008796692,0.339903235435486,-0.0290458165109158,3.4920654296875,6.12350463867188,9.03567504882812,0.492176553381185,1.44293698783827,1.35197694469309
"MULTIPOINT ((444737.354050351 6202619.9256237))",714,п3д огл,с.с.,морена,168.234664916992,1.04125285148621,70.6903610229492,-0.00017821163055487,-0.000344382162438706,С2,-0.814727783203125,2.40780687332153,3.34140014648438,444737.354050351,6202619.9256237,68.2594008492798,14.1368159103869,11.9999017715454,773.616027832031,469.334136962891,1127.72937011719,128.936004638672,-0.724192321300507,-1.1584883928299,-0.495794624090195,3.34140014648438,5.98649597167969,9.46662902832031,1.00790697179882,1.32059981237791,1.37587650381886
"MULTIPOINT ((444887.252084894 6202625.45547362))",715,п3д огл,с.с.,морена,168.875900268555,0.642513692378998,1.87967801094055,0.000116901836008765,-2.57067440543324e-05,С2,0.142166137695312,1.04097580909729,1.80764770507812,444887.252084894,6202625.45547362,69.5422136550324,14.8486137910555,139.99885559082,580.212036132812,657.447204589844,1297.39343261719,128.936004638672,0.126368209719658,0.214934051036835,1.63718807697296,1.80764770507812,5.57646179199219,15.5255889892578,0.493049367031128,1.01671410277843,2.4142198198643
"MULTIPOINT ((445037.150119437 6202630.98532354))",716,п3д огл,с.с.,морена,167.529281616211,0.289237380027771,61.7601509094238,8.81201849551871e-05,-0.000155695845023729,С2,-0.105300903320312,1.34263622760773,1.53077697753906,445037.150119437,6202630.98532354,194.371595402262,15.1832725115906,37.7356147766113,451.276000976562,550.814819335938,1370.60852050781,0,-0.0936160609126091,0.206348657608032,1.93405520915985,1.53077697753906,7.38845825195312,17.7189178466797,0.195757298243133,1.14900937914876,3.85775841748903
"MULTIPOINT ((445187.04815398 6202636.51517347))",717,п3д огл,с.с.,морена,166.372772216797,1.52502167224884,23.9039421081543,0.000103526617749594,0.000151030399138108,С2,0.396987915039062,1.29917097091675,4.34750366210938,445187.04815398,6202636.51517347,23.4643623783135,13.0689835199945,59.99951171875,322.340026855469,490.973693847656,1322.77282714844,128.936004638672,0.352884918451309,1.27314817905426,1.74965345859528,4.34750366210938,9.90803527832031,17.7189178466797,1.12821085903148,2.16317545299451,4.33225170652488
"MULTIPOINT ((445336.946188523 6202642.04502338))",718,п3д огл,с.с.,морена,159.535293579102,3.70265650749207,8.80994129180908,0.000381026504328474,6.24343374511227e-05,С2,0.695114135742188,6.33426427841187,9.4498291015625,445336.946188523,6202642.04502338,55.5439303059756,13.9306749891226,51.9995765686035,128.936004638672,451.276000976562,1199.17419433594,193.404006958008,0.617862284183502,-1.55707442760468,-3.86456990242004,9.4498291015625,12.5067901611328,15.9358520507812,2.77844987343252,3.55015382389956,3.82246434555242
"MULTIPOINT ((445486.844223066 6202647.5748733))",719,п3д,с.с.,морена,156.502044677734,3.48445153236389,185.226043701172,-0.000856562226545066,-0.000100226279755589,С3,-1.49891662597656,5.34837102890015,8.6591796875,445486.844223066,6202647.5748733,50.4716138868626,13.8349118214188,31.9997386932373,0,469.334136962891,1127.72937011719,182.343048095703,-1.33237886428833,-4.49135780334473,-6.12615633010864,8.6591796875,12.0712280273438,14.2312774658203,2.60060619038736,3.67275755594691,3.39155979359985
"MULTIPOINT ((445636.742257609 6202653.10472323))",720,п3д огл,с.с.,далл,163.9921875,1.05334377288818,221.862030029297,0.000137075432576239,0.000135848444188014,С3,0.425506591796875,2.03094220161438,3.44944763183594,445636.742257609,6202653.10472323,7.15760225889129,11.8816757892705,140.227233886719,128.936004638672,519.757629394531,1067.13537597656,128.936004638672,0.378231465816498,2.26208162307739,1.88381016254425,3.44944763183594,12.0712280273438,12.5067901611328,1.03889020890527,3.35368376367654,2.98996035815432
"MULTIPOINT ((445786.640292152 6202658.63457315))",721,п3д огл,с.с.,далл,164.153503417969,0.821000099182129,255.435012817383,-4.06219915021211e-05,0.00012535962741822,С3,0.132064819335938,1.13456976413727,2.07144165039062,445786.640292152,6202658.63457315,38.9144721592044,13.5748669608034,19.9998359680176,322.340026855469,638.20068359375,1000.8125,128.936004638672,0.117394343018532,0.263436764478683,2.19244861602783,2.07144165039062,6.380859375,12.0712280273438,0.654345249024715,1.08435020451943,2.61715309774617
"MULTIPOINT ((445936.538326695 6202664.16442307))",722,п2д огл,л.с.,далл,164.200119018555,0.938965260982513,292.274108886719,0.000117787632916588,0.000137942712171935,С3,0.398666381835938,1.06398367881775,2.92071533203125,445936.538326695,6202664.16442307,22.003037928541,13.0046812759119,149.932098388672,451.276000976562,735.04833984375,975.577880859375,128.936004638672,0.354375213384628,0.82825893163681,1.64750158786774,2.92071533203125,5.21510314941406,10.9737243652344,0.637754457470771,1.26520565501058,1.42151948916833
"MULTIPOINT ((447724.255041371 6203030.31869119))",723,п2д,с.с.,морена,162.181365966797,3.36433839797974,39.4565048217773,0.000474401575047523,0.000159479764988646,С2,0.992202758789062,4.3644552230835,9.46015930175781,447724.255041371,6203030.31869119,21.1266170142104,12.7592471828242,97.6516418457031,490.973693847656,554.57470703125,2024.33630371094,64.4680023193359,0.8819580078125,0.323322206735611,-2.53920388221741,9.46015930175781,12.3371887207031,22.6552124023438,2.680987332028,3.49574671872634,3.5855207493672
"MULTIPOINT ((447574.357006828 6203024.78884127))",724,п2д,с.с.,морена,163.091186523438,0.287360310554504,122.487007141113,-0.000236316976952367,-0.00018052443920169,С2,-0.649673461914062,1.60823976993561,1.07902526855469,447574.357006828,6203024.78884127,144.488940451506,14.8867037123815,7.99993467330933,322.340026855469,469.334136962891,2007.84448242188,128.936004638672,-0.577499389648438,-0.812861859798431,-1.20098459720612,1.07902526855469,11.2999267578125,22.6552124023438,0.366231707479854,1.12817518313837,3.23854762539854
"MULTIPOINT ((447874.153075914 6203035.84854111))",725,п1д,с.с.,морена,158.099365234375,2.23391938209534,137.563659667969,-0.000324778171489015,-0.000665919273160398,С2,-1.54600524902344,3.75766158103943,7.08262634277344,447874.153075914,6203035.84854111,112.900570735061,14.6400082707951,25.2980155944824,608.189880371094,638.20068359375,1897.15649414062,144.154830932617,-1.37422180175781,-4.10962915420532,-6.99178886413574,7.08262634277344,12.63818359375,22.6552124023438,1.90012130640732,3.2361485867852,3.62979896481779
"MULTIPOINT ((448024.051110457 6203041.37839103))",726,п2д,с.с.,морена,164.31103515625,1.68898487091064,176.065399169922,0.000175270950421691,4.72912506666034e-05,С2,0.347259521484375,1.16167092323303,5.17379760742188,448024.051110457,6203041.37839103,3.05175249860764,11.0292167597392,98.953727722168,720.774169921875,729.372192382812,1770.23083496094,232.442687988281,0.308678507804871,0.718162059783936,-1.06391286849976,5.17379760742188,16.3731384277344,22.6552124023438,1.08874844034447,3.26674885039407,3.40282996919018
"MULTIPOINT ((449627.660071051 6196371.44611551))",727,п1д огл,с.с.,далл,157.551910400391,0.956700205802917,207.957473754883,0.000874670571647584,0.000643961422611028,,2.36758422851562,6.92852878570557,5.36976623535156,449627.660071051,6196371.44611551,4.81917483275053,3.61818237934659,131.998916625977,967.02001953125,2024.33630371094,1623.26293945312,64.4680023193359,2.10451412200928,3.56211686134338,5.64329671859741,5.36976623535156,7.54533386230469,16.4771270751953,0.942858996202565,1.873288403028,3.20429887824247
"MULTIPOINT ((449328.094447751 6196387.58418656))",728,п1д огл,с.с.,далл,153.784591674805,0.658537924289703,298.063446044922,7.0117755967658e-05,4.34421854151879e-05,,0.177017211914062,0.843794584274292,1.86376953125,449328.094447751,6196387.58418656,147.356860999375,15.5994732948882,125.026977539062,1063.23352050781,2038.6572265625,1461.59069824219,193.404006958008,0.157346934080124,0.974796831607819,2.30147433280945,1.86376953125,5.18342590332031,17.34375,0.512643240200699,1.14851858180414,3.81278896521545
"MULTIPOINT ((448173.949145 6203046.90824095))",729,п2д,с.с.,морена,165.491256713867,0.865547060966492,70.7935791015625,-0.00028241696418263,-0.000216592394281179,С2,-0.777923583984375,2.54393935203552,2.63917541503906,448173.949145,6203046.90824095,15.1798204390398,12.6334676875382,52.153190612793,876.859680175781,876.859680175781,1580.45251464844,347.170806884766,-0.691485941410065,-0.742746472358704,-0.389461815357208,2.63917541503906,6.90042114257812,22.6552124023438,0.745767882619128,1.24736310529813,2.95434370654531
"MULTIPOINT ((449477.877259401 6196379.51515103))",730,п1д огл,с.с.,далл,153.242156982422,0.647651731967926,204.864685058594,-0.000258559477515519,-7.82023926149122e-05,,-0.524932861328125,1.62085270881653,2.12960815429688,449477.877259401,6196379.51515103,108.327120822224,14.5986562901868,14.4220876693726,1039.51525878906,2055.91284179688,1560.60510253906,64.4680023193359,-0.466618865728378,-0.532316863536835,0.992547750473022,2.12960815429688,7.17698669433594,16.4771270751953,0.703049474169953,1.52949419515568,3.09152180156572
"MULTIPOINT ((442783.149751371 6202697.93560928))",731,п3д,с.с.,морена,170.557083129883,0.47217783331871,235.577133178711,3.07187692669686e-05,-4.98407753184438e-05,,-0.0298004150390625,0.942959487438202,1.94145202636719,442783.149751371,6202697.93560928,2.6733991403731,10.6600882131414,106.281768798828,490.973693847656,531.616760253906,407.7314453125,0,-0.0264892578125,0.563503682613373,2.00189924240112,1.94145202636719,4.37783813476562,12.9277496337891,0.256436345226164,0.862961917304948,2.43683635539057
"MULTIPOINT ((445821.446635009 6200175.68693942))",732,п3д,с.с.,морена,153.25260925293,1.17886197566986,30.0958690643311,-0.000764461234211922,-0.000491151120513678,,-1.95785522460938,4.64655542373657,4.529296875,445821.446635009,6200175.68693942,1,2.5215165653936,3.99996733665466,0,867.328247070312,375.909820556641,0,-1.74031746387482,-4.66661357879639,-5.94311618804932,4.529296875,8.90362548828125,15.1262817382812,1.39192407901587,2.65400501953926,2.78440663920392
"MULTIPOINT ((442933.047785914 6202703.4654592))",733,п3д,с.с.,морена,170.821701049805,0.81061977148056,329.149261474609,0.000225871175643988,0.000136712726089172,,0.565231323242188,0.870646059513092,2.5966796875,442933.047785914,6202703.4654592,20.564161857089,12.7322633125165,120.597526550293,375.909820556641,515.744018554688,288.309661865234,64.4680023193359,0.50242954492569,2.15608716011047,2.36630606651306,2.5966796875,10.9736785888672,12.9277496337891,0.612265816158919,2.47480564174048,2.54470059601782
"MULTIPOINT ((445813.110135839 6199968.6638767))",734,п2д,т.с.,морена,153.911148071289,0.295816212892532,219.150054931641,-0.00101743114646524,-0.000937362434342504,С4,-3.04672241210938,8.95670127868652,4.52159118652344,445813.110135839,6199968.6638767,38.4790156197173,13.563613788288,19.9998359680176,0,735.04833984375,550.814819335938,0,-2.70820617675781,-4.03930568695068,-4.4987530708313,4.52159118652344,8.95960998535156,17.8565673828125,1.80247379730017,2.61795819340231,2.97928426844661
"MULTIPOINT ((443082.945820457 6202708.99530912))",735,п3д,с.с.,морена,160.844512939453,0.640006899833679,35.5112152099609,-0.000770239857956767,-0.00133650307543576,С2,-3.28382873535156,9.22385025024414,7.69984436035156,443082.945820457,6202708.99530912,25.9895165981559,13.171193993374,11.9999017715454,232.442687988281,519.757629394531,128.936004638672,91.1715240478516,-2.9189555644989,-6.09417247772217,-7.71351718902588,7.69984436035156,11.8553771972656,12.8575286865234,2.1588824491648,3.15964443929617,2.57231326831301
"MULTIPOINT ((443232.843855 6202714.52515905))",736,п3д,с.с.,морена,168.091598510742,1.86797142028809,158.772689819336,0.000794765772297978,0.000170780505868606,С2,1.50697326660156,4.14374780654907,7.00253295898438,443232.843855,6202714.52515905,4.57468804797908,11.4340392545945,34.1757354736328,193.404006958008,550.814819335938,0,64.4680023193359,1.33953177928925,1.23056221008301,-0.340415298938751,7.00253295898438,12.8422088623047,12.8575286865234,1.36419419625,3.12982676569519,2.47850153939298
"MULTIPOINT ((443382.741889543 6202720.05500897))",737,п3д,с.с.,морена,169.759552001953,1.07613635063171,216.327789306641,8.38573687360622e-05,0.000153335597133264,,0.369781494140625,0.791677355766296,3.28239440917969,443382.741889543,6202720.05500897,49.1760053914837,13.8089065536671,150.570999145508,232.442687988281,608.189880371094,128.936004638672,64.4680023193359,0.328701436519623,1.58223021030426,1.58753740787506,3.28239440917969,12.8422088623047,12.8575286865234,0.792481331663197,1.90520702919636,2.34188396988158
"MULTIPOINT ((443532.639924086 6202725.58485889))",738,п2д,с.с.,морена,170.328948974609,1.16448068618774,349.1279296875,0.000335973658366129,0.000119754746265244,,0.71063232421875,2.561110496521,3.214599609375,443532.639924086,6202725.58485889,1.545679259324,9.80183063908849,60.9256896972656,232.442687988281,694.341613769531,322.340026855469,0,0.631679952144623,1.20241868495941,2.02770638465881,3.214599609375,5.14886474609375,13.1315765380859,0.963430097402186,1.06276384683579,2.09472071575392
"MULTIPOINT ((443682.537958629 6202731.11470881))",739,п2д,с.с.,морена,167.983276367188,0.0587081164121628,131.968765258789,-0.000137218536110595,-6.70423250994645e-05,С2,-0.318359375,1.16067790985107,0.726806640625,443682.537958629,6202731.11470881,67.5573084517361,14.1264769961956,19.9998359680176,193.404006958008,576.619323730469,451.276000976562,64.4680023193359,-0.282979339361191,-1.17738306522369,-1.02699828147888,0.726806640625,4.23368835449219,9.58522033691406,0.267567994524624,0.917825291168059,1.55870352460446
"MULTIPOINT ((443832.435993172 6202736.64455873))",740,п2д,с.с.,морена,169.641510009766,1.34372735023499,189.816787719727,-0.000105548417195678,6.95634153089486e-05,С2,-0.056182861328125,1.363321185112,3.44465637207031,443832.435993172,6202736.64455873,29.3785236962687,13.2937646653138,112.923828125,232.442687988281,464.885375976562,455.857604980469,64.4680023193359,-0.0499471016228199,0.0354900732636452,0.167947858572006,3.44465637207031,4.940185546875,9.58522033691406,0.997977046306066,1.4863040992234,1.77812095704946
"MULTIPOINT ((443982.334027715 6202742.17440865))",741,п3д,с.с.,морена,171.607666015625,0.467126905918121,226.048889160156,-5.09459241584409e-05,-8.39206113596447e-05,С2,-0.210205078125,0.845480024814606,1.59477233886719,443982.334027715,6202742.17440865,82.6351654183363,14.3279360658117,203.998336791992,375.909820556641,322.340026855469,519.757629394531,257.872009277344,-0.186852350831032,0.381543517112732,2.11175966262817,1.59477233886719,6.28413391113281,9.58522033691406,0.372171012462581,1.06222356155997,1.82033779450681
"MULTIPOINT ((444132.232062258 6202747.70425857))",742,п3д,с.с.,морена,173.679412841797,0.302890211343765,256.981842041016,0.000163083197548985,0.000543653557542711,С2,1.10150146484375,2.84418988227844,2.05758666992188,444132.232062258,6202747.70425857,3.3402968298351,11.1195604186738,281.394226074219,490.973693847656,265.808380126953,594.365600585938,257.872009277344,0.979119181632996,2.16447448730469,4.1421914100647,2.05758666992188,4.91647338867188,9.58522033691406,0.499485684533962,1.04977172449941,1.66291341752674
"MULTIPOINT ((444282.130096801 6202753.23410849))",743,п3д,с.с.,морена,172.085113525391,1.13249433040619,326.133239746094,0.000222486036363989,0.00025028720847331,С2,0.73712158203125,2.24688673019409,3.35188293457031,444282.130096801,6202753.23410849,81.7157730569278,14.3167477883303,136.057693481445,611.59716796875,257.872009277344,685.304260253906,257.872009277344,0.655219197273254,1.23926150798798,2.33716821670532,3.35188293457031,6.22003173828125,9.58522033691406,0.869919836235056,1.57714227776327,1.55428360837174
"MULTIPOINT ((444432.028131344 6202758.76395841))",744,п3д,с.с.,морена,169.967758178711,0.634163796901703,142.694946289062,6.78624128340743e-05,3.41764825861901e-05,С2,0.1590576171875,1.63180577754974,1.74040222167969,444432.028131344,6202758.76395841,165.113827151666,15.7133149297327,7.99993467330933,815.462890625,375.909820556641,807.781799316406,322.340026855469,0.141382858157158,0.0714690536260605,0.211180821061134,1.74040222167969,4.62716674804688,9.58522033691406,0.507915300821054,0.885270572662517,1.54926095113277
"MULTIPOINT ((444581.926165887 6202764.29380833))",745,п3д,с.с.,морена,169.990478515625,0.900932908058167,8.33133220672607,0.000317222496960312,-5.72889694012702e-05,С2,0.405288696289062,1.46262800693512,2.390625,444581.926165887,6202764.29380833,28.7943154624987,13.2736787323115,150.783386230469,786.932250976562,455.857604980469,923.041320800781,322.340026855469,0.360260009765625,0.838971197605133,0.518580794334412,2.390625,3.63414001464844,7.74200439453125,0.811442940905047,1.0086854623826,1.43116745026662
"MULTIPOINT ((444731.82420043 6202769.82365825))",746,п3д,с.с.,морена,167.393951416016,0.300095707178116,252.84651184082,-0.000120377291750629,-0.000435972062405199,С2,-0.867111206054688,2.15776181221008,1.7203369140625,444731.82420043,6202769.82365825,5.52319726448294,11.6224576516151,11.9999017715454,685.304260253906,554.57470703125,1041.51245117188,322.340026855469,-0.770770609378815,-1.66007745265961,-1.3114241361618,1.7203369140625,3.63414001464844,18.2427520751953,0.600616830992669,0.8839716778004,1.36380453388912
"MULTIPOINT ((444881.722234974 6202775.35350817))",747,п3д огл,с.с.,морена,168.944778442383,0.735694944858551,23.3696765899658,0.000247236894210801,7.89933474152349e-05,С2,0.508544921875,1.17618417739868,2.10279846191406,444881.722234974,6202775.35350817,22.3007053215913,13.0181190511627,82.364372253418,547.029113769531,503.511199951172,1188.73120117188,128.936004638672,0.452046722173691,0.956320941448212,2.08568072319031,2.10279846191406,3.14945983886719,20.0358734130859,0.611396818323453,0.899612826368791,2.48650028806219
"MULTIPOINT ((445031.620269516 6202780.88335809))",748,п3д огл,с.с.,морена,166.484451293945,0.535057365894318,35.133674621582,-0.000229242694331333,-0.000101701807579957,С2,-0.515853881835938,1.46240520477295,1.74891662597656,445031.620269516,6202780.88335809,51.7056933343403,13.8590686423983,35.9997062683105,451.276000976562,432.464508056641,1276.4013671875,0,-0.458531707525253,-0.521816313266754,1.20898056030273,1.74891662597656,6.88777160644531,20.0358734130859,0.467164714522323,1.17636745211823,4.14134806416081
"MULTIPOINT ((445181.518304059 6202786.41320801))",749,п3д огл,с.с.,морена,165.828048706055,1.24976181983948,351.013458251953,0.000298934930469841,1.33713383547729e-05,С2,0.487075805664062,1.44865274429321,2.81672668457031,445181.518304059,6202786.41320801,149.208791860917,14.9188473571412,91.9992523193359,322.340026855469,375.909820556641,1359.95397949219,128.936004638672,0.432963043451309,1.08183324337006,1.40565454959869,2.81672668457031,9.38490295410156,20.0358734130859,0.973774129575244,2.12366767945859,4.7527178154863
"MULTIPOINT ((445331.416338602 6202791.94305793))",750,п3д,с.с.,морена,160.01741027832,2.44253969192505,341.589050292969,0.000459845090517774,9.24977866816334e-05,С2,0.862945556640625,4.9418888092041,6.97134399414062,445331.416338602,6202791.94305793,47.2578385601356,14.0358787018859,91.9992523193359,128.936004638672,322.340026855469,1305.37756347656,322.340026855469,0.767060995101929,-0.940884053707123,-3.24583601951599,6.97134399414062,12.5067901611328,18.2528076171875,1.70762006351884,3.15297502514539,4.03822824327345
"MULTIPOINT ((445481.314373146 6202797.47290785))",751,п3д,с.с.,морена,157.266250610352,3.00923013687134,183.820297241211,-0.00128675228916109,0.000188989361049607,,-1.71882629394531,5.72432851791382,8.41438293457031,445481.314373146,6202797.47290785,2.81091192437261,10.5415339609549,23.9998035430908,0,347.170806884766,1240.06677246094,288.309661865234,-1.52785241603851,-3.71145033836365,-5.24567604064941,8.41438293457031,12.0712280273438,16.5482330322266,2.54728740744029,3.74766531160421,3.55174355101673
"MULTIPOINT ((445631.212407688 6202803.00275777))",752,п3д огл,с.с.,далл,166.095291137695,1.33016800880432,193.684356689453,0.000571891374420375,0.000224213494220749,С3,1.24159240722656,1.12026762962341,3.41204833984375,445631.212407688,6202803.00275777,3.76269202683485,11.0338481332642,163.167297363281,128.936004638672,412.796630859375,1185.22985839844,257.872009277344,1.10363256931305,4.29090547561646,4.06392526626587,3.41204833984375,12.0712280273438,14.8237457275391,1.15399876123944,3.33811300123664,3.07848688532615
"MULTIPOINT ((445781.110442232 6202808.53260769))",753,п3д огл,с.с.,далл,165.210388183594,0.369433045387268,93.2964630126953,0.000299845734843984,7.84265921538463e-06,С3,0.479583740234375,1.44002747535706,1.25724792480469,445781.110442232,6202808.53260769,13.1396274367472,12.7558928255394,164.047424316406,322.340026855469,554.57470703125,1125.88525390625,257.872009277344,0.426291584968567,1.10338270664215,3.05045008659363,1.25724792480469,4.80384826660156,12.0712280273438,0.484854597127233,1.0645515996275,2.52875281717089
"MULTIPOINT ((445931.008476775 6202814.06245761))",754,п2д огл,л.с.,далл,164.61555480957,0.563946485519409,41.5318794250488,4.13611342082731e-05,9.16206263354979e-05,С3,0.207275390625,0.730407893657684,1.5015869140625,445931.008476775,6202814.06245761,27.4031656967759,13.2241592875248,121.654258728027,451.276000976562,663.738708496094,1103.51440429688,257.872009277344,0.18424479663372,0.971820414066315,1.79761838912964,1.5015869140625,3.63809204101562,10.9737243652344,0.487125854454332,0.767213041362149,1.3671553140646
"MULTIPOINT ((446080.906511318 6202819.59230753))",755,п2д,с.с.,морена,163.515243530273,0.188679531216621,348.897827148438,-6.09383387200069e-05,-6.92561370669864e-05,С3,-0.202926635742188,0.999123334884644,1.42596435546875,446080.906511318,6202819.59230753,1342.27814899429,17.1156243050075,0,580.212036132812,778.969848632812,1095.9560546875,257.872009277344,-0.18037074804306,0.0892875790596008,0.444027245044708,1.42596435546875,3.57585144042969,7.73834228515625,0.129993518243073,0.696874253554151,1.22773859353619
"MULTIPOINT ((446230.804545861 6202825.12215745))",756,п2д,с.с.,морена,164.308792114258,0.539894282817841,218.495178222656,-8.09421999292681e-06,5.69111653021537e-05,С3,0.076080322265625,0.520380854606628,1.46170043945312,446230.804545861,6202825.12215745,1.15031462341598,2.33746765545481,106.507347106934,773.616027832031,938.668273925781,1176.4306640625,322.340026855469,0.0676320418715477,0.67203414440155,1.57642555236816,1.46170043945312,3.46379089355469,6.53550720214844,0.476052935843478,0.91442852576036,1.34203096258535
"MULTIPOINT ((446380.702580404 6202830.65200737))",757,п2д,с.с.,морена,165.118759155273,0.120849519968033,22.6356906890869,0.000234704260947183,-3.30216039401421e-06,С3,0.360641479492188,0.602408051490784,1.14079284667969,446380.702580404,6202830.65200737,6.37325336280663,11.7656108156255,130.2294921875,895.618103027344,1049.46301269531,1204.36169433594,322.340026855469,0.320582062005997,2.00456142425537,2.39096832275391,1.14079284667969,5.56544494628906,6.84121704101562,0.182834290516068,1.24312834247324,1.33392576266412
"MULTIPOINT ((446530.600614947 6202836.18185729))",758,п2д,с.с.,морена,162.965698242188,1.97368800640106,29.7683296203613,0.000186440636753105,-3.80677738576196e-05,В4,0.231719970703125,2.47072219848633,5.35499572753906,446530.600614947,6202836.18185729,12.0108135696006,12.3993081192393,75.999382019043,773.616027832031,1057.35388183594,1245.08386230469,322.340026855469,0.20598179101944,0.218429252505302,0.319241881370544,5.35499572753906,5.56544494628906,9.88763427734375,1.55440050519895,1.83314584640351,1.35756286581677
"MULTIPOINT ((446680.49864949 6202841.71170721))",759,п2д,с.с.,морена,160.58317565918,0.681240618228912,192.436752319336,-0.000468171085231006,1.38732184495893e-05,С2,-0.708206176757812,1.62736833095551,3.33306884765625,446680.49864949,6202841.71170721,340.614436215097,16.4373671761768,43.2662620544434,644.680053710938,958.3857421875,1297.39343261719,322.340026855469,-0.629511535167694,-2.05480933189392,-2.16934704780579,3.33306884765625,5.49874877929688,14.0016784667969,0.695105682579562,1.54983172268405,1.4489258772937
"MULTIPOINT ((442927.517935994 6202853.36349375))",760,п3д,с.с.,морена,170.962280273438,0.535519182682037,349.669494628906,0.000113139307359233,-4.31732260040008e-05,,0.10906982421875,0.562735497951508,1.56964111328125,442927.517935994,6202853.36349375,47.7148796153737,13.7787440352986,200.477798461914,455.857604980469,386.808013916016,257.872009277344,0,0.0969475656747818,1.78607213497162,2.21492528915405,1.56964111328125,11.5978393554688,15.5473175048828,0.400056898551783,2.03295410257334,2.69369326127007
"MULTIPOINT ((443077.415970537 6202858.89334367))",761,п3д,с.с.,морена,161.350845336914,4.18786954879761,347.792755126953,-0.0013315548421815,-0.00044043778325431,,-2.78030395507812,9.39275169372559,10.3251647949219,443077.415970537,6202858.89334367,46.4176257728557,13.7511799973216,63.9994773864746,347.170806884766,392.1435546875,64.4680023193359,64.4680023193359,-2.4713728427887,-5.71939468383789,-7.39030694961548,10.3251647949219,12.8575286865234,15.4731597900391,3.7150941969783,3.71317482180187,2.68788556786403
"MULTIPOINT ((443227.31400508 6202864.42319359))",762,п3д,с.с.,морена,164.408721923828,4.24036359786987,172.80940246582,0.000176612389623187,-0.000552812649402767,С2,-0.58642578125,5.91131496429443,11.4823455810547,443227.31400508,6202864.42319359,10.3674036783004,12.0473800898188,65.6043472290039,322.340026855469,432.464508056641,64.4680023193359,91.1715240478516,-0.521262288093567,-2.58492159843445,-4.12286710739136,11.4823455810547,12.8422088623047,14.3071441650391,3.2540144385828,3.85798468574173,2.60815964499235
"MULTIPOINT ((447955.842036332 6196010.85707132))",763,п1д,с.с.,морена,143.791610717773,1.10000514984131,182.864151000977,-0.000329092086758465,-0.00019553498714231,С2,-0.8179931640625,3.65469622612,3.83290100097656,447955.842036332,6196010.85707132,30.2684232015444,13.3236057749744,62.4814872741699,904.851501464844,815.462890625,634.936218261719,0,-0.727110147476196,-0.129600986838341,0.644311785697937,3.83290100097656,8.10089111328125,14.5813598632812,0.561037605950939,1.76078100857255,2.61628925884617
"MULTIPOINT ((443377.212039623 6202869.95304351))",764,п3д,с.с.,морена,170.678131103516,0.862155258655548,219.391189575195,0.000276449572993442,-0.000114038790343329,,0.25323486328125,2.77396512031555,3.24114990234375,443377.212039623,6202869.95304351,6.08413246577115,11.7191848913951,162.82373046875,347.170806884766,503.511199951172,182.343048095703,0,0.225112915039062,2.39804196357727,2.46023511886597,3.24114990234375,12.8422088623047,14.3071441650391,0.978666591848138,2.71496777422143,2.4454946175202
"MULTIPOINT ((448105.624847982 6196002.7880358))",765,п1д,с.с.,морена,145.474105834961,0.711843729019165,263.254821777344,-9.86701998044737e-05,-0.000280967564322054,С2,-0.591751098632812,2.07422542572021,2.14509582519531,448105.624847982,6196002.7880358,230.321521490214,15.3529769966919,48.1659851074219,938.668273925781,895.618103027344,583.782592773438,144.154830932617,-0.526004374027252,-0.17501425743103,1.26671648025513,2.14509582519531,5.60200500488281,12.3207550048828,0.604324649956635,0.962092916544058,1.84161903229919
"MULTIPOINT ((443527.110074166 6202875.48289343))",766,п2д,с.с.,морена,169.643112182617,0.859656631946564,21.2875556945801,-0.000100093129731249,7.53231506678276e-05,С2,-0.0386505126953125,1.41397130489349,2.89131164550781,443527.110074166,6202875.48289343,74.6092204759301,14.4925242646977,72.4424896240234,347.170806884766,644.680053710938,347.170806884766,64.4680023193359,-0.0343509241938591,0.318405151367188,1.21430456638336,2.89131164550781,6.19346618652344,14.3071441650391,0.606480851445103,1.09072448923358,2.21377275224183
"MULTIPOINT ((448255.407659632 6195994.71900027))",767,п1д,с.с.,морена,146.507369995117,0.492821246385574,270.616271972656,-6.00374769419432e-05,0.000152192689711228,С2,0.143630981445312,0.705064117908478,1.83743286132812,448255.407659632,6195994.71900027,9.77103408395143,12.1929230476587,157.173782348633,981.947387695312,967.02001953125,580.212036132812,64.4680023193359,0.127668589353561,0.785880267620087,1.94828867912292,1.83743286132812,4.96469116210938,15.6065826416016,0.445447489874395,0.726170948339431,1.51024217631157
"MULTIPOINT ((443677.008108709 6202881.01274335))",768,п2д,с.с.,морена,168.252899169922,0.237366750836372,22.7329864501953,-0.000173418578924611,8.64459943841211e-05,С2,-0.13555908203125,0.666326582431793,1.16958618164062,443677.008108709,6202881.01274335,1.73906552721025,10.4668486600601,14.4220876693726,322.340026855469,644.680053710938,328.723602294922,64.4680023193359,-0.120495267212391,-0.844524145126343,-0.849984407424927,1.16958618164062,5.77633666992188,9.58522033691406,0.404974553810344,1.01612215595429,1.7431646630508
"MULTIPOINT ((448405.190471281 6195986.64996475))",769,п1д,с.с.,морена,145.584457397461,0.541922986507416,302.914733886719,0.000124523867270909,-0.000183454423677176,С2,-0.0918426513671875,0.953369736671448,2.08195495605469,448405.190471281,6195986.64996475,17.0251904247486,12.7481947814062,135.350296020508,958.3857421875,1002.88671875,531.616760253906,0,-0.0816294327378273,0.0730351060628891,1.50872242450714,2.08195495605469,4.96998596191406,15.6920928955078,0.399940911483813,1.08404577308616,2.52369009018452
"MULTIPOINT ((443826.906143252 6202886.54259327))",770,п2д,с.с.,морена,168.399276733398,1.28877544403076,145.172409057617,-0.000306001980789006,-7.074872701196e-05,С2,-0.587570190429688,1.92505049705505,4.32073974609375,443826.906143252,6202886.54259327,67.3753747501966,14.3905397576214,108.810882568359,407.7314453125,594.365600585938,265.808380126953,64.4680023193359,-0.52228969335556,-0.577291071414948,-1.12063241004944,4.32073974609375,7.50221252441406,9.58522033691406,0.94143689321371,1.79378249110404,2.04341684092654
"MULTIPOINT ((448554.973282931 6195978.58092923))",771,п1д,с.с.,морена,145.93327331543,1.51344215869904,333.543792724609,0.000359699741238728,0.000263263267697766,С2,0.971649169921875,1.77227163314819,4.29310607910156,448554.973282931,6195978.58092923,10.6250568126201,12.2767158062922,160.995574951172,1039.51525878906,1147.82006835938,608.189880371094,144.154830932617,0.863689839839935,2.62253928184509,2.08542251586914,4.29310607910156,13.5013580322266,15.6920928955078,1.25519838332072,2.41899083937089,3.22077448290399
"MULTIPOINT ((443976.804177795 6202892.07244319))",772,п3д,с.с.,морена,171.64306640625,0.694197475910187,105.62752532959,0.000212629180168733,-0.000259883148828521,С2,-0.0736083984375,1.7974020242691,2.37266540527344,443976.804177795,6202892.07244319,90.0005462052817,15.1064317634461,206.182708740234,503.511199951172,490.973693847656,364.686096191406,257.872009277344,-0.0654262974858284,1.06423830986023,2.19673585891724,2.37266540527344,8.23583984375,9.58522033691406,0.629192098849325,1.92463102025516,2.06774560003001
"MULTIPOINT ((448854.538906231 6195962.44285818))",773,п1д,с.с.,морена,139.899917602539,2.90945100784302,246.889434814453,8.76239064382389e-05,-4.03058220399544e-06,В3,0.13079833984375,3.32414054870605,7.86100769042969,448854.538906231,6195962.44285818,27.6315691158692,13.2324596720444,73.4296340942383,958.3857421875,1359.95397949219,776.297546386719,144.154830932617,0.11627197265625,-1.22031855583191,-4.12447500228882,7.86100769042969,12.0550994873047,20.5588531494141,2.32902607934223,2.85276152081997,3.09249886143474
"MULTIPOINT ((444126.702212338 6202897.60229311))",774,п3д,с.с.,морена,173.582885742188,0.578770279884338,105.999053955078,0.000333648436935619,0.000404203572543338,С2,1.15008544921875,3.00867891311646,2.59944152832031,444126.702212338,6202897.60229311,4.24756764452122,11.359847244589,247.997970581055,594.365600585938,455.857604980469,464.885375976562,257.872009277344,1.02230501174927,2.42680597305298,4.0832200050354,2.59944152832031,8.23583984375,9.58522033691406,0.417736190800335,1.34092724980109,1.99028931497875
"MULTIPOINT ((449004.321717881 6195954.37382266))",775,п1д,с.с.,морена,141.313095092773,1.25900518894196,193.336227416992,-0.000176191300852224,-0.000243156260694377,,-0.65386962890625,1.49080574512482,3.66755676269531,449004.321717881,6195954.37382266,48.4106760348958,6.25739885836393,16.4922866821289,820.543762207031,1528.31323242188,929.770751953125,144.154830932617,-0.581214070320129,-1.60864663124084,-3.01713538169861,3.66755676269531,14.2394104003906,20.5588531494141,0.917614965929412,1.99630618581839,3.49119719671665
"MULTIPOINT ((444276.600246881 6202903.13214303))",776,п3д,с.с.,морена,172.805313110352,0.955805003643036,34.2887725830078,0.000296832004096359,0.000472484476631507,С2,1.19931030273438,3.26362085342407,2.72708129882812,444276.600246881,6202903.13214303,5.35060347725836,11.3859228214931,144.884979248047,697.328063964844,451.276000976562,576.619323730469,288.309661865234,1.06605863571167,1.9004852771759,3.16918015480042,2.72708129882812,6.15367126464844,9.58522033691406,0.863667248157511,1.54937739783671,1.74051460276118
"MULTIPOINT ((449154.10452953 6195946.30478713))",777,п1д,с.с.,морена,143.601272583008,0.36995130777359,341.675140380859,0.000358523684553802,-0.000165114572155289,В4,0.301467895507812,1.83369100093842,1.97929382324219,449154.10452953,6195946.30478713,28.6828158730878,13.2697989378024,11.9999017715454,735.04833984375,1643.61804199219,1039.51525878906,91.1715240478516,0.267971456050873,-0.475130677223206,-1.36456513404846,1.97929382324219,10.970703125,23.7565460205078,0.681208082290783,1.81453985790707,3.84442530214621
"MULTIPOINT ((444426.498281424 6202908.66199295))",778,п3д,с.с.,морена,168.46907043457,0.523711264133453,188.920333862305,-0.00021326044225134,-0.00038262119051069,С2,-0.92877197265625,2.49119067192078,1.88626098632812,444426.498281424,6202908.66199295,97.0082690112435,8.48743653167327,3.99996733665466,820.543762207031,490.973693847656,754.57861328125,375.909820556641,-0.825581848621368,-1.63778591156006,-1.15720427036285,1.88626098632812,4.62716674804688,9.58522033691406,0.609595718285205,0.827072864287244,1.51636629058491
"MULTIPOINT ((448097.555812458 6195853.00522415))",779,п1д,с.с.,морена,146.567810058594,0.861456573009491,308.854187011719,0.000316518533509225,0.000834576843772084,С2,1.79435729980469,5.19515132904053,4.36029052734375,448097.555812458,6195853.00522415,2.16066904929521,2.10349406898468,3.99996733665466,735.04833984375,697.328063964844,407.7314453125,0,1.59498429298401,2.60744452476501,3.60524821281433,4.36029052734375,6.21055603027344,14.1213836669922,0.911984606291964,1.64789089001931,2.34629424522033
"MULTIPOINT ((444576.396315967 6202914.19184287))",780,п3д,с.с.,морена,170.229629516602,0.318722993135452,304.4296875,0.000212130442378111,4.63342112198006e-05,С2,0.402847290039062,1.16278600692749,1.93637084960938,444576.396315967,6202914.19184287,2.90774002502125,10.9808769001768,151.998764038086,720.774169921875,554.57470703125,876.859680175781,328.723602294922,0.358086466789246,0.758235991001129,0.995412349700928,1.93637084960938,3.72250366210938,14.0585174560547,0.297434188112185,0.856843028130515,1.23804939070003
"MULTIPOINT ((448247.338624108 6195844.93618862))",781,п1д,с.с.,морена,145.038375854492,0.627122938632965,215.569152832031,3.04648729070323e-05,7.59621627821616e-07,С2,0.0486907958984375,0.872891962528229,1.84228515625,448247.338624108,6195844.93618862,49.4448294549948,13.8143582359558,121.851379394531,797.425170898438,820.543762207031,386.808013916016,128.936004638672,0.0432654470205307,0.043615847826004,1.52065014839172,1.84228515625,6.75912475585938,13.3084869384766,0.508871280759561,0.931796883907574,1.88618436443732
"MULTIPOINT ((444726.29435051 6202919.72169279))",782,п3д,с.с.,морена,169.128143310547,0.622781038284302,300.756439208984,-6.5475237533974e-06,4.90958991576917e-05,С2,0.066314697265625,0.900050282478333,2.15217590332031,444726.29435051,6202919.72169279,52.7523189427842,13.8791084768164,87.7261352539062,608.189880371094,554.57470703125,967.02001953125,288.309661865234,0.0589480921626091,-0.219606354832649,0.892606616020203,2.15217590332031,3.72250366210938,22.1439666748047,0.524376740273002,0.939755897295451,1.27928909133529
"MULTIPOINT ((448397.121435758 6195836.8671531))",783,п1д,с.с.,морена,144.467849731445,1.07196092605591,349.285583496094,0.000211974678677507,-0.000264273752691224,С3,-0.0814056396484375,2.081547498703,3.69329833984375,448397.121435758,6195836.8671531,46.1455855150095,13.7453020456534,75.4712295532227,838.084045410156,916.262451171875,407.7314453125,64.4680023193359,-0.0723639577627182,-0.690592885017395,1.14901757240295,3.69329833984375,6.1060791015625,14.637451171875,1.05545553400129,1.15898012753532,2.87033994603111
"MULTIPOINT ((444876.192385053 6202925.25154271))",784,п3д огл,с.с.,морена,168.39436340332,0.286046802997589,331.183715820312,-2.04322059289552e-05,-0.000147806349559687,С2,-0.262222290039062,1.06842219829559,1.272216796875,444876.192385053,6202925.25154271,108.251508388901,7.69332509684192,35.9997062683105,503.511199951172,455.857604980469,1049.46301269531,193.404006958008,-0.233078002929688,-0.185926795005798,1.50891542434692,1.272216796875,4.33177185058594,21.2394866943359,0.381815994771191,0.852646005090577,2.34115552622821
"MULTIPOINT ((448600.974399881 6195833.06558021))",785,п1д,с.с.,морена,144.413650512695,0.543520987033844,305.802734375,0.000112170404463541,0.000394477043300867,С3,0.789688110351562,2.26157569885254,2.56671142578125,448600.974399881,6195833.06558021,3.28453935745178,11.1027271604878,61.0568504333496,923.041320800781,1072.96130371094,503.511199951172,91.1715240478516,0.701945006847382,1.73243749141693,1.36998093128204,2.56671142578125,14.637451171875,14.637451171875,0.709133848940352,3.14973395797098,3.09999634418729
"MULTIPOINT ((445026.090419596 6202930.78139263))",786,п3д огл,с.с.,морена,166.49641418457,0.447581976652145,336.961486816406,-0.000193201514775865,-3.5678251151694e-05,С2,-0.35675048828125,1.12852668762207,1.49618530273438,445026.090419596,6202930.78139263,12.6764198917255,12.4532443106448,47.9996070861816,364.686096191406,322.340026855469,1188.73120117188,0,-0.317111551761627,-0.138826325535774,1.73629546165466,1.49618530273438,12.1787567138672,21.2394866943359,0.354821778131178,1.40692686938824,4.9184143976521
"MULTIPOINT ((449146.035494007 6195796.52197548))",787,п1д,с.с.,морена,145.83772277832,1.22431027889252,77.5966644287109,0.000411971413996071,0.000121064265840687,В3,0.831253051757812,2.23866152763367,3.75485229492188,449146.035494007,6195796.52197548,19.2825256405003,13.1394594448068,131.998916625977,638.20068359375,1592.2421875,981.947387695312,64.4680023193359,0.738886535167694,2.18815231323242,2.33043670654297,3.75485229492188,6.61854553222656,22.6084442138672,0.810340937650292,1.57422995599175,3.49798813954156
"MULTIPOINT ((445175.988454139 6202936.31124255))",788,п3д огл,с.с.,морена,166.292678833008,1.4479945898056,19.5714836120605,0.000534539925865829,0.000264286267338321,С2,1.24594116210938,2.94441199302673,4.08616638183594,445175.988454139,6202936.31124255,10.6641331276853,12.2803868110658,39.9996719360352,273.514556884766,265.808380126953,1231.65942382812,128.936004638672,1.10750496387482,2.34912514686584,2.32119822502136,4.08616638183594,13.7662200927734,21.2394866943359,1.099113696839,2.43401794417856,5.06181334753637
"MULTIPOINT ((445325.886488682 6202941.84109247))",789,п3д,с.с.,морена,161.777465820312,1.45271039009094,22.4456806182861,-9.27957298699766e-05,0.000167843798408285,С2,0.116912841796875,2.13616347312927,4.81312561035156,445325.886488682,6202941.84109247,32.5598831469232,5.87949047871224,28.2840404510498,182.343048095703,203.86572265625,1224.89208984375,257.872009277344,0.103920832276344,0.904391527175903,-1.50795936584473,4.81312561035156,11.9527282714844,20.37744140625,1.01274799475671,3.52316978234915,4.5431567028921
"MULTIPOINT ((445475.784523225 6202947.37094239))",790,п3д,с.с.,морена,156.055450439453,2.95496964454651,174.840957641602,-0.00159675744362175,-0.000208146404474974,,-2.82341003417969,7.86862230300903,8.39192199707031,445475.784523225,6202947.37094239,65.3440355842692,14.0931669115362,11.3136157989502,0,232.442687988281,1226.58740234375,407.7314453125,-2.50970959663391,-4.78351211547852,-6.24177026748657,8.39192199707031,11.7743530273438,17.9119262695312,2.5517308338964,3.58505921175319,3.58027348871975
"MULTIPOINT ((449635.729106574 6196521.22892716))",791,п1д огл,с.с.,далл,155.642837524414,0.933481395244598,190.508666992188,0.000236380146816373,0.000176974703208543,С2,0.644424438476562,2.68512654304504,3.66262817382812,449635.729106574,6196521.22892716,27.1089890569496,13.2133661168299,15.9998693466187,1160.42407226562,1874.01281738281,1741.82958984375,64.4680023193359,0.572816610336304,0.631178259849548,1.6660817861557,3.66262817382812,6.55427551269531,14.1655578613281,0.70985385298388,1.59074170352212,1.91106879962094
"MULTIPOINT ((445625.682557768 6202952.90079231))",792,п3д огл,с.с.,далл,164.164993286133,0.777390003204346,135.204238891602,-5.96729587414302e-05,0.000190499224117957,С3,0.203903198242188,2.490234375,2.76203918457031,445625.682557768,6202952.90079231,7.87783352557119,12.2443130990182,158.491607666016,128.936004638672,288.309661865234,1176.4306640625,451.276000976562,0.181245595216751,1.91464078426361,2.2730655670166,2.76203918457031,11.7743530273438,16.1874389648438,0.884654836265582,3.07319462562942,3.18022201879193
"MULTIPOINT ((449785.511918224 6196513.15989164))",793,п1д огл,с.с.,далл,156.121810913086,0.252102881669998,224.451889038086,3.4804437746061e-05,3.18127276841551e-05,С2,0.103836059570312,1.12234389781952,0.810806274414062,449785.511918224,6196513.15989164,27.298280817717,13.2203244709239,76.4192657470703,1176.4306640625,1753.71936035156,1795.87072753906,257.872009277344,0.0922919362783432,-0.106306739151478,2.43791460990906,0.810806274414062,2.73558044433594,18.2640075683594,0.284556090844569,0.574812534388543,1.94342381002252
"MULTIPOINT ((445775.580592311 6202958.43064223))",794,п3д огл,с.с.,далл,163.16227722168,0.909950256347656,10.2658796310425,3.85816601919942e-05,-0.000203949253773317,С3,-0.25775146484375,1.39130532741547,3.59169006347656,445775.580592311,6202958.43064223,34.0802581656025,5.59830582286318,52.6113548278809,257.872009277344,407.7314453125,1204.36169433594,451.276000976562,-0.229112416505814,-0.773288667201996,0.924590468406677,3.59169006347656,4.80384826660156,14.0331115722656,0.728377581907589,1.17773222394034,2.61858507187102
"MULTIPOINT ((449935.294729874 6196505.09085611))",795,п1д огл,с.с.,далл,155.716857910156,0.174184560775757,287.765594482422,4.90135353174992e-05,-0.000167918551596813,С2,-0.185317993164062,1.3256710767746,1.38243103027344,449935.294729874,6196505.09085611,28.162168342631,13.251480273555,27.9997711181641,1204.36169433594,1681.11975097656,1676.16809082031,386.808013916016,-0.164728805422783,-0.590367555618286,2.56664156913757,1.38243103027344,2.91220092773438,18.9565734863281,0.417065298317907,0.460346898728039,2.89362903764084
"MULTIPOINT ((445925.478626854 6202963.96049215))",796,п2д огл,л.с.,далл,162.74560546875,0.757967829704285,158.778305053711,6.70426452415995e-05,-0.000139092866447754,С3,-0.112289428710938,1.12012827396393,2.037841796875,445925.478626854,6202963.96049215,6.954182465373,11.8528440165763,39.9996719360352,451.276000976562,594.365600585938,1269.87243652344,451.276000976562,-0.0998094379901886,-0.887017369270325,-0.331648021936417,2.037841796875,3.63809204101562,10.3577728271484,0.676667284793772,0.775871618853992,1.1414737460574
"MULTIPOINT ((450085.077541523 6196497.02182059))",797,п1д огл,с.с.,далл,156.359832763672,0.35325899720192,105.475852966309,-4.04857928515412e-05,-3.3325661206618e-05,С2,-0.11505126953125,1.74647641181946,1.17384338378906,450085.077541523,6196497.02182059,27.8749708680859,13.2412299291145,72.9925537109375,1185.22985839844,1672.44458007812,1532.38684082031,469.334136962891,-0.102261014282703,1.55499672889709,3.76954483985901,1.17384338378906,15.5310363769531,21.9056701660156,0.241190752621172,1.03279337501904,5.09714752740191
"MULTIPOINT ((446075.376661397 6202969.49034207))",798,п2д,с.с.,морена,164.04817199707,0.0729775726795197,335.707397460938,0.000184201446245424,7.41019321139902e-05,С3,0.402572631835938,1.27037227153778,1.3280029296875,446075.376661397,6202969.49034207,2.67314097813968,10.6919676447662,43.0809669494629,580.212036132812,720.774169921875,1289.36010742188,451.276000976562,0.35784912109375,0.547850966453552,0.859965741634369,1.3280029296875,3.57585144042969,9.84724426269531,0.34941635725463,0.715469953866574,1.11829304394858
"MULTIPOINT ((450234.860353173 6196488.95278507))",799,п1д огл,с.с.,далл,152.895172119141,2.5571653842926,325.503936767578,0.000409887754358351,-0.000226432544877753,С2,0.2874755859375,1.38752388954163,7.77291870117188,450234.860353173,6196488.95278507,51.4593571133718,13.8542930582627,175.361053466797,1271.5078125,1592.2421875,1355.36218261719,407.7314453125,0.25554233789444,1.23370575904846,0.779201507568359,7.77291870117188,17.5814056396484,21.9056701660156,1.89263486903584,4.61125877942832,5.03071155456716
"MULTIPOINT ((446225.27469594 6202975.02019199))",800,п2д,с.с.,морена,163.359466552734,0.681541860103607,111.816703796387,2.95094669127138e-05,-0.00014310066762846,С3,-0.177047729492188,1.01355743408203,2.22064208984375,446225.27469594,6202975.02019199,131.675921695923,14.79384450955,56.1422157287598,709.148010253906,820.543762207031,1295.79077148438,451.276000976562,-0.157372370362282,-0.285910785198212,0.485861748456955,2.22064208984375,4.07075500488281,7.65409851074219,0.648114124491251,0.843234916677914,1.4294648160603
"MULTIPOINT ((447830.266331253 6196468.27454179))",801,п1д,с.с.,морена,147.462020874023,1.80753040313721,188.255294799805,0.000462029973277822,0.000686175480950624,,1.79115295410156,4.51875257492065,6.31332397460938,447830.266331253,6196468.27454179,3.35824013318189,11.1249178112993,105.222709655762,1353.82800292969,1231.65942382812,697.328063964844,0,1.59213089942932,2.90205955505371,1.32694435119629,6.31332397460938,9.93270874023438,22.7237091064453,1.39015135570119,2.59992387062495,3.36144430537558
"MULTIPOINT ((446375.172730483 6202980.55004191))",802,п2д,с.с.,морена,165.013076782227,0.977292120456696,56.7477951049805,0.000384074868634343,0.000390861911000684,С3,1.20814514160156,2.64550685882568,3.19755554199219,446375.172730483,6202980.55004191,8.10345203811706,12.0057908928617,156.868087768555,902.552001953125,967.02001953125,1329.04187011719,451.276000976562,1.07389318943024,2.27214026451111,2.16051435470581,3.19755554199219,5.7479248046875,7.92726135253906,0.770659124084583,1.71902674656765,1.48740266066874
"MULTIPOINT ((447980.049142903 6196460.20550627))",803,п1д,с.с.,морена,143.555068969727,1.76922070980072,311.955657958984,-0.000883580418303609,-0.000607347465120256,,-2.32611083984375,7.66529369354248,6.4615478515625,447980.049142903,6196460.20550627,49.2339812260755,13.8100848048444,11.9999017715454,1359.95397949219,1266.59533691406,820.543762207031,128.936004638672,-2.06765580177307,-2.4390754699707,-3.24650502204895,6.4615478515625,6.90594482421875,22.7237091064453,1.77922636983749,1.8854722728975,3.41756494322822
"MULTIPOINT ((446525.070765026 6202986.07989183))",804,п1д,с.с.,морена,160.589431762695,1.63163411617279,19.7957458496094,-0.000423402962042019,-1.0104859029525e-05,В4,-0.676437377929688,2.24011468887329,4.42465209960938,446525.070765026,6202986.07989183,15.2419649669812,12.4327659442474,34.4090194702148,784.287109375,984.061340332031,1366.05249023438,451.276000976562,-0.601292908191681,-1.81864988803864,-2.27900528907776,4.42465209960938,5.7479248046875,13.0641174316406,1.35488431030538,1.79658701869658,1.53220029106524
"MULTIPOINT ((448129.831954552 6196452.13647075))",805,п1д,с.с.,морена,143.983261108398,0.844884514808655,247.161956787109,-0.00110044120810926,0.000115855618787464,,-1.53506469726562,5.76043367385864,5.05157470703125,448129.831954552,6196452.13647075,101.568726344338,14.5342364206151,7.99993467330933,1378.16845703125,1305.37756347656,916.262451171875,182.343048095703,-1.36450529098511,-2.39385509490967,-3.70211863517761,5.05157470703125,8.60675048828125,20.5848999023438,1.80611183665595,1.82478311015513,3.32233953851622
"MULTIPOINT ((446674.96879957 6202991.60974175))",806,п1д,с.с.,морена,162.078674316406,1.70069682598114,191.790573120117,0.000196782450075261,9.28602166823111e-05,С2,0.451889038085938,3.19105577468872,4.16061401367188,446674.96879957,6202991.60974175,35.8073420298971,13.4916537014396,59.99951171875,657.447204589844,876.859680175781,1413.89367675781,451.276000976562,0.401682525873184,-0.330902099609375,-0.962482094764709,4.16061401367188,5.68122863769531,14.5706329345703,1.38755408922113,1.55271106764568,1.7158565003826
"MULTIPOINT ((448279.614766202 6196444.06743522))",807,п1д,с.с.,морена,144.197219848633,0.891051709651947,241.856079101562,-0.0010370051022619,-0.000245996925514191,,-2.00025939941406,6.37689876556396,4.54116821289062,448279.614766202,6196444.06743522,3497.0082893328,18.073163851899,0,1408.00244140625,1355.36218261719,1019.32861328125,232.442687988281,-1.77800834178925,-2.8246054649353,-4.47267055511475,4.54116821289062,12.2897491455078,18.04736328125,1.57810870726952,2.29004965249761,3.53857926454561
"MULTIPOINT ((446824.866834113 6202997.13959167))",808,п2д,с.с.,морена,164.034255981445,0.831124842166901,28.6758422851562,0.000149126964970492,2.43917043007968e-06,С2,0.236297607421875,1.14966952800751,2.16343688964844,446824.866834113,6202997.13959167,8.06641148320672,12.0012094541068,173.664932250977,469.334136962891,729.372192382812,1503.63928222656,392.1435546875,0.21004231274128,1.12048590183258,0.877052366733551,2.16343688964844,5.64912414550781,14.5706329345703,0.791172733693464,1.15274147478627,2.34224998123239
"MULTIPOINT ((448429.397577852 6196435.9983997))",809,п1д,с.с.,морена,145.395431518555,1.28674161434174,106.284713745117,8.98287398740649e-05,-0.000276869221124798,,-0.29150390625,4.76140594482422,3.85102844238281,448429.397577852,6196435.9983997,130.356992149958,6.82337435722039,3.99996733665466,1408.00244140625,1394.65612792969,986.170776367188,322.340026855469,-0.259124755859375,-2.27051186561584,-3.02606511116028,3.85102844238281,11.1607360839844,18.9936981201172,0.945230925829426,2.14302473427205,4.07964717561005
"MULTIPOINT ((446974.764868656 6203002.66944159))",810,п2д,с.с.,морена,160.622741699219,0.405116677284241,342.160491943359,-0.000653162656817585,-0.000279820756986737,В4,-1.45419311523438,3.1309072971344,2.83879089355469,446974.764868656,6203002.66944159,78.0029911352774,14.2702479182684,27.9997711181641,347.170806884766,644.680053710938,1573.86450195312,347.170806884766,-1.29261445999146,-3.06667876243591,-2.76738142967224,2.83879089355469,6.90184020996094,14.5706329345703,0.745117316827225,1.34008470017547,2.39943179929862
"MULTIPOINT ((448579.180389502 6196427.92936418))",811,п1д,с.с.,морена,148.548965454102,1.60714936256409,143.765625,0.000365750689525157,9.60116813075729e-05,,0.720413208007812,5.36871242523193,4.74168395996094,448579.180389502,6196427.92936418,31.166975308619,13.3528597949537,11.9999017715454,1448.73815917969,1470.0966796875,1019.32861328125,412.796630859375,0.640367269515991,0.104870542883873,-0.0962869599461555,4.74168395996094,14.8666534423828,18.9936981201172,1.22796535474273,2.46520448520657,4.52846972747196
"MULTIPOINT ((447124.662903199 6203008.19929151))",812,п2д,с.с.,морена,164.317810058594,1.19729363918304,189.407241821289,0.000495592714287341,-7.22776985639939e-06,С2,0.761642456054688,2.62698817253113,3.51792907714844,447124.662903199,6203008.19929151,41.7735015282278,13.6457629482036,119.9990234375,232.442687988281,576.619323730469,1651.1865234375,288.309661865234,0.677018880844116,0.533372819423676,0.49451932311058,3.51792907714844,7.02243041992188,12.7880859375,0.957971808547335,1.65854353071648,2.15234724692913
"MULTIPOINT ((448728.963201152 6196419.86032865))",813,п1д,с.с.,морена,149.323089599609,1.36769485473633,270.514190673828,2.97177757602185e-05,3.26867229887284e-05,,0.097320556640625,2.94387817382812,7.42196655273438,448728.963201152,6196419.86032865,7.24865345836052,11.8943164661612,118.79296875,1370.60852050781,1552.59509277344,1067.13537597656,519.757629394531,0.0865020751953125,0.810669541358948,0.215703740715981,7.42196655273438,15.4326629638672,18.9936981201172,0.901435156632877,3.57007904834312,4.79376657264767
"MULTIPOINT ((447274.560937742 6203013.72914143))",814,п2д,с.с.,морена,163.763809204102,0.677606165409088,216.889999389648,-6.13480879110284e-05,-0.000312140153255314,В3,-0.5821533203125,2.04526615142822,2.22755432128906,447274.560937742,6203013.72914143,47.9351345198345,6.60120634573983,39.3951110839844,128.936004638672,519.757629394531,1778.42907714844,265.808380126953,-0.517471313476562,-0.944710850715637,-0.541053712368011,2.22755432128906,5.90280151367188,21.6179504394531,0.644909973470828,1.1601422855082,2.05934766343576
"MULTIPOINT ((448878.746012801 6196411.79129313))",815,п1д,с.с.,морена,145.282745361328,2.28224587440491,267.673004150391,-0.000182977251824923,-0.000947326945606619,,-1.76347351074219,4.85337162017822,8.70906066894531,448878.746012801,6196411.79129313,2109.46173768502,17.5676888377291,0,1251.7421875,1687.2890625,1162.21337890625,547.029113769531,-1.56754732131958,-3.1268413066864,-4.45022010803223,8.70906066894531,15.4326629638672,18.9936981201172,1.54344613043349,3.6787692918528,4.9314605206948
"MULTIPOINT ((447424.458972285 6203019.25899135))",816,п2д,с.с.,морена,163.751205444336,0.615043461322784,11.4162788391113,-7.37618101993576e-05,-0.000282800872810185,С2,-0.555770874023438,1.67724192142487,1.87728881835938,447424.458972285,6203019.25899135,63.8832555600372,14.0705580301566,84.8521194458008,232.442687988281,451.276000976562,1914.60192871094,232.442687988281,-0.494015157222748,-0.907901704311371,-0.482091069221497,1.87728881835938,4.87469482421875,22.6552124023438,0.58465881270399,0.938101227974498,2.79328544801583
"MULTIPOINT ((449028.528824451 6196403.7222576))",817,п1д,с.с.,морена,149.161880493164,2.62896466255188,244.288208007812,-7.31370018911548e-05,0.00023437844356522,,0.251312255859375,3.01812624931335,7.23255920410156,449028.528824451,6196403.7222576,22.4254999278006,12.8189121684798,93.636833190918,1183.47521972656,1783.09692382812,1238.38989257812,464.885375976562,0.223402231931686,-0.104667820036411,-0.902764320373535,7.23255920410156,14.5713806152344,18.9936981201172,2.07642791039112,3.28267414737775,4.82367631388336
"MULTIPOINT ((449178.311636101 6196395.65322208))",818,п1д огл,с.с.,далл,152.699890136719,2.2769410610199,223.836639404297,0.000397757743485272,2.75783695542486e-05,,0.6644287109375,2.83458757400513,7.57223510742188,449178.311636101,6196395.65322208,43.6078725617862,13.688738441825,111.999084472656,1125.88525390625,1882.86303710938,1322.77282714844,375.909820556641,0.590589761734009,1.81479692459106,2.21946287155151,7.57223510742188,12.8271484375,18.8609466552734,1.58422089865739,2.58042267713858,4.55647432721158
"MULTIPOINT ((446907.814582915 6200748.66907353))",819,п2д огл,л.с.,далл,160.235244750977,0.833567559719086,288.346313476562,-3.68340151908342e-05,9.79381875367835e-05,С2,0.0952301025390625,1.39025640487671,2.41241455078125,446907.814582915,6200748.66907353,1.54857069738154,9.80372053203803,101.19206237793,322.340026855469,2076.02978515625,815.462890625,91.1715240478516,0.0846506729722023,0.252212822437286,1.46966874599457,2.41241455078125,5.99310302734375,13.259765625,0.680858684256023,1.27663273243388,2.198213911026
"MULTIPOINT ((446608.018513829 6200737.60937369))",820,п3д огл,л.с.,далл,158.496231079102,0.190523892641068,227.612838745117,1.69899667525897e-05,-0.000369822868378833,С2,-0.549896240234375,2.87469720840454,3.0645751953125,446608.018513829,6200737.60937369,75.9811678296776,14.243986262292,39.9996719360352,0,1825.70837402344,576.619323730469,64.4680023193359,-0.488810211420059,-1.0638188123703,-1.6249361038208,3.0645751953125,9.98866271972656,14.6563720703125,0.451946862996702,1.50224143507115,2.82794166738383
"MULTIPOINT ((447207.610652001 6200759.72877337))",821,п2д огл,л.с.,далл,161.170303344727,0.981714725494385,335.555297851562,0.000228399250772782,5.98516307945829e-05,В3,0.449417114257812,1.10952246189117,3.81729125976562,447207.610652001,6200759.72877337,10.5125877361183,5.12285805458177,134.162979125977,193.404006958008,1934.0400390625,554.57470703125,232.442687988281,0.399488657712936,1.96300363540649,2.39013123512268,3.81729125976562,11.6377868652344,16.3232421875,0.689568596577215,2.31274234923493,2.57304669237277
"MULTIPOINT ((447057.712617458 6200754.19892345))",822,п2д огл,л.с.,далл,160.436401367188,0.960602879524231,242.394088745117,-3.93802947655786e-05,0.000138849864015356,С2,0.155029296875,1.53741526603699,3.1055908203125,447057.712617458,6200754.19892345,30.2252658919063,13.5889383598002,68.8180389404297,322.340026855469,2128.42065429688,694.341613769531,144.154830932617,0.137807205319405,0.526957631111145,1.75108504295349,3.1055908203125,7.38978576660156,11.8905334472656,0.615638281329784,1.45515936830438,2.55163029210441
"MULTIPOINT ((447507.406721087 6200770.78847321))",823,п2д огл,л.с.,далл,159.378952026367,1.88982141017914,218.259353637695,0.000185507233254611,-0.000142273434903473,С2,0.0677337646484375,2.1117570400238,6.589599609375,447507.406721087,6200770.78847321,31.1426498780475,13.3520790028455,105.222709655762,64.4680023193359,1676.16809082031,375.909820556641,203.86572265625,0.0602077916264534,0.654213428497314,1.0621246099472,6.589599609375,12.0127563476562,16.5746917724609,1.22279057585241,2.77001058250202,3.40382119760184
"MULTIPOINT ((447357.508686544 6200765.25862329))",824,п2д огл,л.с.,далл,158.673065185547,1.93322658538818,297.808380126953,0.000259095657384023,-0.000170008061104454,В3,0.139389038085938,1.35575687885284,5.78825378417969,447357.508686544,6200765.25862329,71.0930919659519,14.1774909171048,29.1202011108398,64.4680023193359,1805.10400390625,455.857604980469,193.404006958008,0.123899668455124,-0.302827477455139,0.193750202655792,5.78825378417969,12.0127563476562,16.5746917724609,1.48048527290037,2.88460142397462,2.82549006434169
"MULTIPOINT ((447807.202790173 6200781.84817305))",825,п3д,с.с.,далл,162.290985107422,0.386396646499634,223.889083862305,0.000445387529907748,0.000518460350576788,С2,1.50227355957031,3.85298085212708,2.52253723144531,447807.202790173,6200781.84817305,1.99042399982715,10.39706114874,96.7462997436523,386.808013916016,1353.82800292969,328.723602294922,182.343048095703,1.33535432815552,2.05754399299622,2.86738085746765,2.52253723144531,12.0007629394531,21.4589996337891,0.778552601096948,1.62998578384982,4.42684337722934
"MULTIPOINT ((447657.30475563 6200776.31832313))",826,п3д,с.с.,далл,158.909744262695,0.750596821308136,276.979827880859,-3.27642483171076e-05,-0.00060653209220618,С3,-0.9964599609375,2.68140959739685,3.47026062011719,447657.30475563,6200776.31832313,67.8422153886618,14.1306853914592,56.1422157287598,257.872009277344,1482.76403808594,322.340026855469,128.936004638672,-0.885752379894257,-0.796592235565186,0.11114339530468,3.47026062011719,8.68362426757812,21.4589996337891,0.914136875297472,1.74088198302362,4.04078876224569
"MULTIPOINT ((448106.998859259 6200792.90787289))",827,п3д,с.с.,далл,163.420654296875,0.712678968906403,236.808959960938,-3.53126124537084e-05,5.60664238946629e-06,С2,-0.0463104248046875,2.14007878303528,2.13720703125,448106.998859259,6200792.90787289,34.6776206932689,13.4595952865241,107.330383300781,455.857604980469,1031.48803710938,455.857604980469,193.404006958008,-0.0411648228764534,0.0115860924124718,1.58772945404053,2.13720703125,7.36630249023438,30.2056579589844,0.552696491314745,1.42612351019347,4.42316540616298
"MULTIPOINT ((447957.100824716 6200787.37802297))",828,п3д,с.с.,далл,159.377578735352,1.7347469329834,187.33805847168,-0.00150495884008706,-0.000115044778794982,В4,-2.52818298339844,9.68293762207031,5.91044616699219,447957.100824716,6200787.37802297,29.4038906173214,13.2946277439377,47.9996070861816,392.1435546875,1224.89208984375,375.909820556641,288.309661865234,-2.24726366996765,-2.17337346076965,-0.879087209701538,5.91044616699219,11.4395599365234,27.7346801757812,2.05259294114294,1.88558589881664,4.42195358369915
"MULTIPOINT ((444514.975880147 6200510.29344026))",829,п3д,с.с.,морена,164.922058105469,1.3893129825592,198.229705810547,-0.000331611488945782,0.000131195047288202,С2,-0.312759399414062,3.13308668136597,4.56402587890625,444514.975880147,6200510.29344026,11.6376999781235,12.3677505708233,172.045104980469,64.4680023193359,820.543762207031,322.340026855469,64.4680023193359,-0.278004974126816,0.537986934185028,0.364705592393875,4.56402587890625,13.8433990478516,15.5373077392578,1.2472959092726,2.61664787074214,3.89528195841147
"MULTIPOINT ((448256.896893802 6200798.43772281))",830,п3д,с.с.,далл,163.430618286133,1.01518070697784,270.663055419922,6.10791830695234e-05,-0.000281091080978513,С2,-0.342926025390625,2.25610446929932,3.24461364746094,448256.896893802,6200798.43772281,69.9653400049489,14.1615007210651,24.3308525085449,490.973693847656,902.552001953125,490.973693847656,64.4680023193359,-0.30482143163681,-1.97760570049286,0.374019175767899,3.24461364746094,14.0445251464844,28.3173828125,0.823318007203019,2.32653452145977,4.11816252077859
"MULTIPOINT ((444664.87391469 6200515.82329018))",831,п3д,с.с.,морена,167.790603637695,0.75771951675415,193.480819702148,-5.27138181496412e-05,-2.89116105705034e-05,С2,-0.12725830078125,2.09405541419983,2.24671936035156,444664.87391469,6200515.82329018,31.0196139867413,13.3481204580846,142.434783935547,193.404006958008,916.262451171875,412.796630859375,128.936004638672,-0.113104924559593,1.1353964805603,3.15409135818481,2.24671936035156,10.5485076904297,15.5373077392578,0.480683165038503,1.98697332090823,3.46723133499713
"MULTIPOINT ((444814.771949233 6200521.3531401))",832,п3д,с.с.,морена,168.489273071289,0.649400413036346,56.3099746704102,-0.000116325376438908,0.000123649573652074,С2,0.0113983154296875,0.872727394104004,1.90751647949219,444814.771949233,6200521.3531401,52.5312487973504,14.5680242319016,125.537818908691,386.808013916016,1072.96130371094,576.619323730469,128.936004638672,0.01012674998492,0.746206164360046,3.96642279624939,1.90751647949219,6.60133361816406,17.5132293701172,0.529035411510626,1.37710331886983,3.38996671958291
"MULTIPOINT ((444964.669983776 6200526.88299002))",833,п3д,с.с.,морена,166.53759765625,1.5174742937088,12.6156282424927,0.000144663295941427,-5.43471032870002e-05,С2,0.140975952148438,0.58481639623642,4.12226867675781,444964.669983776,6200526.88299002,47.3678487018392,13.5666571685827,106.732444763184,515.744018554688,1049.46301269531,694.341613769531,128.936004638672,0.125306874513626,0.915718257427216,2.06139326095581,4.12226867675781,13.3763122558594,17.5132293701172,1.09120849737465,2.8386720763284,3.88087567436402
"MULTIPOINT ((445114.568018319 6200532.41283994))",834,п3д,с.с.,морена,161.630218505859,2.62978529930115,19.1407527923584,-1.44240320878453e-05,-8.49401476443745e-05,,-0.155075073242188,2.22139716148376,7.91748046875,445114.568018319,6200532.41283994,66.5440441813686,14.1113647913684,83.9993133544922,583.782592773438,1033.50073242188,644.680053710938,0,-0.137844502925873,-1.38776504993439,-2.20981216430664,7.91748046875,12.5716857910156,17.8138275146484,1.80552217062182,3.14818685575881,4.08231589488208
"MULTIPOINT ((445264.466052862 6200537.94268986))",835,п3д,с.с.,морена,160.513107299805,1.13325834274292,131.863418579102,0.000162846539751627,0.000180731352884322,,0.535675048828125,2.73389911651611,3.64570617675781,445264.466052862,6200537.94268986,26.05990290674,5.098993927968,63.9994773864746,392.1435546875,1033.50073242188,503.511199951172,91.1715240478516,0.476167470216751,-0.0163991507142782,-1.06832206249237,3.64570617675781,5.95550537109375,21.0844116210938,0.954156560171691,1.45558225199796,3.82867122099786
"MULTIPOINT ((445414.364087405 6200543.47253978))",836,п3д,с.с.,морена,160.710784912109,0.569831907749176,78.387565612793,-1.56400565174408e-05,0.000135387657792307,,0.1866455078125,1.05841112136841,1.61280822753906,445414.364087405,6200543.47253978,5.20757884095493,11.3588285013831,127.560707092285,265.808380126953,1049.46301269531,432.464508056641,64.4680023193359,0.165902033448219,0.823488533496857,0.415351629257202,1.61280822753906,9.53823852539062,20.2678833007812,0.498289753409043,1.11558190304378,3.55361968252979
"MULTIPOINT ((445564.262121948 6200549.0023897))",837,п3д,с.с.,морена,159.393096923828,1.56652283668518,10.0295810699463,0.000388643151381984,-3.23774947901256e-05,,0.555923461914062,1.95466113090515,3.86878967285156,445564.262121948,6200549.0023897,72.108735523335,13.9868886628482,43.0809669494629,144.154830932617,1080.68054199219,392.1435546875,64.4680023193359,0.494150787591934,0.982691884040833,-0.304032802581787,3.86878967285156,12.91552734375,18.0799102783203,1.23825271490083,2.93878991199569,3.29504782239462
"MULTIPOINT ((445714.160156491 6200554.53223962))",838,п3д огл,с.с.,далл,154.111709594727,1.42153990268707,47.7836875915527,-0.000398091186070815,-0.000431884895078838,С5,-1.29432678222656,3.345947265625,5.32579040527344,445714.160156491,6200554.53223962,1,2.37639212113228,3.99996733665466,64.4680023193359,1125.88525390625,328.723602294922,128.936004638672,-1.15052628517151,-3.65534687042236,-5.71193552017212,5.32579040527344,12.6453094482422,18.0799102783203,1.72043989475963,3.11590382199599,3.39154784872821
"MULTIPOINT ((445864.058191034 6200560.06208954))",839,п3д огл,с.с.,далл,160.877975463867,1.83416271209717,252.664001464844,0.000145373836858198,0.000793131010141224,С2,1.46369934082031,3.25301623344421,5.47348022460938,445864.058191034,6200560.06208954,12.0385717982938,12.4016165558663,68.3514709472656,128.936004638672,1216.37976074219,144.154830932617,232.442687988281,1.30105924606323,2.68978977203369,0.937373101711273,5.47348022460938,15.0890502929688,17.2730560302734,1.40653568901059,3.04268207921997,3.77161353337717
"MULTIPOINT ((446463.650329206 6200582.18148922))",840,п3д огл,л.с.,далл,157.521408081055,1.97134709358215,323.453216552734,0.000198515859665349,-0.000423980673076585,С2,-0.351242065429688,2.95364117622375,6.73054504394531,446463.650329206,6200582.18148922,530.894065782729,16.1880632462976,36.8778762817383,91.1715240478516,1643.61804199219,407.7314453125,64.4680023193359,-0.312213480472565,-1.66365730762482,-2.3926739692688,6.73054504394531,13.7936553955078,14.8638763427734,1.52232387085381,3.04415377175283,3.19258476237779
"MULTIPOINT ((446013.956225577 6200565.59193946))",841,п3д огл,с.с.,далл,162.028762817383,1.26110327243805,223.126495361328,0.000136620306875557,-9.90088810794987e-05,С2,0.0587310791015625,2.83079266548157,5.57147216796875,446013.956225577,6200565.59193946,22.6947604679002,4.42866871540876,85.882942199707,265.808380126953,1341.49230957031,128.936004638672,128.936004638672,0.0522104911506176,0.711254179477692,2.0632312297821,5.57147216796875,11.8811950683594,17.2730560302734,1.76760482225226,2.41437160092958,3.87743640020991
"MULTIPOINT ((447662.834605551 6200626.42028859))",842,п3д,с.с.,далл,153.999801635742,3.25692558288574,276.652069091797,0.00015656728646718,-0.000626826658844948,С3,-0.733322143554688,2.76602935791016,8.92878723144531,447662.834605551,6200626.42028859,62.2750548173085,14.0450616858196,43.999641418457,232.442687988281,1495.32409667969,128.936004638672,0,-0.651838541030884,-1.72652041912079,-3.43908429145813,8.92878723144531,16.1822509765625,20.3770294189453,2.41996520008639,4.39321114149183,4.56220249364933
"MULTIPOINT ((447512.936571008 6200620.89043866))",843,п3д,с.с.,далл,157.161911010742,2.16432309150696,147.016510009766,0.000716238340828568,-0.000375298230210319,С2,0.533340454101562,6.05988025665283,8.86233520507812,447512.936571008,6200620.89043866,23.3102016114698,13.0623918465768,100.716606140137,64.4680023193359,1687.2890625,232.442687988281,64.4680023193359,0.474087178707123,1.31852281093597,0.0291155334562063,8.86233520507812,14.7389678955078,16.7797393798828,1.54488013718116,2.53457527675962,4.06815748390748
"MULTIPOINT ((447962.630674637 6200637.47998843))",844,п2д,с.с.,далл,159.979049682617,2.83465695381165,192.935623168945,-0.00103886751458049,0.000389638007618487,С2,-1.01707458496094,7.46726846694946,9.01884460449219,447962.630674637,6200637.47998843,15.652201459424,12.664112319853,75.999382019043,265.808380126953,1231.65942382812,273.514556884766,257.872009277344,-0.90406459569931,0.104049682617188,0.724969983100891,9.01884460449219,20.0131683349609,27.9397277832031,2.70667460773703,3.36379756509927,5.1731410378675
"MULTIPOINT ((447812.732640094 6200631.95013851))",845,п3д,с.с.,далл,159.66926574707,2.22372961044312,263.053405761719,0.000477813795441762,0.000344310101354495,С3,1.28340148925781,3.29747319221497,6.94279479980469,447812.732640094,6200631.95013851,5.5902610864113,2.71674654845458,28.2840404510498,257.872009277344,1359.95397949219,203.86572265625,128.936004638672,1.14081144332886,1.94488620758057,1.29642844200134,6.94279479980469,19.7330169677734,20.3770294189453,1.91807124434572,3.82291613777559,5.05025166310613
"MULTIPOINT ((448262.426743723 6200648.53968827))",846,п3д,с.с.,далл,162.107574462891,0.546272933483124,27.9315624237061,-0.0006265381234698,-0.000107475752884056,С2,-1.14413452148438,3.5552716255188,2.94111633300781,448262.426743723,6200648.53968827,21.6570682335604,12.988832622893,27.9997711181641,375.909820556641,911.715209960938,375.909820556641,64.4680023193359,-1.01701354980469,-1.89064705371857,0.116438664495945,2.94111633300781,10.3324127197266,28.3173828125,1.14006641005333,1.56972338865622,4.91851132312069
"MULTIPOINT ((448112.52870918 6200643.00983835))",847,п3д,с.с.,далл,165.487686157227,1.14842975139618,126.664497375488,0.000490054255351424,0.000686246086843312,С2,1.83399963378906,6.79954671859741,3.72016906738281,448112.52870918,6200643.00983835,10.0931491811396,12.2253576392273,71.9994125366211,328.723602294922,1039.51525878906,328.723602294922,193.404006958008,1.63022363185883,2.9663770198822,4.75526571273804,3.72016906738281,11.71240234375,30.4107055664062,1.4519881714988,1.78946120631561,5.23232243139267
"MULTIPOINT ((444520.505730067 6200360.39540572))",848,п3д,с.с.,морена,161.092788696289,1.58753168582916,201.109649658203,-0.000431917113019153,-0.00015035351680126,С2,-0.908355712890625,2.98422646522522,4.7274169921875,444520.505730067,6200360.39540572,216.613360302705,15.2916147590051,62.4814872741699,203.86572265625,911.715209960938,203.86572265625,64.4680023193359,-0.807435750961304,-1.50642919540405,-2.40841627120972,4.7274169921875,14.1553192138672,17.5244445800781,1.19101960671655,3.44384397404708,4.58814501822371
"MULTIPOINT ((444670.40376461 6200365.92525564))",849,п3д,с.с.,морена,166.446655273438,2.44888544082642,200.904602050781,6.29983114777133e-05,-3.51484741258901e-05,С2,0.04364013671875,1.2201429605484,6.39053344726562,444670.40376461,6200365.92525564,25.1569121206313,13.1386334390216,190.072113037109,273.514556884766,938.668273925781,328.723602294922,182.343048095703,0.0387776680290699,0.437801122665405,2.89054107666016,6.39053344726562,11.9071502685547,17.5244445800781,1.87372130940825,3.29741698277337,4.43336676656871
"MULTIPOINT ((444820.301799153 6200371.45510556))",850,п3д,с.с.,морена,170.615249633789,0.46736353635788,338.435455322266,0.000304077169857919,0.000126030063256621,С2,0.670394897460938,0.597666084766388,1.74064636230469,444820.301799153,6200371.45510556,11.176704651527,12.5940918366427,260.458984375,432.464508056641,897.935363769531,519.757629394531,322.340026855469,0.595909953117371,3.14060258865356,6.82686614990234,1.74064636230469,11.8382720947266,17.5244445800781,0.426056142030532,1.68701950541273,3.35150065999911
"MULTIPOINT ((444970.199833696 6200376.98495548))",851,п3д,с.с.,морена,167.470687866211,1.44108748435974,10.0561943054199,-0.000102531324955635,0.00021652971918229,В3,0.177627563476562,1.52312088012695,4.28312683105469,444970.199833696,6200376.98495548,8.48285135155881,10.0066916857554,159.297164916992,531.616760253906,923.041320800781,657.447204589844,182.343048095703,0.157891169190407,1.64559030532837,3.22467565536499,4.28312683105469,13.3763122558594,17.5132293701172,0.926016195801218,3.00499661016127,3.53640952195252
"MULTIPOINT ((445120.097868239 6200382.5148054))",852,п3д,с.с.,морена,162.878814697266,2.15213060379028,359.579406738281,-0.000409656728152186,0.000298932602163404,,-0.173583984375,2.1895968914032,5.83612060546875,445120.097868239,6200382.5148054,5.65150026314764,11.4406345106701,97.6516418457031,594.365600585938,904.851501464844,729.372192382812,64.4680023193359,-0.154305353760719,-0.748604893684387,-1.01162755489349,5.83612060546875,12.1447906494141,17.5132293701172,1.83528784969819,2.71127218914966,3.81904047952324
"MULTIPOINT ((445269.995902782 6200388.04465532))",853,п3д,с.с.,морена,162.509979248047,0.733595430850983,114.209175109863,0.000177098598214798,0.00034632597817108,С2,0.815902709960938,2.68510246276855,3.03829956054688,445269.995902782,6200388.04465532,14.7518071614752,12.6048663391289,88.8136901855469,432.464508056641,904.851501464844,608.189880371094,128.936004638672,0.725241780281067,1.06983506679535,0.779546916484833,3.03829956054688,9.10118103027344,21.0844116210938,0.622718997606218,1.38612552617362,3.46716994668491
"MULTIPOINT ((445419.893937326 6200393.57450524))",854,п3д,с.с.,морена,161.396591186523,0.449201822280884,28.1435699462891,-2.86572012555553e-05,2.12540089705726e-05,С2,-0.01153564453125,0.698196113109589,2.00273132324219,445419.893937326,6200393.57450524,21.6663923335198,12.7524781426376,111.210601806641,322.340026855469,923.041320800781,550.814819335938,64.4680023193359,-0.01025899220258,0.461382508277893,1.08101546764374,2.00273132324219,9.76527404785156,18.0799102783203,0.188781629155963,1.0249081460352,3.59584239181236
"MULTIPOINT ((445569.791971869 6200399.10435516))",855,п3д,с.с.,морена,160.273910522461,0.751930952072144,45.973804473877,0.000223061768338084,-0.000150898864376359,С2,0.112533569335938,1.87185859680176,3.85289001464844,445569.791971869,6200399.10435516,151.875797994226,14.9365638127899,34.1757354736328,193.404006958008,958.3857421875,455.857604980469,0,0.100034922361374,0.929156243801117,0.539914667606354,3.85289001464844,11.8013000488281,18.0799102783203,0.419428844069743,1.9667964936826,3.52812415286035
"MULTIPOINT ((445719.690006412 6200404.63420508))",856,п3д,с.с.,морена,154.735061645508,1.85333263874054,7.55277919769287,-0.000675058632623404,-0.000223232273128815,С2,-1.40187072753906,4.57873868942261,6.22233581542969,445719.690006412,6200404.63420508,15.4527205434791,12.6512858192247,27.9997711181641,0,1039.51525878906,265.808380126953,64.4680023193359,-1.24610567092896,-2.8307945728302,-5.12345600128174,6.22233581542969,10.4169769287109,18.0799102783203,1.83543278324251,2.37490450824001,3.15266810227926
"MULTIPOINT ((447668.364455471 6200476.52225404))",857,п3д,с.с.,далл,146.36018371582,2.35633707046509,330.3095703125,-0.000863780791405588,-0.00111299252603203,,-3.08580017089844,6.11517858505249,6.63186645507812,447668.364455471,6200476.52225404,64.3132303653783,14.077266114463,35.9997062683105,128.936004638672,1517.39660644531,0,64.4680023193359,-2.74292850494385,-6.73542976379395,-10.3053150177002,6.63186645507812,13.7655792236328,20.3770294189453,2.07838407037697,3.92994151366876,4.06003064197592
"MULTIPOINT ((445869.588040955 6200410.164055))",858,п3д,с.с.,морена,156.409683227539,1.61155593395233,219.170852661133,0.000460429408121854,-0.000262426707195118,,0.309280395507812,3.99934768676758,5.36199951171875,445869.588040955,6200410.164055,51.9082390987836,13.8629782714932,48.1659851074219,91.1715240478516,1109.1494140625,144.154830932617,144.154830932617,0.274922698736191,-1.26710391044617,-3.3107967376709,5.36199951171875,12.8365173339844,16.3432312011719,1.7115264798359,2.32322480245407,3.18978771653886
"MULTIPOINT ((447968.160524557 6200487.58195388))",859,п2д,с.с.,далл,154.568313598633,2.54790234565735,240.124313354492,2.47149273491232e-06,0.00020095071522519,С2,0.317367553710938,2.3400731086731,7.65495300292969,447968.160524557,6200487.58195388,487.329522089388,16.3692006972537,93.3801803588867,91.1715240478516,1266.59533691406,182.343048095703,257.872009277344,0.282102793455124,-0.929250001907349,-3.4089949131012,7.65495300292969,20.1719818115234,27.9397277832031,1.8809706149228,4.7772018723743,4.93596705180782
"MULTIPOINT ((447818.262490014 6200482.05210396))",860,п3д,с.с.,далл,149.49543762207,3.04367685317993,215.825836181641,-0.000159723102115095,-0.000211290069273673,С2,-0.579757690429688,2.44830560684204,8.63737487792969,447818.262490014,6200482.05210396,55.6256783451804,13.9321456798075,43.999641418457,64.4680023193359,1391.6728515625,64.4680023193359,182.343048095703,-0.515346944332123,-3.56009817123413,-7.69076108932495,8.63737487792969,20.0968780517578,20.3770294189453,2.42878843818474,3.85908567082213,4.60737134922268
"MULTIPOINT ((448267.956593643 6200498.64165372))",861,п3д,с.с.,далл,160.954010009766,1.46844804286957,269.173187255859,0.000377066346118227,-0.000727578822989017,С2,-0.546096801757812,3.44862508773804,5.09669494628906,448267.956593643,6200498.64165372,36.2649796516364,13.5043532721391,31.9997386932373,232.442687988281,958.3857421875,203.86572265625,64.4680023193359,-0.485409200191498,0.317225247621536,0.736173510551453,5.09669494628906,14.1287536621094,28.3173828125,1.41786656367481,3.44927506789523,4.49180645550887
"MULTIPOINT ((448118.0585591 6200493.1118038))",862,п3д,с.с.,далл,165.767608642578,3.02682042121887,240.745635986328,0.00160142651293427,0.00162845884915441,С2,5.04795837402344,14.0630464553833,10.9283752441406,448118.0585591,6200493.1118038,11.2880943418026,12.337249316649,108.073165893555,144.154830932617,1080.68054199219,144.154830932617,193.404006958008,4.48708248138428,6.59710121154785,6.62140274047852,10.9283752441406,15.514404296875,30.4107055664062,3.04067507328743,4.34235814676785,5.04773341336476
"MULTIPOINT ((444526.035579988 6200210.49737118))",863,пд пов огл,с.с.,морена,160.437973022461,1.34312558174133,199.652130126953,-0.000526672694832087,6.49341454845853e-05,С2,-0.72027587890625,4.53505897521973,4.59349060058594,444526.035579988,6200210.49737118,47.9050152965016,13.7827209468378,39.9996719360352,144.154830932617,784.287109375,193.404006958008,0,-0.640260457992554,-0.833663642406464,-2.50052380561829,4.59349060058594,14.1553192138672,17.5244445800781,1.27636079222573,3.51279637415162,4.51976493156115
"MULTIPOINT ((444204.120111221 6200799.02980951))",864,п3д,с.с.,морена,167.722579956055,0.493894308805466,222.251037597656,0.000724388577509671,0.000417950708651915,С2,1.78054809570312,5.01054000854492,2.85226440429688,444204.120111221,6200799.02980951,2.71400512240692,10.911926193238,107.702415466309,128.936004638672,412.796630859375,531.616760253906,64.4680023193359,1.5827077627182,2.74043464660645,3.3584725856781,2.85226440429688,5.50944519042969,13.8310089111328,0.985757452463191,1.24957675654909,2.39901015555383
"MULTIPOINT ((444354.018145764 6200804.55965943))",865,п3д,с.с.,морена,163.954238891602,1.57142841815948,0.0226155836135149,-0.000300828891340643,-0.000194742562598549,С2,-0.77301025390625,3.7607364654541,5.05567932128906,444354.018145764,6200804.55965943,5670.24011294161,18.5564874882125,0,182.343048095703,503.511199951172,515.744018554688,64.4680023193359,-0.687126994132996,-0.870831251144409,-0.82017707824707,5.05567932128906,5.57965087890625,14.8861694335938,1.48237736767712,1.43486422238807,2.42382967532444
"MULTIPOINT ((444503.916180307 6200810.08950935))",866,п3д,с.с.,морена,166.168701171875,1.04223084449768,222.206451416016,0.000497780391015112,0.000155595029355027,С2,1.01873779296875,3.50630378723145,4.02432250976562,444503.916180307,6200810.08950935,13.3882648314694,12.5078793088364,51.9995765686035,265.808380126953,663.738708496094,550.814819335938,64.4680023193359,0.905551493167877,0.578450739383698,0.584710478782654,4.02432250976562,6.54377746582031,15.2253875732422,0.852500778586191,1.65237980361725,2.37249263570727
"MULTIPOINT ((444653.81421485 6200815.61935927))",867,п3д,с.с.,морена,166.390228271484,0.903104066848755,147.433609008789,-0.000166515761520714,8.03545481176116e-06,С2,-0.247100830078125,1.18395590782166,2.50802612304688,444653.81421485,6200815.61935927,59.2586094732315,13.9954118214501,25.2980155944824,322.340026855469,778.969848632812,608.189880371094,128.936004638672,-0.219640091061592,-0.404847115278244,0.568038880825043,2.50802612304688,6.64083862304688,15.2253875732422,0.875196755130739,1.33870547726349,2.10589275066553
"MULTIPOINT ((444803.712249393 6200821.14920919))",868,п3д,с.с.,морена,168.994430541992,0.376125335693359,188.789413452148,0.000331653340253979,0.00018313129839953,С2,0.8023681640625,1.75180077552795,1.90673828125,444803.712249393,6200821.14920919,3.24838674464012,4.89181486074579,159.246932983398,412.796630859375,897.935363769531,685.304260253906,128.936004638672,0.71320766210556,1.42646884918213,3.50442004203796,1.90673828125,4.83396911621094,15.2589416503906,0.362808888087377,1.07236956722717,2.74013843621033
"MULTIPOINT ((444953.610283936 6200826.67905911))",869,п3д,с.с.,морена,167.564361572266,1.61921226978302,330.672180175781,0.000119544441986363,4.76434506708756e-05,С2,0.260818481445312,1.24607670307159,4.41397094726562,444953.610283936,6200826.67905911,59.4881073293855,13.9992771601824,198.593444824219,608.189880371094,1063.23352050781,647.895385742188,128.936004638672,0.231843739748001,1.35915577411652,2.70880722999573,4.41397094726562,12.3638458251953,17.5132293701172,1.34087151201131,2.61694792527874,4.03683428986936
"MULTIPOINT ((445103.508318479 6200832.20890903))",870,п3д огл,с.с.,далл,163.372528076172,2.412428855896,344.525054931641,0.000189250073162839,0.000106419895018917,С2,0.461746215820312,1.58847749233246,6.64024353027344,445103.508318479,6200832.20890903,91.8567530805829,14.4337310763085,118.117622375488,519.757629394531,1188.73120117188,519.757629394531,0,0.410444468259811,-0.0432907417416573,-0.327130317687988,6.64024353027344,17.2017517089844,17.9274749755859,1.68229804848205,4.27940452137542,4.47820210605782
"MULTIPOINT ((445253.406353022 6200837.73875895))",871,п3д огл,с.с.,далл,155.506301879883,2.62685251235962,332.810821533203,-0.000476094865007326,-0.000998571165837348,С2,-2.30233764648438,5.50386762619019,7.650634765625,445253.406353022,6200837.73875895,188.379631330335,15.1519599867655,34.1757354736328,412.796630859375,1314.89440917969,392.1435546875,91.1715240478516,-2.04651212692261,-5.40986585617065,-6.79986333847046,7.650634765625,15.5602874755859,21.0844116210938,2.46649827168106,3.12282169642316,5.02043446446398
"MULTIPOINT ((445403.304387565 6200843.26860887))",872,п3д огл,с.с.,далл,158.003158569336,0.399565488100052,160.834182739258,0.000220269081182778,-0.000718434108421206,,-0.776412963867188,5.51923513412476,5.17930603027344,445403.304387565,6200843.26860887,3.58492692709063,11.1902388353104,39.3951110839844,257.872009277344,1367.57287597656,203.86572265625,64.4680023193359,-0.690149962902069,0.281871885061264,-3.10347509384155,5.17930603027344,13.5460205078125,20.3690795898438,1.96051122376378,3.06737693145202,4.07824885189545
"MULTIPOINT ((445553.202422108 6200848.79845879))",873,п3д огл,с.с.,далл,158.997985839844,3.53583788871765,28.0043163299561,0.00141188851557672,0.000830805220175534,,3.51043701171875,14.0136890411377,10.4290466308594,445553.202422108,6200848.79845879,1.37041444321723,9.68150136464191,51.9995765686035,128.936004638672,1391.6728515625,91.1715240478516,0,3.12039184570312,1.72886252403259,-1.50952935218811,10.4290466308594,14.9685974121094,19.4184875488281,3.33078451109952,3.73099572082857,3.97347665284815
"MULTIPOINT ((445703.100456651 6200854.32830871))",874,п3д,с.с.,морена,152.858245849609,4.25340414047241,198.141983032227,-0.00133676012046635,-0.000101778612588532,С3,-2.25978088378906,6.23629379272461,11.4285736083984,445703.100456651,6200854.32830871,21.8961770348095,12.9998128013896,43.0809669494629,0,1427.06005859375,91.1715240478516,64.4680023193359,-2.00869917869568,-5.72816181182861,-7.67004823684692,11.4285736083984,17.2730560302734,17.5245361328125,3.65305586095333,5.08497793495923,4.35410767781236
"MULTIPOINT ((446002.896525737 6200865.38800855))",875,п2д огл,л.с.,далл,164.377319335938,1.14155352115631,260.256500244141,0.000441187323303893,-9.20923193916678e-05,С2,0.544464111328125,2.60055541992188,3.289794921875,446002.896525737,6200865.38800855,33.870484206535,13.4360447071833,59.0588111877441,322.340026855469,1559.27294921875,386.808013916016,91.1715240478516,0.483968108892441,0.38645002245903,3.02482175827026,3.289794921875,6.52836608886719,17.5245361328125,1.07464060366212,1.43387076843296,3.94040396878066
"MULTIPOINT ((445852.998491194 6200859.85815863))",876,п3д огл,с.с.,далл,164.936248779297,1.48468637466431,283.316589355469,0.000122645506053232,0.000272129022050649,С2,0.6156005859375,2.61954927444458,4.28791809082031,445852.998491194,6200859.85815863,57.7770789350281,13.9700928832367,131.574005126953,193.404006958008,1499.48754882812,265.808380126953,64.4680023193359,0.547210693359375,2.96976494789124,3.85253930091858,4.28791809082031,17.2730560302734,17.5245361328125,1.07632981019838,3.17221356711866,4.46011251819138
"MULTIPOINT ((446302.692594823 6200876.44770839))",877,п2д,с.с.,далл,164.409027099609,0.564791321754456,25.9021320343018,0.000202424082090147,0.000282168824924156,С2,0.755325317382812,1.86473488807678,1.86311340332031,446302.692594823,6200876.44770839,4.28127731918537,11.1629648715906,144.884979248047,257.872009277344,1741.82958984375,464.885375976562,203.86572265625,0.671405375003815,1.63960945606232,2.91624617576599,1.86311340332031,6.65142822265625,16.6321563720703,0.461637829734834,1.30177902289132,2.50370191414352
"MULTIPOINT ((446152.79456028 6200870.91785847))",878,п2д,с.с.,далл,164.920227050781,0.0444288104772568,128.213577270508,0,0,С2,0.634796142578125,1.8785502910614,1.76783752441406,446152.79456028,6200870.91785847,6.85514622369309,11.6337131112003,184.692825317383,451.276000976562,1627.09887695312,392.1435546875,144.154830932617,0.564268350601196,1.04500937461853,3.25610399246216,1.76783752441406,5.22218322753906,17.5245361328125,0.322681302981088,0.865847347326647,2.42066714210025
"MULTIPOINT ((446602.488663909 6200887.50740823))",879,п3д,с.с.,далл,158.831573486328,0.772834241390228,224.082229614258,-0.000461787130916491,-0.000238273918512277,С2,-1.09130859375,3.52418541908264,2.86439514160156,446602.488663909,6200887.50740823,90.4136824740105,14.417896355172,19.9998359680176,0,1914.60192871094,644.680053710938,144.154830932617,-0.970055460929871,-1.68979167938232,-1.71008932590485,2.86439514160156,5.67417907714844,14.6563720703125,0.907181309093888,1.33418640827381,2.49879484089754
"MULTIPOINT ((446452.590629366 6200881.97755831))",880,п3д огл,л.с.,далл,162.196395874023,1.59810853004456,1.04286599159241,0.000298689672490582,0.00019208001322113,С2,0.765548706054688,2.76700615882874,4.25184631347656,446452.590629366,6200881.97755831,15.1092569367382,12.6288083425813,7.99993467330933,128.936004638672,1825.70837402344,547.029113769531,232.442687988281,0.680489420890808,0.724181175231934,1.27608013153076,4.25184631347656,6.55293273925781,14.8638763427734,1.37765612548341,1.79492150232176,2.62186605794689
"MULTIPOINT ((446902.284732995 6200898.56710807))",881,п2д огл,л.с.,далл,161.27946472168,0.589561700820923,91.9429244995117,-1.38247651193524e-05,-0.000101485835330095,С2,-0.179733276367188,1.74316573143005,1.8817138671875,446902.284732995,6200898.56710807,16.8783606147037,12.7395331088952,115.446014404297,273.514556884766,2195.701171875,895.618103027344,265.808380126953,-0.159759521484375,0.318829298019409,1.6107314825058,1.8817138671875,5.42308044433594,13.4248352050781,0.490334151323632,0.61049155467107,1.67883456495769
"MULTIPOINT ((446752.386698452 6200893.03725815))",882,п3д огл,л.с.,далл,160.644760131836,0.513068914413452,108.660980224609,-0.000345679087331519,-0.000128050378407352,С3,-0.7384033203125,3.43295788764954,1.91644287109375,446752.386698452,6200893.03725815,34.5128465581911,13.7215917849852,152.314208984375,193.404006958008,2098.92602539062,840.559875488281,203.86572265625,-0.65636020898819,0.22537636756897,0.471997618675232,1.91644287109375,5.42308044433594,13.8358154296875,0.435081730386862,0.85338405818911,1.835062420324
"MULTIPOINT ((447202.080802081 6200909.62680791))",883,п2д огл,л.с.,далл,160.143493652344,0.188453689217567,50.3312187194824,-0.000291673495667055,-0.000258873769780621,С2,-0.858062744140625,2.88983249664307,1.38037109375,447202.080802081,6200909.62680791,68.1751782112691,14.1355812871808,34.4090194702148,193.404006958008,1935.1142578125,638.20068359375,347.170806884766,-0.762725830078125,-0.420358449220657,0.712254822254181,1.38037109375,7.29261779785156,16.9325714111328,0.339623983894737,0.811330449037029,2.25114909502177
"MULTIPOINT ((447052.182767538 6200904.09695799))",884,п2д огл,л.с.,далл,162.159286499023,0.385918885469437,115.250701904297,0.000205606003873982,0.000133872279548086,С2,0.529129028320312,1.28717243671417,1.37370300292969,447052.182767538,6200904.09695799,3.32606320977816,10.910502852793,180.398071289062,375.909820556641,2128.42065429688,786.932250976562,322.340026855469,0.470330119132996,0.978472054004669,2.75165867805481,1.37370300292969,2.86712646484375,12.6220855712891,0.351926094757317,0.594308872173755,1.92939921457632
"MULTIPOINT ((447501.876871167 6200920.68650775))",885,п2д огл,л.с.,далл,161.050811767578,1.30536580085754,193.849578857422,1.48944318425492e-05,9.44583298405632e-05,С3,0.170486450195312,2.01043033599854,3.30342102050781,447501.876871167,6200920.68650775,28.8479484624554,13.2755396243647,101.271087646484,64.4680023193359,1677.40734863281,490.973693847656,322.340026855469,0.151545211672783,0.817381262779236,1.6985342502594,3.30342102050781,7.53851318359375,17.1116790771484,1.02018503786564,1.25825128791962,2.48392459266385
"MULTIPOINT ((447351.978836624 6200915.15665783))",886,п2д огл,л.с.,далл,160.299743652344,0.650831580162048,353.330383300781,6.91915774950758e-05,-3.81572863261681e-05,С2,0.0483856201171875,1.74034941196442,1.67755126953125,447351.978836624,6200915.15665783,31.9569044987888,13.377889005151,28.2840404510498,64.4680023193359,1806.2548828125,554.57470703125,322.340026855469,0.0430094413459301,-0.0783591791987419,0.930067479610443,1.67755126953125,7.53851318359375,17.0252075195312,0.49215000636101,1.17765332432841,2.27225197300971
"MULTIPOINT ((447801.672940253 6200931.74620759))",887,п3д,с.с.,далл,160.964874267578,0.798140704631805,130.181854248047,7.20968382665887e-05,9.56857329583727e-05,С3,0.26153564453125,1.63601350784302,2.34706115722656,447801.672940253,6200931.74620759,27.5620106383994,13.2299391428594,121.456817626953,375.909820556641,1355.36218261719,455.857604980469,288.309661865234,0.232484608888626,0.11773993074894,0.380427867174149,2.34706115722656,7.171630859375,21.3001861572266,0.761767437393687,0.935377038969151,3.08953398562714
"MULTIPOINT ((447651.77490571 6200926.21635767))",888,п3д,с.с.,далл,160.923538208008,0.937854528427124,349.569854736328,-0.000239517787122168,0.000278756517218426,С2,0.0610504150390625,1.66781890392303,2.97267150878906,447651.77490571,6200926.21635767,5.23211000440389,11.8350748054931,167.139297485352,257.872009277344,1484.16479492188,451.276000976562,257.872009277344,0.0542789027094841,0.299047976732254,0.953488826751709,2.97267150878906,4.75428771972656,21.3001861572266,0.939449708291976,1.14554028404105,2.95755487416616
"MULTIPOINT ((448101.469009339 6200942.80590743))",889,п3д,с.с.,далл,163.816635131836,0.748129367828369,223.855621337891,-0.000250822311500087,-0.000225445357500575,С2,-0.742416381835938,3.1596417427063,2.24087524414062,448101.469009339,6200942.80590743,36.4208991676882,11.0583605565392,71.2173919677734,576.619323730469,1033.50073242188,583.782592773438,193.404006958008,-0.659927368164062,0.203068017959595,0.789430320262909,2.24087524414062,7.2021484375,30.0468444824219,0.669263879867283,1.44582379295406,3.77038048748827
"MULTIPOINT ((447951.570974796 6200937.27605751))",890,п3д,с.с.,далл,161.372100830078,0.485667079687119,151.620147705078,-0.000263040827121586,0.000236965686781332,С2,-0.0406646728515625,2.73064064979553,3.71243286132812,447951.570974796,6200937.27605751,7.84265829537418,11.9730785896051,79.9993438720703,490.973693847656,1226.58740234375,490.973693847656,364.686096191406,-0.0361514613032341,-0.463917315006256,-0.00170030386652797,3.71243286132812,6.94375610351562,27.5758666992188,0.610072112616805,1.61628405921166,3.09340261242432
"MULTIPOINT ((444359.547995684 6200654.66162488))",891,п3д,с.с.,морена,164.77799987793,1.10439133644104,329.941711425781,-3.75543677364476e-05,0.00053047260735184,,0.768356323242188,3.09716033935547,4.56459045410156,444359.547995684,6200654.66162488,15.2949390839922,4.30695055354654,3.99996733665466,182.343048095703,594.365600585938,386.808013916016,0,0.682986795902252,1.01115298271179,0.55733859539032,4.56459045410156,8.49440002441406,15.1980895996094,1.00770190543301,1.81874726835895,3.12688260752092
"MULTIPOINT ((448251.367043882 6200948.33575735))",892,п3д,с.с.,далл,164.983840942383,0.641999542713165,231.694869995117,-7.81086564529687e-05,-0.000193730447790585,С2,-0.4237060546875,2.23061990737915,1.93362426757812,448251.367043882,6200948.33575735,21.9475054942373,13.0021542325795,153.308898925781,611.59716796875,904.851501464844,611.59716796875,64.4680023193359,-0.376637786626816,-0.823408782482147,0.843801856040955,1.93362426757812,14.0261535644531,26.8189544677734,0.730096707635682,2.93021171882605,3.66719125677498
"MULTIPOINT ((444509.446030227 6200660.1914748))",893,п3д,с.с.,морена,163.760452270508,1.5288712978363,164.836868286133,-0.00029167637694627,-0.000418758951127529,С2,-1.10795593261719,3.85861039161682,4.46478271484375,444509.446030227,6200660.1914748,88.7226377130107,14.3990158177859,27.9997711181641,144.154830932617,735.04833984375,432.464508056641,0,-0.984861612319946,-1.46315371990204,-1.38696813583374,4.46478271484375,9.20777893066406,15.5373077392578,1.30384930920739,1.85576727934355,3.20367273600073
"MULTIPOINT ((444659.34406477 6200665.72132473))",894,п3д,с.с.,морена,167.680465698242,0.838282406330109,145.181198120117,0.000114747708721552,5.07270051457454e-05,С2,0.257965087890625,0.811008155345917,2.61048889160156,444659.34406477,6200665.72132473,64.8732648837379,14.0859363400242,92.7785491943359,232.442687988281,840.559875488281,503.511199951172,0,0.229304000735283,0.856781303882599,2.35773372650146,2.61048889160156,7.23524475097656,15.5373077392578,0.641133019752866,1.62857389499341,2.79096556936695
"MULTIPOINT ((444809.242099313 6200671.25117464))",895,п3д,с.с.,морена,167.966979980469,0.0653640031814575,229.973922729492,-0.00012900035653729,1.3210044016887e-05,С2,-0.180465698242188,1.20380032062531,0.990615844726562,444809.242099313,6200671.25117464,41.3744072949041,13.6361632528218,71.2173919677734,347.170806884766,951.858642578125,594.365600585938,0,-0.160413950681686,0.338005214929581,2.9172670841217,0.990615844726562,4.31878662109375,15.5373077392578,0.236874253866623,0.827961041885765,2.95892203938402
"MULTIPOINT ((444959.140133856 6200676.78102456))",896,п3д,с.с.,морена,165.602340698242,1.32035708427429,0.364057540893555,-0.000147028884384781,-0.000169000879395753,С2,-0.4927978515625,2.51929211616516,3.69087219238281,444959.140133856,6200676.78102456,212.325779613264,15.2716225358773,52.153190612793,531.616760253906,1125.88525390625,694.341613769531,0,-0.438045918941498,0.248888283967972,0.970285773277283,3.69087219238281,12.3277435302734,17.5132293701172,0.957399048556474,2.73760832545666,4.14821414242867
"MULTIPOINT ((445109.038168399 6200682.31087449))",897,п3д,с.с.,морена,161.355880737305,2.92390131950378,351.319702148438,-1.0164861123485e-05,4.62744319520425e-05,,0.0563201904296875,2.67711329460144,7.58172607421875,445109.038168399,6200682.31087449,175.728317717409,15.082439897477,55.9995422363281,580.212036132812,1162.21337890625,576.619323730469,0,0.0500539131462574,-0.938502728939056,-2.38093876838684,7.58172607421875,15.6074829101562,17.9274749755859,2.08767034078704,3.39077607112335,4.18070208424319
"MULTIPOINT ((445258.936202942 6200687.84072441))",898,п3д огл,с.с.,далл,157.518646240234,0.675264775753021,152.524765014648,-0.000669015862513334,0.000147135418956168,,-0.813568115234375,3.00616574287415,3.35267639160156,445258.936202942,6200687.84072441,5020.38532156049,19.1278779912097,0,451.276000976562,1160.42407226562,464.885375976562,64.4680023193359,-0.723181843757629,-2.64817810058594,-4.71761560440063,3.35267639160156,12.0553588867188,21.0844116210938,1.14135531458533,2.16918706214699,4.19199617073577
"MULTIPOINT ((445408.834237485 6200693.37057433))",899,п3д огл,с.с.,далл,160.181213378906,0.420940071344376,234.510223388672,-0.000180597970029339,7.56836161599495e-05,,-0.163543701171875,2.51926231384277,2.69003295898438,445408.834237485,6200693.37057433,5.81727121551405,3.94757920715837,111.210601806641,257.872009277344,1176.4306640625,322.340026855469,0,-0.145363703370094,1.69798493385315,-0.271080523729324,2.69003295898438,11.0845642089844,20.3690795898438,0.516121322782119,1.82406969177542,3.4976800288024
"MULTIPOINT ((445558.732272028 6200698.90042425))",900,п3д огл,с.с.,далл,159.654769897461,3.41909623146057,0.706615328788757,0.00110592949204147,0.000116695249744225,,1.91506958007812,6.21939086914062,9.2510986328125,445558.732272028,6200698.90042425,24.0664826017843,13.094320853502,106.281768798828,128.936004638672,1266.59533691406,203.86572265625,64.4680023193359,1.70229935646057,2.3909809589386,-0.307893604040146,9.2510986328125,12.3229827880859,19.4184875488281,2.75958977759642,3.80041356996114,3.61403133372843
"MULTIPOINT ((445708.630306571 6200704.43027417))",901,п3д,с.с.,морена,149.969940185547,1.41311514377594,192.289154052734,-0.00231375801376998,-0.000158947805175558,С3,-3.85720825195312,8.64548206329346,8.086669921875,445708.630306571,6200704.43027417,104037.913573433,21.4660114097066,0,0,1305.37756347656,203.86572265625,64.4680023193359,-3.42863130569458,-8.10340595245361,-10.1044292449951,8.086669921875,16.7652740478516,17.5245361328125,2.46372042571892,4.13717107133313,4.04074495298704
"MULTIPOINT ((445858.528341114 6200709.96012409))",902,п3д огл,с.с.,далл,162.254333496094,0.681601881980896,233.362243652344,0.00014022113464307,0.000144820587593131,С2,0.444305419921875,1.76841509342194,2.86976623535156,445858.528341114,6200709.96012409,8.74248839569002,12.0816956070358,39.59765625,193.404006958008,1384.18676757812,288.309661865234,64.4680023193359,0.39494663476944,1.84787666797638,1.66251730918884,2.86976623535156,16.7652740478516,17.5245361328125,0.826494468131883,3.37159176375184,4.30489535927226
"MULTIPOINT ((446158.3244102 6200721.01982393))",903,п2д,с.с.,далл,164.434951782227,0.859664559364319,194.898452758789,0.000440328381955624,-8.67977814777987e-06,С2,0.672988891601562,2.4406373500824,2.34371948242188,446158.3244102,6200721.01982393,37.969815569576,13.5502922613909,177.627380371094,432.464508056641,1521.49951171875,265.808380126953,64.4680023193359,0.598202168941498,1.18882036209106,3.5854914188385,2.34371948242188,5.99314880371094,17.5245361328125,0.864135136944262,1.19223050384897,3.02254121411241
"MULTIPOINT ((446008.426375657 6200715.48997401))",904,п3д огл,с.с.,далл,161.332580566406,0.282699525356293,187.522171020508,-0.00030042786966078,-0.000294177356408909,С2,-0.9267578125,1.47408163547516,1.81980895996094,446008.426375657,6200715.48997401,78.8222730797111,14.2806963546466,31.240743637085,322.340026855469,1448.73815917969,257.872009277344,0,-0.823774576187134,-1.74788749217987,0.660989582538605,1.81980895996094,7.74684143066406,17.5245361328125,0.356336005316523,1.46813257599617,4.09098550914127
"MULTIPOINT ((446458.120479286 6200732.07952377))",905,п3д огл,л.с.,далл,160.84162902832,1.48098635673523,313.847625732422,2.27394830289995e-05,0.000344305124599487,С2,0.572265625,2.70745801925659,4.80735778808594,446458.120479286,6200732.07952377,37.8888773490187,13.5481583398018,91.3885269165039,128.936004638672,1732.25891113281,464.885375976562,144.154830932617,0.508687317371368,0.301176100969315,0.36580017209053,4.80735778808594,10.8674163818359,14.8638763427734,1.04463916281224,2.39202913779641,2.97629945194376
"MULTIPOINT ((446308.222444743 6200726.54967385))",906,п2д,с.с.,далл,163.422958374023,1.47071862220764,331.549224853516,0.000395392329664901,-8.67454000399448e-05,С2,0.481613159179688,2.37814235687256,5.15037536621094,446308.222444743,6200726.54967385,78.9994731301718,14.2829419276323,119.9990234375,257.872009277344,1643.61804199219,364.686096191406,91.1715240478516,0.428095489740372,1.44961297512054,2.52208423614502,5.15037536621094,11.5583190917969,16.6321563720703,0.955481625111109,2.0044632602605,2.93198060042182
"MULTIPOINT ((446891.225033155 6201198.36317716))",907,п3д огл,л.с.,далл,159.164199829102,1.22670078277588,129.118576049805,-1.50795949593885e-05,-0.000278329302091151,С2,-0.457412719726562,1.96792352199554,4.15316772460938,446891.225033155,6201198.36317716,28.481810861674,13.2627664125745,71.9994125366211,144.154830932617,2279.2880859375,984.061340332031,490.973693847656,-0.406585693359375,-0.842402577400208,-1.50020384788513,4.15316772460938,8.64656066894531,9.35185241699219,0.826974790455541,1.97256422095364,1.85387746297811
"MULTIPOINT ((446741.326998612 6201192.83332724))",908,п3д,с.с.,далл,156.353530883789,0.60747230052948,43.2008438110352,-0.00017127649334725,-0.000872771255671978,В3,-1.62733459472656,3.78925681114197,4.69703674316406,446741.326998612,6201192.83332724,23737.5678575851,19.9883149582084,0,0,2237.884765625,825.59326171875,451.276000976562,-1.44651114940643,-3.46197175979614,-4.79347944259644,4.69703674316406,8.32736206054688,9.76283264160156,0.763944295455428,2.06846566252495,2.03606191069155
"MULTIPOINT ((447191.021102241 6201209.422877))",909,п2д огл,л.с.,далл,161.844665527344,0.601880371570587,6.49472332000732,3.27239540638402e-05,7.85734391683945e-06,С2,0.0632476806640625,1.23405635356903,1.50885009765625,447191.021102241,6201209.422877,219.129706309916,15.9963436529033,64.1243515014648,288.309661865234,2024.33630371094,876.859680175781,515.744018554688,0.0562286376953125,0.518706321716309,1.51275658607483,1.50885009765625,3.28971862792969,10.6024322509766,0.442123533797556,0.556789499605534,1.61059274129529
"MULTIPOINT ((447041.123067698 6201203.89302708))",910,п2д огл,л.с.,далл,161.613540649414,0.903404951095581,170.653335571289,0.000131637003505602,-7.22141703590751e-05,С2,0.092681884765625,1.31343197822571,2.44607543945312,447041.123067698,6201203.89302708,72.9829700857238,14.2037268718618,124.256782531738,265.808380126953,2151.72534179688,958.3857421875,515.744018554688,0.0823788121342659,0.758558630943298,1.22126924991608,2.44607543945312,6.39762878417969,8.93681335449219,0.712010523614965,1.1151174521776,1.76705647463409
"MULTIPOINT ((447490.817171327 6201220.48257684))",911,п3д,с.с.,далл,158.09049987793,1.43073284626007,173.565994262695,-0.000977606046944857,-9.25678468775004e-05,С3,-1.66938781738281,5.22346353530884,3.83360290527344,447490.817171327,6201220.48257684,40.7286520051882,13.6204325696679,23.9998035430908,0,1720.22094726562,797.425170898438,451.276000976562,-1.48390531539917,-2.51640748977661,-2.57924175262451,3.83360290527344,4.50552368164062,12.0312805175781,1.44047837000548,1.47777943848165,1.76314051732707
"MULTIPOINT ((447340.919136784 6201214.95272692))",912,п2д огл,л.с.,далл,160.96826171875,1.20907020568848,3.44016933441162,0.000442053540609777,4.8737976612756e-05,С2,0.765396118164062,3.00082111358643,3.21327209472656,447340.919136784,6201214.95272692,14.4099997942171,12.5814231401568,79.9993438720703,128.936004638672,1846.08264160156,838.084045410156,451.276000976562,0.680357217788696,0.370441049337387,0.449490278959274,3.21327209472656,4.36561584472656,10.6024322509766,0.954757004514305,1.26187456845711,1.60508308211636
"MULTIPOINT ((447790.613240413 6201231.54227668))",913,п3д,с.с.,далл,159.728515625,0.402233690023422,304.430572509766,0.000116512826934922,-0.00026893598260358,С2,-0.237548828125,1.87980115413666,2.90699768066406,447790.613240413,6201231.54227668,8.72938135017125,12.0801952469521,31.9997386932373,322.340026855469,1408.00244140625,776.297546386719,469.334136962891,-0.21116130053997,-1.396409034729,-1.69056689739227,2.90699768066406,4.90022277832031,14.587158203125,0.254732865589162,1.2424308582375,2.48406791630107
"MULTIPOINT ((447640.71520587 6201226.01242676))",914,п2д огл,л.с.,далл,162.453491210938,0.126408904790878,284.700775146484,9.61835903581232e-05,0.000249154050834477,С2,0.538238525390625,1.25913774967194,1.04234313964844,447640.71520587,6201226.01242676,8.59759457821378,12.0649832083542,145.601013183594,128.936004638672,1594.85034179688,776.297546386719,451.276000976562,0.478425770998001,2.18829011917114,1.61996066570282,1.04234313964844,4.50552368164062,12.0312805175781,0.243306548261618,1.35399842209437,1.98173071511532
"MULTIPOINT ((448090.409309499 6201242.60197652))",915,п3д,с.с.,далл,164.574066162109,1.96934282779694,176.878326416016,-0.000164657612913288,7.43694472475909e-05,С2,-0.141098022460938,3.92414093017578,5.19366455078125,448090.409309499,6201242.60197652,1.54356361785464,9.80046095604043,109.177856445312,576.619323730469,1162.21337890625,838.084045410156,257.872009277344,-0.12542724609375,1.24986517429352,1.36140990257263,5.19366455078125,9.08711242675781,23.3338165283203,1.4921405970045,1.72206234779899,2.51211099229617
"MULTIPOINT ((447940.511274956 6201237.0721266))",916,п3д,с.с.,далл,162.076034545898,1.54599118232727,215.14111328125,0.000420300726545975,-3.42817838827614e-05,С2,0.602340698242188,3.63764047622681,4.89860534667969,447940.511274956,6201237.0721266,2567.13652781946,17.7640471096324,0,451.276000976562,1284.51574707031,797.425170898438,386.808013916016,0.535402059555054,-0.112044356763363,0.233359709382057,4.89860534667969,9.08711242675781,20.8628387451172,1.30668245772466,2.03781111615572,2.17741311089019
"MULTIPOINT ((443598.998123128 6200926.80844437))",917,п3д,с.с.,морена,165.432479858398,1.93920981884003,205.550552368164,-9.78012976702303e-05,4.44311954197474e-05,С2,-0.0833892822265625,1.82432913780212,4.95932006835938,443598.998123128,6200926.80844437,48.7437287000048,13.8000772915435,107.999114990234,515.744018554688,322.340026855469,519.757629394531,64.4680023193359,-0.0741356760263443,0.369631409645081,1.37224137783051,4.95932006835938,9.86859130859375,17.8883056640625,1.52166331542139,2.63928089323635,2.8858960877579
"MULTIPOINT ((448240.307344042 6201248.13182644))",918,п3д,с.с.,далл,162.823699951172,2.27538132667542,12.1497411727905,0.000485867931274697,-5.9089703427162e-05,С2,0.6668701171875,6.1778712272644,6.03199768066406,448240.307344042,6201248.13182644,69.0518340733158,14.1483581854536,55.9995422363281,754.57861328125,981.947387695312,923.041320800781,64.4680023193359,0.592780232429504,-1.49051189422607,-2.31015396118164,6.03199768066406,12.0953826904297,18.2356567382812,1.75495966597086,2.34441509885695,3.82334880071962
"MULTIPOINT ((443748.896157672 6200932.33829429))",919,п3д,с.с.,морена,167.357315063477,0.49330461025238,265.507873535156,-3.12196716549806e-05,-7.48366946936585e-05,С2,-0.165298461914062,2.06656551361084,1.72915649414062,443748.896157672,6200932.33829429,25.2768158687701,13.1433883512135,159.297164916992,386.808013916016,232.442687988281,576.619323730469,91.1715240478516,-0.146937057375908,1.01867234706879,3.13820219039917,1.72915649414062,5.88888549804688,17.8883056640625,0.217162397318151,1.40116642262006,2.62036166996287
"MULTIPOINT ((443898.794192215 6200937.86814421))",920,п3д,с.с.,морена,167.268127441406,0.636644840240479,287.259033203125,3.12513730023056e-05,-5.24879797012545e-05,С2,-0.0330810546875,1.27671039104462,1.95899963378906,443898.794192215,6200937.86814421,26.7147184783428,13.198715411818,141.872024536133,257.872009277344,193.404006958008,644.680053710938,128.936004638672,-0.0294172503054142,0.611651062965393,2.9115731716156,1.95899963378906,5.24713134765625,16.0570831298828,0.520628251246482,0.71799135887087,2.43305430914655
"MULTIPOINT ((444048.692226758 6200943.39799413))",921,п3д,с.с.,морена,166.530715942383,0.654950559139252,346.210327148438,0.000128201252664439,6.51215668767691e-05,,0.301345825195312,1.54309451580048,2.13198852539062,444048.692226758,6200943.39799413,13.3778145669901,12.1016227075696,130.781188964844,64.4680023193359,232.442687988281,694.341613769531,64.4680023193359,0.267866343259811,0.747469246387482,1.60784482955933,2.13198852539062,5.1622314453125,12.1642913818359,0.577475640401286,1.2582995927808,1.86536476205043
"MULTIPOINT ((444198.590261301 6200948.92784405))",922,п3д,с.с.,морена,165.184921264648,0.943738460540771,65.5661087036133,-4.71086568722967e-05,0.000117568182758987,С2,0.109817504882812,2.05502557754517,3.303955078125,444198.590261301,6200948.92784405,144.825034790404,14.8890271016323,7.99993467330933,0,322.340026855469,657.447204589844,64.4680023193359,0.0976087749004364,-0.072613462805748,0.0359552688896656,3.303955078125,5.50944519042969,10.1426849365234,1.1185067157623,1.12675333101226,1.66565158636887
"MULTIPOINT ((444348.488295844 6200954.45769397))",923,п3д,с.с.,морена,165.539138793945,0.373480379581451,211.94416809082,0.000172800995642319,9.03508625924587e-05,С2,0.41015625,1.58969533443451,1.33438110351562,444348.488295844,6200954.45769397,5.56077437874982,5.23408499690634,59.0588111877441,144.154830932617,407.7314453125,709.148010253906,128.936004638672,0.364583343267441,0.198850050568581,-0.0893363431096077,1.33438110351562,5.5068359375,9.05081176757812,0.305599398613336,0.868689285866555,1.50850230947517
"MULTIPOINT ((444498.386330387 6200959.98754389))",924,п3д,с.с.,морена,167.792785644531,0.885318458080292,216.604934692383,0.000256700703175738,0.000221786147449166,С2,0.745941162109375,1.87813210487366,2.84469604492188,444498.386330387,6200959.98754389,8.6251126596849,11.8633914922836,126.490074157715,328.723602294922,594.365600585938,735.04833984375,64.4680023193359,0.663050353527069,1.75275933742523,1.65414595603943,2.84469604492188,5.60881042480469,9.82188415527344,0.746359856232067,1.08863336137349,1.80809583005227
"MULTIPOINT ((444648.28436493 6200965.51739381))",925,п3д,с.с.,морена,166.013076782227,1.057044506073,330.505249023438,-0.000306119647575542,-2.95282261504326e-05,С2,-0.52337646484375,2.32701802253723,3.06005859375,444648.28436493,6200965.51739381,9.15764962752522,12.1280902993053,23.323616027832,455.857604980469,720.774169921875,778.969848632812,193.404006958008,-0.465223520994186,-0.900470316410065,-0.329507797956467,3.06005859375,4.48204040527344,9.82188415527344,0.961955180155888,1.09634694107457,1.79919270062223
"MULTIPOINT ((444798.182399473 6200971.04724373))",926,п3д,с.с.,морена,167.705917358398,1.62815916538239,163.644622802734,0.000153233981109224,5.03486626257654e-05,С2,0.317611694335938,2.40091967582703,3.82528686523438,444798.182399473,6200971.04724373,16.0507293870822,12.4844677606805,109.177856445312,554.57470703125,847.944213867188,838.084045410156,322.340026855469,0.282324910163879,0.0284710321575403,1.71246564388275,3.82528686523438,5.73892211914062,14.9474639892578,1.36646451510956,1.67050338766913,2.11038044910855
"MULTIPOINT ((444948.080434016 6200976.57709365))",927,п3д огл,с.с.,далл,169.948715209961,1.34164464473724,332.519836425781,0.000517277338076383,0.000135023467009887,С2,1.01737976074219,2.00955939292908,4.31735229492188,444948.080434016,6200976.57709365,23.3434112161771,13.0638155138259,253.296173095703,576.619323730469,1039.51525878906,644.680053710938,128.936004638672,0.904325723648071,2.78743934631348,4.97643804550171,4.31735229492188,10.9575958251953,17.2017517089844,1.04928822701889,2.19192461192945,3.8820895442022
"MULTIPOINT ((445097.978468559 6200982.10694357))",928,п3д огл,с.с.,далл,164.880661010742,2.72537922859192,329.837005615234,7.90782942203805e-05,-0.000145501137012616,С2,-0.103347778320312,1.56127226352692,7.90965270996094,445097.978468559,6200982.10694357,40.7871453283033,13.4170804337428,144.497955322266,464.885375976562,1167.56518554688,515.744018554688,0,-0.0918765589594841,0.0742330774664879,1.15181696414948,7.90965270996094,17.2017517089844,17.6159973144531,2.07408157372319,3.80984209569538,4.60272899054215
"MULTIPOINT ((445247.876503102 6200987.63679349))",929,п3д огл,с.с.,далл,161.370269775391,1.73195171356201,263.86376953125,0.000322730309562758,-0.000595507211983204,,-0.42486572265625,4.64502286911011,5.44728088378906,445247.876503102,6200987.63679349,90.2785897388273,14.4164010752832,61.1877326965332,347.170806884766,1295.79077148438,386.808013916016,128.936004638672,-0.377663493156433,-0.491278499364853,-1.14394187927246,5.44728088378906,16.5551300048828,20.7729339599609,1.60865904697864,3.65515650508403,5.17602046782953
"MULTIPOINT ((445397.774537645 6200993.16664341))",930,п3д огл,с.с.,далл,161.000823974609,2.91057682037354,26.4534606933594,0.00107045576442033,0.000773091916926205,,2.88130187988281,9.76021575927734,9.35488891601562,445397.774537645,6200993.16664341,7.05511652964365,11.8672538469073,84.0944976806641,182.343048095703,1488.359375,193.404006958008,91.1715240478516,2.56115221977234,3.4729597568512,-0.633755385875702,9.35488891601562,13.5460205078125,20.3690795898438,2.48271036421882,3.24499140456059,4.58038659750624
"MULTIPOINT ((445547.672572188 6200998.69649333))",931,п3д,с.с.,морена,152.951416015625,1.08468544483185,20.3252487182617,-0.000592359458096325,-7.41984695196152e-05,С2,-1.03936767578125,3.89884328842163,5.58056640625,445547.672572188,6200998.69649333,87262.5457558461,21.2901773650516,0,91.1715240478516,1517.39660644531,64.4680023193359,128.936004638672,-0.923895955085754,-4.66104030609131,-8.18227195739746,5.58056640625,14.5540313720703,19.4184875488281,1.1057499849478,3.37692931178384,4.40992010935316
"MULTIPOINT ((445697.570606731 6201004.22634325))",932,п3д огл,с.с.,далл,158.334533691406,5.05758047103882,202.405990600586,0.00015138385060709,-3.32277522829827e-05,С2,0.186721801757812,5.46802282333374,13.4844665527344,445697.570606731,6201004.22634325,25.9971125712597,12.9666989443619,51.9995765686035,0,1549.91589355469,64.4680023193359,64.4680023193359,0.165980026125908,-1.23937547206879,-2.74703907966614,13.4844665527344,16.630126953125,17.5245361328125,3.83076720122224,5.39942567527802,4.53361992171337
"MULTIPOINT ((445847.468641274 6201009.75619317))",933,п3д огл,с.с.,далл,166.953887939453,0.16931876540184,255.71208190918,0.000118389587441925,0.000463914038846269,С2,0.907562255859375,1.98849201202393,1.7623291015625,445847.468641274,6201009.75619317,4.92408947222562,3.9483832759802,182.777053833008,193.404006958008,1616.84924316406,257.872009277344,128.936004638672,0.806716918945312,3.32808518409729,5.31590700149536,1.7623291015625,16.0525665283203,17.5245361328125,0.382045225631823,1.93286381656865,4.40715167832696
"MULTIPOINT ((446147.26471036 6201020.81589301))",934,п2д,с.с.,далл,163.406341552734,0.613184690475464,46.0136260986328,-1.31049619085388e-05,-5.11500911670737e-05,С2,-0.100143432617188,0.81460052728653,1.91653442382812,446147.26471036,6201020.81589301,99.133380650453,14.7767263889184,108.073165893555,455.857604980469,1791.23620605469,515.744018554688,322.340026855469,-0.0890248641371727,-0.633570432662964,0.687099158763885,1.91653442382812,4.87799072265625,17.5245361328125,0.524599138949665,1.04342382950844,1.56347941982427
"MULTIPOINT ((445997.366675817 6201015.28604309))",935,п2д огл,л.с.,далл,165.174362182617,0.718005478382111,338.295349121094,-8.53605233714916e-05,8.97119389264844e-05,С2,0.00677490234375,0.430308818817139,2.23947143554688,445997.366675817,6201015.28604309,94.618659318397,15.1565345331401,172.741180419922,322.340026855469,1672.44458007812,386.808013916016,203.86572265625,0.00601026741787791,0.513557255268097,3.11565780639648,2.23947143554688,5.30360412597656,17.5245361328125,0.536938830991174,1.29940555022847,3.52082042469438
"MULTIPOINT ((446447.060779446 6201031.87559285))",936,п3д огл,л.с.,далл,162.447128295898,0.768132448196411,314.451049804688,9.20222082640976e-05,-3.61408310709521e-05,С3,0.087127685546875,0.589064061641693,2.25941467285156,446447.060779446,6201031.87559285,42.1388052188092,13.6544697997376,112.640098571777,144.154830932617,1973.39501953125,697.328063964844,375.909820556641,0.0774468332529068,0.411024123430252,0.87749844789505,2.25941467285156,6.23518371582031,10.7908935546875,0.655590199544913,1.31364811030601,2.14321427460606
"MULTIPOINT ((446297.162744903 6201026.34574293))",937,п2д,с.с.,далл,163.316543579102,0.295661330223083,72.6423492431641,0.000129025065689348,0.000112720335891936,С2,0.376785278320312,1.56362402439117,1.64544677734375,446297.162744903,6201026.34574293,3.24846754619333,7.54278617607752,87.7261352539062,265.808380126953,1896.06091308594,634.936218261719,392.1435546875,0.334918558597565,0.368458330631256,1.07871425151825,1.64544677734375,5.64179992675781,12.5591735839844,0.305034156285527,0.731791707821597,2.02037453304758
"MULTIPOINT ((446746.856848532 6201042.93529269))",938,п3д огл,л.с.,далл,161.420318603516,0.736216604709625,125.977340698242,0.000590230338275433,0.000193009851500392,С2,1.22099304199219,3.99253058433533,4.28219604492188,446746.856848532,6201042.93529269,4.89928287937211,3.80177723254733,39.9996719360352,91.1715240478516,2188.11645507812,916.262451171875,328.723602294922,1.08531022071838,1.3124794960022,0.634799957275391,4.28219604492188,7.00822448730469,9.76283264160156,0.454171564449159,1.58996659891083,1.89485289169302
"MULTIPOINT ((446596.958813989 6201037.40544277))",939,п3д,с.с.,далл,160.03239440918,1.15774166584015,346.188537597656,-0.000216974003706127,-9.24452760955319e-05,В4,-0.482467651367188,2.08898067474365,4.30085754394531,446596.958813989,6201037.40544277,8.18187708955458,11.6099678686726,23.9998035430908,64.4680023193359,2055.91284179688,776.297546386719,328.723602294922,-0.428873687982559,-0.909613132476807,-1.18737578392029,4.30085754394531,8.445068359375,10.2740325927734,1.02097681400407,1.78352185394801,2.12953214720732
"MULTIPOINT ((447046.652917618 6201053.99499253))",940,п2д огл,л.с.,далл,160.607528686523,0.509374916553497,212.302993774414,-0.000224806979531422,-0.000248159311013296,С2,-0.737213134765625,2.68949460983276,2.03327941894531,447046.652917618,6201053.99499253,23.272372246585,13.0607676609612,114.541633605957,322.340026855469,2136.21704101562,867.328247070312,432.464508056641,-0.655288696289062,-0.459733933210373,0.582589328289032,2.03327941894531,5.50355529785156,12.9123382568359,0.498985058004743,0.733929088083331,1.58958789631537
"MULTIPOINT ((446896.754883075 6201048.46514261))",941,п3д огл,л.с.,далл,160.378326416016,0.0487432256340981,179.234832763672,0,0,С2,-0.34100341796875,1.78238201141357,0.832489013671875,446896.754883075,6201048.46514261,97.1045345915218,14.4892888188544,19.9998359680176,203.86572265625,2264.65380859375,967.02001953125,375.909820556641,-0.303117543458939,-0.199930310249329,0.00407613115385175,0.832489013671875,7.00822448730469,12.0322418212891,0.109304968688987,1.03731333270368,1.66777326820488
"MULTIPOINT ((447346.448986704 6201065.05469237))",942,п2д огл,л.с.,далл,160.602432250977,0.830593466758728,8.82819652557373,0.000176451620063744,7.59903050493449e-05,С2,0.3935546875,2.43722128868103,2.21818542480469,447346.448986704,6201065.05469237,8.83515330871804,12.0922392024769,43.999641418457,64.4680023193359,1815.43542480469,663.738708496094,451.276000976562,0.349816203117371,-0.139427036046982,0.378521740436554,2.21818542480469,4.59292602539062,12.9123382568359,0.610069245116762,0.867250936710249,1.89298601537916
"MULTIPOINT ((447196.550952161 6201059.52484245))",943,п2д огл,л.с.,далл,161.633926391602,0.550853729248047,320.295837402344,8.28862539492548e-05,9.61328478297219e-05,С2,0.279037475585938,1.42834568023682,1.99945068359375,447196.550952161,6201059.52484245,9.86713449394312,4.83976969272983,59.99951171875,257.872009277344,2007.84448242188,776.297546386719,490.973693847656,0.248031616210938,0.423256397247314,1.57435929775238,1.99945068359375,2.44607543945312,12.9123382568359,0.414494110924785,0.586635940823519,1.68558163508104
"MULTIPOINT ((447646.24505579 6201076.11439221))",944,п2д огл,л.с.,далл,161.585510253906,0.646714389324188,20.4214611053467,1.61874395416817e-05,2.23086244659498e-05,С2,0.0600128173828125,1.2398464679718,1.98028564453125,447646.24505579,6201076.11439221,26.1612587204913,5.73592900228363,92.0861587524414,144.154830932617,1559.27294921875,583.782592773438,392.1435546875,0.0533379465341568,0.959109544754028,1.09482765197754,1.98028564453125,4.59292602539062,15.3298950195312,0.540309458274371,1.08478143303242,1.74121370574799
"MULTIPOINT ((447496.347021247 6201070.58454229))",945,п2д огл,л.с.,далл,161.000152587891,1.41404616832733,155.138824462891,3.6257737519918e-05,0.000208170880796388,С2,0.381103515625,2.6572744846344,3.74482727050781,447496.347021247,6201070.58454229,32.7220908684014,13.4015511559648,62.4814872741699,64.4680023193359,1687.2890625,611.59716796875,432.464508056641,0.338760375976562,0.179800540208817,0.743802607059479,3.74482727050781,4.59292602539062,13.3240051269531,1.10602874980579,1.24784753214514,1.81310211974189
"MULTIPOINT ((447946.041124876 6201087.17409205))",946,п3д,с.с.,далл,161.386367797852,1.34483516216278,180.811492919922,0.000290965021122247,0.000169956634636037,С2,0.71881103515625,4.04329824447632,3.89344787597656,447946.041124876,6201087.17409205,17.7261477958746,12.7885415705091,71.9994125366211,451.276000976562,1251.7421875,673.065734863281,386.808013916016,0.638949930667877,-0.612102270126343,-0.633280158042908,3.89344787597656,9.08711242675781,18.5266723632812,1.0593635145183,1.96402149289912,2.05115075736718
"MULTIPOINT ((447796.143090333 6201081.64424213))",947,п3д,с.с.,далл,159.348419189453,0.442685514688492,2.34027647972107,-7.55823057261296e-05,-6.69320579618216e-05,С3,-0.222137451171875,1.76999986171722,1.85206604003906,447796.143090333,6201081.64424213,367.519541476095,16.0870366575765,15.9998693466187,322.340026855469,1378.16845703125,647.895385742188,469.334136962891,-0.19744873046875,-1.64805161952972,-2.09885311126709,1.85206604003906,4.89860534667969,16.8970642089844,0.37522262042452,0.925982958713937,2.18413892008293
"MULTIPOINT ((448245.837193962 6201098.23379189))",948,п3д,с.с.,далл,164.842971801758,1.75420606136322,38.7750701904297,0.000484690011944622,3.129076139885e-05,С2,0.805282592773438,5.36555957794189,5.68795776367188,448245.837193962,6201098.23379189,23.3864993824101,12.8608723738536,51.9995765686035,773.616027832031,938.668273925781,797.425170898438,64.4680023193359,0.715794861316681,-0.673151731491089,-0.182280406355858,5.68795776367188,17.2561340332031,17.8337707519531,1.29038015001751,2.21370871988294,3.84643837422922
"MULTIPOINT ((448095.939159419 6201092.70394197))",949,п3д,с.с.,далл,164.447692871094,1.89062917232513,188.515243530273,0.000117908326501492,-3.23750027746428e-05,С2,0.133575439453125,2.77811026573181,6.05238342285156,448095.939159419,6201092.70394197,26.8497149627355,13.2037559494114,138.678359985352,580.212036132812,1125.88525390625,720.774169921875,257.872009277344,0.118738807737827,1.10091292858124,1.09332764148712,6.05238342285156,9.08711242675781,20.9976501464844,1.14776843076481,2.10259389844997,2.9411515525481
"MULTIPOINT ((443604.527973049 6200776.91040983))",950,п3д,с.с.,морена,163.057281494141,1.0496951341629,197.189712524414,-0.000613720214460045,-0.000219008914427832,С2,-1.29840087890625,4.3668532371521,3.54774475097656,443604.527973049,6200776.91040983,27.8321421222938,13.2396922886973,43.999641418457,531.616760253906,412.796630859375,407.7314453125,0,-1.15412569046021,-0.715609788894653,0.426103234291077,3.54774475097656,9.25660705566406,21.3023986816406,0.954809712672321,1.99617498151946,3.75643799102693
"MULTIPOINT ((443904.324042135 6200787.97010967))",951,п3д,с.с.,морена,165.354370117188,0.39142844080925,271.258331298828,-0.000189314974704757,-0.000346535205608234,С2,-0.835174560546875,3.18163347244263,1.533203125,443904.324042135,6200787.97010967,67.4446614048697,14.1248081750201,55.9995422363281,288.309661865234,322.340026855469,547.029113769531,0,-0.742385864257812,-0.0963349640369415,2.02802896499634,1.533203125,9.24931335449219,18.286865234375,0.434880707997903,1.54080224347761,2.84286892567959
"MULTIPOINT ((444054.222076678 6200793.49995959))",952,п3д,с.с.,морена,166.316558837891,0.551435828208923,289.605316162109,0.000322682346450165,4.68700818601064e-05,С2,0.5760498046875,2.07251930236816,1.97836303710938,444054.222076678,6200793.49995959,2.46198707474224,10.8144695222728,202.423645019531,144.154830932617,347.170806884766,576.619323730469,0,0.51203578710556,0.933789908885956,2.33237218856812,1.97836303710938,6.66009521484375,14.5110931396484,0.577339723405876,1.103929318348,2.53069462807399
"MULTIPOINT ((445086.918768718 6201281.90301266))",953,п3д огл,с.с.,далл,168.196853637695,0.999542891979218,26.2581558227539,3.59779296559282e-05,-0.000153685323311947,С2,-0.1834716796875,1.89026880264282,3.18304443359375,445086.918768718,6201281.90301266,33.3237386629054,13.4197707601991,242.913635253906,322.340026855469,1176.4306640625,576.619323730469,0,-0.163079157471657,1.26333904266357,3.98856711387634,3.18304443359375,9.98088073730469,17.6159973144531,0.713193236333752,1.62966232572087,4.08022948391791
"MULTIPOINT ((444937.020734175 6201276.37316274))",954,п3д огл,с.с.,далл,167.857360839844,1.17738032341003,212.911804199219,5.19929672009312e-05,-2.3635002435185e-05,С2,0.04425048828125,2.14360165596008,3.34396362304688,444937.020734175,6201276.37316274,36.0787833633876,5.45229703358939,102.449150085449,490.973693847656,986.170776367188,754.57861328125,193.404006958008,0.0393252894282341,0.403475999832153,1.98740017414093,3.34396362304688,6.41683959960938,17.2017517089844,1.00793275256165,1.55984149416489,2.17639240598353
"MULTIPOINT ((445236.816803261 6201287.43286258))",955,п3д огл,с.с.,далл,165.881759643555,1.49543225765228,14.7745237350464,4.11792134400457e-05,2.46691688516876e-05,С2,0.102706909179688,2.11078143119812,4.87890625,445236.816803261,6201287.43286258,11.356712340805,12.3433097092134,209.416534423828,203.86572265625,1303.78466796875,464.885375976562,128.936004638672,0.0912950336933136,1.74371147155762,2.35931801795959,4.87890625,12.6925201416016,19.8785247802734,0.957371212201723,3.21137433550804,4.59179082462526
"MULTIPOINT ((445386.714837804 6201292.9627125))",956,п3д,с.с.,морена,161.865798950195,2.16627240180969,359.725555419922,-8.38433334138244e-05,0.000403355777962133,В3,0.498153686523438,1.80984175205231,6.06105041503906,445386.714837804,6201292.9627125,5.47721302664596,11.6140971442394,85.882942199707,91.1715240478516,1431.42199707031,364.686096191406,257.872009277344,0.442796498537064,0.666868567466736,-1.24734377861023,6.06105041503906,14.5416564941406,19.8785247802734,1.62273523186566,3.1800048063015,4.48592647639038
"MULTIPOINT ((445536.612872347 6201298.49256242))",957,п3д,с.с.,морена,159.356231689453,2.89552283287048,214.381271362305,-0.000557061575818807,0.000219510344322771,С2,-0.528976440429688,3.59137630462646,8.64517211914062,445536.612872347,6201298.49256242,57.8165027383093,13.9707749938563,15.9998693466187,64.4680023193359,1623.26293945312,265.808380126953,193.404006958008,-0.470211446285248,-1.47612500190735,-3.03121876716614,8.64517211914062,12.2924499511719,18.5240783691406,2.66080670988016,3.48250292306257,3.8961186474755
"MULTIPOINT ((445686.51090689 6201304.02241234))",958,п3д огл,с.с.,далл,165.411224365234,1.46073353290558,208.691192626953,0.000481793831568211,6.07495676376857e-05,С2,0.846343994140625,1.47937023639679,5.6826171875,445686.51090689,6201304.02241234,39.7608960324124,13.5963846619868,160.647369384766,182.343048095703,1751.34777832031,265.808380126953,64.4680023193359,0.75230747461319,2.54885268211365,3.39688801765442,5.6826171875,13.2734222412109,16.630126953125,0.909388928013828,3.36787912798901,3.79821253825182
"MULTIPOINT ((445836.408941433 6201309.55226226))",959,п3д огл,с.с.,далл,166.727676391602,0.170329287648201,159.193542480469,0.000138169474666938,0.000264349480858073,С2,0.627365112304688,1.26709294319153,1.00808715820312,445836.408941433,6201309.55226226,4.79012880239092,11.4800580453391,188.508407592773,273.514556884766,1860.65869140625,322.340026855469,64.4680023193359,0.557646036148071,1.98859453201294,4.53490495681763,1.00808715820312,12.0002136230469,16.630126953125,0.292371855901892,0.933894490113766,3.45641180112182
"MULTIPOINT ((446136.205010519 6201320.6119621))",960,п2д,с.с.,далл,161.281921386719,0.802045941352844,22.4150295257568,-0.000552390469238162,-0.000379728502593935,С2,-1.45306396484375,3.81788372993469,2.65936279296875,446136.205010519,6201320.6119621,136.478289748889,14.8296662969425,15.9998693466187,550.814819335938,1963.89477539062,392.1435546875,386.808013916016,-1.29161584377289,-2.21976637840271,-1.92665123939514,2.65936279296875,5.748291015625,14.3471221923828,0.832550858643733,1.0674558563727,1.61022268957416
"MULTIPOINT ((445986.306975976 6201315.08211218))",961,п2д огл,л.с.,далл,165.163314819336,0.653351485729218,12.6730632781982,0.000289962015813217,0.000132431596284732,С2,0.658432006835938,2.0053277015686,2.00387573242188,445986.306975976,6201315.08211218,4.46454916220792,11.4096689821464,137.46159362793,432.464508056641,1916.771484375,392.1435546875,257.872009277344,0.58526611328125,0.886765480041504,2.23194217681885,2.00387573242188,5.92344665527344,16.630126953125,0.549589973485481,1.53175636401356,1.79202135914724
"MULTIPOINT ((446436.001079605 6201331.67166194))",962,п2д огл,л.с.,далл,163.556228637695,0.633017778396606,58.9472045898438,0.000195933738723397,0.000167663369211368,В3,0.5667724609375,1.54543197154999,2.04855346679688,446436.001079605,6201331.67166194,3.52004731003057,11.1719751742952,123.481788635254,288.309661865234,2111.7578125,547.029113769531,328.723602294922,0.5037841796875,1.17916989326477,2.02565169334412,2.04855346679688,5.82420349121094,10.8175506591797,0.611713046730002,1.01011144488796,2.20440068875868
"MULTIPOINT ((446286.103045062 6201326.14181202))",963,п2д,с.с.,далл,163.566268920898,0.687309861183167,191.543548583984,0.000341657229000703,5.15525171067566e-05,С2,0.612960815429688,2.11297965049744,1.81648254394531,446286.103045062,6201326.14181202,27.3196099644447,13.2211055024689,123.998985290527,455.857604980469,2018.16772460938,432.464508056641,347.170806884766,0.544852375984192,0.700796604156494,0.752189517021179,1.81648254394531,4.06402587890625,10.8518371582031,0.632498784849188,0.722695000924376,1.73814501474652
"MULTIPOINT ((446735.797148692 6201342.73136178))",964,п3д,с.с.,далл,159.854278564453,3.14302706718445,350.314605712891,0.000533180660568178,0.000217260690988041,В4,1.17387390136719,6.31501817703247,7.82414245605469,446735.797148692,6201342.73136178,20.7736449696871,12.7423985819909,11.9999017715454,64.4680023193359,2205.14477539062,720.774169921875,322.340026855469,1.04344344139099,0.452245593070984,-1.03608691692352,7.82414245605469,8.32736206054688,10.2424621582031,2.37307348416955,2.57785101040338,2.286205503339
"MULTIPOINT ((446585.899114149 6201337.20151186))",965,п3д огл,л.с.,далл,161.936172485352,0.756503283977509,343.869812011719,0.000197193148778751,-0.000116502058517653,С2,0.125808715820312,1.27392411231995,3.37860107421875,446585.899114149,6201337.20151186,19.6184957742081,13.1567329494695,147.185745239258,182.343048095703,2181.45849609375,644.680053710938,375.909820556641,0.111845225095749,1.26103115081787,0.798001110553741,3.37860107421875,9.35185241699219,10.3006896972656,0.553435887759659,2.22881489502953,2.15623903959176
"MULTIPOINT ((447035.593217778 6201353.79106162))",966,п2д огл,л.с.,далл,162.733352661133,0.78793853521347,224.797271728516,0.000106662329926621,2.71047592832474e-05,С2,0.208541870117188,1.12300062179565,2.69050598144531,447035.593217778,6201353.79106162,25.7251006335333,13.1609679380347,130.597549438477,257.872009277344,2151.72534179688,1019.32861328125,322.340026855469,0.18536376953125,1.74008059501648,2.52314591407776,2.69050598144531,6.68788146972656,9.71638488769531,0.524087488135864,1.46304296640226,2.00257686880264
"MULTIPOINT ((446885.695183235 6201348.2612117))",967,п3д огл,л.с.,далл,160.596084594727,2.22845816612244,193.817153930664,0.000444585894001648,0.000123414152767509,С2,0.886993408203125,2.80016207695007,5.79060363769531,446885.695183235,6201348.2612117,38.6331151561861,13.3628232817398,52.6113548278809,128.936004638672,2174.78002929688,897.935363769531,322.340026855469,0.788425028324127,0.817745923995972,0.117494441568851,5.79060363769531,8.93681335449219,10.1314239501953,1.76205161619332,2.76726853870322,2.13133093567588
"MULTIPOINT ((447335.389286864 6201364.85076146))",968,п2д огл,л.с.,далл,161.756896972656,0.985622584819794,321.357971191406,0.000475725741125643,0.000131701628561132,С2,0.947067260742188,2.85992288589478,3.95130920410156,447335.389286864,6201364.85076146,9.29134164572828,12.1425837050943,76.1045761108398,128.936004638672,1877.33654785156,958.3857421875,322.340026855469,0.841837584972382,1.21007454395294,1.2860015630722,3.95130920410156,6.93650817871094,11.7164306640625,0.753897648685684,1.38110519322258,1.94620086409105
"MULTIPOINT ((447185.491252321 6201359.32091154))",969,п2д огл,л.с.,далл,161.490325927734,1.16092109680176,353.565887451172,-0.000159670686116442,-5.41281224286649e-05,С2,-0.333404541015625,2.16192126274109,3.31800842285156,447185.491252321,6201359.32091154,45.4595404018428,13.7303234528529,70.8796005249023,322.340026855469,2063.98315429688,1039.51525878906,322.340026855469,-0.296344339847565,-0.328314960002899,1.45754754543304,3.31800842285156,3.57997131347656,10.6024322509766,0.96709035506298,0.810908203777846,1.91484374930787
"MULTIPOINT ((447635.18535595 6201375.9104613))",970,п2д огл,л.с.,далл,161.907989501953,1.50352227687836,99.4573287963867,0.00050467683468014,0.000374408409697935,С2,1.37112426757812,2.96969056129456,4.43492126464844,447635.18535595,6201375.9104613,7.81223923141082,11.9691923805519,53.3662223815918,128.936004638672,1630.92578125,904.851501464844,322.340026855469,1.21876859664917,2.08559250831604,0.94163590669632,4.43492126464844,8.20075988769531,12.0312805175781,1.14424636433771,2.02945266928874,2.20288837770674
"MULTIPOINT ((447485.287321407 6201370.38061138))",971,п3д,с.с.,далл,158.256561279297,0.278860330581665,154.373291015625,-0.00101924652699381,0.000227428608923219,,-1.23414611816406,4.15342473983765,3.91838073730469,447485.287321407,6201370.38061138,17728.0455676312,19.6964039043459,0,0,1753.71936035156,923.041320800781,322.340026855469,-1.09701538085938,-1.89453935623169,-2.52381134033203,3.91838073730469,7.14212036132812,12.0312805175781,1.06421484342407,1.90183672291964,2.06213853998063
"MULTIPOINT ((447934.981425036 6201386.97016114))",972,п3д,с.с.,далл,163.123580932617,0.501449882984161,206.663452148438,0.000261659937677905,-6.89433800289407e-05,С2,0.300399780273438,1.45854723453522,1.99322509765625,447934.981425036,6201386.97016114,76.9877555107167,14.2571471342933,31.9997386932373,407.7314453125,1329.04187011719,923.041320800781,386.808013916016,0.267023712396622,0.534318566322327,1.17042112350464,1.99322509765625,9.08711242675781,20.8628387451172,0.488191304162174,1.54728106816568,2.56707907013342
"MULTIPOINT ((447785.083390493 6201381.44031122))",973,п3д,с.с.,далл,160.667007446289,1.11885321140289,203.959564208984,-0.000230516161536798,8.97697318578139e-05,С2,-0.219528198242188,1.12122881412506,3.47427368164062,447785.083390493,6201381.44031122,16.0565958750733,12.6896204675303,12.6490077972412,288.309661865234,1448.73815917969,904.851501464844,347.170806884766,-0.195146352052689,-0.632836818695068,-0.891038477420807,3.47427368164062,9.69511413574219,14.587158203125,0.883920914862274,1.68465776739117,2.6622550439186
"MULTIPOINT ((448234.777494122 6201398.02986098))",974,п3д,с.с.,далл,162.323440551758,2.06993722915649,359.896759033203,0.000611114606726915,-0.000114007983938791,С2,0.776519775390625,6.18476819992065,5.03300476074219,448234.777494122,6201398.02986098,158.463030683123,14.979022065636,59.99951171875,720.774169921875,1039.51525878906,1039.51525878906,64.4680023193359,0.690238118171692,-1.29724681377411,-2.80224370956421,5.03300476074219,10.5959320068359,18.2356567382812,1.59451018472664,2.37359354009512,3.29005438011239
"MULTIPOINT ((448084.879459579 6201392.50001106))",975,п3д,с.с.,далл,163.682266235352,0.919414162635803,146.029296875,-0.000252765807090327,8.05060917627998e-05,С2,-0.268600463867188,2.21498227119446,3.1673583984375,448084.879459579,6201392.50001106,27.0624560378983,13.2116481257216,43.0809669494629,531.616760253906,1211.24377441406,958.3857421875,257.872009277344,-0.238766133785248,0.277707457542419,0.402927190065384,3.1673583984375,9.08711242675781,23.3338165283203,0.682683945489872,1.08547092192992,2.47352791596665
"MULTIPOINT ((443593.468273208 6201076.70647891))",976,п3д,с.с.,морена,167.887069702148,1.50614786148071,206.622863769531,0.000459046743344516,9.60797478910536e-05,С2,0.865982055664062,1.58292889595032,5.18663024902344,443593.468273208,6201076.70647891,35.6843732971966,13.4882136146153,127.998954772949,531.616760253906,265.808380126953,634.936218261719,144.154830932617,0.769766926765442,2.15510058403015,2.36258602142334,5.18663024902344,10.9733734130859,14.8024749755859,0.97471669211118,2.92721878299318,2.41156354615919
"MULTIPOINT ((443743.366307751 6201082.23632883))",977,п2д,с.с.,морена,168.757339477539,1.01025307178497,337.546447753906,0.000163427597726695,0.000251934048719704,С2,0.647552490234375,2.2129271030426,4.03753662109375,443743.366307751,6201082.23632883,18.0371373421627,5.31647850254865,159.998687744141,432.464508056641,128.936004638672,751.819641113281,144.154830932617,0.575593709945679,1.8651704788208,2.83933043479919,4.03753662109375,6.49766540527344,11.5664520263672,0.855721055365994,1.53859692168787,2.28238412927581
"MULTIPOINT ((443893.264342294 6201087.76617875))",978,п2д,с.с.,морена,165.877731323242,0.453094869852066,75.4181289672852,-8.30542849143967e-05,-0.000338350801030174,С3,-0.65679931640625,2.72217297554016,2.54875183105469,443893.264342294,6201087.76617875,55.8078697214618,13.9354156383035,73.7557525634766,322.340026855469,0,807.781799316406,64.4680023193359,-0.583831787109375,-0.866487443447113,0.077584907412529,2.54875183105469,6.45599365234375,11.5664520263672,0.703717012350059,1.50497579626152,2.07263915356167
"MULTIPOINT ((444043.162376837 6201093.29602867))",979,п3д,с.с.,морена,163.699035644531,1.43384480476379,20.0512542724609,-0.000337156292516738,-0.000113814385258593,,-0.703414916992188,2.23808979988098,4.47966003417969,444043.162376837,6201093.29602867,20.0371755462216,12.7063027929353,55.9995422363281,203.86572265625,128.936004638672,876.859680175781,64.4680023193359,-0.625254333019257,-1.57885992527008,-2.42199873924255,4.47966003417969,5.1622314453125,9.675537109375,1.06507220921475,1.3965526851386,1.52430361785444
"MULTIPOINT ((444193.06041138 6201098.82587859))",980,п3д,с.с.,морена,164.076248168945,0.886123180389404,172.606414794922,8.23410809971392e-05,-6.78458900438272e-06,С2,0.1177978515625,2.08802580833435,2.35992431640625,444193.06041138,6201098.82587859,9.53709885115327,12.1686900799845,27.9997711181641,193.404006958008,257.872009277344,847.944213867188,182.343048095703,0.104714289307594,-0.95304000377655,-1.95827662944794,2.35992431640625,4.47966003417969,9.675537109375,0.711291303799756,0.904090087863863,1.47346236130367
"MULTIPOINT ((444342.958445923 6201104.35572851))",981,п3д,с.с.,морена,165.179122924805,0.294640779495239,134.375778198242,5.62336254006368e-06,1.12438274300075e-05,С2,0.0262908935546875,0.672166705131531,1.02899169921875,444342.958445923,6201104.35572851,24.8730830055522,12.9224996824306,103.999153137207,232.442687988281,386.808013916016,838.084045410156,128.936004638672,0.0233679879456758,-0.194461435079575,-0.707941651344299,1.02899169921875,5.99250793457031,8.164794921875,0.198212981633052,0.951970117639796,1.44918240968464
"MULTIPOINT ((444492.856480466 6201109.88557843))",982,п3д,с.с.,морена,167.622833251953,1.04047870635986,160.356719970703,0.00027053349185735,-4.16187504015397e-05,С2,0.356964111328125,1.75832879543304,2.73870849609375,444492.856480466,6201109.88557843,21.4319130516844,4.86282354740216,105.602165222168,375.909820556641,580.212036132812,860.110473632812,64.4680023193359,0.31730991601944,1.32061672210693,1.38548338413239,2.73870849609375,5.25279235839844,9.48527526855469,0.854184382307524,1.11140934593931,1.74575110175228
"MULTIPOINT ((444642.754515009 6201115.41542835))",983,п3д,с.с.,морена,167.101791381836,1.29943478107452,10.4825448989868,0.000135408496134914,8.04158698883839e-05,С2,0.336563110351562,2.01831483840942,3.64219665527344,444642.754515009,6201115.41542835,2.63674743082784,10.8830468682292,39.9996719360352,490.973693847656,709.148010253906,897.935363769531,193.404006958008,0.299172282218933,0.296089321374893,0.635991930961609,3.64219665527344,5.48919677734375,9.48527526855469,0.895078533671035,1.27498588893324,1.7345898492064
"MULTIPOINT ((444792.652549552 6201120.94527827))",984,п3д огл,с.с.,далл,165.890701293945,1.40614604949951,156.820831298828,-0.000396856456063688,-1.60126037371811e-05,С2,-0.64404296875,2.02576947212219,4.34951782226562,444792.652549552,6201120.94527827,54.6715646566896,13.9148444769468,91.9992523193359,611.59716796875,838.084045410156,840.559875488281,322.340026855469,-0.572484314441681,-1.5600358247757,-0.306509464979172,4.34951782226562,6.82069396972656,14.9474639892578,1.07801007825356,1.78036025691247,1.7908504889112
"MULTIPOINT ((444942.550584095 6201126.47512819))",985,п3д огл,с.с.,далл,170.049911499023,0.176907077431679,74.361686706543,-8.47340572818212e-07,0.000330254581058398,С2,0.513412475585938,0.808773756027222,2.21994018554688,444942.550584095,6201126.47512819,6.68603474326991,5.23610169136154,121.654258728027,519.757629394531,1031.48803710938,647.895385742188,128.936004638672,0.456356465816498,2.35850095748901,4.95007371902466,2.21994018554688,9.55111694335938,17.2017517089844,0.20116833364277,1.49033588661454,3.37359967833333
"MULTIPOINT ((445092.448618639 6201132.00497811))",986,п3д огл,с.с.,далл,168.629547119141,1.81328177452087,327.214080810547,0.000481120630865917,6.8386179918889e-05,С2,0.85760498046875,1.888951420784,6.12591552734375,445092.448618639,6201132.00497811,27.3190832886215,13.2210862239762,217.364273071289,407.7314453125,1160.42407226562,519.757629394531,0,0.762325704097748,2.22638416290283,4.74323129653931,6.12591552734375,11.77978515625,17.6159973144531,1.23391189977465,3.00854862393684,4.52594317211622
"MULTIPOINT ((445242.346653182 6201137.53482803))",987,п3д огл,с.с.,далл,162.550109863281,2.08514213562012,348.686553955078,-0.000536440697032958,-0.00018256226030644,С2,-1.12245178222656,5.10065984725952,7.42697143554688,445242.346653182,6201137.53482803,75.93002919868,14.2433129921983,82.0724639892578,288.309661865234,1289.36010742188,392.1435546875,128.936004638672,-0.997738301753998,-1.07367789745331,-0.348571985960007,7.42697143554688,12.6925201416016,20.7729339599609,1.9143364001504,3.68394703830949,5.11079380790308
"MULTIPOINT ((445392.244687725 6201143.06467796))",988,п3д огл,с.с.,далл,157.114624023438,1.18124210834503,336.095855712891,0.000451704225270078,-0.000377726828446612,С2,0.115615844726562,4.55927705764771,5.89561462402344,445392.244687725,6201143.06467796,42.3805864333086,7.69792475632603,59.99951171875,128.936004638672,1482.76403808594,203.86572265625,203.86572265625,0.102774724364281,-1.74822533130646,-5.08253765106201,5.89561462402344,15.4037933349609,20.3690795898438,0.709920324334048,3.21706721843716,4.67950436327963
"MULTIPOINT ((445542.142722268 6201148.59452787))",989,п3д,с.с.,морена,154.701248168945,1.24956250190735,257.299530029297,-0.000227789991186,-0.00105889223050326,С4,-2.00601196289062,4.66930294036865,6.60983276367188,445542.142722268,6201148.59452787,122.985916696037,7.4218987999727,7.99993467330933,0,1612.98901367188,144.154830932617,193.404006958008,-1.78311836719513,-4.88184261322021,-7.24998235702515,6.60983276367188,13.6065063476562,19.1293792724609,1.36210174865409,3.53536681816447,4.362077147275
"MULTIPOINT ((445692.040756811 6201154.1243778))",990,п3д огл,с.с.,далл,162.352203369141,3.6697564125061,203.518310546875,0.000601296254899353,-0.000222998642129824,С2,0.59466552734375,3.30163240432739,10.6876678466797,445692.040756811,6201154.1243778,125.003329926603,14.7418411207862,72.9925537109375,91.1715240478516,1735.85400390625,144.154830932617,64.4680023193359,0.528596639633179,0.76969039440155,0.690598368644714,10.6876678466797,14.5874786376953,17.2354278564453,2.75478930808892,4.50870710990877,4.23905087582656
"MULTIPOINT ((445991.836825897 6201165.18407764))",991,п2д огл,л.с.,далл,164.936157226562,1.23773241043091,9.83050918579102,-8.03640941740014e-05,2.58563541137846e-05,С2,-0.08502197265625,1.3234578371048,3.56413269042969,445991.836825897,6201165.18407764,7.18212067390245,11.4796196999433,121.654258728027,375.909820556641,1846.08264160156,407.7314453125,257.872009277344,-0.0755835622549057,0.252574384212494,2.25937271118164,3.56413269042969,5.92344665527344,17.2354278564453,0.924438358167346,1.56084554950327,2.35682807020364
"MULTIPOINT ((445841.938791354 6201159.65422771))",992,п3д огл,с.с.,далл,166.164123535156,0.680430293083191,182.401916503906,0.000107322826806922,-8.17825252852344e-07,С2,0.166046142578125,1.02889060974121,2.60060119628906,445841.938791354,6201159.65422771,14.5185771616358,12.8556891792249,180.752502441406,203.86572265625,1773.7490234375,232.442687988281,64.4680023193359,0.147581309080124,1.90947425365448,4.2231068611145,2.60060119628906,14.5874786376953,17.2354278564453,0.524179201847934,2.13589591804171,4.03837458995913
"MULTIPOINT ((446291.632894983 6201176.24377748))",993,п2д,с.с.,далл,162.470336914062,0.385470628738403,228.05158996582,-0.000132878398289904,2.7784864869318e-05,С2,-0.163803100585938,0.929281234741211,1.25968933105469,446291.632894983,6201176.24377748,48.7535805823609,14.0670388088427,37.7356147766113,375.909820556641,1968.12268066406,550.814819335938,469.334136962891,-0.145606145262718,-0.615108251571655,-0.284934341907501,1.25968933105469,3.17649841308594,10.8518371582031,0.373373036501822,0.608442393156079,1.8750674904305
"MULTIPOINT ((446141.73486044 6201170.71392755))",994,п2д,с.с.,далл,162.901947021484,0.597321808338165,355.5166015625,-6.45292820991017e-05,3.23754975397605e-05,С2,-0.0501251220703125,0.97790652513504,1.77548217773438,446141.73486044,6201170.71392755,3.01080762733008,11.0157091019243,23.9998035430908,490.973693847656,1903.71728515625,519.757629394531,386.808013916016,-0.0445573590695858,-0.872795879840851,-0.10726847499609,1.77548217773438,5.748291015625,17.2354278564453,0.430689375927096,1.20970413564378,1.47603188502338
"MULTIPOINT ((446591.428964069 6201187.30347732))",995,п3д огл,л.с.,далл,161.846481323242,1.82766282558441,349.577301025391,0.000499481800943613,3.44832260452677e-05,С2,0.83343505859375,2.84549379348755,4.79971313476562,446591.428964069,6201187.30347732,31.8874532715727,13.3757133624775,91.9992523193359,128.936004638672,2154.62060546875,729.372192382812,455.857604980469,0.740826070308685,0.973184704780579,0.578782439231873,4.79971313476562,9.35185241699219,10.2740325927734,1.44185313903969,2.23833601670952,2.16286208989915
"MULTIPOINT ((446441.530929526 6201181.7736274))",996,п2д огл,л.с.,далл,163.832977294922,0.368450284004211,309.656555175781,0.000175458830199204,0.000234934748732485,С3,0.6396484375,1.34261512756348,1.52334594726562,446441.530929526,6201181.7736274,6.38255022188834,11.7670684832144,176.588470458984,232.442687988281,2076.02978515625,644.680053710938,455.857604980469,0.568572998046875,1.55427670478821,2.23914837837219,1.52334594726562,5.82420349121094,10.7908935546875,0.403476647149782,1.11886915033698,2.17340304461629
"MULTIPOINT ((443732.306607911 6201382.03239792))",997,п3д,с.с.,морена,167.375259399414,1.69962441921234,306.02587890625,-8.7561878899578e-05,-0.000527245458215475,С2,-0.958740234375,4.02691078186035,5.47055053710938,443732.306607911,6201382.03239792,25.852207154476,13.1658967248873,84.8521194458008,594.365600585938,288.309661865234,981.947387695312,64.4680023193359,-0.852223694324493,-0.641700923442841,0.132716611027718,5.47055053710938,7.049072265625,13.6402282714844,1.23364355961836,2.01238350567783,2.46560192829649
"MULTIPOINT ((443882.204642454 6201387.56224784))",998,п3д,с.с.,морена,166.490005493164,1.55254149436951,264.466522216797,1.72959771589376e-05,-0.000423345569288358,С2,-0.633071899414062,2.97731304168701,5.14057922363281,443882.204642454,6201387.56224784,36.5307635969881,13.5116554882992,43.2662620544434,519.757629394531,257.872009277344,1039.51525878906,64.4680023193359,-0.562722086906433,-1.01941692829132,-0.306283980607986,5.14057922363281,7.049072265625,13.6402282714844,1.05937097790962,1.83673528528244,2.52513712357674
"MULTIPOINT ((444032.102676997 6201393.09209776))",999,п3д,с.с.,морена,167.007766723633,1.07159066200256,319.596649169922,1.90127848327393e-05,0.000129917243611999,С2,0.232177734375,1.38248181343079,3.60646057128906,444032.102676997,6201393.09209776,49.0974632454116,13.8073081128288,137.46159362793,469.334136962891,265.808380126953,1095.9560546875,193.404006958008,0.206370040774345,0.829673588275909,0.193460419774055,3.60646057128906,7.30903625488281,13.6390533447266,0.815625085284879,1.47474677668836,2.48344183247352
"MULTIPOINT ((444182.00071154 6201398.62194768))",1000,п3д,с.с.,морена,164.593826293945,0.269458204507828,293.734436035156,-4.94960586365778e-05,-9.40878599067219e-05,С2,-0.223800659179688,0.596331357955933,1.05117797851562,444182.00071154,6201398.62194768,26.6395695050876,13.1958984302486,16.4922866821289,451.276000976562,364.686096191406,1103.51440429688,193.404006958008,-0.198922052979469,-0.551514625549316,-1.85896122455597,1.05117797851562,7.77346801757812,13.4168395996094,0.250346403970544,0.964422809851038,1.94239044765029
"MULTIPOINT ((444331.898746083 6201404.1517976))",1001,п3д,с.с.,морена,165.113403320312,0.849063277244568,124.764747619629,0.000145679994602688,2.62734647549223e-05,С2,0.268081665039062,1.20215535163879,2.94766235351562,444331.898746083,6201404.1517976,9.57057828869977,5.57344229722771,87.9992828369141,531.616760253906,503.511199951172,1160.42407226562,128.936004638672,0.238291427493095,-0.192240193486214,-1.09683358669281,2.94766235351562,10.0545349121094,12.4588775634766,0.633548428843646,1.87820370091889,1.91162060596239
"MULTIPOINT ((444481.796780626 6201409.68164752))",1002,п3д огл,с.с.,далл,166.891616821289,1.48288214206696,159.121246337891,-0.000116082694148645,6.24049571342766e-05,С2,-0.0838165283203125,1.63600969314575,4.27496337890625,444481.796780626,6201409.68164752,21.0888959834781,12.7574601127122,126.490074157715,576.619323730469,608.189880371094,1167.56518554688,0,-0.0744967982172966,0.82430499792099,0.556326448917389,4.27496337890625,10.0545349121094,12.4588775634766,1.13271005860357,1.75207018380934,1.87325514408008
"MULTIPOINT ((444631.694815169 6201415.21149744))",1003,п3д огл,с.с.,далл,165.330291748047,1.90177917480469,12.5397491455078,-0.000468658254249021,-9.08050933503546e-05,С2,-0.873245239257812,3.47303032875061,5.38639831542969,444631.694815169,6201415.21149744,27.8777281646063,13.2413288407931,51.9995765686035,685.304260253906,778.969848632812,1041.51245117188,193.404006958008,-0.776212930679321,-1.5949068069458,-1.39457380771637,5.38639831542969,5.86505126953125,11.9887237548828,1.42314562185302,1.56947715846086,2.11794035944431
"MULTIPOINT ((444781.592849712 6201420.74134736))",1004,п3д огл,с.с.,далл,166.097122192383,1.44842827320099,162.93913269043,6.06844550929964e-05,0.00013164350821171,С2,0.299911499023438,3.12176847457886,3.80300903320312,444781.592849712,6201420.74134736,19.0461709867076,12.8603668277227,51.9995765686035,583.782592773438,897.935363769531,923.041320800781,193.404006958008,0.266586303710938,-1.0780975818634,-0.606589138507843,3.80300903320312,5.86505126953125,11.9887237548828,1.06645837362117,1.50082838180886,1.69530121238188
"MULTIPOINT ((444931.490884255 6201426.27119728))",1005,п3д огл,с.с.,далл,168.425674438477,0.640653669834137,158.334365844727,7.71949053159915e-05,0.000125981605378911,С2,0.316696166992188,1.02375268936157,1.63859558105469,444931.490884255,6201426.27119728,44.8485498857913,13.7167919998727,56.8502159118652,455.857604980469,1019.32861328125,807.781799316406,193.404006958008,0.281507700681686,0.916294038295746,2.44817090034485,1.63859558105469,6.13670349121094,14.7853393554688,0.511665855524065,1.32799175397185,2.43712430047702
"MULTIPOINT ((445081.388918798 6201431.8010472))",1006,п3д огл,с.с.,далл,167.910507202148,1.37692058086395,18.6568965911865,0.000137756738695316,0.000137731578433886,С2,0.429611206054688,1.58754336833954,4.22001647949219,445081.388918798,6201431.8010472,21.8530720731568,12.9978422543983,188.296096801758,265.808380126953,1204.36169433594,644.680053710938,0,0.381876617670059,1.30060970783234,3.35571360588074,4.22001647949219,12.7273254394531,18.1241302490234,0.96546666280765,1.97184421829002,3.9857478679276
"MULTIPOINT ((445231.286953341 6201437.33089712))",1007,п3д огл,с.с.,далл,164.985046386719,2.0177173614502,38.2310676574707,0.000382545695174485,0.000151884014485404,С2,0.834197998046875,2.71659421920776,6.5177001953125,445231.286953341,6201437.33089712,59.7434372378456,13.7987728152146,108.810882568359,144.154830932617,1329.04187011719,547.029113769531,128.936004638672,0.741505920886993,1.0259838104248,0.974730610847473,6.5177001953125,13.5932159423828,18.1339569091797,1.43694518821556,3.61403124362488,4.23276275190318
"MULTIPOINT ((445381.184987884 6201442.86074704))",1008,п3д,с.с.,морена,159.357727050781,2.37005925178528,30.9788856506348,-0.000532608828507364,0.000139064009999856,С4,-0.61529541015625,2.97662496566772,6.71873474121094,445381.184987884,6201442.86074704,10.9675490717161,12.3084415727587,15.9998693466187,64.4680023193359,1454.46435546875,464.885375976562,144.154830932617,-0.546941101551056,-2.37247514724731,-4.19569540023804,6.71873474121094,12.5054321289062,17.8358764648438,2.15728376659377,2.9315239646045,4.1302163453772
"MULTIPOINT ((445531.083022427 6201448.39059696))",1009,п3д огл,с.с.,далл,162.187133789062,2.53261160850525,206.254455566406,0.00021476685651578,-0.000296140206046402,С2,-0.12628173828125,2.77114486694336,6.849365234375,445531.083022427,6201448.39059696,34.825774875701,13.4638585144027,59.99951171875,128.936004638672,1643.61804199219,392.1435546875,128.936004638672,-0.112260609865189,0.306857347488403,-0.622276663780212,6.849365234375,10.2562255859375,16.4814300537109,1.99710113626583,2.90893655261394,3.5042252307556
"MULTIPOINT ((445680.98105697 6201453.92044688))",1010,п3д огл,с.с.,далл,165.324783325195,0.247243523597717,145.647598266602,4.96513675898314e-05,0.00010435470903758,С2,0.240020751953125,1.33227300643921,1.10624694824219,445680.98105697,6201453.92044688,3.17962003738281,11.0702624489793,106.281768798828,232.442687988281,1706.880859375,392.1435546875,64.4680023193359,0.213360249996185,1.77595615386963,2.9895966053009,1.10624694824219,10.7595062255859,14.5874786376953,0.257980965098976,1.77731331704212,3.23207829735316
"MULTIPOINT ((445980.777126056 6201464.98014672))",1011,п2д огл,л.с.,далл,163.954254150391,0.793388426303864,28.9933738708496,-6.96753795637051e-06,-4.8360918299295e-05,С2,-0.08624267578125,0.968932151794434,2.20164489746094,445980.777126056,6201464.98014672,52.8200203311076,13.8803910362079,179.99853515625,503.511199951172,1795.87072753906,265.808380126953,203.86572265625,-0.07666015625,0.197954759001732,0.915705859661102,2.20164489746094,5.44575500488281,14.5874786376953,0.602117871833587,1.42322920405386,1.50645405284407
"MULTIPOINT ((445830.879091513 6201459.4502968))",1012,п3д огл,с.с.,далл,165.052612304688,0.548267304897308,98.4077758789062,-0.000104834260127973,-6.29869973636232e-05,С2,-0.261581420898438,1.26422166824341,1.47743225097656,445830.879091513,6201459.4502968,28.365155357244,13.2586622122648,61.0568504333496,347.170806884766,1735.85400390625,364.686096191406,64.4680023193359,-0.232520207762718,0.380446761846542,2.65103340148926,1.47743225097656,6.18589782714844,14.5874786376953,0.442503445747936,0.92497965845697,2.65089524046093
"MULTIPOINT ((446280.573195142 6201476.03984656))",1013,п2д,с.с.,далл,163.801712036133,0.683071911334991,140.273803710938,0.000290799594949931,0.000364857143722475,В3,1.02201843261719,2.74925541877747,1.98277282714844,446280.573195142,6201476.03984656,5.3772429854012,11.5956765310039,115.999053955078,515.744018554688,1847.20788574219,273.514556884766,182.343048095703,0.908455729484558,1.50210607051849,1.23202383518219,1.98277282714844,5.27499389648438,10.8518371582031,0.640560791647486,0.968303048229419,1.42543740634339
"MULTIPOINT ((446130.675160599 6201470.50999664))",1014,п2д,с.с.,далл,161.76643371582,0.443792849779129,50.9626922607422,-0.000171401246916503,-0.000130269268993288,С2,-0.470199584960938,1.08592283725739,2.05601501464844,446130.675160599,6201470.50999664,61.652180706498,14.0350093457788,27.9997711181641,644.680053710938,1787.75244140625,203.86572265625,193.404006958008,-0.417955189943314,-1.31922447681427,-1.27357685565948,2.05601501464844,4.0528564453125,11.8142242431641,0.459223207324436,1.08674072685354,1.63277260004699
"MULTIPOINT ((446580.369264228 6201487.0995464))",1015,п3д огл,л.с.,далл,161.886123657227,1.15804541110992,133.665939331055,0.000363711675163358,0.000262094166828319,С2,0.975784301757812,3.67944169044495,3.86506652832031,446580.369264228,6201487.0995464,4.82762670645268,11.4878557262073,47.9996070861816,193.404006958008,2024.33630371094,550.814819335938,193.404006958008,0.867362141609192,1.30922281742096,1.17900002002716,3.86506652832031,8.9100341796875,10.5656890869141,0.86416419650459,1.56706074291971,2.39757587311459
"MULTIPOINT ((446430.471229685 6201481.56969648))",1016,п2д огл,л.с.,далл,159.934020996094,1.44167041778564,43.8401908874512,-0.000218724773731083,-0.000300865794997662,С3,-0.810287475585938,2.63508224487305,4.4166259765625,446430.471229685,6201481.56969648,67.4890691685621,14.1254663909474,55.9995422363281,322.340026855469,1949.02453613281,432.464508056641,144.154830932617,-0.720250427722931,-2.10697555541992,-1.21500110626221,4.4166259765625,5.27499389648438,12.0047302246094,1.27299350406155,1.44902788155573,2.1403040844504
"MULTIPOINT ((446880.165333314 6201498.15924624))",1017,п3д,с.с.,далл,161.416748046875,2.26698899269104,171.023071289062,0.000547648640349507,0.000344761967426166,С3,1.393310546875,4.24834871292114,5.79953002929688,446880.165333314,6201498.15924624,2.18908692877882,10.4602003524118,113.206848144531,128.936004638672,2048.8251953125,860.110473632812,193.404006958008,1.23848640918732,1.48726737499237,1.15972721576691,5.79953002929688,8.93681335449219,10.5656890869141,1.70025180924363,2.64067734766803,2.38708210558916
"MULTIPOINT ((446730.267298771 6201492.62939632))",1018,п3д,с.с.,далл,159.369445800781,2.82986211776733,8.06839275360107,0.000367026805179194,-8.16101305645134e-07,В4,0.572860717773438,5.32238817214966,7.27616882324219,446730.267298771,6201492.62939632,11.2684049612714,12.3355035328492,15.9998693466187,64.4680023193359,2099.91577148438,673.065734863281,193.404006958008,0.50920444726944,-0.396415561437607,-1.24479818344116,7.27616882324219,8.4439697265625,10.5656890869141,2.02313390336723,2.34086931984828,2.53898920559695
"MULTIPOINT ((447179.9614024 6201509.21894608))",1019,п2д огл,л.с.,далл,162.102752685547,1.00845050811768,1.65294706821442,-0.000135432041133754,0.000164851546287537,С2,0.045806884765625,1.818843126297,2.97779846191406,447179.9614024,6201509.21894608,4.80915006297843,11.4840211108464,167.139297485352,328.723602294922,2007.84448242188,1112.89025878906,193.404006958008,0.0407053641974926,0.731862306594849,2.38404393196106,2.97779846191406,5.80268859863281,10.6024322509766,0.707755600605919,1.08723035508009,2.14026767901891
"MULTIPOINT ((447030.063367857 6201503.68909616))",1020,п2д огл,л.с.,далл,163.274307250977,0.59489381313324,134.283554077148,0.000202464332687669,0.000119179487228394,С2,0.501358032226562,0.955288827419281,2.2158203125,447030.063367857,6201503.68909616,2.58660026820116,10.6590578431467,203.959121704102,232.442687988281,2024.33630371094,986.170776367188,193.404006958008,0.445653289556503,2.47763752937317,3.30596017837524,2.2158203125,6.68788146972656,10.1506500244141,0.427797401087239,1.32127187966271,2.26411985260899
"MULTIPOINT ((447479.757471486 6201520.27864592))",1021,п2д огл,л.с.,далл,158.656219482422,2.17192125320435,352.558380126953,9.12557370611466e-05,-0.000252096418989822,С2,-0.250656127929688,3.33043599128723,6.08792114257812,447479.757471486,6201520.27864592,26.277765781876,13.1822239185179,45.6066436767578,64.4680023193359,1795.87072753906,1049.46301269531,193.404006958008,-0.222803756594658,-0.449688345193863,-2.18222308158875,6.08792114257812,9.47828674316406,17.1469421386719,1.87746107997929,2.51799494272235,2.12886826498325
"MULTIPOINT ((447329.859436943 6201514.748796))",1022,п2д огл,л.с.,далл,162.310974121094,0.502705156803131,334.927276611328,0.000292371609248221,4.93398292746861e-05,С2,0.532638549804688,1.34473049640656,1.72195434570312,447329.859436943,6201514.748796,7.06137493309839,11.8681405267004,147.998794555664,144.154830932617,1916.771484375,1080.68054199219,193.404006958008,0.47344970703125,2.29470634460449,1.98486471176147,1.72195434570312,7.78775024414062,11.7164306640625,0.518880475465777,1.60698425186494,2.01907807622435
"MULTIPOINT ((447779.553540573 6201531.33834576))",1023,п2д огл,л.с.,далл,162.198486328125,2.05581068992615,202.454666137695,0.000124633632367477,-7.31340333004482e-06,С2,0.1832275390625,2.78331661224365,5.46736145019531,447779.553540573,6201531.33834576,158.351797723915,6.68964818094306,88.0901412963867,257.872009277344,1499.48754882812,1033.50073242188,232.442687988281,0.162860453128815,1.32817947864532,0.442734450101852,5.46736145019531,12.0312805175781,17.1469421386719,1.59971707953181,2.69245552142892,2.69487591003429
"MULTIPOINT ((447629.655506029 6201525.80849584))",1024,п2д огл,л.с.,далл,156.065292358398,1.44911313056946,117.140884399414,-0.000473578664241359,-0.000242188412812538,С2,-1.11637878417969,2.8046612739563,3.86824035644531,447629.655506029,6201525.80849584,5228.08695468261,18.4753014515264,0,64.4680023193359,1676.16809082031,1033.50073242188,193.404006958008,-0.992346882820129,-2.85182094573975,-5.06740713119507,3.86824035644531,10.5369262695312,17.1469421386719,1.39877700832109,2.51479523025667,2.35541135743368
"MULTIPOINT ((448079.349609659 6201542.3980456))",1025,п3д,с.с.,далл,162.854476928711,0.27003288269043,45.1093597412109,-7.12769615347497e-05,-0.000173464199178852,С2,-0.381454467773438,1.85570704936981,1.65377807617188,448079.349609659,6201542.3980456,23.3267265299981,13.0631005089986,31.9997386932373,515.744018554688,1305.37756347656,1142.37585449219,193.404006958008,-0.339065551757812,-0.275200039148331,-0.63565856218338,1.65377807617188,5.72941589355469,17.5978698730469,0.626260634846435,0.857410620193252,2.90479911328833
"MULTIPOINT ((447929.451575115 6201536.86819568))",1026,п3д,с.с.,далл,165.011856079102,0.292710423469543,45.5701484680176,0.000327512592775747,0.000433912704465911,В4,1.18675231933594,2.81404805183411,1.99102783203125,447929.451575115,6201536.86819568,3.03808564942891,3.44153511949726,107.999114990234,386.808013916016,1415.36267089844,1112.89025878906,193.404006958008,1.05488920211792,2.34583759307861,2.72409152984619,1.99102783203125,7.47515869140625,17.5978698730469,0.585704453408174,1.0764152195217,2.99122220911946
"MULTIPOINT ((443587.938423288 6201226.60451345))",1027,п3д,с.с.,морена,168.549087524414,2.17144370079041,176.614486694336,0.00065543717937544,-4.68696634925436e-05,С2,0.950637817382812,3.21423935890198,5.54158020019531,443587.938423288,6201226.60451345,31.1227149244416,4.3889125262818,81.5836486816406,608.189880371094,288.309661865234,815.462890625,128.936004638672,0.845009684562683,1.86272513866425,1.65809452533722,5.54158020019531,10.5109252929688,13.8046264648438,1.79947912520794,2.42647817404386,2.46760831480495
"MULTIPOINT ((448229.247644202 6201547.92789552))",1028,п3д,с.с.,далл,162.538375854492,2.32715559005737,30.1257228851318,0.000401312310714275,0.00067210610723123,С2,1.67539978027344,9.15022754669189,5.94036865234375,448229.247644202,6201547.92789552,3.35817688737556,3.16589998063687,67.9994430541992,709.148010253906,1147.82006835938,1211.24377441406,64.4680023193359,1.48923921585083,-0.77888548374176,-2.55425357818604,5.94036865234375,11.3402099609375,12.5908660888672,2.04855302311515,2.26203143314449,2.9346266845053
"MULTIPOINT ((443737.836457831 6201232.13436338))",1029,п2д,с.с.,морена,167.381408691406,2.44549632072449,19.7725200653076,0.000260168890235946,-0.000286611932097003,С2,-0.0405120849609375,3.78811120986938,6.45599365234375,443737.836457831,6201232.13436338,5.19734306162681,11.1561725473316,99.9991836547852,503.511199951172,182.343048095703,864.929016113281,64.4680023193359,-0.0360090471804142,0.0599172152578831,0.80431717634201,6.45599365234375,6.60325622558594,13.6402282714844,2.19930418737451,1.90100550353367,2.39022204407442
"MULTIPOINT ((443887.734492374 6201237.6642133))",1030,п2д,с.с.,морена,163.818084716797,0.72909027338028,157.758666992188,-0.000395305076381192,-0.000598367128986865,,-1.54893493652344,4.26429843902588,3.49642944335938,443887.734492374,6201237.6642133,28.8757078028788,13.2765014256212,23.9998035430908,412.796630859375,128.936004638672,923.041320800781,64.4680023193359,-1.37681412696838,-3.06408667564392,-2.42717361450195,3.49642944335938,6.60325622558594,13.6402282714844,0.706791561251045,1.44358388370284,2.18233344728414
"MULTIPOINT ((444037.632526917 6201243.19406322))",1031,п3д,с.с.,морена,166.560577392578,0.751381039619446,321.003112792969,0.000516710861120373,0.000161669973749667,С2,1.05752563476562,3.4984130859375,3.46540832519531,444037.632526917,6201243.19406322,23.3040283729623,13.3288864034237,55.5693206787109,347.170806884766,144.154830932617,984.061340332031,91.1715240478516,0.940019369125366,0.994409382343292,0.17918449640274,3.46540832519531,7.14115905761719,13.6390533447266,0.778863278648497,1.38500816590952,1.96377607282184
"MULTIPOINT ((444187.53056146 6201248.72391314))",1032,п3д,с.с.,морена,164.135879516602,0.371790260076523,223.927093505859,6.57997807138599e-05,-0.000106622588646132,С2,-0.063629150390625,0.759128451347351,1.49082946777344,444187.53056146,6201248.72391314,176.404611872748,15.0862810320601,16.4922866821289,322.340026855469,288.309661865234,975.577880859375,232.442687988281,-0.0565524622797966,-0.930707335472107,-2.10918188095093,1.49082946777344,5.20750427246094,13.2445068359375,0.201554017618514,0.79120167909038,1.78811602594095
"MULTIPOINT ((444337.428596003 6201254.25376306))",1033,п3д,с.с.,морена,165.097457885742,0.570019960403442,202.731353759766,-3.73808325093705e-05,8.08345703262603e-07,С2,-0.0569915771484375,0.468339711427689,1.80906677246094,444337.428596003,6201254.25376306,36.5524894746938,13.5122500397849,47.9996070861816,347.170806884766,407.7314453125,967.02001953125,128.936004638672,-0.0506744384765625,-0.44008994102478,-0.861052274703979,1.80906677246094,6.40620422363281,10.6344146728516,0.441179844025335,0.963224227552739,1.75738154799864
"MULTIPOINT ((444487.326630546 6201259.78361298))",1034,п3д,с.с.,морена,166.371139526367,1.14101588726044,211.801345825195,-0.000167375721503049,-4.22600060119294e-05,С2,-0.326889038085938,1.50735104084015,3.55378723144531,444487.326630546,6201259.78361298,60.8937509245921,14.2893907236279,65.6043472290039,412.796630859375,531.616760253906,975.577880859375,0,-0.290574818849564,-0.0906375199556351,0.205359771847725,3.55378723144531,4.71319580078125,11.3750152587891,0.820697092738127,1.35990989176514,1.71525894153357
"MULTIPOINT ((444637.224665089 6201265.3134629))",1035,п3д огл,с.с.,далл,165.788864135742,1.84573864936829,0.91938042640686,-3.82823054678738e-05,-0.000314475124469027,С2,-0.550140380859375,3.04977416992188,5.25279235839844,444637.224665089,6201265.3134629,27.5408390449215,13.2291707036719,47.9996070861816,554.57470703125,720.774169921875,986.170776367188,193.404006958008,-0.489011973142624,-1.01032269001007,-0.800613820552826,5.25279235839844,5.50021362304688,11.3750152587891,1.44828405375682,1.47220432049054,1.68895901863136
"MULTIPOINT ((444787.122699632 6201270.84331282))",1036,п3д огл,с.с.,далл,164.849761962891,1.0754017829895,182.88020324707,-2.27955897571519e-05,-0.000416449038311839,С2,-0.684722900390625,2.20951175689697,3.59773254394531,444787.122699632,6201270.84331282,85.8509635534958,14.6328729772198,59.99951171875,634.936218261719,847.944213867188,860.110473632812,322.340026855469,-0.608639180660248,-2.40206265449524,-1.60843229293823,3.59773254394531,6.82069396972656,14.9474639892578,0.846147531383404,1.44515792206416,1.56465521116833
"MULTIPOINT ((448218.187944361 6201847.72396461))",1037,п2д огл,л.с.,далл,163.294326782227,0.49371537566185,323.972991943359,-8.47272094688378e-05,-0.000226423086132854,С2,-0.4849853515625,3.03407835960388,2.53657531738281,448218.187944361,6201847.72396461,314.981439897865,15.6660144605565,5.6568078994751,594.365600585938,1367.57287597656,1427.06005859375,64.4680023193359,-0.431086212396622,-1.53537857532501,-2.02721691131592,2.53657531738281,12.4997100830078,13.6839447021484,0.715458621128128,2.22445722920547,2.8607192828134
"MULTIPOINT ((442827.388550733 6201498.75133294))",1038,п3д,с.с.,морена,167.978439331055,2.61781072616577,192.018844604492,0.000113467838673387,5.35451399628073e-05,С2,0.260940551757812,2.92601466178894,7.57444763183594,442827.388550733,6201498.75133294,62.0393522736621,14.0412696422165,109.177856445312,322.340026855469,634.936218261719,432.464508056641,64.4680023193359,0.231947153806686,0.552496135234833,2.40148067474365,7.57444763183594,9.27023315429688,14.6488037109375,1.94188895637416,2.74061353313962,3.29561051339794
"MULTIPOINT ((443127.184619819 6201509.81103278))",1039,п3д,с.с.,морена,171.968383789062,0.442090392112732,205.505966186523,0.000230648875003681,0.000155482048285194,,0.601837158203125,1.7076051235199,2.36149597167969,443127.184619819,6201509.81103278,5.88504437905755,11.685915026156,169.798492431641,322.340026855469,776.297546386719,673.065734863281,0,0.53497314453125,2.22429704666138,5.0062084197998,2.36149597167969,5.40628051757812,13.0510711669922,0.412932196701433,1.23940597857284,2.26844214431732
"MULTIPOINT ((443277.082654362 6201515.3408827))",1040,п3д,с.с.,морена,168.922485351562,1.20542812347412,19.9452171325684,8.01403512014076e-05,-4.63547576146084e-06,С2,0.117767333984375,1.65818738937378,3.23347473144531,443277.082654362,6201515.3408827,54.8905101678645,13.9188412213126,117.710548400879,328.723602294922,697.328063964844,860.110473632812,0,0.10467529296875,0.272902190685272,0.792214274406433,3.23347473144531,9.23768615722656,13.030517578125,0.946651583508814,1.71482870713553,2.19598122171071
"MULTIPOINT ((443426.980688905 6201520.87073262))",1041,п3д,с.с.,морена,166.289398193359,0.876320421695709,285.330902099609,2.98219401884126e-05,-0.000505414558574557,С2,-0.741302490234375,1.93893432617188,4.21931457519531,443426.980688905,6201520.87073262,104.355288584996,14.5613020578819,27.9997711181641,375.909820556641,594.365600585938,986.170776367188,0,-0.658944010734558,-2.11093306541443,-2.02819585800171,4.21931457519531,8.62203979492188,13.030517578125,0.713471914869387,1.78446340257475,2.21001649888161
"MULTIPOINT ((443576.878723448 6201526.40058254))",1042,п3д,с.с.,морена,169.301818847656,1.7800452709198,212.294540405273,0.000432267552241683,-4.8351885197917e-05,С2,0.59930419921875,2.69974994659424,5.83175659179688,443576.878723448,6201526.40058254,29.1730803197864,13.286747121626,120.06566619873,455.857604980469,503.511199951172,1049.46301269531,0,0.532704651355743,0.637751340866089,1.09998106956482,5.83175659179688,9.70921325683594,13.030517578125,1.23145070382616,2.14445694374372,2.23761727236465
"MULTIPOINT ((443726.776757991 6201531.93043246))",1043,п3д,с.с.,морена,170.267562866211,0.271588236093521,276.363952636719,3.41195504915959e-06,2.80672848020913e-05,С2,0.0490570068359375,1.84607338905334,0.811431884765625,443726.776757991,6201531.93043246,15.0557433684681,12.8920197038168,57.2708168029785,594.365600585938,407.7314453125,1101.62963867188,0,0.0436113141477108,1.27308368682861,2.45260000228882,0.811431884765625,7.99014282226562,13.1003723144531,0.260020502862725,1.4378192931378,2.34405400192923
"MULTIPOINT ((443876.674792534 6201537.46028238))",1044,п3д,с.с.,морена,168.423141479492,1.57278192043304,20.7399806976318,-1.86687375389738e-05,-0.000130329004605301,С2,-0.232315063476562,2.903151512146,6.20536804199219,443876.674792534,6201537.46028238,45.8312996086866,13.7384679997058,72.1104354858398,638.20068359375,451.276000976562,1211.24377441406,0,-0.206515848636627,-0.302960455417633,0.795048236846924,6.20536804199219,8.52163696289062,14.3172760009766,1.02905402935304,2.10481621277684,2.77881445261375
"MULTIPOINT ((444026.572827077 6201542.9901323))",1045,п3д,с.с.,морена,167.313415527344,1.67025899887085,81.8723297119141,0.00030009081820026,5.76490274397656e-05,С2,0.558197021484375,4.07738399505615,4.81779479980469,444026.572827077,6201542.9901323,26.4104602891159,13.1872608991751,55.9995422363281,657.447204589844,455.857604980469,1269.87243652344,0,0.496170043945312,0.0988666787743568,-0.0397747792303562,4.81779479980469,10.08642578125,14.3172760009766,1.49956294471917,1.62120335396746,2.97066195603374
"MULTIPOINT ((444176.47086162 6201548.51998222))",1046,п3д,с.с.,морена,163.560409545898,2.52788019180298,27.683464050293,0.000115442664537113,-0.000102994163171388,С2,0.019775390625,3.94990086555481,7.54228210449219,444176.47086162,6201548.51998222,24.4257747763278,13.1091396624792,51.9995765686035,644.680053710938,519.757629394531,1295.79077148438,0,0.0175747349858284,-1.54202950000763,-3.09702563285828,7.54228210449219,9.71455383300781,14.5049133300781,1.86682215118937,2.27454232022891,2.54959897591637
"MULTIPOINT ((444326.368896163 6201554.04983214))",1047,п3д,с.с.,морена,161.608413696289,2.2628698348999,144.825653076172,-0.000208367433515377,-0.000555087171960622,С2,-1.19131469726562,4.50324296951294,6.65675354003906,444326.368896163,6201554.04983214,24.4637616689135,13.1106936514507,19.9998359680176,657.447204589844,594.365600585938,1289.36010742188,0,-1.05895149707794,-3.61791515350342,-4.73051452636719,6.65675354003906,10.0545349121094,14.5049133300781,2.00516687871556,2.20190358929876,2.42425377190303
"MULTIPOINT ((444476.266930706 6201559.57968206))",1048,п3д огл,с.с.,далл,166.895431518555,1.29075562953949,202.555191040039,0.000155340283527039,-2.81780303339474e-05,С2,0.1983642578125,2.17072582244873,3.50267028808594,444476.266930706,6201559.57968206,45.1981602808475,13.7245571286846,42.5202369689941,694.341613769531,685.304260253906,1269.87243652344,0,0.176322087645531,1.24838411808014,0.572826445102692,3.50267028808594,10.0545349121094,14.5049133300781,0.986467654603942,2.3596429738823,2.42997224412708
"MULTIPOINT ((444626.164965249 6201565.10953198))",1049,п3д огл,с.с.,далл,166.775451660156,1.67862069606781,317.311981201172,0.000147417929838412,-0.00018536314019002,С2,-0.0589599609375,3.09991812705994,5.09132385253906,444626.164965249,6201565.10953198,27.5443309554648,13.2292974859093,88.0901412963867,709.148010253906,840.559875488281,1095.9560546875,64.4680023193359,-0.0524156354367733,-0.317072033882141,0.322718858718872,5.09132385253906,6.27925109863281,12.0707855224609,1.25123334282422,1.38132371147109,2.5152798221639
"MULTIPOINT ((444776.062999792 6201570.6393819))",1050,п3д огл,с.с.,далл,166.280197143555,1.91305088996887,225.958206176758,-8.6032239778433e-05,-0.000295003439532593,В4,-0.594345092773438,3.1924455165863,5.82339477539062,444776.062999792,6201570.6393819,38.2590813054776,13.5578816962699,99.9991836547852,580.212036132812,951.858642578125,984.061340332031,64.4680023193359,-0.528306722640991,-1.26861941814423,-0.133565679192543,5.82339477539062,6.27925109863281,12.0707855224609,1.44265709494172,1.57667846094126,2.14429966867739
"MULTIPOINT ((444925.961034335 6201576.16923182))",1051,п3д огл,с.с.,далл,168.648300170898,0.655566036701202,262.537475585938,4.33814093412366e-05,9.18858313525561e-06,,0.081939697265625,1.68596577644348,2.15921020507812,444925.961034335,6201576.16923182,36.6326873965843,13.5144416845256,108.810882568359,451.276000976562,1067.13537597656,876.859680175781,64.4680023193359,0.0728420689702034,0.845410406589508,2.95895719528198,2.15921020507812,6.27925109863281,14.7853393554688,0.482340379213684,1.149123815091,2.77817742967828
"MULTIPOINT ((445075.859068878 6201581.69908174))",1052,п3д огл,с.с.,далл,167.966888427734,1.42049944400787,348.665313720703,0.0003134818689432,0.000182742136530578,С2,0.77392578125,2.18128681182861,3.89619445800781,445075.859068878,6201581.69908174,12.6604286113805,12.4519820161281,82.4614410400391,257.872009277344,1231.65942382812,729.372192382812,0,0.687937438488007,2.17123627662659,3.38380527496338,3.89619445800781,12.7405853271484,17.0299530029297,1.00598534285998,2.86765659179733,3.9039451432853
"MULTIPOINT ((445225.757103421 6201587.22893166))",1053,п3д огл,с.с.,далл,162.600784301758,3.23028874397278,6.66248178482056,0.000344551721354946,-9.00140548765194e-06,С2,0.525527954101562,3.52103877067566,8.71112060546875,445225.757103421,6201587.22893166,114.707725136163,14.655888117088,45.6066436767578,128.936004638672,1322.77282714844,644.680053710938,0,0.467127472162247,-0.331357687711716,-1.47474300861359,8.71112060546875,13.0536041259766,16.8199005126953,2.44392106555891,3.95545556561153,4.00761515790457
"MULTIPOINT ((445375.655137964 6201592.75878158))",1054,п3д огл,с.с.,далл,156.500518798828,1.07692468166351,166.16877746582,-0.00116724043618888,-0.000305552704958245,С2,-2.29647827148438,6.21175479888916,5.63117980957031,445375.655137964,6201592.75878158,1.73923602496485,10.4669466951224,7.99993467330933,0,1419.76037597656,576.619323730469,64.4680023193359,-2.04131054878235,-4.73094129562378,-6.97749137878418,5.63117980957031,10.4101715087891,16.1179656982422,1.7600296587593,2.70929878572733,3.71022527259474
"MULTIPOINT ((445525.553172507 6201598.2886315))",1055,п3д огл,с.с.,далл,162.64192199707,0.939903318881989,97.5447158813477,0.000139702504384331,-0.000174062923179008,,-0.053497314453125,2.71501469612122,3.23931884765625,445525.553172507,6201598.2886315,36.7919684807867,13.5187803179765,63.9994773864746,193.404006958008,1495.32409667969,519.757629394531,0,-0.0475565604865551,0.719271898269653,-0.0470926910638809,3.23931884765625,9.14822387695312,14.3980712890625,0.686587945761634,1.89926280233572,2.91929163300692
"MULTIPOINT ((445675.45120705 6201603.81848142))",1056,п3д огл,с.с.,далл,163.405990600586,0.735989093780518,83.7292633056641,-3.63417129847221e-05,0.000265779264736921,С2,0.35760498046875,2.03361082077026,2.30851745605469,445675.45120705,6201603.81848142,4.22251547321806,11.3539317785874,59.99951171875,322.340026855469,1517.39660644531,392.1435546875,0,0.317876189947128,0.028447987511754,1.23056066036224,2.30851745605469,6.22195434570312,12.0582427978516,0.648056223125303,1.01448559692351,2.77917602711985
"MULTIPOINT ((445825.349241593 6201609.34833135))",1057,п3д огл,с.с.,далл,162.390808105469,0.954114615917206,103.843811035156,-2.53092639468377e-05,-0.00029297181754373,С2,-0.496139526367188,1.73793792724609,2.99163818359375,445825.349241593,6201609.34833135,70.8803982333051,14.1744946691226,43.999641418457,432.464508056641,1549.91589355469,265.808380126953,0,-0.441011220216751,-1.56228578090668,0.166395261883736,2.99163818359375,4.15974426269531,12.0582427978516,0.843366273274906,1.00836542149624,2.22405880064132
"MULTIPOINT ((446125.145310679 6201620.40803119))",1058,п2д,с.с.,далл,161.297729492188,0.514102816581726,342.676055908203,-0.000353852927219123,-5.69580370211042e-05,В3,-0.640350341796875,1.17915952205658,2.20460510253906,446125.145310679,6201620.40803119,481.45958779423,16.3570824641539,35.7767944335938,647.895385742188,1672.44458007812,91.1715240478516,64.4680023193359,-0.569191813468933,-1.64851665496826,-1.38454532623291,2.20460510253906,4.05752563476562,11.6451873779297,0.405376786417404,1.11752448651099,1.5167778350465
"MULTIPOINT ((445975.247276136 6201614.87818126))",1059,п2д огл,л.с.,далл,164.564086914062,0.860861718654633,345.645874023438,0.000521843787282705,-1.34699548652861e-05,,0.7926025390625,2.26975846290588,2.74223327636719,445975.247276136,6201614.87818126,10.1357180763669,12.496325794793,147.998794555664,608.189880371094,1616.84924316406,91.1715240478516,64.4680023193359,0.704533874988556,1.23593080043793,1.84852147102356,2.74223327636719,4.15974426269531,12.0582427978516,0.879936098439171,1.16852586934535,1.7507881937309
"MULTIPOINT ((446424.941379765 6201631.46773103))",1060,п2д огл,л.с.,далл,159.851287841797,1.58155846595764,293.994812011719,-0.00016229081666097,-0.000574484234675765,С3,-1.14892578125,4.36791753768921,4.24002075195312,446424.941379765,6201631.46773103,21.6206825608314,4.80244603040225,101.19206237793,328.723602294922,1843.82995605469,392.1435546875,64.4680023193359,-1.02127408981323,-1.75083923339844,-1.06611907482147,4.24002075195312,5.27499389648438,11.73095703125,1.38367750144168,1.21879373952506,2.10869194306303
"MULTIPOINT ((446275.043345222 6201625.9378811))",1061,п2д,с.с.,далл,161.604690551758,0.616746783256531,144.768356323242,-0.000103075079096016,-0.000158329741680063,В3,-0.407455444335938,1.99980592727661,1.68405151367188,446275.043345222,6201625.9378811,8.44821917180946,12.047456414686,69.8564224243164,519.757629394531,1735.85400390625,203.86572265625,64.4680023193359,-0.3621826171875,-0.442820012569427,-0.705152988433838,1.68405151367188,5.43212890625,10.4059600830078,0.581650947840427,0.83914892757066,1.42612160183506
"MULTIPOINT ((446724.737448851 6201642.52743087))",1062,п3д огл,л.с.,далл,160.157043457031,2.25592589378357,331.408294677734,0.000347005523508415,-2.82723431155318e-05,В4,0.49798583984375,4.21711826324463,7.47836303710938,446724.737448851,6201642.52743087,29.3565974043011,13.2930180492321,25.2980155944824,91.1715240478516,1977.60266113281,647.895385742188,64.4680023193359,0.442655771970749,0.821170389652252,-0.183018386363983,7.47836303710938,9.22354125976562,10.5656890869141,1.53558339153414,2.21164993541604,2.66062250119245
"MULTIPOINT ((446574.839414308 6201636.99758095))",1063,п3д огл,л.с.,далл,161.299713134766,1.40760850906372,244.273208618164,1.22467241681079e-07,1.61025254783453e-05,С2,0.025299072265625,3.34538340568542,4.48489379882812,446574.839414308,6201636.99758095,17.0746457200632,12.7510954012085,95.9992141723633,203.86572265625,1923.26538085938,519.757629394531,64.4680023193359,0.0224846731871367,0.962711572647095,0.828773140907288,4.48489379882812,7.89599609375,10.5656890869141,1.07703373625118,1.43586578638273,2.54852625880941
"MULTIPOINT ((447024.533517937 6201653.58713071))",1064,п3д огл,л.с.,далл,161.071090698242,1.53974807262421,136.933181762695,0.000184158023330383,-7.39825918572024e-05,С2,0.171981811523438,1.83963406085968,5.13539123535156,447024.533517937,6201653.58713071,28.3621729715142,13.258557064153,86.1619338989258,182.343048095703,1897.15649414062,969.166625976562,64.4680023193359,0.152874410152435,0.973138928413391,1.30359554290771,5.13539123535156,9.71638488769531,10.1506500244141,1.0639511318645,1.9628583665559,2.38434016152384
"MULTIPOINT ((446874.635483394 6201648.05728079))",1065,п3д,с.с.,далл,158.149475097656,1.3538156747818,211.923797607422,0.000127883642562665,-0.000281455606454983,С2,-0.239303588867188,4.37773704528809,5.14665222167969,446874.635483394,6201648.05728079,3.36473306241141,2.90928493807235,53.3662223815918,0,1939.40490722656,776.297546386719,64.4680023193359,-0.212715998291969,-1.02511441707611,-1.94285798072815,5.14665222167969,9.40768432617188,10.5656890869141,1.09571909283411,2.32266172818266,2.52794808737479
"MULTIPOINT ((447324.329587023 6201664.64683055))",1066,п2д огл,л.с.,далл,157.802215576172,0.399675101041794,348.437469482422,-0.00027815462090075,-0.000775216787587851,С2,-1.64179992675781,4.18887901306152,2.15580749511719,447324.329587023,6201664.64683055,3334.58866717164,19.3669386055309,0,257.872009277344,1806.2548828125,1224.89208984375,0,-1.45937430858612,-2.69571232795715,-1.98757803440094,2.15580749511719,5.63633728027344,10.9613037109375,0.872795319457669,1.16570731219982,2.15449744272592
"MULTIPOINT ((447174.43155248 6201659.11698063))",1067,п2д огл,л.с.,далл,160.789291381836,1.15921688079834,38.1543197631836,-7.16350259608589e-05,-9.47082880884409e-05,С2,-0.259368896484375,1.74154675006866,3.64939880371094,447174.43155248,6201659.11698063,19.4963504504562,5.85353536350261,64.1243515014648,288.309661865234,1879.54919433594,1097.8505859375,64.4680023193359,-0.230536565184593,-0.0935145765542984,1.32577359676361,3.64939880371094,6.49851989746094,10.6024322509766,0.832600415817241,1.31967383993173,2.30947945064035
"MULTIPOINT ((447624.125656109 6201675.70653039))",1068,п2д огл,л.с.,далл,154.319488525391,3.50570201873779,266.888763427734,-0.00140471092890948,-0.000436619244283065,В3,-2.8834228515625,9.15046882629395,9.52510070800781,447624.125656109,6201675.70653039,85.424191079856,14.3611300730216,43.2662620544434,64.4680023193359,1759.63391113281,1226.58740234375,0,-2.56304264068604,-5.27137899398804,-7.0930233001709,9.52510070800781,11.7164306640625,17.1469421386719,3.05413870329027,2.96673784824475,2.60790256894314
"MULTIPOINT ((447474.227621566 6201670.17668047))",1069,п2д огл,л.с.,далл,158.951751708984,1.8684549331665,319.232940673828,0.000444513716502115,-0.000368835055269301,С2,0.118743896484375,4.29367542266846,6.73390197753906,447474.227621566,6201670.17668047,2396.47691132295,17.695255728647,0,64.4680023193359,1806.2548828125,1240.06677246094,0,0.105555213987827,-0.158954545855522,-1.99254775047302,6.73390197753906,10.3622436523438,17.1469421386719,1.90202685746664,2.44341132272868,2.18284057585627
"MULTIPOINT ((447923.921725195 6201686.76623023))",1070,п3д,с.с.,далл,162.982818603516,0.341424405574799,213.427886962891,-2.66717779595638e-05,-0.000245185976382345,С2,-0.423721313476562,1.49148726463318,1.53727722167969,447923.921725195,6201686.76623023,184.24867746488,15.1297870975313,43.2662620544434,386.808013916016,1484.16479492188,1240.06677246094,64.4680023193359,-0.376634389162064,-0.298092603683472,0.260174572467804,1.53727722167969,9.09043884277344,17.5978698730469,0.527305463566652,1.55274605946781,3.20944517268906
"MULTIPOINT ((447774.023690652 6201681.23638031))",1071,п2д огл,л.с.,далл,157.731155395508,3.22160387039185,228.52571105957,-0.000429129868280143,-0.000925035390537232,С2,-2.11601257324219,7.33546495437622,9.71531677246094,447774.023690652,6201681.23638031,209.090172457814,15.5230257723375,11.9999017715454,193.404006958008,1647.40661621094,1224.89208984375,64.4680023193359,-1.88088989257812,-3.00626564025879,-4.24199295043945,9.71531677246094,13.6465606689453,17.1469421386719,2.64515705899669,3.60417889778917,2.98227042002869
"MULTIPOINT ((448223.717794281 6201697.82593007))",1072,п3д,с.с.,далл,161.323989868164,1.54742825031281,308.717346191406,-0.000115852220915258,-0.000298713479423895,С2,-0.646484375,3.34815764427185,4.95542907714844,448223.717794281,6201697.82593007,22.7444583080987,13.037822269297,7.99993467330933,634.936218261719,1279.6533203125,1305.37756347656,64.4680023193359,-0.57465785741806,-1.92164921760559,-3.61306214332581,4.95542907714844,9.58419799804688,13.041748046875,1.50146033304669,1.77875767519918,2.9437492525012
"MULTIPOINT ((448073.819759738 6201692.29608015))",1073,п3д,с.с.,далл,162.811172485352,0.655521273612976,306.287658691406,-0.000115328344691079,-0.000123416728456505,С2,-0.372146606445312,1.49860405921936,1.84996032714844,448073.819759738,6201692.29608015,11.7614018985583,12.1735366118857,32.9845733642578,515.744018554688,1379.67553710938,1266.59533691406,64.4680023193359,-0.330795288085938,-0.684028804302216,-1.10195660591125,1.84996032714844,7.34469604492188,17.5978698730469,0.699790535753651,1.18504325092072,3.0573583462946
"MULTIPOINT ((442832.918400653 6201348.8532984))",1074,п3д,с.с.,морена,166.869537353516,2.75638675689697,173.818756103516,0.000345917418599129,-0.000434915069490671,,-0.137603759765625,3.44492506980896,7.144287109375,442832.918400653,6201348.8532984,46.9460390559207,13.7624995813651,79.1953125,386.808013916016,754.57861328125,503.511199951172,64.4680023193359,-0.122326321899891,-0.0959014892578125,1.74459254741669,7.144287109375,10.3785705566406,15.3179626464844,2.18385143513368,2.59725900580058,3.55329719944318
"MULTIPOINT ((443132.714469739 6201359.91299824))",1075,п3д,с.с.,морена,170.418762207031,0.820640742778778,251.577774047852,-7.67406600061804e-05,0.000357916404027492,С2,0.438232421875,1.76362192630768,2.666748046875,443132.714469739,6201359.91299824,12.7082316533704,12.4557506896071,126.300193786621,451.276000976562,815.462890625,720.774169921875,64.4680023193359,0.389553487300873,0.752835035324097,3.93525409698486,2.666748046875,4.32028198242188,15.3179626464844,0.679680584798362,1.11944960606538,2.39873222151683
"MULTIPOINT ((443582.408573368 6201376.502548))",1076,п3д,с.с.,морена,166.199768066406,2.68835806846619,202.594375610352,4.00644375986303e-06,-0.000164091150509194,С2,-0.249755859375,3.86438798904419,7.04164123535156,443582.408573368,6201376.502548,89.0845061965965,14.6698455933143,119.9990234375,554.57470703125,412.796630859375,923.041320800781,91.1715240478516,-0.222010299563408,-1.41775298118591,-1.52470719814301,7.04164123535156,7.63543701171875,13.6402282714844,2.06351302342173,2.25727410938087,2.5871657298747
"MULTIPOINT ((443421.450838985 6201670.76876716))",1077,п3д,с.с.,морена,169.8046875,0.800551295280457,207.461471557617,-0.000180800750968046,5.51511511730496e-05,С2,-0.1959228515625,1.6827939748764,2.45414733886719,443421.450838985,6201670.76876716,35.4822732693595,13.4825339716682,61.0568504333496,232.442687988281,735.04833984375,923.041320800781,128.936004638672,-0.174138382077217,0.384979873895645,1.23026263713837,2.45414733886719,5.62509155273438,9.70921325683594,0.646242393732156,1.18785395547449,2.21084079349804
"MULTIPOINT ((443271.552804442 6201665.23891724))",1078,п3д,с.с.,морена,169.528244018555,0.216629892587662,270.296356201172,0.000135269845486619,1.98479847313138e-05,С2,0.24176025390625,1.18239498138428,0.700576782226562,443271.552804442,6201665.23891724,18.4927214397796,5.89565364870649,127.811317443848,144.154830932617,807.781799316406,838.084045410156,64.4680023193359,0.214901387691498,0.833384275436401,1.19509959220886,0.700576782226562,8.78163146972656,9.86138916015625,0.23976515645615,1.35125817940248,2.32178363119314
"MULTIPOINT ((443571.348873528 6201676.29861708))",1079,п3д,с.с.,морена,170.611114501953,0.465390771627426,245.604446411133,6.34891548543237e-05,-0.000278098246781155,С2,-0.334487915039062,2.00673866271973,1.58769226074219,443571.348873528,6201676.29861708,29.4452655529063,13.2960338793895,188.508407592773,322.340026855469,663.738708496094,958.3857421875,64.4680023193359,-0.297319203615189,0.546275854110718,2.0108482837677,1.58769226074219,6.42840576171875,9.70921325683594,0.522137260300972,1.07758227451456,2.01438732400776
"MULTIPOINT ((443721.246908071 6201681.828467))",1080,п3д,с.с.,морена,172.240142822266,0.557446241378784,289.268341064453,0.000217648164834827,-4.60030332760653e-06,С2,0.33209228515625,1.60608017444611,1.74029541015625,443721.246908071,6201681.828467,15.6765601976694,12.93242678196,208.036758422852,455.857604980469,594.365600585938,1039.51525878906,64.4680023193359,0.295194834470749,2.05345940589905,3.7048351764679,1.74029541015625,7.94566345214844,11.1591949462891,0.522623094457189,1.41744470988628,2.01893919224282
"MULTIPOINT ((443871.144942614 6201687.35831693))",1081,п3д,с.с.,морена,169.713165283203,2.75175023078918,337.475128173828,0.000309679540805519,0.00013993724132888,С2,0.702682495117188,4.009108543396,7.55111694335938,443871.144942614,6201687.35831693,51.5794435530386,13.8566239567836,98.3861923217773,554.57470703125,580.212036132812,1109.1494140625,64.4680023193359,0.624601602554321,0.408001959323883,1.61399817466736,7.55111694335938,8.52163696289062,14.3172760009766,2.17795433636934,2.50208673211095,2.67949728234717
"MULTIPOINT ((444021.042977157 6201692.88816684))",1082,п3д,с.с.,морена,165.050704956055,1.10538935661316,245.87760925293,-0.000130118482047692,-0.000639801670331508,С2,-1.20027160644531,3.50437498092651,4.37054443359375,444021.042977157,6201692.88816684,91.2084529434642,14.4266483229947,15.9998693466187,663.738708496094,583.782592773438,1188.73120117188,0,-1.06689786911011,-3.08401656150818,-2.72377109527588,4.37054443359375,10.08642578125,14.3172760009766,1.01155273755431,2.04461486238477,2.98912414839773
"MULTIPOINT ((444170.9410117 6201698.41801677))",1083,п3д,с.с.,морена,164.910461425781,3.01686835289001,314.929809570312,0.000241493442445062,-3.25034270645119e-05,С2,0.327224731445312,4.14969635009766,9.71455383300781,444170.9410117,6201698.41801677,47.8323487649408,13.7812029074343,95.9992141723633,773.616027832031,634.936218261719,1322.77282714844,91.1715240478516,0.290863037109375,-1.03531289100647,-2.06449437141418,9.71455383300781,12.3533020019531,14.5049133300781,2.12819715868472,2.99394729613018,3.2215102816161
"MULTIPOINT ((444320.839046243 6201703.94786668))",1084,п3д,с.с.,морена,162.006332397461,2.19018125534058,233.575622558594,2.56006460404024e-05,-0.000861593405716121,С2,-1.30381774902344,4.57083654403687,6.65675354003906,444320.839046243,6201703.94786668,56.4070768430227,13.9460953709986,19.9998359680176,784.287109375,697.328063964844,1418.29602050781,91.1715240478516,-1.15896272659302,-3.37340378761292,-4.68711519241333,6.65675354003906,12.4588775634766,14.5049133300781,1.86593005133073,2.45441230764674,2.96910372573771
"MULTIPOINT ((444470.737080786 6201709.47771661))",1085,п3д огл,с.с.,морена,166.184463500977,1.0581077337265,122.668899536133,-0.000284029869362712,0.000358726334525272,С2,0.116302490234375,2.19619035720825,3.81108093261719,444470.737080786,6201709.47771661,29.6207427301902,13.3019756282445,43.0809669494629,815.462890625,776.297546386719,1327.47741699219,64.4680023193359,0.103366427123547,1.07609868049622,-0.408762753009796,3.81108093261719,9.79287719726562,14.5049133300781,1.02818024567143,2.28464081077953,2.79347413700308
"MULTIPOINT ((444620.635115329 6201715.00756653))",1086,п3д огл,с.с.,морена,166.12678527832,0.973644971847534,138.372009277344,3.00876054097898e-05,-0.000768505677115172,С3,-1.15101623535156,4.62611246109009,5.28056335449219,444620.635115329,6201715.00756653,494.530439794567,16.8102247300679,3.99996733665466,709.148010253906,864.929016113281,1162.21337890625,64.4680023193359,-1.02312552928925,-0.693682610988617,-0.270842432975769,5.28056335449219,11.9887237548828,12.4676513671875,0.76438249299232,2.0667707926718,2.66494417079826
"MULTIPOINT ((444770.533149872 6201720.53741645))",1087,п3д огл,с.с.,морена,168.164001464844,0.76970899105072,237.014434814453,-0.000209801830351353,-0.000178746122401208,С2,-0.605697631835938,3.33292174339294,2.44477844238281,444770.533149872,6201720.53741645,114.127127768602,14.6508137273609,84.0944976806641,580.212036132812,929.770751953125,1057.35388183594,64.4680023193359,-0.538387715816498,0.462187796831131,1.90035665035248,2.44477844238281,11.3996734619141,12.0707855224609,0.816766037922138,1.58779811204894,2.48240200777737
"MULTIPOINT ((444920.431184415 6201726.06726637))",1088,п3д огл,с.с.,морена,169.78303527832,0.705230534076691,295.221099853516,0.000242809634073637,0.000202154013095424,С2,0.693618774414062,2.68667817115784,2.54475402832031,444920.431184415,6201726.06726637,5.10030654615187,3.74614753003575,187.273666381836,451.276000976562,958.3857421875,1002.88671875,128.936004638672,0.616541564464569,1.69186437129974,4.13159370422363,2.54475402832031,6.9979248046875,14.7853393554688,0.479651564605676,1.36210665069905,3.09270497439333
"MULTIPOINT ((445070.329218958 6201731.59711629))",1089,п3д огл,с.с.,морена,165.88948059082,1.86786127090454,329.250183105469,6.9944369897712e-05,-0.000153133863932453,С2,-0.129623413085938,2.47629809379578,5.44065856933594,445070.329218958,6201731.59711629,45.5144166885774,13.9982892923215,72.1104354858398,257.872009277344,1097.8505859375,876.859680175781,0,-0.115207247436047,0.661808550357819,1.29060041904449,5.44065856933594,12.7405853271484,15.2096252441406,1.41588957053169,2.93814191217908,3.80111115813544
"MULTIPOINT ((445220.227253501 6201737.12696621))",1090,п3д огл,с.с.,морена,161.17756652832,3.07963442802429,338.781433105469,4.93827610625885e-06,3.32834388245828e-05,С2,0.0596771240234375,3.05022764205933,8.85696411132812,445220.227253501,6201737.12696621,76.7103315612504,14.2535371446567,71.9994125366211,128.936004638672,1199.17419433594,807.781799316406,128.936004638672,0.0530480295419693,-1.41504156589508,-2.83708214759827,8.85696411132812,12.7297821044922,14.9995727539062,2.19561343836143,3.92007317186311,3.75140497277715
"MULTIPOINT ((445370.125288044 6201742.65681613))",1091,п3д огл,с.с.,далл,157.511627197266,1.29656338691711,206.711227416992,-0.000654311152175069,-2.65379185293568e-05,С2,-1.06193542480469,3.12856006622314,4.48509216308594,445370.125288044,6201742.65681613,165.193953911852,15.0206210062465,7.99993467330933,0,1305.37756347656,712.072326660156,91.1715240478516,-0.943940877914429,-3.77513194084167,-5.69982433319092,4.48509216308594,11.4095306396484,14.6687316894531,1.35041351147238,2.46081193452187,3.4453070622874
"MULTIPOINT ((445520.023322587 6201748.18666605))",1092,п3д огл,с.с.,далл,161.740051269531,1.29036295413971,219.649597167969,5.7392695453018e-05,0.000117883908387739,С2,0.273284912109375,2.27862739562988,4.13172912597656,445520.023322587,6201748.18666605,53.5076040250374,14.160083941364,79.9993438720703,128.936004638672,1359.95397949219,583.782592773438,64.4680023193359,0.242926701903343,0.687243402004242,-1.0093537569046,4.13172912597656,8.14698791503906,14.1158599853516,0.912592555716085,2.43061833976268,3.056110763725
"MULTIPOINT ((445669.92135713 6201753.71651597))",1093,п3д огл,с.с.,далл,164.109878540039,0.635764241218567,300.075286865234,0.000312100542942062,0.000311489158775657,С2,0.972030639648438,3.00865960121155,2.21856689453125,445669.92135713,6201753.71651597,2.57611429489598,10.8597829208203,87.9992828369141,322.340026855469,1391.6728515625,392.1435546875,91.1715240478516,0.864015340805054,1.51237237453461,2.03864359855652,2.21856689453125,9.39115905761719,11.6133728027344,0.551455924484003,1.18186250141824,2.74742022621644
"MULTIPOINT ((445819.819391673 6201759.24636589))",1094,п2д огл,л.с.,далл,163.236267089844,0.918496668338776,239.046798706055,0.000174048545886762,-2.49453496508067e-05,В3,0.23248291015625,2.9491868019104,3.59024047851562,445819.819391673,6201759.24636589,1.37032256524036,9.68141333651546,95.9992141723633,432.464508056641,1427.06005859375,265.808380126953,91.1715240478516,0.20665317773819,0.207342654466629,1.11654150485992,3.59024047851562,9.47187805175781,11.6133728027344,1.04577860218716,1.63175373995711,2.09012701082903
"MULTIPOINT ((445969.717426216 6201764.77621581))",1095,п2д огл,л.с.,далл,164.420318603516,0.390175521373749,240.747329711914,0.000266254908638075,-9.04157277545892e-05,В3,0.274078369140625,1.96714925765991,2.5074462890625,445969.717426216,6201764.77621581,3.10970043158827,5.47684607279738,168.806213378906,550.814819335938,1472.92102050781,144.154830932617,91.1715240478516,0.243626907467842,1.44242203235626,1.99039852619171,2.5074462890625,9.47187805175781,11.6133728027344,0.223608226215868,0.978810992314397,1.89263374305552
"MULTIPOINT ((446119.615460759 6201770.30606573))",1096,п2д,с.с.,морена,162.589172363281,0.973059833049774,322.194549560547,-2.34559429372894e-05,-8.8587672507856e-05,В3,-0.174667358398438,0.953222572803497,2.71060180664062,446119.615460759,6201770.30606573,43.7328042439119,13.4868119571464,83.2339324951172,673.065734863281,1559.27294921875,91.1715240478516,64.4680023193359,-0.155254781246185,-0.221703037619591,0.138306677341461,2.71060180664062,5.45918273925781,11.6133728027344,0.784999550453193,1.21270955768402,1.66729292657564
"MULTIPOINT ((446269.513495302 6201775.83591565))",1097,п2д,с.с.,морена,161.631927490234,0.190334558486938,324.205932617188,-0.000250114593654871,0.000173139866092242,С2,-0.119979858398438,1.47365963459015,1.95993041992188,446269.513495302,6201775.83591565,14.9361992095756,12.6172884881216,32.2487678527832,550.814819335938,1627.09887695312,203.86572265625,64.4680023193359,-0.106643676757812,-0.317038387060165,-0.55184543132782,1.95993041992188,5.53901672363281,10.1813201904297,0.317867153541767,0.912723443019221,1.40135720706724
"MULTIPOINT ((446419.411529845 6201781.36576557))",1098,п2д огл,л.с.,далл,160.888366699219,0.732086837291718,91.4404525756836,-0.000287264643702656,-0.000229134122491814,В4,-0.804962158203125,3.40167355537415,2.17568969726562,446419.411529845,6201781.36576557,116.140265180415,14.6682993876496,55.9995422363281,432.464508056641,1702.00402832031,328.723602294922,64.4680023193359,-0.715532064437866,-0.624391198158264,-0.402945220470428,2.17568969726562,4.6414794921875,11.7245483398438,0.645871924997316,0.776359135634968,1.83290883672669
"MULTIPOINT ((446569.309564388 6201786.89561549))",1099,п3д огл,л.с.,далл,161.399215698242,0.967416703701019,55.5717582702637,-0.000110691267764196,-0.000116218332550488,С3,-0.353744506835938,3.42186570167542,2.90577697753906,446569.309564388,6201786.89561549,19.9511794500181,6.84103640949749,96.0825119018555,265.808380126953,1825.70837402344,519.757629394531,64.4680023193359,-0.314444661140442,0.981711566448212,0.97228467464447,2.90577697753906,7.89599609375,10.4798431396484,0.907454948832471,1.47826809008269,2.58625700426794
"MULTIPOINT ((446719.207598931 6201792.42546541))",1100,п3д огл,л.с.,далл,158.582275390625,1.7421897649765,342.286682128906,0.000142758784932084,-0.000183027441380545,С3,-0.0625762939453125,2.25679039955139,4.79225158691406,446719.207598931,6201792.42546541,48.2873060527369,7.38908544273167,36.2212448120117,144.154830932617,1795.87072753906,657.447204589844,128.936004638672,-0.0556301549077034,-0.294056475162506,-1.69990658760071,4.79225158691406,9.65780639648438,10.3693542480469,1.27174107958951,2.8295482264715,2.43405800437414
"MULTIPOINT ((446869.105633474 6201797.95531533))",1101,п3д,с.с.,далл,153.866622924805,1.07050275802612,3.45580720901489,-0.000652838556561619,-0.000170934581547044,В4,-1.28446960449219,2.69991898536682,3.69047546386719,446869.105633474,6201797.95531533,147.587570034295,14.9079224391863,7.99993467330933,64.4680023193359,1753.71936035156,784.287109375,128.936004638672,-1.14175415039062,-4.21972751617432,-6.10889625549316,3.69047546386719,9.24017333984375,10.1506500244141,1.0081775629065,2.41312576525224,2.41328003724364
"MULTIPOINT ((447019.003668017 6201803.48516525))",1102,п3д огл,л.с.,далл,160.716247558594,1.49091827869415,189.105484008789,0.000467814068542793,0.000139825438964181,С2,0.947845458984375,2.39583420753479,4.85844421386719,447019.003668017,6201803.48516525,8.70630520880485,11.872760967269,104.689163208008,128.936004638672,1706.880859375,975.577880859375,0,0.842536091804504,2.11378574371338,1.00305616855621,4.85844421386719,8.54217529296875,10.1506500244141,1.09070493060571,2.52493261978996,2.30251993829319
"MULTIPOINT ((447168.90170256 6201809.01501517))",1103,п2д огл,л.с.,далл,160.552520751953,0.792745172977448,37.595832824707,-8.03877555881627e-05,5.94880475546233e-05,С2,-0.0325927734375,1.75513362884521,2.15229797363281,447168.90170256,6201809.01501517,25.3553197730843,13.1464893054286,96.7462997436523,257.872009277344,1687.2890625,1103.51440429688,128.936004638672,-0.0289781354367733,0.78853839635849,1.20549654960632,2.15229797363281,5.893798828125,10.6024322509766,0.638051964115503,0.869889414885449,2.2559685135524
"MULTIPOINT ((447318.799737103 6201814.54486509))",1104,п2д огл,л.с.,далл,159.70930480957,0.169830769300461,3.00437140464783,3.94522467104252e-05,-6.71138986945152e-05,С2,-0.0431060791015625,1.0771986246109,0.548614501953125,447318.799737103,6201814.54486509,7446.3436655832,18.8289791521828,0,257.872009277344,1677.40734863281,1231.65942382812,0,-0.0383215993642807,-0.39554363489151,-0.0220369473099709,0.548614501953125,4.17231750488281,15.1058502197266,0.186951101453951,0.773104991472395,2.19917557617453
"MULTIPOINT ((447468.697771646 6201820.07471501))",1105,п3д,с.с.,далл,160.330551147461,0.827277839183807,49.5133056640625,0.000170705941854976,7.91569764260203e-05,С2,0.3895263671875,3.64390110969543,3.15238952636719,447468.697771646,6201820.07471501,10.0834181828739,12.2243930550297,79.9993438720703,64.4680023193359,1677.40734863281,1367.57287597656,128.936004638672,0.34624058008194,0.837537825107574,-0.72078937292099,3.15238952636719,10.3622436523438,17.3486022949219,0.848979551496517,1.69644163247955,2.25375104799649
"MULTIPOINT ((447618.595806189 6201825.60456493))",1106,п3д,с.с.,далл,160.888259887695,1.8722836971283,161.048126220703,3.2251304219244e-05,-9.85066362773068e-05,С3,-0.103256225585938,5.13809061050415,5.09019470214844,447618.595806189,6201825.60456493,38.5118879427985,13.5644677157926,76.9409103393555,64.4680023193359,1687.2890625,1355.36218261719,128.936004638672,-0.0917900949716568,0.728292644023895,-0.744222164154053,5.09019470214844,11.7164306640625,18.2400665283203,1.56882331048625,2.79271331285496,2.96347335732457
"MULTIPOINT ((447768.493840732 6201831.13441485))",1107,п2д огл,л.с.,далл,163.655914306641,0.661448180675507,192.592254638672,-0.000164792203577235,0.000266337068751454,С2,0.158233642578125,3.38446807861328,2.19132995605469,447768.493840732,6201831.13441485,5.95797059201169,11.6982306628222,164.193664550781,182.343048095703,1706.880859375,1353.82800292969,0,0.140657216310501,2.17916035652161,1.36969101428986,2.19132995605469,17.1469421386719,18.2400665283203,0.628172669733953,2.77555544489306,3.30689100538469
"MULTIPOINT ((447918.391875275 6201836.66426477))",1108,п2д,с.с.,морена,164.031936645508,1.05592131614685,257.453094482422,-0.000493156956508756,4.52115054940805e-05,С2,-0.698516845703125,2.21763849258423,2.85847473144531,447918.391875275,6201836.66426477,20.9617974661302,12.7194390768822,174.949981689453,347.170806884766,1560.60510253906,1367.57287597656,64.4680023193359,-0.620912313461304,-0.0247615892440081,0.748536229133606,2.85847473144531,12.5908203125,18.2400665283203,1.02620128741731,2.03240828534095,3.45474084450567
"MULTIPOINT ((448068.289909818 6201842.19411469))",1109,п2д,с.с.,морена,164.139511108398,0.893583834171295,293.284057617188,-0.000348979228874668,7.3600655014161e-05,С2,-0.42938232421875,1.45176267623901,3.16476440429688,448068.289909818,6201842.19411469,58.2211075017589,13.9777487052653,156.203704833984,469.334136962891,1461.59069824219,1391.6728515625,64.4680023193359,-0.381668090820312,-0.429828554391861,-0.288533866405487,3.16476440429688,10.8450775146484,18.2400665283203,0.693664234300601,2.09544381836163,3.11782565726155
"MULTIPOINT ((444015.513127236 6201842.78620139))",1110,п3д,с.с.,морена,167.044784545898,1.35928773880005,261.778228759766,-0.00017345420201309,-0.00104642135556787,С2,-1.90193176269531,5.565514087677,4.89932250976562,444015.513127236,6201842.78620139,49.8885729801185,13.8232927225648,19.9998359680176,608.189880371094,673.065734863281,1094.05822753906,0,-1.69060266017914,-2.16503405570984,-1.22340178489685,4.89932250976562,11.1591949462891,14.3172760009766,1.50946101161772,2.23760202316485,3.03758230027275
"MULTIPOINT ((443865.615092693 6201837.25635147))",1111,п3д,с.с.,морена,171.008712768555,0.651600658893585,339.492126464844,0.000702808960340917,-0.000158764989464544,С2,0.848114013671875,2.77435374259949,4.26284790039062,443865.615092693,6201837.25635147,4.20654018335414,11.3501412450703,161.788665771484,490.973693847656,709.148010253906,1007.02239990234,64.4680023193359,0.753882527351379,1.21354389190674,2.44453358650208,4.26284790039062,8.73225402832031,14.3172760009766,0.724843033200535,1.95687556773654,2.36518490386912
"MULTIPOINT ((444165.411161779 6201848.31605131))",1112,п3д,с.с.,морена,170.392211914062,1.19799423217773,289.696075439453,0.00021779170492664,0.000439526425907388,С2,1.02484130859375,1.61859321594238,4.36091613769531,444165.411161779,6201848.31605131,10.0922699666823,4.21430324196991,127.998954772949,720.774169921875,647.895385742188,1188.73120117188,0,0.910966634750366,2.89672446250916,2.69443535804749,4.36091613769531,14.3172760009766,14.5049133300781,0.996283112851991,2.61422870055898,3.410703133293
"MULTIPOINT ((444315.309196322 6201853.84590123))",1113,п3д,с.с.,морена,166.727569580078,1.10903584957123,279.71533203125,0.000254221580689773,-4.64722616015933e-05,С2,0.323989868164062,2.45565819740295,3.56283569335938,444315.309196322,6201853.84590123,8.87722412483748,4.68847763485963,127.058006286621,895.618103027344,647.895385742188,1341.49230957031,128.936004638672,0.287997782230377,1.29046940803528,-0.51847231388092,3.56283569335938,14.5049133300781,14.5049133300781,1.02932444163656,2.7645318778508,3.34849156946164
"MULTIPOINT ((444465.207230865 6201859.37575115))",1114,п3д огл,с.с.,морена,162.016159057617,3.0907301902771,32.0210380554199,-0.000232976017287001,-0.000275174475973472,С2,-0.794174194335938,4.2486834526062,7.95448303222656,444465.207230865,6201859.37575115,23.0893913843595,13.0528740090369,27.9997711181641,902.552001953125,611.59716796875,1415.36267089844,257.872009277344,-0.705949544906616,-2.2101891040802,-5.37539672851562,7.95448303222656,9.26490783691406,14.5049133300781,2.6450007436584,2.66931683163791,3.29246734510854
"MULTIPOINT ((444615.105265408 6201864.90560107))",1115,п3д огл,с.с.,морена,159.562225341797,3.33579659461975,165.4296875,-0.00139463413506746,-0.00079467159230262,С2,-3.42532348632812,9.12239170074463,8.30122375488281,444615.105265408,6201864.90560107,13.9194763820792,12.5467897823947,52.6113548278809,773.616027832031,663.738708496094,1329.04187011719,257.872009277344,-3.04474377632141,-5.77655220031738,-7.59793281555176,8.30122375488281,12.0707855224609,14.5049133300781,2.9907702170658,3.60838649300952,3.00100225054035
"MULTIPOINT ((444765.003299951 6201870.43545099))",1116,п3д огл,с.с.,морена,169.11018371582,1.38006377220154,58.3199157714844,1.20301956485491e-05,-0.000235936415265314,С2,-0.34906005859375,4.30564308166504,3.73782348632812,444765.003299951,6201870.43545099,22.6794111675876,13.03495826032,166.371719360352,580.212036132812,776.297546386719,1185.22985839844,257.872009277344,-0.310275614261627,2.24422693252563,2.53758430480957,3.73782348632812,11.3996734619141,13.0447845458984,1.12524107812824,2.33426163319894,2.67021673196915
"MULTIPOINT ((444914.901334495 6201875.96530091))",1117,п3д огл,с.с.,морена,167.059310913086,2.24760460853577,59.4351615905762,-5.54840808035806e-05,-0.000220450412598439,С2,-0.430526733398438,2.89859819412231,6.36306762695312,444914.901334495,6201875.96530091,29.4035859615349,13.2946173828134,118.927581787109,451.276000976562,867.328247070312,1097.8505859375,182.343048095703,-0.382687032222748,-0.333795040845871,1.25208222866058,6.36306762695312,7.98837280273438,15.7593383789062,1.72585466131288,2.19297655006107,3.14172875892924
"MULTIPOINT ((445064.799369038 6201881.49515083))",1118,п3д огл,с.с.,морена,166.55143737793,1.28620207309723,115.322341918945,0.000176531117176637,-0.000321413594065234,С2,-0.225723266601562,2.5556800365448,5.11154174804688,445064.799369038,6201881.49515083,20.3226684869582,12.9252376816911,93.7222366333008,322.340026855469,967.02001953125,1019.32861328125,64.4680023193359,-0.200644597411156,0.509168982505798,1.54112875461578,5.11154174804688,10.3167572021484,16.1836242675781,1.06199137202975,1.8466726565998,3.68745203751493
"MULTIPOINT ((445214.697403581 6201887.02500075))",1119,п3д,с.с.,морена,164.298538208008,3.57516694068909,352.560577392578,0.00038391153793782,0.000426459300797433,С2,1.26780700683594,4.52567768096924,9.21343994140625,445214.697403581,6201887.02500075,1.38215236648009,9.69000914528615,163.998657226562,128.936004638672,1127.72937011719,860.110473632812,128.936004638672,1.12694120407104,1.69097149372101,0.347756952047348,9.21343994140625,11.5864868164062,15.6926574707031,2.80972268916505,3.6195823829713,3.63856169703465
"MULTIPOINT ((445364.595438124 6201892.55485067))",1120,п3д,с.с.,морена,157.197708129883,0.467306643724442,181.026138305664,-0.00104049104265869,-0.000219361681956798,С4,-1.96372985839844,4.45741891860962,3.82107543945312,445364.595438124,6201892.55485067,171.318461553907,15.0570249171765,15.9998693466187,0,1224.89208984375,735.04833984375,203.86572265625,-1.74552917480469,-3.97377729415894,-5.80268716812134,3.82107543945312,11.4517517089844,15.1635437011719,1.12062168221806,2.55244022525327,3.32654479304059
"MULTIPOINT ((445514.493472667 6201898.08470059))",1121,п3д огл,с.с.,далл,162.414611816406,1.61156928539276,168.240661621094,0.000245392962824553,5.85339257668238e-05,С2,0.474166870117188,1.96900415420532,5.18084716796875,445514.493472667,6201898.08470059,21.0305364167352,12.9594762410304,116.274589538574,91.1715240478516,1231.65942382812,611.59716796875,193.404006958008,0.421490132808685,1.86534118652344,-0.0391572415828705,5.18084716796875,8.09925842285156,14.1158599853516,1.08561192638811,2.3204422224614,2.94862911229237
"MULTIPOINT ((445664.39150721 6201903.61455051))",1122,п3д огл,с.с.,далл,162.026947021484,2.5887348651886,44.0833587646484,0.000509236182551831,-0.000198730907868594,С2,0.486053466796875,4.26893377304077,8.84245300292969,445664.39150721,6201903.61455051,30.4353005619969,13.3291038818609,51.9995765686035,265.808380126953,1266.59533691406,432.464508056641,203.86572265625,0.432050913572311,0.74886429309845,0.204731374979019,8.84245300292969,9.66799926757812,10.2375030517578,1.71507295021256,2.67127076646995,2.53601894847992
"MULTIPOINT ((445814.289541753 6201909.14440043))",1123,п2д огл,л.с.,далл,161.254547119141,3.14689993858337,125.41340637207,0.000444587873062119,-0.000285131769487634,В3,0.250991821289062,4.9057412147522,9.39115905761719,445814.289541753,6201909.14440043,49.9181373777215,13.8238851556459,99.9991836547852,375.909820556641,1305.37756347656,322.340026855469,203.86572265625,0.223105534911156,-0.648430645465851,-0.62239545583725,9.39115905761719,9.72535705566406,10.2375030517578,2.50434923212841,2.82863200547211,2.18446583566695
"MULTIPOINT ((445964.187576296 6201914.67425035))",1124,п2д огл,л.с.,далл,164.105010986328,0.806405186653137,102.810668945312,0.000240349996602163,5.10495810885914e-05,В3,0.45428466796875,1.48395597934723,3.2237548828125,445964.187576296,6201914.67425035,16.0347693128313,5.12092458631636,135.998886108398,490.973693847656,1355.36218261719,232.442687988281,203.86572265625,0.403805196285248,1.82158923149109,1.9824104309082,3.2237548828125,9.72535705566406,10.2375030517578,0.467057249641541,2.04644458117804,1.84268609036866
"MULTIPOINT ((446114.085610839 6201920.20410027))",1125,п2д,с.с.,морена,163.829498291016,0.255829483270645,33.1786460876465,7.63803982408717e-05,0.000116254901513457,В3,0.30023193359375,0.365199089050293,0.90472412109375,446114.085610839,6201920.20410027,12.2673882851598,12.6872045486237,189.524185180664,657.447204589844,1394.65612792969,265.808380126953,257.872009277344,0.266877919435501,1.12211608886719,1.74501025676727,0.90472412109375,5.20187377929688,10.0629425048828,0.26188866192015,0.980278912172471,1.67472440043459
"MULTIPOINT ((446263.983645382 6201925.73395019))",1126,п2д,с.с.,морена,161.523300170898,1.5997222661972,3.39736318588257,0.00013821704487782,-0.000164529541507363,В4,-0.040863037109375,2.06936764717102,4.05668640136719,446263.983645382,6201925.73395019,85.8228406499059,14.3657859235336,83.9993133544922,580.212036132812,1470.0966796875,322.340026855469,257.872009277344,-0.0363176129758358,-0.516555488109589,-0.43290513753891,4.05668640136719,4.77047729492188,8.31666564941406,1.22016117505324,1.46516900496123,1.29440388527634
"MULTIPOINT ((446413.881679925 6201931.26380011))",1127,п2д огл,л.с.,далл,160.388717651367,1.17164158821106,160.748886108398,-0.000194743028259836,-8.11655263532884e-06,С3,-0.31634521484375,2.33586049079895,3.04107666015625,446413.881679925,6201931.26380011,57.2448479860677,13.7560511143341,59.99951171875,451.276000976562,1552.59509277344,412.796630859375,257.872009277344,-0.281209319829941,-1.18025398254395,-0.930347383022308,3.04107666015625,4.1217041015625,11.4242553710938,1.0219022711398,0.977922108804263,1.86562756115843
"MULTIPOINT ((446563.779714468 6201936.79365003))",1128,п3д огл,л.с.,далл,161.714599609375,0.504550755023956,356.056365966797,5.1340142817935e-05,8.35164901218377e-05,С3,0.210205078125,0.622995495796204,1.5350341796875,446563.779714468,6201936.79365003,20.28261767961,12.923264991723,48.6617050170898,257.872009277344,1687.2890625,576.619323730469,257.872009277344,0.18684047460556,1.52988851070404,1.22898232936859,1.5350341796875,7.30203247070312,10.4798431396484,0.324373550027067,1.48202096999452,2.54587555173389
"MULTIPOINT ((446713.677749011 6201942.32349995))",1129,п3д огл,л.с.,далл,160.49560546875,2.00440883636475,20.4011173248291,0.000573261640965939,0.000560851534828544,С3,1.76974487304688,4.69852685928345,6.10675048828125,446713.677749011,6201942.32349995,3.55246575914206,10.9763554098773,78.7902221679688,128.936004638672,1676.16809082031,694.341613769531,257.872009277344,1.573113322258,2.11654138565063,0.191732510924339,6.10675048828125,8.75149536132812,10.3693542480469,1.56978522841115,2.97088181965944,2.39177546815685
"MULTIPOINT ((446863.575783554 6201947.85334987))",1130,п3д,с.с.,далл,153.438766479492,1.09899067878723,3.84448766708374,-0.000937139033339918,-0.000134703164803796,В3,-1.67135620117188,4.1534276008606,4.08689880371094,446863.575783554,6201947.85334987,103.180283510285,14.5499785279638,8.94419860839844,0,1630.92578125,815.462890625,193.404006958008,-1.48566007614136,-4.10546636581421,-6.54863834381104,4.08689880371094,7.79425048828125,10.0138549804688,1.42479348999915,2.24115157328536,2.35919339268249
"MULTIPOINT ((447013.473818097 6201953.38319979))",1131,п3д огл,л.с.,далл,159.163833618164,1.40745794773102,162.197296142578,0.00037938987952657,-0.000385563529562205,С3,-0.0092620849609375,2.54567074775696,4.75747680664062,447013.473818097,6201953.38319979,53.0400248566872,13.8845475589438,87.7261352539062,182.343048095703,1580.45251464844,1000.8125,0,-0.0082380510866642,0.890348792076111,-0.587245941162109,4.75747680664062,8.51057434082031,11.2683715820312,1.61319165914503,2.29811204651221,2.11010964554297
"MULTIPOINT ((447163.37185264 6201958.91304971))",1132,п2д огл,л.с.,далл,159.696914672852,0.230076476931572,25.7687244415283,-9.40629397518933e-05,-5.76102029299363e-05,С3,-0.23638916015625,0.899739027023315,1.11039733886719,447163.37185264,6201958.91304971,49.9502308839624,13.8245278718113,23.9998035430908,288.309661865234,1559.27294921875,1125.88525390625,128.936004638672,-0.210128784179688,0.0325759574770927,0.25476861000061,1.11039733886719,5.86219787597656,11.7201538085938,0.105919519016007,1.01853736582163,2.07235297857837
"MULTIPOINT ((447313.269887183 6201964.44289963))",1133,п2д огл,л.с.,далл,160.794723510742,0.306421965360641,191.675064086914,0.00015589666145388,0.000379709410481155,С2,0.83477783203125,2.63248991966248,1.30119323730469,447313.269887183,6201964.44289963,4.49337882678251,11.4161056858455,65.6043472290039,265.808380126953,1548.57458496094,1251.7421875,64.4680023193359,0.742034912109375,0.610992729663849,0.928302228450775,1.30119323730469,5.4246826171875,17.9570159912109,0.437962292205277,0.885453718751365,1.95042635260191
"MULTIPOINT ((447463.167921726 6201969.97274955))",1134,п2д огл,л.с.,далл,160.531616210938,0.814288794994354,312.995635986328,0.000195830478332937,0.000123927835375071,С2,0.49847412109375,2.68641352653503,2.91746520996094,447463.167921726,6201969.97274955,15.2063445801246,12.6352134917754,119.9990234375,91.1715240478516,1548.57458496094,1441.54833984375,203.86572265625,0.443086415529251,0.0679174959659576,-0.853696346282959,2.91746520996094,7.42362976074219,21.3077850341797,0.625661530975724,0.773737879322865,2.64774076987805
"MULTIPOINT ((447613.065956269 6201975.50259947))",1135,п3д,с.с.,далл,159.600646972656,1.14809691905975,179.26383972168,-0.000390583358239383,-0.000116374321805779,С2,-0.79052734375,2.77736067771912,4.6397705078125,447613.065956269,6201975.50259947,96.0535318674744,14.478406404099,26.8325958251953,0,1559.27294921875,1484.16479492188,128.936004638672,-0.702687561511993,-1.81422173976898,-2.42710566520691,4.6397705078125,6.44438171386719,21.3077850341797,0.803221718320908,1.37198508034112,3.51077407857872
"MULTIPOINT ((447762.963990812 6201981.03244939))",1136,п2д огл,л.с.,далл,161.680725097656,1.25664782524109,120.045455932617,-0.000179338312591426,-0.000254439597483724,С2,-0.676361083984375,2.99482583999634,3.99684143066406,447762.963990812,6201981.03244939,76.4402315929975,14.2500098935291,67.9994430541992,128.936004638672,1580.45251464844,1482.76403808594,0,-0.601211547851562,-1.13565063476562,-1.07275927066803,3.99684143066406,11.8748931884766,21.3077850341797,1.09153597622411,2.20710659452297,3.67760634942654
"MULTIPOINT ((447912.862025355 6201986.56229931))",1137,п2д,с.с.,морена,168.157318115234,1.9127299785614,149.937423706055,0.000600449391640723,9.01879539014772e-05,С2,1.07803344726562,4.03980302810669,5.79043579101562,447912.862025355,6201986.56229931,14.0903186357976,12.8257481062296,96.8289566040039,322.340026855469,1569.8984375,1559.27294921875,193.404006958008,0.958257019519806,2.42259240150452,3.80968117713928,5.79043579101562,10.8094177246094,22.0597076416016,1.90087255107916,2.26711895357233,3.32124874749227
"MULTIPOINT ((448062.760059898 6201992.09214923))",1138,п2д,с.с.,морена,167.818099975586,0.720001518726349,10.7850294113159,6.81562960380688e-05,4.22594457631931e-05,С2,0.172119140625,2.04009628295898,3.01908874511719,448062.760059898,6201992.09214923,23.286447855089,13.0613722986604,99.9991836547852,451.276000976562,1596.15270996094,1580.45251464844,257.872009277344,0.15299479663372,1.06610512733459,2.60941386222839,3.01908874511719,8.91764831542969,22.0597076416016,0.470438653103757,1.62887776865938,2.77215423942672
"MULTIPOINT ((448212.658094441 6201997.62199915))",1139,п2д огл,л.с.,далл,167.587219238281,0.944570183753967,226.481384277344,6.4202344219666e-05,8.23390655568801e-05,С2,0.22845458984375,1.39897906780243,2.63372802734375,448212.658094441,6201997.62199915,12.9523805914788,12.4747803451347,46.818416595459,580.212036132812,1505.02075195312,1611.70007324219,232.442687988281,0.203067362308502,0.17730650305748,1.77554678916931,2.63372802734375,8.91764831542969,17.5035858154297,0.836266877645724,1.79226760510262,2.46421755774173
"MULTIPOINT ((443121.654769899 6201659.70906732))",1140,п3д,с.с.,морена,168.311950683594,1.56007957458496,81.1178512573242,-0.000444371660705656,-0.000508389028254896,С2,-1.48599243164062,5.47732448577881,4.48768615722656,443121.654769899,6201659.70906732,55.0475891954921,6.32289551916026,65.6043472290039,193.404006958008,685.304260253906,647.895385742188,64.4680023193359,-1.32088220119476,-0.570811033248901,1.0494099855423,4.48768615722656,8.78163146972656,10.57470703125,1.41394034466615,2.09326664304167,2.37110931269277
"MULTIPOINT ((447603.322027665 6197832.45791769))",1141,п2д,с.с.,морена,159.240646362305,1.40955126285553,187.067855834961,-0.000256811355939135,-1.3970256986795e-05,С2,-0.422378540039062,1.58163070678711,3.93232727050781,447603.322027665,6197832.45791769,72.8056341174399,14.201294088357,257.897094726562,951.858642578125,2579.52563476562,797.425170898438,64.4680023193359,-0.375464558601379,0.311631798744202,4.18961191177368,3.93232727050781,11.6109771728516,32.4393005371094,1.07287603136324,1.82728648272556,5.06230122377814
"MULTIPOINT ((450607.047296185 6197820.86001887))",1142,п2д,с.с.,фг,149.529739379883,4.08872032165527,170.980880737305,0.000120322561997455,-0.000220959904254414,С2,-0.156280517578125,4.28328943252563,10.6363830566406,450607.047296185,6197820.86001887,87.2133873974985,14.3818585887577,65.6043472290039,1112.89025878906,288.309661865234,1125.88525390625,257.872009277344,-0.138922795653343,-0.799659550189972,-1.93394005298615,10.6363830566406,12.3511505126953,20.1463317871094,3.23167663457555,3.92399312110969,4.26832505729727
"MULTIPOINT ((447753.104839315 6197824.38888217))",1143,п2д,с.с.,морена,163.916473388672,0.475639224052429,43.5712890625,0.000808795099146664,0.000729692343156785,С3,2.39797973632812,5.85928392410278,3.7933349609375,447753.104839315,6197824.38888217,1.603101087723,10.1486557562456,130.106582641602,1019.32861328125,2579.52563476562,838.084045410156,64.4680023193359,2.13154101371765,3.96607494354248,6.82865953445435,3.7933349609375,7.38916015625,31.5709381103516,1.21187210636687,1.5461405067876,2.45799002565926
"MULTIPOINT ((450756.830107834 6197812.79098334))",1144,п2д,с.с.,фг,154.259613037109,1.7609361410141,51.0465354919434,0.000422367797000334,-7.51141487853602e-05,С2,0.542083740234375,1.9442720413208,6.07095336914062,450756.830107834,6197812.79098334,34.2121814203019,13.4460825069569,169.704238891602,923.041320800781,144.154830932617,938.668273925781,64.4680023193359,0.481858998537064,2.22819805145264,4.79144382476807,6.07095336914062,12.8561248779297,18.0980529785156,1.22218445781629,2.95607986821694,4.81315221557335
"MULTIPOINT ((447902.887650965 6197816.31984664))",1145,п2д,с.с.,морена,159.533218383789,1.07946991920471,204.381240844727,-0.00112494244240224,0.00015430711209774,С2,-1.513671875,6.17332363128662,5.12666320800781,447902.887650965,6197816.31984664,10.4711420877913,12.5288832671146,103.227066040039,1095.9560546875,2585.96264648438,895.618103027344,128.936004638672,-1.34549117088318,-1.08086562156677,0.940456330776215,5.12666320800781,6.84797668457031,18.6846618652344,1.53721834265457,1.62513021460995,1.69804515909459
"MULTIPOINT ((448052.670462615 6197808.25081112))",1146,п2д,с.с.,морена,160.793243408203,0.794693231582642,345.819610595703,-0.000358290155418217,0.000123640726087615,С3,-0.365859985351562,2.03622198104858,2.84466552734375,448052.670462615,6197808.25081112,10.1395465220038,12.229944019893,140.910171508789,1112.89025878906,2607.5693359375,1007.02239990234,128.936004638672,-0.325205475091934,0.21264523267746,1.25227987766266,2.84466552734375,5.28190612792969,8.99461364746094,0.713410937016422,1.20338892844131,1.42503823491963
"MULTIPOINT ((448202.453274264 6197800.18177559))",1147,п1д,с.с.,морена,160.385269165039,0.472222775220871,178.300704956055,-0.000318882171995938,3.00393639918184e-05,С2,-0.450210571289062,1.77414107322693,1.57369995117188,448202.453274264,6197800.18177559,29.5389579319409,13.2992107443985,95.0781326293945,1097.8505859375,2629.78881835938,1094.05822753906,128.936004638672,-0.400200724601746,-0.407743811607361,0.641788184642792,1.57369995117188,4.07820129394531,8.25566101074219,0.529912396510981,0.826731885390892,1.33526050621603
"MULTIPOINT ((448352.236085914 6197792.11274007))",1148,п1д,с.с.,морена,161.337127685547,0.812670767307281,274.571258544922,0.00012981852341909,0.000160219351528212,С2,0.452133178710938,1.58441758155823,2.22836303710938,448352.236085914,6197792.11274007,14.1293777326452,12.8285163232423,124.578277587891,1160.42407226562,2521.6796875,1147.82006835938,64.4680023193359,0.401889383792877,0.680380702018738,1.50098371505737,2.22836303710938,5.08143615722656,10.4346618652344,0.734871744987946,0.870754389940549,1.27553634199667
"MULTIPOINT ((448502.018897564 6197784.04370455))",1149,п1д,с.с.,морена,161.176528930664,0.530096292495728,61.2326889038086,0.00033886861638166,0.000199351939954795,В3,0.83892822265625,2.81907367706299,1.70710754394531,448502.018897564,6197784.04370455,3.94619609549493,11.2862528455445,172.741180419922,1167.56518554688,2328.892578125,1305.37756347656,64.4680023193359,0.745712280273438,0.740783095359802,1.34313941001892,1.70710754394531,5.41175842285156,8.37541198730469,0.581527940105919,1.14850819239998,1.54334063023067
"MULTIPOINT ((448651.801709214 6197775.97466902))",1150,п1д,с.с.,морена,159.550262451172,0.413284629583359,21.7917213439941,-0.000116986040666234,7.32915577827953e-05,С2,-0.0680999755859375,0.636621832847595,1.811279296875,448651.801709214,6197775.97466902,41.7505022535561,13.6452122256757,150.145370483398,1188.73120117188,2200.42797851562,1415.36267089844,0,-0.0605434849858284,0.154602363705635,-0.23218397796154,1.811279296875,8.37541198730469,8.37541198730469,0.253891595160775,1.31508862414806,1.60043568516259
"MULTIPOINT ((448801.584520864 6197767.9056335))",1151,п1д,с.с.,морена,158.568252563477,1.42674422264099,337.588104248047,0.000368714885553345,9.42572951316833e-05,С2,0.722152709960938,3.1639723777771,4.05424499511719,448801.584520864,6197767.9056335,58.6405251606123,13.9849267576363,62.4814872741699,1223.1943359375,2072.02197265625,1528.31323242188,0,0.641908407211304,-0.101232104003429,-0.881126284599304,4.05424499511719,8.37541198730469,14.0359039306641,1.12644811528537,1.3260029817524,1.99442062950499
"MULTIPOINT ((448951.367332513 6197759.83659798))",1152,п1д огл,с.с.,фг,158.284164428711,0.995889484882355,196.948928833008,0.000413466797908768,5.46237533853855e-05,С2,0.729843139648438,2.96309733390808,2.69535827636719,448951.367332513,6197759.83659798,52.8938660808495,13.881788123464,15.9998693466187,1284.51574707031,1879.54919433594,1702.00402832031,193.404006958008,0.64875453710556,0.52049720287323,-0.475217282772064,2.69535827636719,7.89189147949219,14.0359039306641,0.911865281489319,1.5427528372523,2.50915951680791
"MULTIPOINT ((449101.150144163 6197751.76756245))",1153,п1д огл,с.с.,фг,156.639801025391,2.16715216636658,330.250396728516,0.000387608219170943,-0.000417513336287811,С2,-0.0457763671875,2.20028901100159,6.02775573730469,449101.150144163,6197751.76756245,29.4860824591021,13.2974191154006,75.999382019043,1329.04187011719,1751.34777832031,1820.00830078125,322.340026855469,-0.0406901054084301,-0.277983069419861,-1.83291804790497,6.02775573730469,11.0398712158203,12.5088500976562,1.89959145569768,2.98186044235693,2.4944986277008
"MULTIPOINT ((449574.705685683 6198176.90889083))",1154,п1д огл,с.с.,фг,160.413619995117,0.118825055658817,261.952667236328,0.000130685366457328,-0.000201842078240588,С2,-0.110885620117188,1.02160561084747,0.841873168945312,449574.705685683,6198176.90889083,15.2321762691352,12.6369107946988,188.508407592773,1097.8505859375,1289.36010742188,1559.27294921875,193.404006958008,-0.0985785573720932,0.212052017450333,1.3806346654892,0.841873168945312,4.73735046386719,17.1809539794922,0.318914518224608,0.741751873298423,2.37602473549354
"MULTIPOINT ((449724.488497333 6198168.83985531))",1155,п1д огл,с.с.,фг,162.285095214844,1.24917566776276,185.169876098633,-0.000225913914619014,0.000197202927665785,С2,-0.044921875,1.9707156419754,4.65419006347656,449724.488497333,6198168.83985531,9.3412543080156,12.1479412818701,178.391372680664,1125.88525390625,1095.9560546875,1448.73815917969,193.404006958008,-0.0399339459836483,0.770435273647308,3.24239754676819,4.65419006347656,8.17924499511719,16.5918579101562,0.976368589652059,1.91870487087769,2.15234764645464
"MULTIPOINT ((449424.922874033 6198184.97792636))",1156,п1д огл,с.с.,фг,160.639602661133,0.826165556907654,111.41381072998,0.000278266001259908,0.000135098292957991,С2,0.6444091796875,1.29465842247009,2.09713745117188,449424.922874033,6198184.97792636,14.3683976911719,12.8452913563807,184.562835693359,1019.32861328125,1419.76037597656,1573.86450195312,128.936004638672,0.572806477546692,1.42933404445648,2.26165461540222,2.09713745117188,5.79151916503906,20.4514465332031,0.678445529803467,1.38232897313036,2.17840249744907
"MULTIPOINT ((449874.271308983 6198160.77081979))",1157,п1д огл,с.с.,фг,164.85627746582,1.7731260061264,260.856658935547,0.000130747663206421,0.000241300513152964,С2,0.580337524414062,1.88684856891632,4.63285827636719,449874.271308983,6198160.77081979,1.37291762673731,9.68332628714561,128.061431884766,1162.21337890625,967.02001953125,1379.67553710938,128.936004638672,0.515848815441132,2.51998996734619,6.49004507064819,4.63285827636719,7.95668029785156,19.3902893066406,1.46387001853577,2.11597324042833,2.75891924980976
"MULTIPOINT ((450024.054120633 6198152.70178426))",1158,п1д огл,с.с.,фг,164.790588378906,1.18628346920013,292.123016357422,8.6428459326271e-05,0.00035965396091342,С2,0.695449829101562,0.941018223762512,3.61610412597656,450024.054120633,6198152.70178426,12.1780173368175,12.413133213229,214.138381958008,1211.24377441406,838.084045410156,1305.37756347656,0,0.618177652359009,2.91390490531921,7.68506717681885,3.61610412597656,11.1374053955078,22.6504364013672,0.890590386648746,2.04055935037396,4.33815714476889
"MULTIPOINT ((450173.836932282 6198144.63274874))",1159,п1д огл,с.с.,фг,160.918212890625,1.26574754714966,5.24088335037231,0.000150881736772135,0.000374537368770689,С2,0.819198608398438,1.50723850727081,3.73025512695312,450173.836932282,6198144.63274874,2.95593613608669,10.9973161424363,280.454467773438,1183.47521972656,644.680053710938,1199.17419433594,193.404006958008,0.728184998035431,2.95449829101562,6.01173686981201,3.73025512695312,16.4759826660156,22.6504364013672,0.905888103859848,3.37299791313969,6.07029538969277
"MULTIPOINT ((450323.619743932 6198136.56371322))",1160,п1д огл,с.с.,фг,156.006530761719,3.12281370162964,347.756011962891,0.000280363165074959,0.000111094937892631,С2,0.612335205078125,1.76605844497681,8.38540649414062,450323.619743932,6198136.56371322,39.0988453874595,13.5795936812487,155.330642700195,1125.88525390625,515.744018554688,1127.72937011719,288.309661865234,0.544282674789429,2.14976096153259,2.77838659286499,8.38540649414062,15.3406219482422,25.1488342285156,2.40427358657488,4.23492770092402,6.122966102389
"MULTIPOINT ((450473.402555582 6198128.49467769))",1161,п1д,с.с.,фг,148.724472045898,2.04288721084595,329.129699707031,-0.000477277266327292,-0.000174598608282395,С2,-1.01756286621094,2.3696825504303,5.73219299316406,450473.402555582,6198128.49467769,26.2927814507908,12.9780078994174,37.947021484375,1057.35388183594,386.808013916016,1067.13537597656,364.686096191406,-0.904512166976929,-1.98685157299042,-2.66548156738281,5.73219299316406,14.2899017333984,23.9424438476562,1.62109740324068,3.31262330703173,5.40038618318415
"MULTIPOINT ((450623.185367232 6198120.42564217))",1162,п2д,с.с.,фг,144.930511474609,2.12794852256775,357.230529785156,-1.55722354975296e-05,-0.000509193981997669,С4,-0.8184814453125,2.90818190574646,5.81741333007812,450623.185367232,6198120.42564217,67.0101509349894,14.3851042806601,16.4922866821289,911.715209960938,193.404006958008,958.3857421875,193.404006958008,-0.727532267570496,-2.23818564414978,-3.84932136535645,5.81741333007812,9.93495178222656,19.2084808349609,1.69913083519361,2.66737425119917,3.85391758723337
"MULTIPOINT ((450772.968178882 6198112.35660664))",1163,п2д,с.с.,фг,143.199188232422,2.64012742042542,79.0883026123047,-0.000791725411545485,-2.67177688328957e-06,С4,-1.24205017089844,3.81389474868774,7.15200805664062,450772.968178882,6198112.35660664,92.3049037146706,14.4385980125264,59.99951171875,838.084045410156,64.4680023193359,902.552001953125,64.4680023193359,-1.10404634475708,-3.46818923950195,-4.77500009536743,7.15200805664062,12.1979827880859,15.8623046875,2.13809622074932,3.10375966030887,3.39662463643587
"MULTIPOINT ((447619.460098712 6198132.02354099))",1164,п3д,с.с.,морена,158.280426025391,1.45011389255524,130.590866088867,4.96323227707762e-05,3.79779958166182e-05,С2,0.136642456054688,1.81482982635498,4.35966491699219,447619.460098712,6198132.02354099,39.9931510457509,13.6022089600231,113.841064453125,685.304260253906,2742.73266601562,1112.89025878906,64.4680023193359,0.121456570923328,0.519794404506683,2.81471085548401,4.35966491699219,6.75436401367188,28.421142578125,1.14147850418415,1.61044411161569,3.094270243303
"MULTIPOINT ((447769.242910362 6198123.95450547))",1165,п2д,с.с.,морена,158.716461181641,1.00908696651459,69.7541809082031,-2.14686042454559e-05,-0.000103387494164053,С2,-0.194625854492188,1.88752996921539,2.808349609375,447769.242910362,6198123.95450547,45.9395767813087,13.7408277292219,129.798797607422,751.819641113281,2855.57592773438,1142.37585449219,193.404006958008,-0.173009231686592,0.667650163173676,2.20424890518188,2.808349609375,7.89494323730469,18.4044799804688,0.748814468963208,1.53828515050061,3.2276761824119
"MULTIPOINT ((447919.025722012 6198115.88546994))",1166,п2д,с.с.,морена,158.637222290039,0.611939907073975,44.4060935974121,7.51777224650141e-06,7.2307389928028e-05,С2,0.124435424804688,1.10014605522156,1.55526733398438,447919.025722012,6198115.88546994,40.4805543500994,6.64946635142445,55.9995422363281,838.084045410156,2901.06005859375,1211.24377441406,193.404006958008,0.110595703125,0.381164252758026,1.23337805271149,1.55526733398438,8.56517028808594,18.4044799804688,0.527413895710078,1.29846336890238,3.64663078558205
"MULTIPOINT ((448068.808533662 6198107.81643442))",1167,п2д,с.с.,морена,158.592163085938,0.461048364639282,105.723892211914,-4.55808658443857e-05,-8.84809924173169e-05,С2,-0.208953857421875,0.690969526767731,1.91328430175781,448068.808533662,6198107.81643442,307.820553190914,15.6430177381007,31.9997386932373,860.110473632812,2772.1240234375,1216.37976074219,128.936004638672,-0.185736760497093,-0.863858580589294,0.512554407119751,1.91328430175781,7.69993591308594,16.5121612548828,0.305508046659207,1.20728285150728,3.10335004462473
"MULTIPOINT ((448218.591345312 6198099.74739889))",1168,п1д,с.с.,морена,159.405288696289,0.916976749897003,168.415435791016,-0.000242178226471879,-1.45156700455118e-05,С2,-0.400222778320312,1.14277184009552,2.57225036621094,448218.591345312,6198099.74739889,68.2326127752379,14.1364233881627,121.654258728027,840.559875488281,2643.18798828125,1289.36010742188,128.936004638672,-0.355750203132629,-0.527019262313843,1.35064017772675,2.57225036621094,6.50140380859375,16.5121612548828,0.714885868241383,1.36084134301658,2.78824594338541
"MULTIPOINT ((448368.374156961 6198091.67836337))",1169,п1д,с.с.,морена,161.30729675293,0.995850205421448,26.9419937133789,-2.12883151107235e-05,5.75062549614813e-05,С2,0.0564422607421875,1.70833301544189,2.7978515625,448368.374156961,6198091.67836337,25.2635491618967,13.1428633566999,73.7557525634766,838.084045410156,2449.7841796875,1413.89367675781,128.936004638672,0.0501742884516716,1.3594366312027,3.47203040122986,2.7978515625,5.96823120117188,16.5121612548828,0.750110197663921,1.33540905383914,2.58644296241982
"MULTIPOINT ((448518.156968611 6198083.60932785))",1170,п1д,с.с.,морена,160.675689697266,0.307096511125565,58.2986793518066,0.00017427014245186,0.000184674572665244,С2,0.559463500976562,1.2663060426712,1.19088745117188,448518.156968611,6198083.60932785,1.3645924174155,9.81888079075915,111.138641357422,847.944213867188,2320.84814453125,1505.02075195312,91.1715240478516,0.497289031744003,1.23846626281738,2.91444277763367,1.19088745117188,5.96832275390625,14.1139831542969,0.255475702723405,1.3060496334302,2.82803635318464
"MULTIPOINT ((448667.939780261 6198075.54029232))",1171,п1д огл,с.с.,фг,158.768264770508,0.853503108024597,2.66107106208801,-0.000138366798637435,5.70853735553101e-05,С2,-0.126739501953125,1.26423585414886,2.36721801757812,448667.939780261,6198075.54029232,9.91627069339717,12.2076776568746,88.5430526733398,876.859680175781,2191.912109375,1601.35192871094,64.4680023193359,-0.112660728394985,0.0445111319422722,0.988653063774109,2.36721801757812,4.00492858886719,14.1139831542969,0.706742819193922,0.936723229590953,3.06023940228294
"MULTIPOINT ((448817.722591911 6198067.4712568))",1172,п1д огл,с.с.,фг,160.095840454102,1.52017438411713,199.433166503906,7.4579642387107e-05,0.000108927473775111,С2,0.28619384765625,2.10690712928772,4.10531616210938,448817.722591911,6198067.4712568,29.8298733927462,13.3090110986507,72.9925537109375,938.668273925781,1998.50805664062,1753.71936035156,91.1715240478516,0.254389435052872,1.0756254196167,2.78835678100586,4.10531616210938,5.07945251464844,13.5643005371094,1.2082486896467,1.28261394592031,2.75267813661661
"MULTIPOINT ((448967.505403561 6198059.40222128))",1173,п1д огл,с.с.,фг,161.245346069336,0.481241762638092,356.370727539062,7.19514282536693e-05,0.000138093091663904,С2,0.327392578125,1.35584509372711,1.43780517578125,448967.505403561,6198059.40222128,12.192009378289,12.4142815125865,172.323867797852,981.947387695312,1869.57202148438,1859.54150390625,182.343048095703,0.291008830070496,1.83033871650696,4.012526512146,1.43780517578125,4.77886962890625,13.5643005371094,0.420243711896174,0.929011697351778,2.73543486442833
"MULTIPOINT ((449117.28821521 6198051.33318575))",1174,п1д огл,с.с.,фг,160.12532043457,0.172133103013039,355.860504150391,-6.58638964523561e-05,4.54822838946711e-05,С2,-0.0317535400390625,0.252817898988724,0.563796997070312,449117.28821521,6198051.33318575,7.14946973974778,7.06307502741194,170.878692626953,1039.51525878906,1740.63610839844,1874.01281738281,257.872009277344,-0.0282372366636992,0.436262488365173,2.78361511230469,0.563796997070312,4.44554138183594,13.2251129150391,0.175083990675423,0.633649599777317,2.68864554907685
"MULTIPOINT ((449267.07102686 6198043.26415023))",1175,п1д огл,с.с.,фг,160.263702392578,0.431241363286972,203.111877441406,-1.28814017443801e-05,-0.00010369936353527,С2,-0.18170166015625,1.95969474315643,1.37568664550781,449267.07102686,6198043.26415023,23.2435552517758,13.059528644562,84.3794021606445,1176.4306640625,1547.23205566406,1806.2548828125,322.340026855469,-0.161514282226562,0.94497275352478,2.25005555152893,1.37568664550781,7.52589416503906,13.4740447998047,0.423067321023489,1.3145704311684,2.57064040880786
"MULTIPOINT ((449093.08110864 6197601.9847508))",1176,п1д огл,с.с.,фг,156.776901245117,2.03700399398804,21.8049411773682,0.000411552638979629,-0.000201614544494078,С2,0.328216552734375,1.84252834320068,6.09771728515625,449093.08110864,6197601.9847508,89.688088230323,14.6765981308507,63.9994773864746,1448.73815917969,1770.23083496094,1773.7490234375,347.170806884766,0.291749745607376,-0.129561439156532,-1.50186598300934,6.09771728515625,12.2547607421875,12.5088500976562,1.56924167738686,2.99819737405665,2.44328219866017
"MULTIPOINT ((448793.51548534 6197618.12282185))",1177,п1д,с.с.,морена,157.232650756836,1.23930418491364,10.2740573883057,8.30857607070357e-05,-0.000228773526032455,С2,-0.22705078125,2.33642601966858,3.54812622070312,448793.51548534,6197618.12282185,360.857421595774,15.8019836707156,43.999641418457,1346.13146972656,2088.00708007812,1472.92102050781,91.1715240478516,-0.201826304197311,-2.01820206642151,-2.18800091743469,3.54812622070312,8.37541198730469,14.0359039306641,0.969589697820894,1.7371676154108,1.9745302362751
"MULTIPOINT ((449242.863920289 6197593.91571528))",1178,п1д огл,с.с.,фг,155.518417358398,2.44940495491028,77.8592681884766,0.000372513604816049,-0.000146585574839264,С2,0.353515625,3.15917134284973,7.09266662597656,449242.863920289,6197593.91571528,36.7826486200558,13.5185269735176,7.99993467330933,1557.93969726562,1657.46728515625,1877.33654785156,490.973693847656,0.314227640628815,-0.61255818605423,-2.30961418151855,7.09266662597656,10.6642761230469,12.5088500976562,2.12027187803082,2.71207162505636,2.26840407295509
"MULTIPOINT ((448943.29829699 6197610.05378633))",1179,п1д огл,с.с.,фг,158.544891357422,1.13957905769348,102.392333984375,-0.000169832681422122,0.000286218128167093,С2,0.181320190429688,1.58365833759308,4.42001342773438,448943.29829699,6197610.05378633,17.0728209198865,12.750988523577,55.9995422363281,1408.00244140625,1897.15649414062,1652.44458007812,232.442687988281,0.161176890134811,0.476210623979568,-0.123665638267994,4.42001342773438,9.22752380371094,14.0359039306641,1.10075031843512,1.93333366679074,2.54496827237631
"MULTIPOINT ((449392.646731939 6197585.84667976))",1180,п1д огл,с.с.,фг,157.047058105469,0.699605941772461,162.867553710938,4.46433223260101e-05,0.000159546965733171,С2,0.318283081054688,1.03172206878662,2.38546752929688,449392.646731939,6197585.84667976,5.91267759587975,4.68468414229844,67.9994430541992,1643.61804199219,1470.0966796875,2063.98315429688,490.973693847656,0.282911509275436,0.859225511550903,-0.55570125579834,2.38546752929688,9.76860046386719,12.2547607421875,0.448581602684634,1.72619080847363,2.00995634935013
"MULTIPOINT ((449542.429543589 6197577.77764423))",1181,п1д огл,с.с.,фг,156.822082519531,0.0912137478590012,310.671051025391,-0.000203973308089189,-0.000277928949799389,С2,-0.751068115234375,2.62389445304871,1.23243713378906,449542.429543589,6197577.77764423,185.715846008069,15.1377185403668,15.9998693466187,1673.68664550781,1346.13146972656,2038.6572265625,375.909820556641,-0.667619466781616,-0.329788208007812,-0.852347195148468,1.23243713378906,5.96856689453125,12.1780090332031,0.352321174367777,0.793450532382933,2.01279933591533
"MULTIPOINT ((449692.212355239 6197569.70860871))",1182,п1д огл,с.с.,фг,157.509628295898,0.201510444283485,273.343475341797,-0.000208466619369574,0.000143123863381334,С2,-0.101852416992188,0.86584061384201,1.02290344238281,449692.212355239,6197569.70860871,8.80683224796545,12.0890285564881,23.9998035430908,1687.2890625,1223.1943359375,1968.12268066406,257.872009277344,-0.0905286967754364,-0.315657019615173,-0.215612515807152,1.02290344238281,4.03663635253906,12.1780090332031,0.364170993117875,0.509285432739824,1.85161570975722
"MULTIPOINT ((449841.995166889 6197561.63957319))",1183,п1д огл,с.с.,фг,158.537521362305,0.733513355255127,210.284072875977,-9.79086398729123e-05,-5.33153688593302e-05,С2,-0.235733032226562,0.951824188232422,2.27613830566406,449841.995166889,6197561.63957319,26.1046603804331,6.12349766430502,117.642570495605,1720.22094726562,1041.51245117188,1859.54150390625,64.4680023193359,-0.209542170166969,-0.16387939453125,1.4540319442749,2.27613830566406,4.63615417480469,14.3873443603516,0.513449892481055,1.06256496388721,2.05659363164963
"MULTIPOINT ((449991.777978538 6197553.57053766))",1184,п1д огл,с.с.,фг,160.241790771484,0.477391928434372,316.632720947266,0.000212249025935307,0.000320400053169578,С2,0.8302001953125,1.47849023342133,2.16264343261719,449991.777978538,6197553.57053766,4.01624715354308,11.0990613901717,233.681640625,1676.16809082031,923.041320800781,1753.71936035156,64.4680023193359,0.737967610359192,2.36200857162476,4.15063142776489,2.16264343261719,10.4881439208984,17.6474914550781,0.747721290238239,1.88435521100519,3.23710043321991
"MULTIPOINT ((450141.560790188 6197545.50150214))",1185,п1д огл,с.с.,фг,155.130218505859,2.34501075744629,18.0852584838867,-0.000328349939081818,-0.000231829850235954,С2,-0.874664306640625,2.73454976081848,6.67001342773438,450141.560790188,6197545.50150214,73.5226694647655,14.2110945311826,89.4419860839844,1547.23205566406,807.781799316406,1630.92578125,193.404006958008,-0.777476012706757,-1.41166746616364,0.155426502227783,6.67001342773438,10.9825439453125,17.6474914550781,1.68054706865049,2.74068141195561,4.4168055239757
"MULTIPOINT ((450291.343601838 6197537.43246662))",1186,п1д огл,с.с.,фг,154.98698425293,0.818787693977356,69.7786102294922,0.00030566196073778,0.000625570246484131,С2,1.45161437988281,4.77448129653931,3.10382080078125,450291.343601838,6197537.43246662,1.14989006771643,1.47613986567456,83.2339324951172,1418.29602050781,697.328063964844,1509.1572265625,322.340026855469,1.29032897949219,1.71260917186737,0.538869559764862,3.10382080078125,16.2161712646484,17.6474914550781,0.685322175601248,2.79857996508897,4.59689919720885
"MULTIPOINT ((450441.126413488 6197529.36343109))",1187,п1д,с.с.,фг,147.727996826172,0.912671089172363,47.4497451782227,-0.000845362257678062,-0.000441049429355189,С2,-2.00552368164062,5.21302032470703,6.23367309570312,450441.126413488,6197529.36343109,103.604283243884,14.5540794174496,36.8778762817383,1224.89208984375,594.365600585938,1305.37756347656,322.340026855469,-1.78269279003143,-4.09444236755371,-5.88658428192139,6.23367309570312,11.9031219482422,17.6474914550781,1.71842211518062,3.186955252842,3.89074807039844
"MULTIPOINT ((450590.909225138 6197521.29439557))",1188,п2д,с.с.,фг,154.743118286133,2.95169544219971,193.354415893555,0.000658100703731179,0.000247158197453246,С2,1.41549682617188,3.69142293930054,7.64109802246094,450590.909225138,6197521.29439557,28.465394060914,13.2621898504329,107.999114990234,1095.9560546875,519.757629394531,1185.22985839844,193.404006958008,1.25822114944458,2.24934864044189,2.33047986030579,7.64109802246094,13.0764007568359,15.5996551513672,2.20263884119969,3.82256192433567,3.55389334582809
"MULTIPOINT ((447761.173874839 6197974.17169381))",1189,п2д,с.с.,морена,160.314544677734,0.934117496013641,41.3410301208496,-2.64066625277337e-06,-0.00014465456479229,С2,-0.229598999023438,2.691561460495,3.87896728515625,447761.173874839,6197974.17169381,56.9015613664989,13.9548235257177,80.3983459472656,916.262451171875,2708.42333984375,958.3857421875,0,-0.204088002443314,0.332962661981583,3.15908527374268,3.87896728515625,6.90530395507812,30.1851348876953,1.24795144610255,1.34941243721498,2.18838777805326
"MULTIPOINT ((447910.956686488 6197966.10265829))",1190,п2д,с.с.,морена,161.990783691406,1.83974182605743,134.485610961914,0.000127155886730179,0.000506695825606585,С2,0.988601684570312,4.44419050216675,5.28190612792969,447910.956686488,6197966.10265829,22.745753067697,13.0378791940533,14.4220876693726,1019.32861328125,2719.90795898438,1039.51525878906,0,0.878760457038879,1.73229014873505,3.37961959838867,5.28190612792969,6.37161254882812,13.4222717285156,1.8481676743846,1.53115365501359,1.9908019890412
"MULTIPOINT ((447611.391063189 6197982.24072934))",1191,п2д,с.с.,морена,159.612197875977,0.830367028713226,178.776763916016,-0.000212131009902805,7.3284565587528e-05,С2,-0.21649169921875,1.33098959922791,2.27574157714844,447611.391063189,6197982.24072934,7.72691711852366,6.47934831614055,227.998138427734,840.559875488281,2708.42333984375,923.041320800781,0,-0.192437067627907,0.363607615232468,4.14872407913208,2.27574157714844,7.91473388671875,32.4393005371094,0.582406799922754,1.38171331933333,3.34048162597689
"MULTIPOINT ((448060.739498138 6197958.03362277))",1192,п2д,с.с.,морена,160.07698059082,1.25436615943909,40.9364814758301,-0.000365019484888762,2.3431450699718e-06,С2,-0.565658569335938,2.93632078170776,4.07820129394531,448060.739498138,6197958.03362277,68.0290324527367,14.1334353063201,63.2450370788574,986.170776367188,2735.14575195312,1109.1494140625,0,-0.5028076171875,-0.188126236200333,1.11404049396515,4.07820129394531,6.37161254882812,13.4222717285156,1.16935097386218,1.52959152162269,1.82440085080898
"MULTIPOINT ((448210.522309788 6197949.96458724))",1193,п1д,с.с.,морена,159.994415283203,0.739817023277283,153.670013427734,-0.000252067489782348,-6.40852958895266e-05,С2,-0.49285888671875,1.68128323554993,2.56846618652344,448210.522309788,6197949.96458724,44.8224704618984,13.7162103309115,43.999641418457,969.166625976562,2643.18798828125,1188.73120117188,0,-0.438086628913879,-0.71032589673996,0.927448034286499,2.56846618652344,5.28543090820312,13.4222717285156,0.605026703284755,1.19593493601628,1.67748661556345
"MULTIPOINT ((448360.305121438 6197941.89555172))",1194,п1д,с.с.,морена,162.051300048828,0.801441013813019,358.353790283203,0.000246689654886723,5.97657053731382e-05,С2,0.477752685546875,1.06537842750549,2.22486877441406,448360.305121438,6197941.89555172,7.81578174830257,12.2364051568958,191.998428344727,967.02001953125,2449.7841796875,1322.77282714844,0,0.424665659666061,1.41327023506165,3.18076801300049,2.22486877441406,4.33732604980469,15.7776184082031,0.56984019648519,1.11276169332856,1.85148802817343
"MULTIPOINT ((448510.087933087 6197933.8265162))",1195,п1д,с.с.,морена,158.689590454102,0.94722318649292,324.487121582031,-0.000263746333075687,-0.000410815060604364,С2,-1.05158996582031,3.08656930923462,2.34359741210938,448510.087933087,6197933.8265162,256.772502097838,15.4616912314501,76.8368682861328,975.577880859375,2320.84814453125,1419.76037597656,0,-0.934751749038696,-1.43247056007385,-0.0907645002007484,2.34359741210938,4.85687255859375,15.1884155273438,0.987401676856861,1.18412198919109,1.97656041382868
"MULTIPOINT ((448659.870744737 6197925.75748067))",1196,п1д,с.с.,морена,158.54719543457,0.226798191666603,9.10629463195801,0.000119972937682178,-0.000240931287407875,С2,-0.18853759765625,1.27546119689941,2.23403930664062,448659.870744737,6197925.75748067,18.3448530525611,12.8228497919836,44.181079864502,1000.8125,2191.912109375,1521.49951171875,64.4680023193359,-0.167572021484375,-0.635226786136627,-0.197099611163139,2.23403930664062,4.97438049316406,15.1884155273438,0.279986263084794,0.809640142634865,2.08368120629483
"MULTIPOINT ((448809.653556387 6197917.68844515))",1197,п1д огл,с.с.,фг,158.04557800293,0.537595272064209,292.924224853516,0.000164220662554726,-0.000264339556451887,С2,-0.156036376953125,1.23394429683685,2.73458862304688,448809.653556387,6197917.68844515,9806.75475143783,19.3710868538313,0,1125.88525390625,1999.54760742188,1647.40661621094,144.154830932617,-0.138688832521439,-0.668251812458038,-0.630258917808533,2.73458862304688,6.412109375,14.0359039306641,0.47375450051697,1.32192999150324,2.00376500115908
"MULTIPOINT ((448959.436368037 6197909.61940963))",1198,п1д огл,с.с.,фг,159.260848999023,0.969203591346741,238.104873657227,0.000144851699587889,0.000128095140098594,С2,0.425521850585938,1.87815928459167,3.54502868652344,448959.436368037,6197909.61940963,8.73419899603481,12.080746983296,68.3514709472656,1162.21337890625,1870.68322753906,1759.63391113281,232.442687988281,0.37824672460556,0.773645222187042,0.907549798488617,3.54502868652344,9.04536437988281,14.0359039306641,0.788785374623871,1.35740474584872,2.34424799732759
"MULTIPOINT ((449109.219179687 6197901.5503741))",1199,п1д огл,с.с.,фг,159.342666625977,0.64257150888443,279.538543701172,0.000159506060299464,2.61204168054974e-05,С2,0.28936767578125,1.20037245750427,2.63359069824219,449109.219179687,6197901.5503741,5.09856182857792,11.5424592499918,151.998764038086,1211.24377441406,1741.82958984375,1874.01281738281,347.170806884766,0.257207244634628,1.30679607391357,1.15480327606201,2.63359069824219,12.0726013183594,12.2547607421875,0.343424224723854,2.19338419531302,2.46187098960059
"MULTIPOINT ((449259.001991337 6197893.48133858))",1200,п1д огл,с.с.,фг,158.188751220703,1.90022265911102,278.554870605469,0.000360737816663459,-0.000421541219111532,С2,-0.0941925048828125,2.22241020202637,5.50627136230469,449259.001991337,6197893.48133858,1631.5425834347,18.0038972406669,0,1271.5078125,1612.98901367188,1949.02453613281,451.276000976562,-0.0837317556142807,0.595965921878815,-0.08366509526968,5.50627136230469,11.4087066650391,12.2547607421875,1.54958673481789,3.22666864162429,2.48866093825084
"MULTIPOINT ((449408.784802986 6197885.41230306))",1201,п1д огл,с.с.,фг,156.606170654297,2.37571334838867,272.167541503906,-2.6831308787223e-05,-0.000579623738303781,С2,-0.946090698242188,3.79676032066345,6.6343994140625,449408.784802986,6197885.41230306,344.666862642775,15.756079079422,17.8883972167969,1329.04187011719,1419.76037597656,1843.82995605469,451.276000976562,-0.840957641601562,-1.17352199554443,-2.04137969017029,6.6343994140625,11.4087066650391,17.1809539794922,2.09474558417925,2.73647481968249,2.50878940131799
"MULTIPOINT ((449558.567614636 6197877.34326753))",1202,п1д огл,с.с.,фг,159.194610595703,1.15214800834656,226.28532409668,0.000306803442072123,-3.729931631824e-05,С2,0.420318603515625,1.65287470817566,4.38702392578125,449558.567614636,6197877.34326753,31.4199480224901,13.360943722971,112.923828125,1355.36218261719,1290.970703125,1770.23083496094,386.808013916016,0.373613148927689,0.481462121009827,0.230593323707581,4.38702392578125,8.77093505859375,17.1809539794922,0.720891152732399,1.87971713209106,2.66163073709518
"MULTIPOINT ((449708.350426286 6197869.27423201))",1203,п1д огл,с.с.,фг,159.236923217773,0.426713496446609,287.976013183594,-7.6014461228624e-05,-3.39961843565106e-05,С2,-0.171463012695312,0.821205019950867,1.23300170898438,449708.350426286,6197869.27423201,28.466198922874,13.0574308481697,71.9994125366211,1367.57287597656,1162.21337890625,1702.00402832031,257.872009277344,-0.15241664648056,-0.0123216276988387,0.0848356783390045,1.23300170898438,6.89425659179688,17.1809539794922,0.291863532508593,0.924567034153276,2.56984217573587
"MULTIPOINT ((449858.133237936 6197861.20519648))",1204,п1д огл,с.с.,фг,159.020263671875,0.642751038074493,175.84635925293,-0.000126186219858937,-2.63379697571509e-05,С2,-0.237762451171875,0.818648934364319,2.20114135742188,449858.133237936,6197861.20519648,504.076932287413,16.8294087320019,75.999382019043,1408.00244140625,969.166625976562,1592.2421875,64.4680023193359,-0.211339309811592,-1.15860080718994,0.465816527605057,2.20114135742188,5.5780029296875,19.3902893066406,0.457105685004677,1.19407608070523,3.45494754527873
"MULTIPOINT ((450007.916049586 6197853.13616096))",1205,п1д огл,с.с.,фг,161.855621337891,0.302302062511444,142.798156738281,0.000399516895413399,0.000254900514846668,С2,1.01995849609375,1.98616933822632,1.90908813476562,450007.916049586,6197853.13616096,3.57878590006942,11.1885243532607,168.046234130859,1509.1572265625,847.944213867188,1573.86450195312,64.4680023193359,0.906645059585571,3.31823253631592,4.6510591506958,1.90908813476562,11.3939514160156,22.6504364013672,0.501070358612412,2.37027077441706,4.48203993639485
"MULTIPOINT ((450157.698861235 6197845.06712544))",1206,п1д огл,с.с.,фг,155.905456542969,4.2991795539856,354.339904785156,0.000146455597132444,-0.000456494628451765,С2,-0.483291625976562,4.09696245193481,10.5893096923828,450157.698861235,6197845.06712544,34.4501451877518,4.19240211469453,19.9998359680176,1499.48754882812,720.774169921875,1503.63928222656,193.404006958008,-0.429584085941315,-0.341076612472534,-0.0140267601236701,10.5893096923828,14.3873443603516,22.6504364013672,3.34567200507051,4.76027371870505,5.48262143117984
"MULTIPOINT ((450307.481672885 6197836.99808991))",1207,п1д,с.с.,фг,147.847198486328,1.25559759140015,63.5593605041504,-0.000567556242458522,0.000112254725536332,С2,-0.710189819335938,3.75625038146973,4.01168823242188,450307.481672885,6197836.99808991,715.537254680836,16.4865344101044,23.9998035430908,1355.36218261719,531.616760253906,1378.16845703125,386.808013916016,-0.631295084953308,-2.48886609077454,-6.56226015090942,4.01168823242188,16.1580047607422,25.1488342285156,1.31637206629593,3.05277316467553,5.11570824544216
"MULTIPOINT ((450457.264484535 6197828.92905439))",1208,п1д,с.с.,фг,144.208129882812,1.19166851043701,10.07239818573,-0.000654973555356264,-0.00064004649175331,С3,-2.01924133300781,4.87866020202637,4.23246765136719,450457.264484535,6197828.92905439,76.4805728609249,14.5172969253041,23.9998035430908,1240.06677246094,407.7314453125,1251.7421875,375.909820556641,-1.79487609863281,-5.33765411376953,-8.92973709106445,4.23246765136719,11.3317565917969,23.9424438476562,1.04773552122296,2.48526006359719,4.58300326757047
"MULTIPOINT ((450582.840189614 6197371.51158392))",1209,п1д,с.с.,фг,150.341979980469,3.27354383468628,212.127334594727,-0.000259818218182772,-8.63797904457897e-05,С2,-0.541763305664062,3.28868198394775,8.67059326171875,450582.840189614,6197371.51158392,18.8280421898796,12.6440608318006,71.5535888671875,1097.8505859375,634.936218261719,1142.37585449219,193.404006958008,-0.48157924413681,-2.15290355682373,-2.43801617622375,8.67059326171875,11.3754272460938,15.5996551513672,2.64212024185144,3.37798305139629,3.19285117438213
"MULTIPOINT ((450283.274566315 6197387.64965496))",1210,п1д огл,с.с.,фг,155.829147338867,0.697138547897339,27.8828010559082,-9.76611499936553e-06,0.000222076545469463,С2,0.330917358398438,1.20203220844269,2.30496215820312,450283.274566315,6197387.64965496,7.38564813520772,11.9130394202966,197.462310791016,1419.76037597656,820.543762207031,1454.46435546875,328.723602294922,0.294150471687317,1.33959114551544,1.55116820335388,2.30496215820312,12.3734436035156,17.6474914550781,0.536955416669774,1.99232694056738,3.84115360427514
"MULTIPOINT ((450732.623001264 6197363.4425484))",1211,п2д,с.с.,фг,156.076919555664,1.33393907546997,225.162048339844,0.000345844542607665,0.000133666966576129,С2,0.747833251953125,1.56640720367432,5.23951721191406,450732.623001264,6197363.4425484,8.61671621603257,12.0672048071056,175.634552001953,969.166625976562,594.365600585938,1019.32861328125,64.4680023193359,0.66474574804306,2.06242847442627,4.12442922592163,5.23951721191406,12.8970642089844,17.2877960205078,0.862478539242624,3.08665523582865,3.42456759205008
"MULTIPOINT ((450433.057377964 6197379.58061944))",1212,п1д огл,с.с.,фг,148.525848388672,2.29165601730347,5.39548492431641,-0.000761707487981766,-0.000276005128398538,С2,-1.62054443359375,4.55450630187988,6.32972717285156,450433.057377964,6197379.58061944,203.571216773514,15.229516647662,55.9995422363281,1226.58740234375,697.328063964844,1266.59533691406,288.309661865234,-1.44046866893768,-3.58558654785156,-5.25736713409424,6.32972717285156,10.2021484375,17.6474914550781,1.87959370692723,2.94788234420005,3.38486534103367
"MULTIPOINT ((447579.114921095 6197383.10948274))",1213,п3д,с.с.,морена,154.058319091797,1.84812462329865,168.027450561523,0.000165823905263096,-0.000182547097210772,С2,-0.02581787109375,2.76944065093994,5.50434875488281,447579.114921095,6197383.10948274,41.0192715230679,13.6275427378453,19.9998359680176,1297.39343261719,2131.34765625,347.170806884766,64.4680023193359,-0.0229407418519258,1.84126496315002,2.89651560783386,5.50434875488281,20.6632537841797,32.0530548095703,1.33900993649758,4.47187304069831,7.92990934656887
"MULTIPOINT ((447728.897732744 6197375.04044722))",1214,п3д,с.с.,морена,156.893417358398,0.465068161487579,312.309661865234,0.000462467054603621,-0.000115606009785552,С2,0.540664672851562,3.03820538520813,3.99554443359375,447728.897732744,6197375.04044722,5.97063290003962,11.7003536796183,101.19206237793,1413.89367675781,2128.42065429688,455.857604980469,182.343048095703,0.480592519044876,0.578144609928131,1.99161779880524,3.99554443359375,6.58445739746094,31.1846923828125,0.265132380392083,1.37652512402728,4.81542455988745
"MULTIPOINT ((447878.680544394 6197366.97141169))",1215,п3д,с.с.,морена,156.047058105469,1.68704748153687,244.618850708008,0.000123049307148904,-0.000384144339477643,С2,-0.406936645507812,2.74856615066528,4.81492614746094,447878.680544394,6197366.97141169,85.4126966054743,14.360995506365,19.9998359680176,1471.50952148438,2136.21704101562,554.57470703125,91.1715240478516,-0.361724853515625,-1.16072332859039,-0.718425750732422,4.81492614746094,5.73426818847656,18.2984161376953,1.39358683272367,1.6469875025923,2.71841651812459
"MULTIPOINT ((448028.463356044 6197358.90237617))",1216,п3д,с.с.,морена,158.459075927734,0.628738701343536,223.904830932617,0.000167112273629755,4.07043626182713e-05,С2,0.323944091796875,0.909102559089661,2.42988586425781,448028.463356044,6197358.90237617,25.7638122995566,13.1624716277074,94.8253860473633,1537.8017578125,2151.72534179688,663.738708496094,0,0.287950307130814,0.766722083091736,0.73241513967514,2.42988586425781,5.73426818847656,13.4366302490234,0.417012384805509,1.41508029340805,2.29293847315277
"MULTIPOINT ((448178.246167694 6197350.83334065))",1217,п2д,с.с.,морена,159.125366210938,0.2843037545681,221.011489868164,6.02137588430196e-05,1.52846168930409e-05,С2,0.11767578125,0.486898273229599,1.00997924804688,448178.246167694,6197350.83334065,25.1372205436706,13.1378503823538,102.449150085449,1548.57458496094,2189.06591796875,838.084045410156,0,0.104597300291061,0.318214893341064,0.513213694095612,1.00997924804688,5.60501098632812,13.4366302490234,0.261959538611647,0.472068539916912,2.50178718481048
"MULTIPOINT ((448328.028979344 6197342.76430512))",1218,п1д,с.с.,морена,159.528015136719,0.10244257748127,185.691253662109,-1.8992865079781e-05,0.000138953982968815,С2,0.186981201171875,1.06005966663361,0.546707153320312,448328.028979344,6197342.76430512,2.19134062626134,4.47875384927328,69.8564224243164,1547.23205566406,2222.97802734375,958.3857421875,0,0.166191950440407,-0.0836299955844879,0.734575808048248,0.546707153320312,6.51495361328125,13.2336730957031,0.173763762838486,0.655364731360906,2.10230705655757
"MULTIPOINT ((448477.811790993 6197334.6952696))",1219,п1д,с.с.,морена,160.478500366211,0.820903182029724,189.937088012695,0.000149792002048343,4.95704371132888e-05,С2,0.310791015625,1.30101025104523,2.34454345703125,448477.811790993,6197334.6952696,14.5084024216995,12.5882287033788,113.206848144531,1612.98901367188,2203.25927734375,1063.23352050781,128.936004638672,0.276263773441315,0.661809504032135,1.80720281600952,2.34454345703125,5.21012878417969,13.2336730957031,0.586428561382707,1.07995378153129,1.89579110000335
"MULTIPOINT ((448627.594602643 6197326.62623408))",1220,п1д огл,с.с.,фг,160.683364868164,0.0187941342592239,73.0785064697266,0,0,С2,-0.240097045898438,0.923610031604767,0.456451416015625,448627.594602643,6197326.62623408,108.847668261551,14.6034501103019,70.7666473388672,1632.19946289062,2278.37622070312,1251.7421875,144.154830932617,-0.213412821292877,0.164501577615738,1.88208711147308,0.456451416015625,5.04689025878906,10.6987152099609,0.125155521889568,0.380213691736279,1.6949622966086
"MULTIPOINT ((448777.377414293 6197318.55719855))",1221,п1д огл,с.с.,фг,161.531494140625,0.288283735513687,219.200698852539,0.000129343010485172,0.00011233908298891,С2,0.376678466796875,0.81462574005127,0.871505737304688,448777.377414293,6197318.55719855,4.17080289954651,11.3416093035605,101.979560852051,1657.46728515625,2161.36108398438,1378.16845703125,232.442687988281,0.334830403327942,0.934503376483917,3.00004839897156,0.871505737304688,4.10922241210938,14.0359039306641,0.298609411166017,0.641716303921979,1.92928755616864
"MULTIPOINT ((449250.932955813 6197743.69852693))",1222,п1д огл,с.с.,фг,150.602157592773,2.57673788070679,296.842864990234,-0.000870507035870105,-0.000683969527017325,С2,-2.42793273925781,5.31494283676147,7.66053771972656,449250.932955813,6197743.69852693,57.1583863434925,13.7545395896025,11.9999017715454,1384.18676757812,1623.26293945312,1939.40490722656,451.276000976562,-2.15816593170166,-5.66981601715088,-7.81785106658936,7.66053771972656,11.0398712158203,12.5088500976562,2.14152972245258,2.97668696308521,2.44180545720484
"MULTIPOINT ((449400.715767463 6197735.62949141))",1223,п1д огл,с.с.,фг,153.563125610352,0.760178983211517,158.574127197266,-0.00054431171156466,-0.000330709735862911,С2,-1.36402893066406,3.76546740531921,2.99909973144531,449400.715767463,6197735.62949141,2044.0086980033,17.5361689511236,0,1454.46435546875,1431.42199707031,1949.02453613281,515.744018554688,-1.21247696876526,-2.98540019989014,-4.9275951385498,2.99909973144531,11.0398712158203,17.1809539794922,0.85249549143725,2.70445283465115,2.34918989274422
"MULTIPOINT ((449550.498579113 6197727.56045588))",1224,п1д огл,с.с.,фг,158.541580200195,1.08494102954865,193.069091796875,0.000302586733596399,0.000167885664268397,С2,0.733551025390625,2.24611759185791,4.03663635253906,449550.498579113,6197727.56045588,99.3229083305334,15.205056074789,84.8521194458008,1548.57458496094,1314.89440917969,1934.0400390625,386.808013916016,0.65205043554306,1.21480667591095,0.183073729276657,4.03663635253906,6.02940368652344,15.1786651611328,0.958459997590555,1.66300932904426,2.31046472185424
"MULTIPOINT ((449700.281390763 6197719.49142036))",1225,п1д огл,с.с.,фг,158.642883300781,0.54911333322525,315.753662109375,1.81522136699641e-05,0.000130296612042002,С2,0.23138427734375,0.948412656784058,1.73828125,449700.281390763,6197719.49142036,50.067472288628,13.8268722859429,28.8441753387451,1559.27294921875,1188.73120117188,1859.54150390625,257.872009277344,0.205669820308685,0.499952673912048,0.175916880369186,1.73828125,4.09747314453125,15.1786651611328,0.405026262581228,0.747958763788626,2.18599516516213
"MULTIPOINT ((449850.064202412 6197711.42238484))",1226,п1д огл,с.с.,фг,158.946578979492,1.07302463054657,170.820373535156,-0.000110809211037122,1.20329877972836e-05,С2,-0.154037475585938,1.25364542007446,2.89942932128906,449850.064202412,6197711.42238484,51.5337016401687,13.8557367388487,31.240743637085,1594.85034179688,1000.8125,1753.71936035156,64.4680023193359,-0.136920511722565,-0.230294674634933,1.10131919384003,2.89942932128906,4.646484375,17.3880004882812,0.801548795868748,1.26014610008607,2.72320673908588
"MULTIPOINT ((449999.847014062 6197703.35334931))",1227,п1д огл,с.с.,фг,161.315399169922,0.549367189407349,294.521423339844,0.000217120265006088,0.000370571127859876,С2,0.916030883789062,1.60500431060791,3.03761291503906,449999.847014062,6197703.35334931,1.3704079690649,9.68149664040126,174.262741088867,1630.92578125,876.859680175781,1681.11975097656,64.4680023193359,0.814241170883179,3.31208109855652,4.62549209594727,3.03761291503906,11.3939514160156,20.6481475830078,0.644916268167783,2.41035755164077,3.88270386376327
"MULTIPOINT ((450149.629825712 6197695.28431379))",1228,п1д огл,с.с.,фг,155.390884399414,3.69516921043396,351.707824707031,-0.000213330175029114,2.95558929792605e-05,С2,-0.288406372070312,3.80089449882507,9.822265625,450149.629825712,6197695.28431379,9.34312603805285,12.1481416342509,69.8564224243164,1548.57458496094,754.57861328125,1594.85034179688,193.404006958008,-0.256362915039062,-0.600400328636169,-0.0493600815534592,9.822265625,14.3873443603516,20.6481475830078,2.68554442892137,3.96925059722138,4.89160102642304
"MULTIPOINT ((450299.412637362 6197687.21527827))",1229,п1д огл,с.с.,фг,151.581161499023,1.98275184631348,13.8578796386719,0.000451476167654619,0.000235021885600872,С2,1.07142639160156,2.79780268669128,5.98518371582031,450299.412637362,6197687.21527827,24.3713159635827,13.1069076099314,75.999382019043,1355.36218261719,576.619323730469,1408.00244140625,386.808013916016,0.95238071680069,1.2035665512085,-2.72455978393555,5.98518371582031,13.1971130371094,23.1465454101562,1.53636889152042,3.12518760518908,4.75144279472075
"MULTIPOINT ((450449.195449011 6197679.14624274))",1230,п1д,с.с.,фг,145.607284545898,0.592125415802002,357.887084960938,-0.000917714962270111,6.06958856224082e-05,В4,-1.3359375,3.33986163139343,3.60578918457031,450449.195449011,6197679.14624274,6.2796233546387,11.7508107477314,15.9998693466187,1226.58740234375,464.885375976562,1284.51574707031,328.723602294922,-1.18749666213989,-4.67345714569092,-7.7211856842041,3.60578918457031,12.5298004150391,23.0808563232422,1.11403424591154,3.28440196535479,4.10117139767989
"MULTIPOINT ((450598.978260661 6197671.07720722))",1231,п2д,с.с.,фг,153.059387207031,3.93548774719238,162.400695800781,0.000968292471952736,2.91783981083427e-05,С2,1.56544494628906,6.24289321899414,10.1967620849609,450598.978260661,6197671.07720722,75.1869450808154,14.2334783576623,115.999053955078,1097.8505859375,364.686096191406,1162.21337890625,203.86572265625,1.39150667190552,1.54486048221588,1.21342849731445,10.1967620849609,13.7030792236328,20.1463317871094,3.08388041302928,4.41005047707805,3.93731186285914
"MULTIPOINT ((450748.761072311 6197663.00817169))",1232,п2д,с.с.,фг,156.559280395508,1.13753294944763,124.839096069336,-0.00022952574363444,2.67766563410987e-06,С2,-0.353775024414062,2.27160739898682,3.74519348144531,450748.761072311,6197663.00817169,12.8197679447404,5.09782418550891,263.997833251953,902.552001953125,328.723602294922,1009.08386230469,0,-0.314458221197128,1.15054440498352,6.21234035491943,3.74519348144531,10.2780456542969,17.2877960205078,0.775068967232282,1.67695351983322,4.4734377183763
"MULTIPOINT ((447595.252992142 6197682.67510604))",1233,п3д,с.с.,морена,158.633697509766,1.29857349395752,226.490158081055,-0.000101738885859959,0.000297732767648995,С2,0.305465698242188,1.37188267707825,4.59295654296875,447595.252992142,6197682.67510604,31.2368887060685,13.355100471162,140.227233886719,1067.13537597656,2450.63232421875,673.065734863281,64.4680023193359,0.271523356437683,1.01122486591339,4.30967092514038,4.59295654296875,16.4698333740234,32.4393005371094,0.843870817890118,2.3613578925745,6.81237002383729
"MULTIPOINT ((447745.035803791 6197674.60607052))",1234,п3д,с.с.,морена,159.861404418945,1.98797464370728,269.237213134766,-0.000323355197906494,0.000362097431207076,С2,0.0598297119140625,2.96741437911987,6.19940185546875,447745.035803791,6197674.60607052,7.90718618020354,11.9812727334881,109.177856445312,1127.72937011719,2450.63232421875,720.774169921875,64.4680023193359,0.0531650111079216,0.666446626186371,3.21561598777771,6.19940185546875,9.09268188476562,31.5709381103516,1.94109841714948,2.06027892137052,3.51885001740201
"MULTIPOINT ((447894.818615441 6197666.53703499))",1235,п3д,с.с.,морена,159.556900024414,0.802644848823547,188.326477050781,-0.000397996394895017,8.1338599557057e-05,С2,-0.493698120117188,2.90225148200989,3.34959411621094,447894.818615441,6197666.53703499,9.4299214924174,6.93445949891288,82.0724639892578,1199.17419433594,2457.40649414062,786.932250976562,144.154830932617,-0.4388427734375,-0.45981428027153,1.15286028385162,3.34959411621094,8.64863586425781,18.6846618652344,1.00101729122201,1.66923356492546,2.13554319141649
"MULTIPOINT ((448044.601427091 6197658.46799947))",1236,п2д,с.с.,морена,159.81201171875,0.99295312166214,285.390045166016,-9.80855020316085e-07,4.97028886456974e-05,С2,0.0759429931640625,1.52328383922577,2.86923217773438,448044.601427091,6197658.46799947,13.2014192601608,12.0883706148538,119.9990234375,1303.78466796875,2416.47534179688,867.328247070312,91.1715240478516,0.0675082728266716,-0.0083770751953125,0.389622926712036,2.86923217773438,5.58963012695312,10.6462249755859,0.667025560337226,0.918011960590081,1.87574138031902
"MULTIPOINT ((448194.384238741 6197650.39896394))",1237,п2д,с.с.,морена,159.399505615234,0.672235190868378,267.476684570312,-1.39145458888379e-06,-4.22532102675177e-05,С2,-0.0680389404296875,0.804993331432343,1.80876159667969,448194.384238741,6197650.39896394,27.1958966979576,13.2165668496551,66.2112426757812,1290.970703125,2440.435546875,967.02001953125,64.4680023193359,-0.0604688860476017,-0.580182135105133,-0.321297943592072,1.80876159667969,3.91009521484375,10.6462249755859,0.549859373310264,0.801242213153045,1.45546974901729
"MULTIPOINT ((448344.167050391 6197642.32992842))",1238,п1д,с.с.,морена,159.313720703125,0.680439829826355,180.144729614258,-0.000406453473260626,-0.000118693809781689,С2,-0.818618774414062,2.81864333152771,2.72413635253906,448344.167050391,6197642.32992842,270.593196128978,15.5141173161989,23.323616027832,1289.36010742188,2470.89965820312,1072.96130371094,64.4680023193359,-0.727659463882446,-1.04256987571716,-0.476274967193604,2.72413635253906,5.08143615722656,10.4346618652344,0.617069484678504,1.14911688927629,1.26626639699173
"MULTIPOINT ((448493.94986204 6197634.2608929))",1239,п1д,с.с.,морена,161.984313964844,1.20856654644012,96.1750030517578,-0.000119025688036345,5.38428976142313e-05,С2,-0.1016845703125,3.2666163444519,3.01925659179688,448493.94986204,6197634.2608929,28.3845404553804,13.259345391218,124.1923828125,1295.79077148438,2343.12573242188,1240.06677246094,64.4680023193359,-0.0903964564204216,1.42142939567566,2.1222231388092,3.01925659179688,5.08662414550781,8.37541198730469,0.859937131928231,1.19168455476542,1.506269516894
"MULTIPOINT ((448643.73267369 6197626.19185737))",1240,п1д,с.с.,морена,160.301681518555,1.65048372745514,22.1841068267822,-0.000171054693055339,8.32472796901129e-05,С2,-0.137130737304688,2.50685048103333,5.08662414550781,448643.73267369,6197626.19185737,19.8795257351627,12.6984038120227,113.841064453125,1314.89440917969,2215.48681640625,1355.36218261719,0,-0.121893987059593,0.394643366336823,0.520250499248505,5.08662414550781,8.37541198730469,8.37541198730469,1.18121332235893,1.80066418175271,1.57580945331321
"MULTIPOINT ((448769.308378769 6197168.7743869))",1241,п1д огл,с.с.,фг,159.850006103516,0.79758483171463,267.913818359375,1.83527081389911e-05,-0.000190111430129036,С2,-0.2677001953125,0.933840095996857,2.45881652832031,448769.308378769,6197168.7743869,395.345430859419,15.8932606356721,48.3317909240723,1783.09692382812,2203.25927734375,1359.95397949219,128.936004638672,-0.237969294190407,-0.0363918989896774,1.58426833152771,2.45881652832031,7.49053955078125,12.4075317382812,0.624703752477192,1.13525259643556,2.1220197526496
"MULTIPOINT ((448469.74275547 6197184.91245795))",1242,п1д,с.с.,морена,159.062438964844,1.63261222839355,224.615951538086,5.08178200107068e-05,1.26667546282988e-05,С2,0.0990447998046875,2.23779654502869,4.35157775878906,448469.74275547,6197184.91245795,42.9024353982312,13.6724293379381,51.9995765686035,1741.82958984375,2083.02490234375,1039.51525878906,128.936004638672,0.088043212890625,-0.0303500425070524,1.17096531391144,4.35157775878906,5.95530700683594,18.1953125,1.4378952938189,1.57161429906562,2.45112907881999
"MULTIPOINT ((448919.091190419 6197160.70535138))",1243,п1д огл,с.с.,фг,160.348693847656,1.13725066184998,312.537261962891,0.000115464128612075,0.000323949207086116,С2,0.68505859375,2.008136510849,3.44404602050781,448919.091190419,6197160.70535138,11.4643646143711,12.3527442396075,93.2944641113281,1815.43542480469,2083.02490234375,1488.359375,144.154830932617,0.608937561511993,1.54789078235626,2.32234168052673,3.44404602050781,8.16511535644531,12.4075317382812,1.02732108561641,1.92931768820037,2.13702043488469
"MULTIPOINT ((448619.52556712 6197176.84342243))",1244,п1д огл,с.с.,фг,160.936080932617,0.435080975294113,310.114715576172,0.00014666622155346,0.000117571682494599,С2,0.411865234375,1.18977522850037,1.4830322265625,448619.52556712,6197176.84342243,12.8470688258995,13.1597317025737,118.725608825684,1759.63391113281,2162.32250976562,1231.65942382812,128.936004638672,0.366092264652252,0.977286517620087,2.64417362213135,1.4830322265625,5.27398681640625,14.41015625,0.313490975217961,0.694206759090703,2.0822751201316
"MULTIPOINT ((449068.874002069 6197152.63631585))",1245,п1д огл,с.с.,фг,156.945007324219,0.860554814338684,284.438812255859,8.32101941341534e-05,-1.9557219275157e-05,С2,0.0992431640625,0.963597476482391,2.34979248046875,449068.874002069,6197152.63631585,37.2299520125619,5.77596495454975,63.9994773864746,1877.33654785156,1904.80859375,1681.11975097656,144.154830932617,0.0882195383310318,-0.452072441577911,-0.345959812402725,2.34979248046875,8.16511535644531,10.8804779052734,0.606558631853808,1.66688651327054,2.20743741171148
"MULTIPOINT ((449218.656813719 6197144.56728033))",1246,п1д огл,с.с.,фг,155.925857543945,0.942348957061768,266.069396972656,-0.000185883531230502,0.000153743822011165,С2,-0.0501861572265625,1.12417435646057,2.90713500976562,449218.656813719,6197144.56728033,9.97470876928097,12.2135535107135,83.9993133544922,1783.09692382812,1816.57971191406,1806.2548828125,64.4680023193359,-0.0446014404296875,-0.241981044411659,-0.815134882926941,2.90713500976562,5.16989135742188,11.0542449951172,0.75060488127041,1.32358614273956,1.97202345746071
"MULTIPOINT ((449368.439625369 6197136.49824481))",1247,п1д огл,с.с.,фг,155.464401245117,0.807608306407928,291.240020751953,-0.000259331107372418,9.81416960712522e-05,С2,-0.251327514648438,1.47613108158112,2.61378479003906,449368.439625369,6197136.49824481,33.2814447483627,13.4185007713466,51.9995765686035,1759.63391113281,1703.224609375,1935.1142578125,64.4680023193359,-0.223402231931686,-0.349868148565292,-1.00136709213257,2.61378479003906,7.01820373535156,11.0542449951172,0.65856169084384,1.31394236160675,1.57206918630444
"MULTIPOINT ((449518.222437018 6197128.42920928))",1248,п1д огл,с.с.,фг,155.099349975586,1.28991150856018,263.939270019531,-3.20362119055062e-06,0.000147676750202663,С2,0.225234985351562,1.86911857128143,3.59770202636719,449518.222437018,6197128.42920928,10.0751060979908,5.54644898532843,55.9995422363281,1741.82958984375,1537.8017578125,2114.70776367188,64.4680023193359,0.200198709964752,-0.449532955884933,-1.29219448566437,3.59770202636719,5.07627868652344,9.10957336425781,0.962712989839473,1.31654564243156,1.50268376824807
"MULTIPOINT ((449668.005248668 6197120.36017376))",1249,п1д огл,с.с.,фг,154.376083374023,0.904325187206268,270.542877197266,-0.000414898036979139,-5.76891106902622e-05,С2,-0.736785888671875,2.25593519210815,2.50688171386719,449668.005248668,6197120.36017376,5.85339551342477,11.6805226669308,19.9998359680176,1741.82958984375,1431.42199707031,1999.54760742188,64.4680023193359,-0.654937744140625,-1.33570241928101,-1.91566646099091,2.50688171386719,5.89192199707031,9.10957336425781,0.808019005601335,1.18705701512706,1.55455866685208
"MULTIPOINT ((449817.788060318 6197112.29113824))",1250,п1д огл,с.с.,фг,155.563873291016,1.08891832828522,224.650131225586,-0.000194372973055579,-2.08188903343398e-05,С2,-0.335556030273438,1.65526330471039,3.7003173828125,449817.788060318,6197112.29113824,10.2587399156136,12.2416307613838,96.7462997436523,1751.34777832031,1329.04187011719,1870.68322753906,64.4680023193359,-0.298273712396622,-0.799028694629669,-0.434328824281693,3.7003173828125,5.23348999023438,9.96174621582031,0.959091710019562,1.4432293577492,1.83151086614842
"MULTIPOINT ((449967.570871968 6197104.22210271))",1251,п1д огл,с.с.,фг,157.912567138672,1.46229887008667,243.969680786133,0.000294477998977527,0.000120472432172392,С2,0.647232055664062,1.89413213729858,3.91310119628906,449967.570871968,6197104.22210271,18.681619945982,13.1078003161703,83.9993133544922,1740.63610839844,1231.65942382812,1741.82958984375,64.4680023193359,0.5753173828125,1.648353099823,2.21815419197083,3.91310119628906,6.43963623046875,10.8569183349609,1.18353744030605,1.76315917689283,2.0058812435182
"MULTIPOINT ((450117.353683618 6197096.15306719))",1252,п1д огл,с.с.,фг,153.986038208008,2.19232845306396,335.809539794922,9.91178094409406e-05,2.68838412011974e-05,С2,0.196762084960938,2.8376317024231,6.3597412109375,450117.353683618,6197096.15306719,70.097090408833,14.1633820313116,75.999382019043,1547.23205566406,1097.8505859375,1548.57458496094,128.936004638672,0.174889460206032,-0.978056013584137,-0.867572605609894,6.3597412109375,8.6771240234375,13.7060089111328,1.70857893964513,2.58350582398095,2.46435846752506
"MULTIPOINT ((450267.136495267 6197088.08403167))",1253,п1д огл,с.с.,фг,152.197082519531,1.72711741924286,237.296035766602,-0.000118490250315517,-0.000128087674966082,С2,-0.3846435546875,2.71849060058594,4.92681884765625,450267.136495267,6197088.08403167,22.1364921171864,5.04494507807207,43.999641418457,1418.29602050781,1019.32861328125,1419.76037597656,182.343048095703,-0.341908782720566,-1.47154235839844,-2.08188462257385,4.92681884765625,8.24507141113281,13.7060089111328,1.32235132572879,1.77712891607173,2.8476242453127
"MULTIPOINT ((450740.692036787 6197513.22536005))",1254,п2д,с.с.,фг,156.980346679688,0.648978531360626,196.233840942383,-3.68555483873934e-05,7.55774308345281e-05,С2,0.06036376953125,1.32354056835175,2.32989501953125,450740.692036787,6197513.22536005,7.92285629910597,12.2500119508892,245.077575683594,967.02001953125,469.334136962891,1067.13537597656,64.4680023193359,0.0536414235830307,2.19716835021973,5.54833936691284,2.32989501953125,13.1093597412109,17.2877960205078,0.487686773488183,2.21547796499227,3.91063327471413
"MULTIPOINT ((447587.183956618 6197532.89229439))",1255,п3д,с.с.,морена,155.713592529297,0.405126690864563,222.825912475586,0.0001455112505937,-7.29223902453668e-05,С2,0.113143920898438,1.64352548122406,1.76312255859375,447587.183956618,6197532.89229439,201.028897700299,8.58893482708681,3.99996733665466,1245.08386230469,2257.30078125,490.973693847656,64.4680023193359,0.100575767457485,0.562809526920319,2.52710294723511,1.76312255859375,14.2433471679688,32.4393005371094,0.229316769497201,2.37665045263529,7.57581034240518
"MULTIPOINT ((447736.966768268 6197524.82325887))",1256,п3д,с.с.,морена,156.647552490234,1.00848841667175,184.155212402344,-0.000142188568133861,-5.87616341363173e-05,С2,-0.313323974609375,1.34456181526184,2.69796752929688,447736.966768268,6197524.82325887,187.691612300973,15.1483010002909,65.6043472290039,1297.39343261719,2257.30078125,554.57470703125,193.404006958008,-0.278496623039246,-0.591286480426788,0.943972110748291,2.69796752929688,8.19828796386719,31.5709381103516,0.863545628149558,1.30287685376218,4.83121932221081
"MULTIPOINT ((447886.749579918 6197516.75422334))",1257,п3д,с.с.,морена,158.950012207031,0.623494565486908,228.938140869141,0.000125740814837627,0.000153159955516458,С2,0.434722900390625,0.943357050418854,1.73872375488281,447886.749579918,6197516.75422334,10.8335154125271,12.0913580752955,73.7557525634766,1359.95397949219,2264.65380859375,638.20068359375,64.4680023193359,0.386427134275436,0.810247302055359,1.34862816333771,1.73872375488281,8.19828796386719,18.6846618652344,0.548308881800971,1.47296408274997,2.68966367244058
"MULTIPOINT ((448036.532391567 6197508.68518782))",1258,п3д,с.с.,морена,159.018768310547,0.148326471447945,122.271911621094,5.99504601268563e-05,6.73906615702435e-05,С2,0.198471069335938,1.56705319881439,0.563064575195312,448036.532391567,6197508.68518782,11.9137787560739,12.6579557752073,27.9997711181641,1431.42199707031,2289.29516601562,786.932250976562,64.4680023193359,0.176417037844658,0.0336266346275806,0.149553835391998,0.563064575195312,7.98672485351562,11.9738311767578,0.106871868590998,0.698202323303738,2.20811597329232
"MULTIPOINT ((448186.315203217 6197500.61615229))",1259,п2д,с.с.,морена,158.978118896484,0.211451515555382,102.826881408691,4.72636056656484e-05,-3.60176527465228e-05,С2,0.0175323486328125,0.892096638679504,0.6904296875,448186.315203217,6197500.61615229,5.2117314344306,11.5644128740475,35.9997062683105,1419.76037597656,2314.57177734375,895.618103027344,64.4680023193359,0.0155809186398983,-0.38248148560524,-0.290436267852783,0.6904296875,3.922119140625,11.9738311767578,0.22441360309245,0.410926063532272,2.02208506684171
"MULTIPOINT ((448336.098014867 6197492.54711677))",1260,п1д,с.с.,морена,158.82568359375,0.691365480422974,207.080139160156,-0.000418619834817946,-0.000131010179757141,С2,-0.856796264648438,2.85761833190918,3.08653259277344,448336.098014867,6197492.54711677,212.16815334737,15.5376393026935,39.9996719360352,1418.29602050781,2346.6708984375,1009.08386230469,91.1715240478516,-0.761586487293243,-1.16642916202545,-0.556134283542633,3.08653259277344,5.135009765625,11.9738311767578,0.458724139034233,1.0941729002,1.46232948165616
"MULTIPOINT ((448485.880826517 6197484.47808125))",1261,п1д,с.с.,морена,161.059417724609,1.34623920917511,239.589538574219,-0.00024650790146552,7.93660728959367e-06,С2,-0.37213134765625,3.17801976203918,3.96369934082031,448485.880826517,6197484.47808125,14.8746531091851,5.57620700834668,147.565734863281,1419.76037597656,2385.31616210938,1125.88525390625,64.4680023193359,-0.330791890621185,0.531756043434143,1.56525802612305,3.96369934082031,4.88783264160156,11.3846282958984,1.09439938598903,1.3014715911022,1.44093711861212
"MULTIPOINT ((448635.663638167 6197476.40904573))",1262,п1д,с.с.,морена,160.258071899414,1.15176391601562,345.967712402344,-0.000298781844321638,-6.56826960039325e-05,С2,-0.568328857421875,3.11656999588013,5.02449035644531,448635.663638167,6197476.40904573,59.2578324174394,13.9953987084038,116.618087768555,1441.54833984375,2237.884765625,1305.37756347656,64.4680023193359,-0.505191385746002,-0.139888525009155,0.822028756141663,5.02449035644531,8.37541198730469,9.82518005371094,0.768045801176132,1.41643568998442,1.48926067877785
"MULTIPOINT ((448785.446449817 6197468.3400102))",1263,п1д огл,с.с.,фг,160.786804199219,0.75637012720108,103.398910522461,0.000125945851323195,3.3729593269527e-05,С3,0.248916625976562,0.749876141548157,1.86880493164062,448785.446449817,6197468.3400102,42.6263287100611,5.98096521756932,68.1169891357422,1532.38684082031,2126.46704101562,1408.00244140625,193.404006958008,0.221260920166969,0.356554627418518,1.89100635051727,1.86880493164062,8.05946350097656,14.0359039306641,0.572508677386,1.27364169739745,1.74763710643194
"MULTIPOINT ((448935.229261466 6197460.27097468))",1264,п1д огл,с.с.,фг,161.339874267578,0.453680783510208,160.626052856445,5.31399091414642e-05,4.43925819126889e-05,С2,0.152008056640625,1.69911801815033,2.18521118164062,448935.229261466,6197460.27097468,12.3939776417385,12.6974708468325,157.580444335938,1569.8984375,2001.625,1532.38684082031,322.340026855469,0.135128438472748,1.65525722503662,2.95420050621033,2.18521118164062,6.53240966796875,14.0359039306641,0.332871034700863,1.35035945481489,2.34494274693841
"MULTIPOINT ((449085.012073116 6197452.20193915))",1265,п1д огл,с.с.,фг,158.646453857422,0.731672525405884,342.840942382812,-0.000378032535081729,0.000139165334985591,С2,-0.372406005859375,1.8094927072525,2.28427124023438,449085.012073116,6197452.20193915,7.07629304507336,11.8702509338107,118.185333251953,1630.92578125,1815.43542480469,1720.22094726562,392.1435546875,-0.331034332513809,0.211408033967018,1.07532298564911,2.28427124023438,10.8804779052734,12.5088500976562,0.740495920438942,1.58760283945724,2.47247444982686
"MULTIPOINT ((449234.794884766 6197444.13290363))",1266,п1д огл,с.с.,фг,158.683578491211,0.763628661632538,25.6217021942139,0.000392567337257788,0.000150063962792046,С2,0.845901489257812,2.35240483283997,2.50320434570312,449234.794884766,6197444.13290363,4.78503495809292,11.2742067981038,113.206848144531,1676.16809082031,1692.20837402344,1846.08264160156,386.808013916016,0.751914143562317,1.42158448696136,1.49169552326202,2.50320434570312,9.03590393066406,12.5088500976562,0.720229893310553,1.65400046067022,2.33916073222456
"MULTIPOINT ((449384.577696416 6197436.06386811))",1267,п1д огл,с.с.,фг,156.153076171875,0.280878692865372,84.4598236083984,-8.0291458289139e-05,-0.000336849130690098,С2,-0.650131225585938,1.57801377773285,1.53012084960938,449384.577696416,6197436.06386811,16891.5807241313,19.6480713391991,0,1729.85803222656,1569.8984375,1972.34155273438,386.808013916016,-0.577907979488373,-0.762309193611145,-0.802353739738464,1.53012084960938,7.88525390625,12.5088500976562,0.393764235200409,0.987362641037624,2.08235761170037
"MULTIPOINT ((449534.360508065 6197427.99483258))",1268,п1д огл,с.с.,фг,157.840560913086,0.0938788875937462,223.687469482422,0.000141608179546893,9.20110760489479e-05,С2,0.364105224609375,0.721337854862213,0.647918701171875,449534.360508065,6197427.99483258,5.99345831771394,11.7041693384849,143.218933105469,1798.18347167969,1388.68322753906,2145.92260742188,328.723602294922,0.323652476072311,0.755686223506927,0.888229370117188,0.647918701171875,2.85963439941406,12.1780090332031,0.14782599060462,0.408436487677149,1.87960905937703
"MULTIPOINT ((449684.143319715 6197419.92579706))",1269,п1д огл,с.с.,фг,157.570053100586,0.138628244400024,291.032897949219,8.11230784165673e-05,-6.95569497111137e-06,С2,0.1156005859375,0.376832038164139,0.536239624023438,449684.143319715,6197419.92579706,9.76124282271152,12.1919204751366,119.9990234375,1815.43542480469,1269.87243652344,2035.59692382812,203.86572265625,0.102750986814499,0.0756452903151512,0.601416766643524,0.536239624023438,2.57078552246094,12.1780090332031,0.137887617988867,0.372052056611608,1.59139374794984
"MULTIPOINT ((449833.926131365 6197411.85676154))",1270,п1д огл,с.с.,фг,157.632736206055,0.396423131227493,217.407180786133,-2.2144240574562e-05,-2.39637283812044e-05,С2,-0.0718536376953125,0.525536179542542,1.14169311523438,449833.926131365,6197411.85676154,213.835185210767,15.2787063001537,85.0404739379883,1833.65856933594,1153.23864746094,1909.16735839844,91.1715240478516,-0.0638800710439682,-0.425005555152893,1.01814389228821,1.14169311523438,4.10696411132812,13.8543395996094,0.346324701244952,0.725600665046313,1.64422770026547
"MULTIPOINT ((449983.708943015 6197403.78772601))",1271,п1д огл,с.с.,фг,158.583389282227,0.163350641727448,260.103485107422,-0.000159173156134784,3.21389670716599e-05,С2,-0.197998046875,1.50011110305786,0.730316162109375,449983.708943015,6197403.78772601,17.2072001934735,13.0255880783765,211.544967651367,1677.40734863281,1019.32861328125,1706.880859375,91.1715240478516,-0.175993174314499,0.952873706817627,3.06468081474304,0.730316162109375,6.85763549804688,17.6474914550781,0.251926987349422,0.935829884079991,2.59884030430247
"MULTIPOINT ((450133.491754665 6197395.71869049))",1272,п1д огл,с.с.,фг,157.629760742188,1.05546641349792,3.67741751670837,1.21103612400475e-05,8.70303338160738e-05,С2,0.154541015625,0.915273010730743,3.25843811035156,450133.491754665,6197395.71869049,9.83371631096522,12.199317665223,207.574798583984,1548.57458496094,916.262451171875,1580.45251464844,203.86572265625,0.137376576662064,0.83161985874176,2.93815994262695,3.25843811035156,7.03843688964844,17.6474914550781,0.721189083632834,1.62261768886048,3.59361778351025
"MULTIPOINT ((450259.067459744 6196938.30122002))",1273,п1д огл,с.с.,далл,153.756591796875,2.0504846572876,81.0221481323242,0.000381435878807679,9.92761852103285e-05,С2,0.750457763671875,4.090012550354,5.22611999511719,450259.067459744,6196938.30122002,40.0766116993762,13.6042936591902,15.9998693466187,1424.14465332031,1183.47521972656,1424.14465332031,0,0.667073547840118,0.182827696204185,-0.0982576534152031,5.22611999511719,6.19331359863281,15.5241546630859,1.72673430392829,1.63308598378582,2.51754337423471
"MULTIPOINT ((447704.690626174 6196925.69201227))",1274,п1д,с.с.,далл,150.935760498047,2.77529215812683,256.450805664062,-0.000344946427503601,-0.000601965002715588,,-1.47880554199219,4.09012174606323,8.90762329101562,447704.690626174,6196925.69201227,71.4317413980084,14.1822430723801,55.7131004333496,1295.79077148438,1676.16809082031,288.309661865234,64.4680023193359,-1.31449723243713,-1.55395138263702,0.686055719852448,8.90762329101562,16.7598419189453,28.0112457275391,2.02411531031689,4.28021736396594,4.25620284957093
"MULTIPOINT ((450109.284648094 6196946.37025554))",1275,п1д огл,с.с.,далл,154.073791503906,0.990565240383148,81.0153961181641,0.000450758670922369,-7.37126465537585e-05,С2,0.58795166015625,3.65567898750305,4.38714599609375,450109.284648094,6196946.37025554,95.023584882365,14.4676258671342,47.9996070861816,1552.59509277344,1251.7421875,1552.59509277344,64.4680023193359,0.522616922855377,-0.35839906334877,-0.410918861627579,4.38714599609375,8.22994995117188,15.5241546630859,0.631493814917079,1.75681944770684,1.91012984100085
"MULTIPOINT ((447854.473437824 6196917.62297674))",1276,п1д,с.с.,далл,153.984100341797,2.54294729232788,318.963958740234,-0.000803371774964035,-0.000267929484834895,С2,-1.67379760742188,8.99269485473633,7.99192810058594,447854.473437824,6196917.62297674,28.1188408695439,13.2499405896633,123.481788635254,1488.359375,1687.2890625,469.334136962891,64.4680023193359,-1.48782014846802,1.08378255367279,2.09041380882263,7.99192810058594,16.4493865966797,20.0259857177734,1.92530671651964,3.3630290562826,4.25299919050678
"MULTIPOINT ((448004.256249473 6196909.55394122))",1277,п1д,с.с.,далл,153.636077880859,0.413815885782242,38.0940055847168,0.000292488984996453,-6.75827759550884e-05,С2,0.350555419921875,3.06597518920898,2.12080383300781,448004.256249473,6196909.55394122,1.35804905396051,9.67243730794617,46.6472320556641,1616.84924316406,1706.880859375,594.365600585938,64.4680023193359,0.311609894037247,0.782229363918304,0.976181507110596,2.12080383300781,15.6709747314453,20.0259857177734,0.658206752065292,2.33503524820039,4.21497837685453
"MULTIPOINT ((448154.039061123 6196901.4849057))",1278,п1д,с.с.,морена,150.479843139648,0.481993854045868,191.216354370117,-0.00118071318138391,-0.000395150185795501,С2,-2.45626831054688,8.02945041656494,3.94508361816406,448154.039061123,6196901.4849057,17.76612451131,12.7907942711531,43.999641418457,1745.40490722656,1735.85400390625,720.774169921875,91.1715240478516,-2.18336319923401,-2.60739755630493,-2.99311017990112,3.94508361816406,11.6712646484375,20.0259857177734,1.31934492313564,2.34742544223283,3.9631154752978
"MULTIPOINT ((448303.821872773 6196893.41587017))",1279,п1д,с.с.,морена,156.304626464844,0.542727112770081,275.540191650391,0.000167895312188193,-4.69877559226006e-05,С2,0.1884765625,2.12815403938293,1.90682983398438,448303.821872773,6196893.41587017,10.0005927512408,4.83133088307025,55.9995422363281,1860.65869140625,1795.87072753906,911.715209960938,128.936004638672,0.167531326413155,1.40884339809418,1.63949513435364,1.90682983398438,14.0248870849609,18.8205871582031,0.580687029076745,1.7149024382266,3.94056958847371
"MULTIPOINT ((448453.604684423 6196885.34683465))",1280,п1д огл,с.с.,далл,155.468811035156,0.699119687080383,256.996551513672,-0.000252973928581923,8.80759325809777e-05,С2,-0.257080078125,1.00480306148529,1.93548583984375,448453.604684423,6196885.34683465,20.4850173992568,12.9331945047901,62.2248878479004,1834.79150390625,1787.75244140625,1049.46301269531,193.404006958008,-0.228515625,-0.487481564283371,1.06134271621704,1.93548583984375,9.35015869140625,19.4755554199219,0.607008371756642,1.13656953218867,4.19854619676877
"MULTIPOINT ((448603.387496073 6196877.27779913))",1281,п1д огл,с.с.,далл,156.111221313477,1.2175635099411,220.549392700195,-0.000212030281545594,-0.000182606643647887,С2,-0.6153564453125,2.0874195098877,3.72291564941406,448603.387496073,6196877.27779913,23.6888912362698,12.8737196815065,114.611450195312,1806.2548828125,1847.20788574219,1176.4306640625,193.404006958008,-0.546978414058685,-0.756133437156677,1.21463167667389,3.72291564941406,6.97457885742188,18.4588012695312,0.91657573927548,1.57974651770143,3.52754378113249
"MULTIPOINT ((448753.170307722 6196869.2087636))",1282,п1д огл,с.с.,далл,157.400085449219,0.484552025794983,310.530090332031,-7.93825165601447e-05,0.000131868742755614,С2,0.0818023681640625,0.59419196844101,1.69129943847656,448753.170307722,6196869.2087636,16.5455893305451,12.7196203050228,156.459579467773,1703.224609375,1949.02453613281,1367.57287597656,182.343048095703,0.0727081298828125,0.519436299800873,1.8767865896225,1.69129943847656,6.85191345214844,18.4397888183594,0.394514688460531,1.23012070261755,2.89240556688672
"MULTIPOINT ((448902.953119372 6196861.13972808))",1283,п1д огл,с.с.,далл,155.578323364258,0.592961430549622,355.667205810547,-0.000286969967419282,2.28054022954893e-06,С2,-0.44378662109375,1.45831227302551,1.7677001953125,448902.953119372,6196861.13972808,13.888837920604,12.3397989577018,91.9992523193359,1643.61804199219,2024.33630371094,1495.32409667969,128.936004638672,-0.394466817378998,-0.705579459667206,-0.122098796069622,1.7677001953125,6.44117736816406,18.2744140625,0.519315837052926,1.09923901545929,2.66608750441746
"MULTIPOINT ((449052.735931022 6196853.07069256))",1284,п1д огл,с.с.,далл,156.147720336914,0.132074534893036,217.40673828125,0.000262075511272997,-7.34838749849587e-06,С2,0.397003173828125,1.52910459041595,1.20088195800781,449052.735931022,6196853.07069256,4.41555054339254,11.3986332690978,147.077011108398,1592.2421875,2104.85791015625,1615.56359863281,128.936004638672,0.352896809577942,0.511268794536591,0.547711610794067,1.20088195800781,4.30891418457031,16.9037170410156,0.29101655425493,0.758861074560046,2.30824043859005
"MULTIPOINT ((448927.160225943 6197310.48816303))",1285,п1д огл,с.с.,фг,162.186462402344,0.566541314125061,341.616546630859,0.00055731664178893,0.000228694931138307,С2,1.22518920898438,3.20613241195679,3.02630615234375,448927.160225943,6197310.48816303,6.7387130640327,11.8213697110642,199.99836730957,1692.20837402344,2038.6572265625,1505.02075195312,265.808380126953,1.08905363082886,2.34988880157471,4.07861089706421,3.02630615234375,6.4158935546875,14.0359039306641,0.671211394774552,1.2948402379217,2.13362581254265
"MULTIPOINT ((449076.943037593 6197302.4191275))",1286,п1д огл,с.с.,фг,157.943222045898,0.402107059955597,305.21533203125,-0.00011671755783027,-0.000112878158688545,С2,-0.35784912109375,0.821003615856171,1.86007690429688,449076.943037593,6197302.4191275,76.0888259543327,14.245402164798,51.9995765686035,1753.71936035156,1856.18591308594,1695.88842773438,265.808380126953,-0.318093180656433,-0.673996269702911,0.632010102272034,1.86007690429688,6.52485656738281,12.5088500976562,0.434721250574443,1.44598903111306,2.39843004717352
"MULTIPOINT ((449226.725849242 6197294.35009198))",1287,п1д огл,с.с.,фг,159.19123840332,0.158554807305336,352.298370361328,0.000415637856349349,0.000244827388087288,С2,1.02938842773438,2.61556172370911,1.61631774902344,449226.725849242,6197294.35009198,2.95747695525382,10.9978372692977,99.9991836547852,1795.87072753906,1735.85400390625,1823.43041992188,257.872009277344,0.915003478527069,1.78767645359039,2.29833292961121,1.61631774902344,5.51577758789062,12.5088500976562,0.371154285387287,0.912981215807465,2.3764651816108
"MULTIPOINT ((449376.508660892 6197286.28105646))",1288,п1д огл,с.с.,фг,156.550048828125,0.654803693294525,357.356750488281,-0.000254040147410706,-6.03369189775549e-05,С2,-0.49005126953125,1.45473325252533,1.82676696777344,449376.508660892,6197286.28105646,72.1245267460508,14.1918949076527,20.3959121704102,1846.08264160156,1616.84924316406,1951.15576171875,257.872009277344,-0.435606211423874,-0.472312152385712,-0.0941541865468025,1.82676696777344,4.50299072265625,12.5088500976562,0.617386558926229,0.933472849647804,2.02464336376179
"MULTIPOINT ((449526.291472542 6197278.21202093))",1289,п1д огл,с.с.,фг,157.249313354492,0.275769382715225,249.462295532227,-3.62440687240451e-06,0.000146798236528412,С2,0.223129272460938,0.668613135814667,0.95166015625,449526.291472542,6197278.21202093,5.71625568072874,5.69991654229515,75.999382019043,1923.26538085938,1441.54833984375,2143.015625,257.872009277344,0.19835239648819,0.624671757221222,0.643178045749664,0.95166015625,3.63935852050781,12.0392456054688,0.238677735303553,0.587778162413731,1.50803339568046
"MULTIPOINT ((449676.074284192 6197270.14298541))",1290,п1д огл,с.с.,фг,156.795120239258,0.296069532632828,265.215484619141,6.05437089689076e-05,2.25296407734277e-05,С2,0.129470825195312,0.663652122020721,0.725067138671875,449676.074284192,6197270.14298541,4.2453215613539,11.3593183119337,61.0568504333496,1870.68322753906,1359.95397949219,2007.84448242188,193.404006958008,0.11509195715189,0.352838635444641,0.284173846244812,0.725067138671875,5.13372802734375,11.6377868652344,0.21889322160599,1.01025074560866,1.51486613524281
"MULTIPOINT ((449825.857095842 6197262.07394989))",1291,п1д огл,с.с.,фг,156.743789672852,0.592412710189819,192.764434814453,-0.000281601533060893,-4.35387391917175e-06,С2,-0.44573974609375,1.78589749336243,1.73225402832031,449825.857095842,6197262.07394989,117.732162231637,14.6819129773682,47.9996070861816,1869.57202148438,1251.7421875,1879.54919433594,64.4680023193359,-0.396219879388809,-0.311600357294083,0.488873153924942,1.73225402832031,5.39041137695312,11.0353546142578,0.522959343770349,1.20328304884561,1.8200432717488
"MULTIPOINT ((449975.639907491 6197254.00491436))",1292,п1д огл,с.с.,фг,158.945449829102,0.540197610855103,342.901031494141,0.000364600942702964,1.91761415635483e-07,С2,0.568634033203125,1.14118313789368,2.3173828125,449975.639907491,6197254.00491436,6.70714696758446,11.81667441387,193.492599487305,1676.16809082031,1097.8505859375,1687.2890625,128.936004638672,0.50544399023056,2.08647036552429,3.43553829193115,2.3173828125,8.93618774414062,16.4805908203125,0.4662862610587,1.31590939413448,2.28714271374964
"MULTIPOINT ((450125.422719141 6197245.93587884))",1293,п1д огл,с.с.,фг,156.257354736328,1.57198691368103,309.710052490234,0.000101586505479645,-0.000147808401379734,С2,-0.0719451904296875,1.35061585903168,5.11111450195312,450125.422719141,6197245.93587884,49.1342890340887,13.6032706095257,132.965072631836,1547.23205566406,1002.88671875,1559.27294921875,257.872009277344,-0.0639529749751091,0.198346823453903,1.43419778347015,5.11111450195312,8.93618774414062,16.4805908203125,1.15157264990649,2.14462934479101,3.00319723633888
"MULTIPOINT ((450275.205530791 6197237.86684332))",1294,п1д огл,с.с.,фг,154.989685058594,0.701570332050323,284.706451416016,-3.54075345967431e-05,-1.63289842021186e-05,С2,-0.080657958984375,1.89131546020508,3.39607238769531,450275.205530791,6197237.86684332,3.62964068798839,11.2026344037782,98.7919006347656,1418.29602050781,916.262451171875,1431.42199707031,288.309661865234,-0.0716874897480011,0.662032127380371,0.649171829223633,3.39607238769531,10.4869384765625,16.4805908203125,0.577404992322961,1.78176516293027,3.26138588399697
"MULTIPOINT ((450424.988342441 6197229.79780779))",1295,п1д огл,с.с.,фг,151.847396850586,2.73872756958008,21.2911720275879,0.000556139333639294,-9.36379274207866e-06,С2,0.855133056640625,4.81119585037231,6.95919799804688,450424.988342441,6197229.79780779,38.255019844278,13.8245349556732,102.449150085449,1224.89208984375,807.781799316406,1240.06677246094,182.343048095703,0.760123372077942,-0.247246876358986,-2.04965662956238,6.95919799804688,8.91842651367188,16.4805908203125,2.22238454231498,2.74411337309426,2.9076517199832
"MULTIPOINT ((450574.771154091 6197221.72877227))",1296,п1д,с.с.,фг,147.436416625977,1.20388102531433,183.68293762207,-0.000723362318240106,-0.000270751188509166,С4,-1.55021667480469,1.97344756126404,5.20455932617188,450574.771154091,6197221.72877227,440.507685789658,16.0014286375265,23.9998035430908,1095.9560546875,754.57861328125,1112.89025878906,128.936004638672,-1.37797212600708,-4.82396411895752,-5.67957925796509,5.20455932617188,10.4440765380859,14.9729766845703,1.07615397909208,2.72688568980129,2.85838876055674
"MULTIPOINT ((450724.55396574 6197213.65973675))",1297,п1д,с.с.,фг,154.416641235352,2.29760527610779,193.721755981445,0.000728899205569178,-0.00011593056115089,С2,0.957931518554688,3.37194561958313,6.40740966796875,450724.55396574,6197213.65973675,19.4246119455525,6.86960270458279,104.076049804688,967.02001953125,720.774169921875,986.170776367188,64.4680023193359,0.851504862308502,1.45122885704041,2.01192855834961,6.40740966796875,11.8822784423828,17.2877960205078,1.84753345370775,2.8440304572287,2.902236374774
"MULTIPOINT ((447571.045885571 6197233.32667109))",1298,п2д,с.с.,морена,153.068054199219,2.17234563827515,199.738479614258,-0.000309083145111799,-0.000246819021413103,С2,-0.867721557617188,4.74179077148438,5.48306274414062,447571.045885571,6197233.32667109,54.7014098261704,13.9153902273091,48.3317909240723,1245.08386230469,2002.66296386719,232.442687988281,64.4680023193359,-0.771306335926056,0.550922334194183,2.57044672966003,5.48306274414062,22.5057067871094,29.9913635253906,1.78096013841516,3.60089573053298,7.07612740987296
"MULTIPOINT ((447720.828697221 6197225.25763557))",1299,п2д,с.с.,морена,158.357482910156,1.15569019317627,30.3744564056396,0.0009201102075167,0.000328748166793957,С2,1.9473876953125,6.245276927948,4.90969848632812,447720.828697221,6197225.25763557,10.4945144842227,12.2643534350012,136.057693481445,1427.06005859375,1999.54760742188,375.909820556641,91.1715240478516,1.73101472854614,2.40597152709961,4.55819177627563,4.90969848632812,8.38287353515625,29.1230010986328,1.23867380996338,1.71173993167364,4.33203546046795
"MULTIPOINT ((447870.611508871 6197217.18860004))",1300,п3д,с.с.,морена,154.156753540039,0.45601823925972,168.154830932617,-0.00058234081370756,2.19758312596241e-05,,-0.873443603515625,2.7335889339447,2.8631591796875,447870.611508871,6197217.18860004,16.8317109427745,6.68455703604649,24.3308525085449,1549.91589355469,2007.84448242188,490.973693847656,0,-0.776394307613373,-2.31302213668823,-1.40317440032959,2.8631591796875,8.86029052734375,16.2367248535156,0.901687485881743,1.80556790643293,2.73251550399257
"MULTIPOINT ((448020.39432052 6197209.11956452))",1301,п3д,с.с.,морена,156.307205200195,2.10636377334595,249.339569091797,0.000321636500302702,0.000212559767533094,С2,0.833816528320312,3.94091963768005,5.21961975097656,448020.39432052,6197209.11956452,18.6717970299781,12.8405149496228,73.7557525634766,1657.46728515625,1960.7177734375,594.365600585938,64.4680023193359,0.741168558597565,0.271858066320419,0.515096545219421,5.21961975097656,9.10627746582031,18.7594604492188,1.76615131053527,2.05336265021123,2.75443098258372
"MULTIPOINT ((448170.17713217 6197201.050529))",1302,п2д,с.с.,морена,158.000991821289,1.34453117847443,241.800765991211,0.000178896603756584,0.000105921222711913,С2,0.444183349609375,1.22651708126068,3.58451843261719,448170.17713217,6197201.050529,28.8711440450228,13.2763433647843,69.0501403808594,1741.82958984375,2001.625,784.287109375,128.936004638672,0.394826263189316,1.02101421356201,0.998998880386353,3.58451843261719,7.53875732421875,18.1953125,1.10246555199033,1.87853927223935,2.85199588468274
"MULTIPOINT ((448319.95994382 6197192.98149347))",1303,п1д,с.с.,морена,158.808044433594,1.15119683742523,282.3125,0.000258540210779756,0.000204857249627821,С2,0.7225341796875,2.70355749130249,2.91523742675781,448319.95994382,6197192.98149347,7.62390843298264,11.7400026233745,99.9991836547852,1740.63610839844,2038.6572265625,911.715209960938,128.936004638672,0.642256021499634,0.820276379585266,1.37663114070892,2.91523742675781,8.99891662597656,18.1953125,0.918117812532995,1.60971254397062,2.8402985652333
"MULTIPOINT ((450242.929388697 6196638.73559672))",1304,п1д огл,с.с.,далл,155.001998901367,0.233742237091064,326.627197265625,6.07887268415652e-05,-6.83098915033042e-05,С2,-0.01171875,0.754229664802551,1.16703796386719,450242.929388697,6196638.73559672,19.4401715707167,12.8808423690734,149.771942138672,1441.54833984375,1413.89367675781,1448.73815917969,257.872009277344,-0.0104183619841933,0.845869123935699,2.20904445648193,1.16703796386719,12.2489929199219,19.7800750732422,0.256429799933363,1.03993053526498,4.04298967107645
"MULTIPOINT ((449943.363765397 6196654.87366776))",1305,п1д огл,с.с.,далл,155.883590698242,0.284709274768829,271.476928710938,-6.63141181576066e-05,-0.000199605419766158,С2,-0.414474487304688,1.3367817401886,1.01734924316406,449943.363765397,6196654.87366776,79.1836096814565,14.285270073363,64.621452331543,1329.04187011719,1573.86450195312,1729.85803222656,322.340026855469,-0.368406504392624,-0.294511765241623,1.85117721557617,1.01734924316406,3.55380249023438,19.7800750732422,0.328326578522979,0.595634249890944,1.52794052890558
"MULTIPOINT ((447988.118178426 6196609.98831792))",1306,п1д,с.с.,морена,148.332717895508,0.910256147384644,18.0692176818848,0.00011179474677192,0.000421719654696062,С2,0.8316650390625,3.45016503334045,3.23680114746094,447988.118178426,6196609.98831792,4.08291264018563,11.3203113605476,51.9995765686035,1488.359375,1391.6728515625,735.04833984375,0,0.739252746105194,0.956317842006683,-0.0251778829842806,3.23680114746094,8.93447875976562,24.1396484375,0.712466375599061,1.77689396087691,4.1565611207765
"MULTIPOINT ((450093.146577047 6196646.80463224))",1307,п1д огл,с.с.,далл,156.428665161133,0.446337461471558,37.9489936828613,0.000252584723057225,2.06233962671831e-05,С2,0.425857543945312,1.12144434452057,1.77316284179688,450093.146577047,6196646.80463224,16.1221082619474,12.6936922584333,134.460784912109,1366.05249023438,1503.63928222656,1615.56359863281,288.309661865234,0.378529876470566,0.709290504455566,2.75829815864563,1.77316284179688,4.48757934570312,19.7800750732422,0.361450103455712,0.742229017783323,2.82551483353654
"MULTIPOINT ((448137.900990076 6196601.9192824))",1308,п1д,с.с.,морена,148.706115722656,0.880589663982391,192.310501098633,0.000225549476454034,0.000497701694257557,С2,1.12744140625,3.8421094417572,3.68119812011719,448137.900990076,6196601.9192824,1.37046938315802,9.68152047191323,71.5535888671875,1505.02075195312,1427.06005859375,840.559875488281,64.4680023193359,1.00217008590698,0.771035313606262,-0.445005089044571,3.68119812011719,11.8979644775391,24.1396484375,0.68232513154415,2.27009993295796,3.97065770400855
"MULTIPOINT ((448287.683801726 6196593.85024687))",1309,п1д,с.с.,морена,149.966293334961,1.43098747730255,245.040161132812,0.000194200474652462,0.000240071909502149,С2,0.677230834960938,1.89181506633759,4.26455688476562,448287.683801726,6196593.85024687,122.518137749994,14.7217598267156,100.716606140137,1532.38684082031,1472.92102050781,951.858642578125,144.154830932617,0.601988077163696,1.10139775276184,-0.224582865834236,4.26455688476562,12.9068908691406,19.1749420166016,1.0544949868457,3.21847755806897,4.15501310218363
"MULTIPOINT ((448437.466613376 6196585.78121135))",1310,п1д,с.с.,морена,152.828582763672,2.29694557189941,260.764495849609,0.000311788055114448,0.000334092066623271,С2,1.00823974609375,1.6152263879776,6.20655822753906,448437.466613376,6196585.78121135,6.89223483125126,11.6391088585638,46.6472320556641,1592.2421875,1559.27294921875,1125.88525390625,328.723602294922,0.896204650402069,1.77882885932922,2.09816646575928,6.20655822753906,13.2354888916016,19.9766082763672,1.84209762785559,3.76305802609498,4.59280886471894
"MULTIPOINT ((448587.249425025 6196577.71217583))",1311,п1д огл,с.с.,далл,152.629913330078,1.73111546039581,231.157302856445,2.08882593142334e-05,-0.000315308454446495,С2,-0.45904541015625,2.92025399208069,6.07550048828125,448587.249425025,6196577.71217583,94.2661001116728,14.4596223796314,54.4054412841797,1601.35192871094,1627.09887695312,1204.36169433594,451.276000976562,-0.408043742179871,0.156217932701111,1.50491297245026,6.07550048828125,13.3632354736328,19.9766082763672,1.26928163075645,3.51363701807406,4.74504070285851
"MULTIPOINT ((448737.032236675 6196569.6431403))",1312,п1д огл,с.с.,далл,155.808685302734,1.13681757450104,244.963790893555,0.000227957280003466,0.000153437445987947,С2,0.594680786132812,0.859337747097015,3.54714965820312,448737.032236675,6196569.6431403,14.6775224551179,4.58879605767975,174.400421142578,1521.49951171875,1702.00402832031,1245.08386230469,432.464508056641,0.528605163097382,2.72602462768555,4.12770700454712,3.54714965820312,12.3641357421875,19.9766082763672,0.809058005114918,2.65705710113744,4.78663878658612
"MULTIPOINT ((448886.815048325 6196561.57410478))",1313,п1д огл,с.с.,далл,150.91633605957,2.19588947296143,304.071228027344,-0.000112528199679218,-0.000425959005951881,С2,-0.840133666992188,3.70903611183167,7.13558959960938,448886.815048325,6196561.57410478,33.2250721619934,13.2120182439745,51.9995765686035,1359.95397949219,1778.42907714844,1271.5078125,451.276000976562,-0.746787190437317,-0.913281500339508,-0.628528773784637,7.13558959960938,13.8851013183594,19.5200653076172,2.07490095771474,3.23425591703021,4.80557065051797
"MULTIPOINT ((449036.597859975 6196553.50506925))",1314,п1д огл,с.с.,далл,151.730514526367,0.828327357769012,210.441513061523,0.000222447910346091,-0.000330014328937978,С2,-0.167587280273438,2.45127964019775,3.56155395507812,449036.597859975,6196553.50506925,106.419744917038,14.5808918766455,39.9996719360352,1297.39343261719,1869.57202148438,1341.49230957031,412.796630859375,-0.148971557617188,-0.345187127590179,-0.108156599104404,3.56155395507812,13.7511291503906,19.5200653076172,0.609244828167451,2.58151797550464,4.474753188318
"MULTIPOINT ((449186.380671625 6196545.43603373))",1315,п1д огл,с.с.,далл,152.575942993164,0.701526761054993,165.00129699707,-9.77894887910224e-05,-0.000466404861072078,С2,-0.879409790039062,3.95143699645996,2.87541198730469,449186.380671625,6196545.43603373,30.8752946474781,13.3434570825666,35.9997062683105,1245.08386230469,1964.95263671875,1419.76037597656,322.340026855469,-0.781702697277069,-0.37856525182724,0.454144358634949,2.87541198730469,11.1524963378906,19.3662261962891,0.696251400240645,1.59288566110326,3.81379719207343
"MULTIPOINT ((450416.919306917 6197080.01499614))",1316,п1д огл,с.с.,фг,152.619216918945,1.09026181697845,247.893173217773,4.18572963098995e-05,-2.61666718870401e-05,С2,0.0244903564453125,2.34274172782898,3.081298828125,450416.919306917,6197080.01499614,20.091574578551,12.7090140194491,119.9990234375,1289.36010742188,1009.08386230469,1289.36010742188,128.936004638672,0.0217624232172966,-0.0447275601327419,-1.31813752651215,3.081298828125,8.26057434082031,12.8970642089844,0.766498191472957,1.39356788467381,2.59375208689
"MULTIPOINT ((450566.702118567 6197071.94596062))",1317,п1д огл,с.с.,фг,153.86930847168,1.70590579509735,33.5781898498535,0.000568426330573857,0.000359023717464879,С2,1.44691467285156,4.79344701766968,5.28614807128906,450566.702118567,6197071.94596062,11.6862008742009,12.3719094777139,73.7557525634766,1095.9560546875,938.668273925781,1095.9560546875,64.4680023193359,1.2861396074295,1.65538060665131,0.631805300712585,5.28614807128906,8.1641845703125,12.8970642089844,1.38869000257391,1.86003466785491,2.33750126311594
"MULTIPOINT ((450716.484930217 6197063.8769251))",1318,п1д,с.с.,фг,150.980087280273,1.45800602436066,168.043075561523,-0.000415214948588982,-0.000333138043060899,С2,-1.16714477539062,3.90536546707153,4.84065246582031,450716.484930217,6197063.8769251,49.0354057469693,13.8060433478759,37.7356147766113,967.02001953125,911.715209960938,967.02001953125,0,-1.03746199607849,-1.42417848110199,-1.78218376636505,4.84065246582031,8.1641845703125,15.0638122558594,1.10787905117703,1.9215896020094,2.4518592923064
"MULTIPOINT ((449659.936213145 6196970.57736211))",1319,п1д огл,с.с.,далл,154.942291259766,1.30238151550293,136.191421508789,-0.000141496653668582,-5.58763931621797e-05,С2,-0.307815551757812,1.99000799655914,3.45249938964844,449659.936213145,6196970.57736211,12.8275740911555,12.4650978242054,42.5202369689941,1612.98901367188,1510.53369140625,1999.54760742188,0,-0.27360874414444,-0.446978807449341,-1.01360893249512,3.45249938964844,5.72848510742188,8.08401489257812,1.11827724571099,1.29153411180111,1.56822428639701
"MULTIPOINT ((449809.719024794 6196962.50832659))",1320,п1д огл,с.с.,далл,155.613830566406,0.943441092967987,47.305534362793,-0.000118912612379063,4.08638879889622e-05,С2,-0.1217041015625,2.05905652046204,3.14811706542969,449809.719024794,6196962.50832659,49.8839453530303,13.8231999590029,104.306381225586,1623.26293945312,1413.89367675781,1870.68322753906,0,-0.108186513185501,-0.505496263504028,-0.106542356312275,3.14811706542969,5.23348999023438,8.93618774414062,0.957859829089951,1.22031893917535,1.77721215574462
"MULTIPOINT ((450077.008506 6196347.23900894))",1321,п1д огл,с.с.,далл,156.935974121094,1.79559075832367,261.980926513672,0.000891029834747314,0.00019077627803199,,1.68824768066406,3.91834306716919,4.76448059082031,450077.008506,6196347.23900894,2.67266105872622,10.8965753717193,94.8253860473633,1067.13537597656,1787.75244140625,1488.359375,432.464508056641,1.50066292285919,4.50555753707886,5.42805480957031,4.76448059082031,17.2823791503906,21.9056701660156,1.41744951593478,3.547588029047,5.45447490582259
"MULTIPOINT ((449777.4428827 6196363.37707999))",1322,п1д огл,с.с.,далл,157.686492919922,1.58177864551544,275.693511962891,0.00108680338598788,0.000308401969959959,,2.17660522460938,6.32041883468628,4.40499877929688,449777.4428827,6196363.37707999,5.35807810385771,4.79154250371267,155.639343261719,986.170776367188,1913.51635742188,1657.46728515625,257.872009277344,1.93477547168732,3.11279368400574,5.97303438186646,4.40499877929688,7.54533386230469,18.2640075683594,1.58083335976654,2.0663899603608,3.87794304260173
"MULTIPOINT ((450226.79131765 6196339.16997342))",1323,п1д огл,с.с.,далл,153.791351318359,4.91651105880737,322.793762207031,0.00105429103132337,0.000578156381379813,,2.56584167480469,7.86634826660156,15.5310363769531,450226.79131765,6196339.16997342,69.0899376051294,14.4156692656574,85.6030349731445,1127.72937011719,1735.85400390625,1366.05249023438,392.1435546875,2.28076004981995,3.93202638626099,2.35064721107483,15.5310363769531,18.2176971435547,21.9056701660156,3.62745177250427,5.86319775414455,5.45033107039617
"MULTIPOINT ((449927.22569435 6196355.30804446))",1324,п1д огл,с.с.,далл,155.810699462891,1.51788926124573,276.961761474609,0.000886410940438509,-0.000318588135996833,,0.886260986328125,3.84691786766052,4.58222961425781,449927.22569435,6196355.30804446,7.48392985294408,11.9262587798574,35.9997062683105,1019.32861328125,1847.20788574219,1611.70007324219,386.808013916016,0.787789225578308,1.75470590591431,4.37929344177246,4.58222961425781,13.0677795410156,18.9565734863281,1.49123315814587,2.32120516611989,5.08791915703331
"MULTIPOINT ((447822.197295729 6196318.49173014))",1325,п1д,с.с.,морена,144.391265869141,2.35699558258057,215.542175292969,0.000442362535977736,0.000277058978099376,С2,1.12338256835938,4.23563861846924,7.33148193359375,447822.197295729,6196318.49173014,32.013220998846,13.379649718114,63.9994773864746,1224.89208984375,1103.51440429688,807.781799316406,128.936004638672,0.998555481433868,1.12895977497101,-0.41584500670433,7.33148193359375,12.1229248046875,19.0137023925781,1.88843590778636,2.77429976645789,2.80783974747034
"MULTIPOINT ((447971.980107379 6196310.42269462))",1326,п1д,с.с.,морена,142.769454956055,0.367100089788437,131.234008789062,-0.000574198900721967,-0.000452544598374516,С2,-1.60029602050781,4.71311521530151,2.83143615722656,447971.980107379,6196310.42269462,49478.8073996675,13.3246127154166,0,1167.56518554688,1080.68054199219,860.110473632812,128.936004638672,-1.422492146492,-2.17909002304077,-2.19657373428345,2.83143615722656,7.14419555664062,20.7070770263672,0.719805380142967,1.22425912255731,2.53388855193746
"MULTIPOINT ((448121.762919029 6196302.3536591))",1327,п1д,с.с.,морена,144.478958129883,0.645838022232056,170.136093139648,8.53543751873076e-05,-0.000779548019636422,С2,-1.08198547363281,4.28320789337158,3.17622375488281,448121.762919029,6196302.3536591,19.6935881619746,12.8937938531802,51.9995765686035,1188.73120117188,1125.88525390625,840.559875488281,64.4680023193359,-0.961768269538879,-0.92261803150177,-1.32511723041534,3.17622375488281,4.58052062988281,18.5682678222656,1.09548812044461,1.18969688795,2.16347957973135
"MULTIPOINT ((448271.545730679 6196294.28462357))",1328,п1д,с.с.,морена,145.046630859375,0.336898744106293,308.143249511719,-0.000259184162132442,-0.000317480735247955,С2,-0.898788452148438,3.78293013572693,2.78863525390625,448271.545730679,6196294.28462357,21.9493627353571,13.0022388509678,43.999641418457,1223.1943359375,1183.47521972656,838.084045410156,91.1715240478516,-0.798926472663879,-0.595494151115417,-1.53590452671051,2.78863525390625,4.58052062988281,18.2110595703125,0.802233521077969,0.932188344274023,2.18830457352001
"MULTIPOINT ((448421.328542328 6196286.21558805))",1329,п1д,с.с.,морена,145.531616210938,0.573404133319855,243.683029174805,-0.000268817850155756,1.73235075635603e-05,С2,-0.39202880859375,2.69135189056396,2.78863525390625,448421.328542328,6196286.21558805,36.7131623605821,13.5166360826151,46.6472320556641,1266.59533691406,1251.7421875,847.944213867188,182.343048095703,-0.348470062017441,-0.548609852790833,-1.23036849498749,2.78863525390625,5.64262390136719,23.2777862548828,0.789441768985955,0.823903192370885,2.88565099121619
"MULTIPOINT ((448571.111353978 6196278.14655253))",1330,п1д,с.с.,морена,147.317153930664,1.0833181142807,242.032379150391,-0.000314220931613818,0.000193874686374329,С2,-0.187774658203125,2.88772225379944,3.39971923828125,448571.111353978,6196278.14655253,6.24926158498236,11.7459640547915,159.998687744141,1329.04187011719,1370.60852050781,897.935363769531,347.170806884766,-0.16691081225872,1.11612713336945,0.422556072473526,3.39971923828125,12.2238311767578,23.2777862548828,1.02748072790711,1.57855710375736,3.95404866083482
"MULTIPOINT ((448720.894165628 6196270.077517))",1331,п1д,с.с.,морена,145.702865600586,2.52962398529053,323.260894775391,0.000192028004676104,-0.000194780761376023,С2,-0.0037078857421875,2.64459872245789,8.51515197753906,448720.894165628,6196270.077517,24.0633772443465,12.8894045357504,91.9992523193359,1276.4013671875,1458.74438476562,951.858642578125,455.857604980469,-0.00329759391024709,-0.207007899880409,-1.56928932666779,8.51515197753906,12.5409545898438,23.2777862548828,1.75064764355107,2.99013633964347,4.44642361967896
"MULTIPOINT ((448870.676977278 6196262.00848148))",1332,п1д,с.с.,морена,142.228698730469,1.27764868736267,263.984252929688,0.000206346318009309,-0.000628725625574589,В4,-0.658294677734375,2.53571176528931,5.11898803710938,448870.676977278,6196262.00848148,26.4577755065036,13.4558102513564,36.8778762817383,1188.73120117188,1552.59509277344,1019.32861328125,455.857604980469,-0.585159301757812,-3.25397348403931,-5.39139413833618,5.11898803710938,12.5409545898438,23.2777862548828,1.16863965436177,2.78329371824213,4.83155687179584
"MULTIPOINT ((449020.459788928 6196253.93944595))",1333,п1д,с.с.,морена,145.587478637695,1.80356335639954,226.535858154297,0.000252014782745391,-9.38470475375652e-06,С2,0.378738403320312,3.49880576133728,5.40240478515625,449020.459788928,6196253.93944595,157.710496147138,14.9742617938664,68.1169891357422,1072.96130371094,1702.00402832031,1140.55541992188,364.686096191406,0.336647868156433,-1.3125809431076,-2.61035346984863,5.40240478515625,14.4745025634766,23.2777862548828,1.52177986722413,3.28549285064434,4.89953279700499
"MULTIPOINT ((449202.518742672 6196845.00165703))",1334,п1д огл,с.с.,далл,155.895706176758,0.511974692344666,74.6004638671875,3.15330362354871e-05,4.55151493952144e-05,С2,0.120086669921875,0.757583022117615,1.54093933105469,449202.518742672,6196845.00165703,17.5881250864582,12.7807247077534,146.477478027344,1532.38684082031,1949.02453613281,1716.59301757812,128.936004638672,0.106748789548874,0.58309531211853,0.580090522766113,1.54093933105469,3.17202758789062,16.9037170410156,0.308365745243054,0.702130519660487,1.66848659101229
"MULTIPOINT ((449352.301554321 6196836.93262151))",1335,п1д огл,с.с.,далл,155.796173095703,0.383403450250626,359.425201416016,0.000316705409204587,-5.07521472172812e-05,,0.414535522460938,1.42633354663849,2.07911682128906,449352.301554321,6196836.93262151,3.37721065002906,11.1305508617427,96.1657333374023,1505.02075195312,1843.82995605469,1792.39599609375,0,0.368474334478378,1.10362458229065,0.540196537971497,2.07911682128906,5.72990417480469,16.9037170410156,0.443078943873509,1.22259216190729,1.41563842746855
"MULTIPOINT ((449651.867177621 6196820.79455046))",1336,п1д огл,с.с.,далл,156.372131347656,0.77302223443985,189.668106079102,7.52002815715969e-05,-1.56659723415942e-06,С2,0.11480712890625,0.4455346763134,2.2462158203125,449651.867177621,6196820.79455046,20.0131390662657,12.9098897555938,145.601013183594,1419.76037597656,1641.08752441406,1960.7177734375,128.936004638672,0.102038912475109,1.07189977169037,0.885783076286316,2.2462158203125,6.29161071777344,7.824951171875,0.522645736294219,1.43977231002714,1.37876900082148
"MULTIPOINT ((449801.649989271 6196812.72551494))",1337,п1д огл,с.с.,далл,157.423828125,0.179636299610138,259.524597167969,0.000126402839669026,8.78825230756775e-05,С2,0.333984375,0.581865966320038,0.768585205078125,449801.649989271,6196812.72551494,4.27239053295652,11.3656742587961,229.083267211914,1431.42199707031,1552.59509277344,1887.27258300781,193.404006958008,0.296869903802872,1.2389053106308,2.14530253410339,0.768585205078125,3.70014953613281,10.9993743896484,0.192829175474151,0.503073528938601,1.49829427855494
"MULTIPOINT ((449951.432800921 6196804.65647941))",1338,п1д огл,с.с.,далл,157.14924621582,0.378104537725449,338.514251708984,7.34463028493337e-05,0.000194202017155476,С2,0.417160034179688,0.779847085475922,1.30543518066406,449951.432800921,6196804.65647941,6.49001329337157,11.7837653234251,204.976364135742,1454.46435546875,1470.0966796875,1759.63391113281,193.404006958008,0.370807230472565,1.25158071517944,2.22144532203674,1.30543518066406,4.90629577636719,16.0408477783203,0.378379427836094,1.01639962830348,1.6143932747286
"MULTIPOINT ((450101.215612571 6196796.58744389))",1339,п1д огл,с.с.,далл,153.870025634766,0.302743941545486,87.6121444702148,-0.000178548987605609,-0.000448523089289665,С2,-0.97735595703125,2.4993622303009,1.94245910644531,450101.215612571,6196796.58744389,54.012285287905,13.9027122704463,59.99951171875,1509.1572265625,1359.95397949219,1568.57421875,144.154830932617,-0.868752360343933,-1.01096487045288,-0.222088694572449,1.94245910644531,6.79751586914062,16.0408477783203,0.49129954392104,1.03108197608734,2.21815139512703
"MULTIPOINT ((450250.99842422 6196788.51840837))",1340,п1д огл,с.с.,далл,156.18620300293,0.108580440282822,1.56019270420074,0.000510516751091927,0.000258554209722206,С2,1.19863891601562,3.1329071521759,1.95686340332031,450250.99842422,6196788.51840837,3.1742131912194,10.8637732553036,91.9992523193359,1441.54833984375,1297.39343261719,1441.54833984375,128.936004638672,1.06546020507812,2.04170823097229,2.76340508460999,1.95686340332031,6.19572448730469,16.0408477783203,0.472918550815186,1.06632958314033,3.05253148519783
"MULTIPOINT ((448295.752837249 6196743.63305852))",1341,п1д,с.с.,морена,153.486099243164,1.53883397579193,232.293548583984,0.000181372233782895,-5.26314252056181e-05,С2,0.200927734375,1.33064615726471,3.86297607421875,448295.752837249,6196743.63305852,513.009909708139,8.38784424927277,3.99996733665466,1673.68664550781,1616.84924316406,958.3857421875,203.86572265625,0.17860072851181,1.14435184001923,1.46920216083527,3.86297607421875,11.4834136962891,18.2666015625,1.34797588161864,2.72080886100803,4.50869623456685
"MULTIPOINT ((448445.535648899 6196735.564023))",1342,п1д огл,с.с.,далл,155.617797851562,0.383835107088089,241.294937133789,0.000291919597657397,0.000275941769359633,С2,0.885086059570312,2.18836712837219,2.20947265625,448445.535648899,6196735.564023,1.73923141707387,10.0614683033272,99.9991836547852,1712.95739746094,1672.44458007812,1080.68054199219,322.340026855469,0.786739766597748,1.59883773326874,3.12749481201172,2.20947265625,10.8418731689453,18.7488098144531,0.267795568124852,1.8471178923172,4.52362743214909
"MULTIPOINT ((448595.318460549 6196727.49498748))",1343,п1д огл,с.с.,далл,155.220779418945,0.980602502822876,224.657562255859,-6.05133536737412e-05,-2.87732655124273e-05,С2,-0.139205932617188,1.59123647212982,3.451171875,448595.318460549,6196727.49498748,186.452408764173,15.1416767700564,47.9996070861816,1702.00402832031,1735.85400390625,1204.36169433594,322.340026855469,-0.12373860925436,0.0620640330016613,2.22835206985474,3.451171875,10.046630859375,18.7488098144531,0.974729063639063,1.60202575453651,4.2464046954616
"MULTIPOINT ((448745.101272199 6196719.42595195))",1344,п1д огл,с.с.,далл,157.001968383789,0.288843661546707,292.531799316406,0.000126226019347087,2.80709591606865e-05,С2,0.240478515625,0.767185866832733,1.15223693847656,448745.101272199,6196719.42595195,4.56789327836078,6.51134679340085,193.492599487305,1592.2421875,1843.82995605469,1388.68322753906,288.309661865234,0.213767156004906,1.50362038612366,3.26236319541931,1.15223693847656,7.98262023925781,18.7488098144531,0.191310562962926,1.11307735419786,3.92599145714802
"MULTIPOINT ((448894.884083849 6196711.35691643))",1345,п1д огл,с.с.,далл,155.448318481445,1.05629169940948,331.453338623047,-6.7065680923406e-05,7.31709296815097e-05,С2,0.0095062255859375,1.20502519607544,3.35122680664062,448894.884083849,6196711.35691643,42.6203875788823,13.6658334648814,43.999641418457,1528.31323242188,1923.26538085938,1441.54833984375,257.872009277344,0.00842793751507998,0.157279819250107,1.39211070537567,3.35122680664062,7.639404296875,18.7488098144531,0.824472311845471,1.56859444145238,3.56341609181691
"MULTIPOINT ((449044.666895498 6196703.2878809))",1346,п1д огл,с.с.,далл,155.538757324219,0.942571520805359,235.69123840332,0.000191260041901842,0.000126124476082623,С2,0.49481201171875,1.81450545787811,2.70828247070312,449044.666895498,6196703.2878809,35.6734723641739,13.4879080859658,103.999153137207,1472.92102050781,2007.84448242188,1503.63928222656,257.872009277344,0.439829498529434,0.68022495508194,1.40458786487579,2.70828247070312,6.08106994628906,18.7488098144531,0.787508990824462,1.41883146554847,3.04311401650822
"MULTIPOINT ((449194.449707148 6196695.21884538))",1347,п1д огл,с.с.,далл,155.034698486328,1.3583197593689,255.947982788086,1.18352290883195e-05,7.27670776541345e-05,С2,0.13189697265625,1.25651097297668,3.77922058105469,449194.449707148,6196695.21884538,55.5341568457026,14.1972584363617,177.53727722168,1366.05249023438,2051.86572265625,1521.49951171875,232.442687988281,0.11724853515625,0.585007011890411,1.59786176681519,3.77922058105469,7.48149108886719,19.6228332519531,1.02170613290569,1.54021781288708,2.75572867042411
"MULTIPOINT ((449344.232518798 6196687.14980986))",1348,п1д огл,с.с.,далл,154.6220703125,1.07275462150574,289.812561035156,-0.000285816349787638,0.000405411381507292,,0.186279296875,2.30409741401672,3.95732116699219,449344.232518798,6196687.14980986,8.71414245409798,12.0784480197151,111.999084472656,1314.89440917969,1964.95263671875,1643.61804199219,128.936004638672,0.165574818849564,0.354845643043518,0.738944947719574,3.95732116699219,5.72990417480469,17.4665374755859,0.961416567491406,1.47355744561933,1.85111439755021
"MULTIPOINT ((449643.798142098 6196671.01173881))",1349,п1д огл,с.с.,далл,155.867446899414,1.80790913105011,172.263061523438,0.00067879242124036,7.60146431275643e-05,С2,1.17803955078125,4.48704814910889,4.43165588378906,449643.798142098,6196671.01173881,15.1379004733829,12.8974617304967,140.682891845703,1289.36010742188,1778.42907714844,1825.70837402344,64.4680023193359,1.04715299606323,0.858418345451355,1.08656406402588,4.43165588378906,6.29161071777344,9.29135131835938,1.61041097656886,1.73749199516998,1.5040687359854
"MULTIPOINT ((449793.580953747 6196662.94270329))",1350,п1д огл,с.с.,далл,156.650207519531,0.275028109550476,293.484893798828,-5.50811819266528e-06,7.70015030866489e-05,С2,0.111434936523438,0.375488549470901,0.762588500976562,449793.580953747,6196662.94270329,9.24896525011664,12.1380124248406,180.708236694336,1303.78466796875,1651.1865234375,1846.08264160156,257.872009277344,0.0990464985370636,0.391826719045639,2.1032726764679,0.762588500976562,2.47291564941406,18.8447570800781,0.221692851301722,0.49687304232088,1.42749840570071
"MULTIPOINT ((444675.933614531 6200216.0272211))",1351,пд пов огл,с.с.,морена,164.331604003906,2.16663384437561,179.492431640625,-0.000369832152500749,-0.000356302305590361,С2,-1.13336181640625,4.11361455917358,5.53054809570312,444675.933614531,6200216.0272211,95.3783256468666,14.4713521025903,48.1659851074219,265.808380126953,815.462890625,322.340026855469,128.936004638672,-1.00742590427399,-0.677090704441071,1.40284621715546,5.53054809570312,15.4528350830078,17.5244445800781,1.58208022256687,3.56973096496102,4.54337887976859
"MULTIPOINT ((444825.831649074 6200221.55707102))",1352,п3д,с.с.,морена,169.789367675781,0.815612316131592,331.309631347656,0.000389455759432167,-2.02390833692334e-06,С2,0.604019165039062,0.695059418678284,2.77613830566406,444825.831649074,6200221.55707102,9.42006476273862,12.1563427080159,189.18620300293,386.808013916016,778.969848632812,515.744018554688,322.340026855469,0.536904215812683,2.99339580535889,6.54887676239014,2.77613830566406,11.8382720947266,18.7857360839844,0.772812531977301,2.54889658230637,3.64005226106734
"MULTIPOINT ((444975.729683617 6200227.08692094))",1353,п3д,с.с.,морена,163.533432006836,3.42394828796387,335.565246582031,-0.000227384589379653,-0.000418488867580891,В3,-1.00968933105469,3.8170211315155,10.0976257324219,444975.729683617,6200227.08692094,72.8810443646536,14.2023293271961,95.9992141723633,386.808013916016,735.04833984375,644.680053710938,193.404006958008,-0.89751011133194,-1.79105460643768,-0.0397269017994404,10.0976257324219,11.8382720947266,18.7857360839844,2.46920104565417,3.68819586324972,3.46768113335203
"MULTIPOINT ((445125.62771816 6200232.61677086))",1354,п3д,с.с.,морена,160.897506713867,1.10953843593597,211.268417358398,-0.00015432047075592,-0.00042650310206227,,-0.905502319335938,2.49061179161072,4.66630554199219,445125.62771816,6200232.61677086,100.438572082324,14.5230470619906,55.9995422363281,407.7314453125,712.072326660156,773.616027832031,64.4680023193359,-0.804892659187317,-3.06264209747314,-2.40800261497498,4.66630554199219,10.6067504882812,18.7857360839844,1.1032952370042,2.38839686375215,3.6713359300832
"MULTIPOINT ((445275.525752703 6200238.14662078))",1355,п3д,с.с.,морена,164.8701171875,1.55355191230774,62.356330871582,-0.000109353175503202,-5.76606071263086e-05,С2,-0.260528564453125,3.65447211265564,4.00556945800781,445275.525752703,6200238.14662078,15.286022563337,4.90520495652179,203.998336791992,455.857604980469,712.072326660156,754.57861328125,128.936004638672,-0.231574162840843,1.77152359485626,3.46869683265686,4.00556945800781,7.99099731445312,21.0844116210938,1.45659422857464,2.02562868528394,2.99385376882293
"MULTIPOINT ((445425.423787246 6200243.6764707))",1356,п3д,с.с.,морена,161.815765380859,1.07456123828888,11.4937305450439,-0.000132561035570689,2.52532572631026e-05,С2,-0.167343139648438,0.786344289779663,2.93260192871094,445425.423787246,6200243.6764707,91.6725877315463,14.6984835666001,90.5089263916016,347.170806884766,797.425170898438,611.59716796875,64.4680023193359,-0.148752853274345,-0.394733965396881,1.62489199638367,2.93260192871094,10.5015869140625,18.0799102783203,0.804227095817354,1.76316744391849,3.24523773143139
"MULTIPOINT ((442858.515888402 6201087.14418198))",1357,п3д,с.с.,морена,164.804931640625,2.82824921607971,205.803253173828,0.000169854843989015,-6.76777490298264e-05,,0.16009521484375,2.17864942550659,7.73666381835938,442858.515888402,6201087.14418198,32.0736622596169,13.3815359474208,65.9691467285156,407.7314453125,1000.8125,503.511199951172,0,0.142301768064499,0.377593070268631,1.52391922473907,7.73666381835938,12.8511199951172,24.6347808837891,2.17866701788858,3.45391438092201,3.81300806125504
"MULTIPOINT ((442670.249948817 6202459.19300369))",1358,п3д,с.с.,морена,170.300018310547,0.715860188007355,27.6119594573975,0.000269577751168981,2.78981242445298e-05,С2,0.463729858398438,2.4146740436554,3.43183898925781,442670.249948817,6202459.19300369,10.5585514897912,12.2704368437681,83.2339324951172,583.782592773438,392.1435546875,257.872009277344,64.4680023193359,0.412207722663879,0.915791392326355,1.5158816576004,3.43183898925781,4.60922241210938,11.4263000488281,0.464036442786909,1.09013612891112,1.56533372111907
