WKT,fid,Soil,GRAN,MP,height_1,slope_1,aspect_1,profile_1,tangential_1,TLUТЛУ,TPI_1,TRI_1,roughness_1,x_coord,y_coord,flow_1,twi_1,dist_stream_1,osm_water_1,osm_wetland_1,osm_waterbody_1,osm_road_1
"MULTIPOINT ((445575.321821789 6200249.20632062))",1,п3д,с.с.,морена,160.546340942383,0.219484731554985,1.05279219150543,-2.63391702901572e-05,-1.06811821751762e-05,С2,-0.0576934814453125,0.915323734283447,0.647216796875,445575.321821789,6200249.20632062,96.3562384535259,14.4815528850213,61.1877326965332,232.442687988281,838.084045410156,490.973693847656,64.4680023193359
"MULTIPOINT ((445725.219856332 6200254.73617054))",2,п3д,с.с.,морена,157.206619262695,2.76465511322021,1.64254820346832,0.000337739125825465,0.000232713806326501,С2,0.891342163085938,4.99608039855957,6.72125244140625,445725.219856332,6200254.73617054,13.8286112794562,12.5402404714278,55.9995422363281,64.4680023193359,929.770751953125,322.340026855469,64.4680023193359
"MULTIPOINT ((447823.792339934 6200332.15406942))",3,п3д,с.с.,далл,148.385330200195,1.84776508808136,148.4052734375,1.23701838674606e-05,-0.000379288947442546,,-0.5721435546875,2.10657072067261,5.16856384277344,447823.792339934,6200332.15406942,41.4305841999416,13.9042795231342,11.9999017715454,64.4680023193359,1427.06005859375,0,91.1715240478516
"MULTIPOINT ((447673.894305391 6200326.6242195))",4,п3д,с.с.,далл,147.460235595703,1.84854125976562,351.153472900391,-0.000875194557011127,0.000305966648738831,,-0.889053344726562,4.33472013473511,5.65380859375,447673.894305391,6200326.6242195,8.60953711658033,12.0663713002798,19.9998359680176,0,1549.91589355469,64.4680023193359,91.1715240478516
"MULTIPOINT ((448123.58840902 6200343.21376926))",5,п3д,с.с.,далл,153.641052246094,2.01927375793457,248.660629272461,-0.00118486396968365,4.62826137663797e-05,С2,-1.77793884277344,4.37926626205444,6.11607360839844,448123.58840902,6200343.21376926,26.2521786485016,13.1812497261529,33.940845489502,64.4680023193359,1125.88525390625,64.4680023193359,128.936004638672
"MULTIPOINT ((447973.690374477 6200337.68391934))",6,п3д,с.с.,далл,152.70426940918,1.40466868877411,148.258834838867,7.40262694307603e-05,-0.000505568576045334,,-0.672714233398438,3.76201272010803,5.41226196289062,447973.690374477,6200337.68391934,1.74208570898568,10.4685838231302,11.3136157989502,0,1245.08386230469,64.4680023193359,128.936004638672
"MULTIPOINT ((444531.565429908 6200060.59933663))",7,пд пов огл,с.с.,морена,157.443481445312,2.96708559989929,200.156677246094,-0.00117821665480733,-0.000359429250238463,С2,-2.40464782714844,9.33859825134277,8.68734741210938,444531.565429908,6200060.59933663,50.491092084915,13.8352976707898,35.9997062683105,91.1715240478516,657.447204589844,232.442687988281,64.4680023193359
"MULTIPOINT ((448273.486443563 6200348.74361918))",8,п3д,с.с.,далл,156.427093505859,2.51261973381042,228.435623168945,7.74561049183831e-05,-0.000680519791785628,С2,-0.940582275390625,5.10989665985107,7.12065124511719,448273.486443563,6200348.74361918,28.2346750611116,13.2540515791123,44.7209930419922,193.404006958008,1009.08386230469,91.1715240478516,64.4680023193359
"MULTIPOINT ((444681.463464451 6200066.12918655))",9,пд пов огл,с.с.,морена,165.613540649414,1.45588982105255,188.485198974609,-2.22526341531193e-05,0.000209176767384633,С2,0.291397094726562,3.02865219116211,4.40412902832031,444681.463464451,6200066.12918655,8.01980048347039,4.01503839163726,118.927581787109,203.86572265625,694.341613769531,347.170806884766,182.343048095703
"MULTIPOINT ((444831.361498994 6200071.65903647))",10,пд пов огл,с.с.,морена,168.893539428711,0.98611706495285,309.764465332031,0.000187269863090478,0.000450255553005263,С2,0.993850708007812,1.21863293647766,3.31858825683594,444831.361498994,6200071.65903647,5.54405345330857,11.4214393709503,189.18620300293,257.872009277344,663.738708496094,531.616760253906,322.340026855469
"MULTIPOINT ((444981.259533537 6200077.18888639))",11,п3д,с.с.,морена,162.838790893555,3.30409789085388,4.51480579376221,-0.00010689453483792,-0.000124975282233208,С2,-0.362533569335938,3.36380529403687,8.55706787109375,444981.259533537,6200077.18888639,7.69719795029101,11.9543571044973,53.8140563964844,257.872009277344,611.59716796875,657.447204589844,193.404006958008
"MULTIPOINT ((445131.15756808 6200082.71873631))",12,п3д,с.с.,морена,160.226715087891,1.30842411518097,189.046356201172,-0.000423435936681926,7.71807972341776e-05,,-0.540145874023438,2.41687560081482,4.44563293457031,445131.15756808,6200082.71873631,248.030839982019,16.1201691173865,62.2248878479004,288.309661865234,583.782592773438,784.287109375,64.4680023193359
"MULTIPOINT ((445281.055602623 6200088.24858623))",13,п3д,с.с.,морена,167.7607421875,0.59774649143219,203.067718505859,0.000689283886458725,0.000229625336942263,С2,1.43235778808594,1.38066232204437,3.22975158691406,445281.055602623,6200088.24858623,3.53915513891302,11.1773887817634,164.582977294922,328.723602294922,583.782592773438,807.781799316406,64.4680023193359
"MULTIPOINT ((445430.953637166 6200093.77843615))",14,п3д,с.с.,морена,163.975662231445,2.22826647758484,36.9843978881836,-6.00094790570438e-05,-0.000326352019328624,С2,-0.602767944335938,4.38145017623901,6.09846496582031,445430.953637166,6200093.77843615,44.0208498991591,13.6981641274518,141.420196533203,375.909820556641,611.59716796875,697.328063964844,64.4680023193359
"MULTIPOINT ((445580.851671709 6200099.30828607))",15,п3д,с.с.,морена,161.561386108398,1.39660322666168,46.6292533874512,-0.000213577659451403,0.000129071311675943,С2,-0.131942749023438,2.34990119934082,4.605224609375,445580.851671709,6200099.30828607,29.8362816312224,13.3092259017832,15.9998693466187,257.872009277344,663.738708496094,594.365600585938,144.154830932617
"MULTIPOINT ((445730.749706252 6200104.83813599))",16,п3д,с.с.,морена,157.301879882812,2.55795431137085,16.1275215148926,0.000362179416697472,-3.35942895617336e-05,С2,0.513778686523438,5.1253776550293,7.32060241699219,445730.749706252,6200104.83813599,53.9793928615333,13.9021031044818,11.9999017715454,64.4680023193359,776.297546386719,464.885375976562,64.4680023193359
"MULTIPOINT ((444456.344895951 6199915.86604862))",17,пд пов огл,с.с.,морена,158.020919799805,2.54260611534119,86.578010559082,0.000203169562155381,7.83761352067813e-05,,0.439865112304688,6.14581441879272,8.12066650390625,444456.344895951,6199915.86604862,9.01381022360988,12.1122586149571,25.6122875213623,64.4680023193359,455.857604980469,347.170806884766,0
"MULTIPOINT ((444563.32996863 6199838.05872304))",18,п2д,т.с.,морена,160.968978881836,1.41119813919067,117.249092102051,5.91142597841099e-05,-0.000205270931473933,С2,-0.227798461914062,2.69601774215698,6.38230895996094,444563.32996863,6199838.05872304,458.845547541399,16.0422144001272,48.1659851074219,64.4680023193359,432.464508056641,464.885375976562,144.154830932617
"MULTIPOINT ((444686.993314371 6199916.23115201))",19,пд пов огл,с.с.,морена,163.022033691406,1.50382196903229,227.724075317383,-0.000151874191942625,-5.41717345186044e-05,С2,-0.3214111328125,1.19558143615723,4.69512939453125,444686.993314371,6199916.23115201,81.5406706725324,14.3146026668571,59.99951171875,64.4680023193359,550.814819335938,503.511199951172,257.872009277344
"MULTIPOINT ((444836.891348914 6199921.76100193))",20,пд пов огл,с.с.,морена,166.481216430664,1.35945439338684,281.089263916016,0.000108929467387497,0.000432869157521054,С3,0.844757080078125,1.7389931678772,3.99354553222656,444836.891348914,6199921.76100193,4.21668229803044,3.12507288920191,144.940170288086,128.936004638672,554.57470703125,576.619323730469,322.340026855469
"MULTIPOINT ((444986.789383457 6199927.29085185))",21,п2д огл,с.с.,морена,163.721527099609,1.98492658138275,344.737365722656,0.000127266946947202,0.000365495507139713,С2,0.768692016601562,1.71845984458923,5.91719055175781,444986.789383457,6199927.29085185,12.0417670530645,12.4018819387423,129.798797607422,128.936004638672,490.973693847656,694.341613769531,193.404006958008
"MULTIPOINT ((445136.687418 6199932.82070177))",22,пд пов огл,с.с.,морена,159.623550415039,2.67347598075867,215.316055297852,-0.000397800788050517,-7.42353950045072e-05,,-0.737838745117188,3.26593708992004,7.59638977050781,445136.687418,6199932.82070177,22.0079504938696,5.12820149698508,3.99996733665466,193.404006958008,451.276000976562,876.859680175781,0
"MULTIPOINT ((445286.585452543 6199938.35055169))",23,пд пов огл,с.с.,морена,164.98454284668,2.01428389549255,249.949111938477,0.00021788667072542,0.00037676640204154,С2,0.92779541015625,1.02897381782532,5.7371826171875,445286.585452543,6199938.35055169,7.03099365394655,11.8638287850606,148.052841186523,203.86572265625,455.857604980469,876.859680175781,64.4680023193359
"MULTIPOINT ((445436.483487086 6199943.88040161))",24,п2д,т.с.,морена,164.342422485352,2.08624386787415,296.248077392578,0.000156443842570297,0.000212442522752099,С2,0.575637817382812,1.58504688739777,6.17738342285156,445436.483487086,6199943.88040161,26.0675682909836,12.9694054149121,219.269729614258,257.872009277344,490.973693847656,776.297546386719,64.4680023193359
"MULTIPOINT ((445586.381521629 6199949.41025153))",25,п2д,т.с.,морена,160.136322021484,1.36562812328339,285.880828857422,0.000137520881253295,-0.000140012896736152,С2,-0.003753662109375,2.56393384933472,4.58248901367188,445586.381521629,6199949.41025153,46.925256212392,14.0288162087506,163.998657226562,144.154830932617,594.365600585938,644.680053710938,144.154830932617
"MULTIPOINT ((445736.279556172 6199954.94010145))",26,п2д,т.с.,морена,157.914810180664,2.68634724617004,344.010620117188,0.000198375913896598,0.000361246609827504,С2,0.87384033203125,6.13748025894165,6.66206359863281,445736.279556172,6199954.94010145,22.0366211805401,13.0062064129901,43.999641418457,64.4680023193359,685.304260253906,576.619323730469,64.4680023193359
"MULTIPOINT ((444104.82251429 6199768.58789662))",27,п2д,т.с.,морена,160.724884033203,1.51082003116608,352.767456054688,-0.00049929937813431,-0.000174384476849809,С2,-1.05088806152344,4.10231065750122,3.95860290527344,444104.82251429,6199768.58789662,16.1189559210968,12.9602561320708,157.631195068359,364.686096191406,412.796630859375,490.973693847656,64.4680023193359
"MULTIPOINT ((444356.306905913 6199789.42914455))",28,п2д,т.с.,морена,161.495010375977,0.53615403175354,20.5755500793457,0.000400756776798517,1.58417951752199e-05,С2,0.649383544921875,2.97899699211121,2.9716796875,444356.306905913,6199789.42914455,5.37432685117316,4.56280692830914,104.994384765625,232.442687988281,328.723602294922,451.276000976562,64.4680023193359
"MULTIPOINT ((443521.580224246 6203025.38092797))",29,п3д,с.с.,морена,169.928466796875,0.339574635028839,296.400299072266,0.000108559703221545,-0.000120255441288464,С2,-0.018218994140625,1.47118616104126,2.16371154785156,443521.580224246,6203025.38092797,44.6685832147381,13.9795305844076,75.999382019043,550.814819335938,490.973693847656,288.309661865234,144.154830932617
"MULTIPOINT ((443371.682189703 6203019.85107805))",30,п3д,с.с.,морена,169.762664794922,1.12781500816345,150.54296875,0.000400977820390835,-0.000141067284857854,С2,0.4053955078125,2.47653198242188,3.82565307617188,443371.682189703,6203019.85107805,34.1441162746896,13.4440910249603,115.37670135498,531.616760253906,375.909820556641,273.514556884766,64.4680023193359
"MULTIPOINT ((443671.478258789 6203030.91077789))",31,п2д,с.с.,морена,167.476974487305,1.77702069282532,7.01577663421631,-0.000150732390466146,-3.86167121178005e-05,С2,-0.295486450195312,3.04934024810791,5.58798217773438,443671.478258789,6203030.91077789,3.58254140962451,11.1895731839417,47.9996070861816,515.744018554688,673.065734863281,144.154830932617,0
"MULTIPOINT ((443821.376293332 6203036.44062781))",32,п3д,с.с.,морена,167.269378662109,1.20705962181091,128.131378173828,8.88908107299358e-05,0.000190390259376727,С2,0.435440063476562,3.40463018417358,4.14772033691406,443821.376293332,6203036.44062781,13.1057602936985,12.486552595062,48.6617050170898,531.616760253906,697.328063964844,144.154830932617,128.936004638672
"MULTIPOINT ((448906.48198267 6199715.08218495))",33,п2д огл,с.с.,фг,158.533798217773,1.02590608596802,341.401428222656,-7.20193638699129e-05,0.000268349249381572,С2,0.305999755859375,1.17105937004089,3.07070922851562,448906.48198267,6199715.08218495,10.1130753094045,12.2273299161099,69.0501403808594,451.276000976562,1125.88525390625,916.262451171875,515.744018554688
"MULTIPOINT ((448606.91635937 6199731.220256))",34,п2д огл,с.с.,фг,157.034759521484,1.40698516368866,161.160888671875,-0.000109255306597333,0.000130235683172941,С2,0.0326080322265625,1.34902024269104,4.20651245117188,448606.91635937,6199731.220256,12.2420695278118,12.4183790862874,97.6516418457031,608.189880371094,1183.47521972656,644.680053710938,432.464508056641
"MULTIPOINT ((443971.274327875 6203041.97047773))",35,п3д,с.с.,морена,168.015762329102,1.97674953937531,102.006942749023,1.20518416224513e-05,9.5331533884746e-06,С2,0.03369140625,1.27097427845001,5.26007080078125,443971.274327875,6203041.97047773,114.873188921577,14.9240889811596,74.403694152832,576.619323730469,634.936218261719,232.442687988281,128.936004638672
"MULTIPOINT ((449056.26479432 6199707.01314942))",36,п2д огл,с.с.,фг,156.846298217773,0.974665343761444,4.17661237716675,0.00028894076240249,7.45466604712419e-05,С2,0.566726684570312,1.65054774284363,2.92219543457031,449056.26479432,6199707.01314942,9.87526063556271,12.2035334483395,19.9998359680176,469.334136962891,1103.51440429688,1019.32861328125,531.616760253906
"MULTIPOINT ((448756.69917102 6199723.15122047))",37,п2д огл,с.с.,фг,160.508392333984,0.580026984214783,296.606475830078,0.00032848710543476,0.000179331662366167,С2,0.79156494140625,1.05848562717438,2.27084350585938,448756.69917102,6199723.15122047,33.8509858510562,14.1286479551941,186.760360717773,469.334136962891,1162.21337890625,820.543762207031,531.616760253906
"MULTIPOINT ((444121.172362418 6203047.50032765))",38,п3д,с.с.,морена,171.01025390625,1.41002607345581,111.646423339844,0.000188046135008335,0.000383638980565593,С2,0.891433715820312,2.98298573493958,5.05232238769531,444121.172362418,6203047.50032765,7.95139740508848,11.9868484318706,99.9991836547852,685.304260253906,583.782592773438,407.7314453125,128.936004638672
"MULTIPOINT ((449206.047605969 6199698.9441139))",39,п2д огл,с.с.,фг,148.68147277832,1.40334987640381,359.55126953125,-0.000395114038838074,0.000313583383103833,С2,-0.127471923828125,2.27021813392639,3.67523193359375,449206.047605969,6199698.9441139,6.01752124306609,11.7081761653093,27.9997711181641,375.909820556641,1097.8505859375,876.859680175781,608.189880371094
"MULTIPOINT ((444271.070396961 6203053.03017757))",40,п3д,с.с.,морена,170.231262207031,0.405509948730469,69.5831604003906,-0.000178506699739955,7.45005963835865e-05,С2,-0.162124633789062,0.712526798248291,1.39457702636719,444271.070396961,6203053.03017757,14.6922441119311,12.6008204875414,156.817077636719,776.297546386719,580.212036132812,531.616760253906,182.343048095703
"MULTIPOINT ((449355.830417619 6199690.87507838))",41,п2д огл,с.с.,фг,147.241821289062,0.577984809875488,225.189636230469,-0.000256927683949471,-0.000126787825138308,С3,-0.598114013671875,2.23116636276245,2.15234375,449355.830417619,6199690.87507838,1985.10125708527,17.5069259473722,0,273.514556884766,1112.89025878906,754.57861328125,531.616760253906
"MULTIPOINT ((444420.968431504 6203058.56002749))",42,п3д,с.с.,морена,169.828552246094,0.186109840869904,16.8616981506348,-0.000104114995338023,0.00011557198013179,С2,0.017852783203125,0.621705710887909,0.988815307617188,444420.968431504,6203058.56002749,8.21846551307582,12.0198842588262,80.0992813110352,776.297546386719,594.365600585938,657.447204589844,232.442687988281
"MULTIPOINT ((449505.613229269 6199682.80604285))",43,п2д огл,с.с.,фг,149.649948120117,0.852302372455597,336.283447265625,0.000731142179574817,0.000503271468915045,С3,1.92436218261719,4.82235479354858,4.74540710449219,449505.613229269,6199682.80604285,6.69279247385682,11.8145319416177,106.507347106934,182.343048095703,1142.37585449219,634.936218261719,407.7314453125
"MULTIPOINT ((444570.866466047 6203064.08987741))",44,п3д,с.с.,морена,170.657135009766,0.323490113019943,189.966720581055,0.000226301432121545,6.00143466726877e-05,С2,0.446258544921875,1.12291181087494,0.93646240234375,444570.866466047,6203064.08987741,2.40916191470095,10.3873039357969,157.783386230469,638.20068359375,611.59716796875,786.932250976562,203.86572265625
"MULTIPOINT ((449655.396040919 6199674.73700733))",45,п2д огл,с.с.,фг,143.410446166992,2.19789981842041,331.030578613281,0.000181943760253489,-7.32543267076835e-05,В4,0.169937133789062,4.14224338531494,6.58259582519531,449655.396040919,6199674.73700733,236.296526827466,15.378588230362,15.9998693466187,91.1715240478516,1162.21337890625,464.885375976562,232.442687988281
"MULTIPOINT ((444720.76450059 6203069.61972733))",46,п3д,с.с.,морена,169.78630065918,0.50833398103714,337.211944580078,-5.96726458752528e-05,3.06193851429271e-06,С2,-0.0882568359375,0.85223263502121,1.45846557617188,444720.76450059,6203069.61972733,39.9058579226682,13.6000238726499,141.759201049805,550.814819335938,490.973693847656,867.328247070312,182.343048095703
"MULTIPOINT ((449805.178852568 6199666.66797181))",47,пд пов огл,с.с.,фг,143.99626159668,1.0130227804184,270.226928710938,0.000714835128746927,0.0011587847257033,С4,2.92094421386719,10.8923397064209,4.69357299804688,449805.178852568,6199666.66797181,6.94752129601513,11.8518856923332,7.99993467330933,64.4680023193359,1041.51245117188,364.686096191406,144.154830932617
"MULTIPOINT ((444870.662535133 6203075.14957725))",48,п3д огл,с.с.,морена,169.554794311523,0.390414088964462,289.305053710938,4.19447933381889e-05,0.000104731429019012,С2,0.228622436523438,0.670247793197632,1.35009765625,444870.662535133,6203075.14957725,14.9401080499839,12.6175501563657,183.998504638672,432.464508056641,375.909820556641,958.3857421875,128.936004638672
"MULTIPOINT ((449954.961664218 6199658.59893628))",49,пд пов огл,с.с.,фг,140.139663696289,3.28035044670105,83.7283172607422,3.15647666866425e-05,-0.000710757332853973,С4,-1.06011962890625,5.53410959243774,9.63084411621094,449954.961664218,6199658.59893628,153.828150844769,5.77216378246185,5.6568078994751,0,897.935363769531,328.723602294922,91.1715240478516
"MULTIPOINT ((445020.560569676 6203080.67942717))",50,п3д огл,с.с.,морена,168.573272705078,1.16578555107117,7.20957565307617,0.000575211422983557,0.000254834478255361,С2,1.2943115234375,2.72688126564026,3.77024841308594,445020.560569676,6203080.67942717,63.1447151992162,14.7521089909733,149.771942138672,232.442687988281,182.343048095703,1063.23352050781,0
"MULTIPOINT ((447999.716077247 6199613.71358644))",51,п2д огл,с.с.,фг,154.573822021484,0.883614897727966,147.521453857422,-6.76178751746193e-05,-4.79237896797713e-05,С3,-0.180130004882812,1.99417579174042,2.82826232910156,447999.716077247,6199613.71358644,7.75361683931238,11.9616601678693,51.9995765686035,328.723602294922,1641.08752441406,647.895385742188,64.4680023193359
"MULTIPOINT ((445170.458604219 6203086.20927709))",52,п3д огл,с.с.,морена,161.612075805664,4.15311050415039,26.1568355560303,0.000261867913650349,-0.000176866888068616,С2,0.134994506835938,3.79887890815735,13.0735626220703,445170.458604219,6203086.20927709,250.164490991669,15.4356194098914,84.8521194458008,144.154830932617,91.1715240478516,1039.51525878906,128.936004638672
"MULTIPOINT ((448149.498888897 6199605.64455092))",53,п2д огл,с.с.,фг,156.121994018555,0.80321854352951,291.801940917969,0.000188747653737664,0.000163640812388621,С2,0.549331665039062,0.785962581634521,3.236328125,448149.498888897,6199605.64455092,9.46078317870405,12.1606559125094,180.885223388672,455.857604980469,1552.59509277344,644.680053710938,193.404006958008
"MULTIPOINT ((445320.356638762 6203091.73912701))",54,п3д,с.с.,морена,156.379867553711,2.55390644073486,71.3000030517578,-8.0866229836829e-05,0.000128751707961783,С3,0.074462890625,4.96117353439331,8.31254577636719,445320.356638762,6203091.73912701,152.604694042979,14.9413516232421,7.99993467330933,64.4680023193359,64.4680023193359,1031.48803710938,257.872009277344
"MULTIPOINT ((448299.281700547 6199597.57551539))",55,п2д огл,с.с.,фг,151.05876159668,1.38595819473267,261.093353271484,2.38430902754772e-06,-0.000699676049407572,С2,-1.08708190917969,3.25998067855835,4.52299499511719,448299.281700547,6199597.57551539,43.2856944433813,5.64498320888992,47.9996070861816,519.757629394531,1484.16479492188,720.774169921875,364.686096191406
"MULTIPOINT ((445470.254673305 6203097.26897693))",56,п3д огл,с.с.,далл,160.917404174805,3.79972290992737,204.715148925781,0.000315250130370259,-8.89022558112629e-05,С2,0.355712890625,4.24938869476318,10.9559783935547,445470.254673305,6203097.26897693,28.079374843994,13.2485360599451,39.3951110839844,91.1715240478516,128.936004638672,1033.50073242188,432.464508056641
"MULTIPOINT ((448449.064512197 6199589.50647987))",57,п2д огл,с.с.,фг,153.800994873047,1.82059371471405,266.169128417969,8.07018150226213e-05,0.000410843233112246,С2,0.7666015625,2.74238133430481,5.43272399902344,448449.064512197,6199589.50647987,7.1130311204381,11.8754292153171,72.1104354858398,519.757629394531,1415.36267089844,754.57861328125,455.857604980469
"MULTIPOINT ((445620.152707848 6203102.79882685))",58,п3д огл,с.с.,далл,164.105606079102,0.570874154567719,303.795562744141,-0.000187485959031619,0.000204491210752167,С3,0.0264739990234375,2.63461995124817,2.28114318847656,445620.152707848,6203102.79882685,1.65023478929158,10.1776550384641,155.330642700195,182.343048095703,257.872009277344,1049.46301269531,550.814819335938
"MULTIPOINT ((448598.847323847 6199581.43744435))",59,п2д огл,с.с.,фг,153.718795776367,2.83756279945374,254.747222900391,-0.000108103762613609,6.06210414844099e-06,С2,-0.159652709960938,2.55063581466675,7.89666748046875,448598.847323847,6199581.43744435,42.7205605640411,13.4633937838423,164.144927978516,455.857604980469,1355.36218261719,807.781799316406,547.029113769531
"MULTIPOINT ((445770.050742391 6203108.32867678))",60,п2д огл,л.с.,далл,163.86198425293,0.232545360922813,244.587478637695,-5.36970655957703e-05,0.00017229001969099,С3,0.184844970703125,1.57277488708496,2.39781188964844,445770.050742391,6203108.32867678,3.56528679936856,11.1847452436871,96.7462997436523,288.309661865234,386.808013916016,1080.68054199219,580.212036132812
"MULTIPOINT ((448748.630135496 6199573.36840882))",61,п2д огл,с.с.,фг,156.208831787109,2.83792448043823,267.8349609375,0.000108664600702468,6.50337751721963e-05,С2,0.271469116210938,1.67586004734039,7.17564392089844,448748.630135496,6199573.36840882,26.2989029221232,6.47712960650909,167.091430664062,347.170806884766,1284.51574707031,916.262451171875,657.447204589844
"MULTIPOINT ((445919.948776934 6203113.8585267))",62,п2д,с.с.,морена,162.8984375,0.770021200180054,240.990356445312,-4.30150321335532e-05,-0.00030161437462084,С3,-0.537185668945312,2.09990835189819,2.67005920410156,445919.948776934,6203113.8585267,29.1948161513451,13.2874919088764,95.9992141723633,469.334136962891,554.57470703125,1153.23864746094,580.212036132812
"MULTIPOINT ((449170.242600578 6196245.87041043))",63,п1д,с.с.,морена,149.716201782227,2.03352379798889,202.011001586914,0.000766013108659536,0.000225649404455908,С2,1.54803466796875,4.41087818145752,6.06260681152344,449170.242600578,6196245.87041043,1324.29231362662,17.7953133249652,0,951.858642578125,1770.23083496094,1188.73120117188,232.442687988281
"MULTIPOINT ((446069.846811477 6203119.38837662))",64,п2д,с.с.,морена,164.481079101562,0.452820837497711,351.159973144531,0.000491378945298493,3.9818107325118e-05,С3,0.827987670898438,2.42268371582031,1.64022827148438,446069.846811477,6203119.38837662,2.06861285180708,10.4355917302056,134.162979125977,594.365600585938,638.20068359375,1216.37976074219,580.212036132812
"MULTIPOINT ((449320.025412227 6196237.80137491))",65,п1д огл,с.с.,далл,150.70491027832,0.787258863449097,211.439315795898,1.64798766491003e-05,0.000134392976178788,С2,0.23516845703125,2.18402075767517,2.98591613769531,449320.025412227,6196237.80137491,14.9607493460234,12.6189308056926,52.6113548278809,897.935363769531,1879.54919433594,1289.36010742188,193.404006958008
"MULTIPOINT ((446219.74484602 6203124.91822654))",66,п2д,с.с.,морена,161.911956787109,0.0984045788645744,41.6033744812012,-0.000264160917140543,-0.000239557542954572,С3,-0.785064697265625,1.52517426013947,1.10003662109375,446219.74484602,6203124.91822654,216.415429162055,15.2907005881267,7.99993467330933,720.774169921875,735.04833984375,1289.36010742188,580.212036132812
"MULTIPOINT ((449469.808223877 6196229.73233939))",67,п1д огл,с.с.,далл,151.481475830078,0.333201795816422,278.842620849609,0.000137535607791506,-0.000302520900731906,С2,-0.25714111328125,2.53010582923889,1.49800109863281,449469.808223877,6196229.73233939,260.522186256732,15.4761887699648,3.99996733665466,847.944213867188,2047.81066894531,1448.73815917969,0
"MULTIPOINT ((446369.642880563 6203130.44807646))",68,п2д,с.с.,морена,162.020553588867,1.29407978057861,40.0437049865723,0.00020605580357369,-9.3954149633646e-05,В4,0.1749267578125,1.56515562534332,3.97434997558594,446369.642880563,6203130.44807646,63.3670106968448,14.0624441344354,14.4220876693726,911.715209960938,895.618103027344,1413.89367675781,576.619323730469
"MULTIPOINT ((449619.591035527 6196221.66330386))",69,п1д огл,с.с.,далл,154.68717956543,1.29272568225861,239.887649536133,0.000231657992117107,0.000784396543167531,С2,1.58416748046875,5.16648817062378,4.92948913574219,449619.591035527,6196221.66330386,2.67394227495913,10.897054635348,152.051391601562,838.084045410156,2128.42065429688,1495.32409667969,64.4680023193359
"MULTIPOINT ((446519.540915106 6203135.97792638))",70,п1д,с.с.,морена,160.132217407227,0.215832412242889,194.940399169922,-0.000424632424255833,7.28269224055111e-05,В4,-0.548324584960938,1.92143523693085,2.78500366210938,446519.540915106,6203135.97792638,1177.41270069438,16.9845754280303,0,815.462890625,923.041320800781,1488.359375,464.885375976562
"MULTIPOINT ((449769.373847177 6196213.59426834))",71,п1д огл,с.с.,далл,151.594909667969,1.44634258747101,304.637084960938,-0.000119846990855876,-0.000354565563611686,С2,-0.73974609375,1.90408444404602,4.13380432128906,449769.373847177,6196213.59426834,66.5519189861489,14.1114831241052,37.947021484375,847.944213867188,2056.92333984375,1517.39660644531,193.404006958008
"MULTIPOINT ((446669.438949649 6203141.5077763))",72,п1д,с.с.,морена,162.6572265625,0.688031136989594,186.464996337891,0.000426876038545743,1.62273602200003e-06,С2,0.667984008789062,2.59724688529968,3.33584594726562,446669.438949649,6203141.5077763,5.54590828348316,5.80892502949264,61.1877326965332,694.341613769531,807.781799316406,1532.38684082031,364.686096191406
"MULTIPOINT ((449919.156658827 6196205.52523282))",73,п1д огл,с.с.,далл,151.988784790039,0.832295835018158,315.97021484375,7.29941093595698e-05,3.62131299880275e-06,С2,0.119430541992188,2.78851175308228,3.08378601074219,449919.156658827,6196205.52523282,29.185187822467,13.2871620586431,93.036865234375,897.935363769531,1960.7177734375,1569.8984375,386.808013916016
"MULTIPOINT ((446819.336984192 6203147.03762622))",74,п2д,с.с.,морена,163.597702026367,1.31986224651337,219.2890625,-0.00021874372032471,-0.000107992607809138,С2,-0.509536743164062,2.06257081031799,4.21578979492188,446819.336984192,6203147.03762622,6.59935133789039,7.09884001333557,84.8521194458008,554.57470703125,608.189880371094,1672.44458007812,203.86572265625
"MULTIPOINT ((450068.939470476 6196197.45619729))",75,п1д огл,с.с.,далл,149.218643188477,3.04006028175354,291.198028564453,0.000137152877869084,-0.000494712381623685,С2,-0.557449340820312,3.4151725769043,8.65473937988281,450068.939470476,6196197.45619729,1047.04414245388,16.8672271152996,0,951.858642578125,1904.80859375,1454.46435546875,322.340026855469
"MULTIPOINT ((446969.235018735 6203152.56747614))",76,п2д,с.с.,морена,165.512008666992,2.17136120796204,252.31608581543,-0.00019891670672223,3.90740497095976e-05,С2,-0.249740600585938,3.32536625862122,7.72711181640625,446969.235018735,6203152.56747614,9.02256298809763,12.1132291831608,84.0944976806641,455.857604980469,503.511199951172,1735.85400390625,182.343048095703
"MULTIPOINT ((450218.722282126 6196189.38716177))",77,п1д,с.с.,далл,145.462890625,4.28817987442017,331.212005615234,9.24778069020249e-05,0.000305466062854975,С2,0.622772216796875,5.80953121185303,13.1031646728516,450218.722282126,6196189.38716177,34.5157311609337,13.2501286632502,7.99993467330933,1019.32861328125,1856.18591308594,1329.04187011719,265.808380126953
"MULTIPOINT ((447119.133053278 6203158.09732606))",78,п2д,с.с.,морена,166.819473266602,2.74012589454651,262.002868652344,-0.000558408908545971,0.000147305603604764,С2,-0.643463134765625,6.24843311309814,8.85383605957031,447119.133053278,6203158.09732606,32.0892568938429,13.382022042341,143.218933105469,375.909820556641,412.796630859375,1806.2548828125,128.936004638672
"MULTIPOINT ((447963.911071855 6196160.63988297))",79,п1д,с.с.,морена,144.874252319336,1.07835257053375,175.688049316406,5.24784918525256e-05,0.000160143623361364,С2,0.331466674804688,1.029629945755,3.3812255859375,447963.911071855,6196160.63988297,10.6275343825193,12.276948960912,87.9992828369141,1033.50073242188,938.668273925781,754.57861328125,0
"MULTIPOINT ((447269.031087821 6203163.62717598))",80,п2д,с.с.,морена,166.171844482422,0.963942110538483,350.780578613281,-0.000104782804555725,0.000215167223359458,С2,0.172027587890625,1.13466966152191,2.68869018554688,447269.031087821,6203163.62717598,12.216877630036,12.41631915243,184.172317504883,322.340026855469,328.723602294922,1923.26538085938,91.1715240478516
"MULTIPOINT ((448113.693883506 6196152.57084745))",81,п1д,с.с.,морена,146.886077880859,0.362860888242722,132.988464355469,0.000146558639244176,5.71356940781698e-05,С2,0.317474365234375,0.536734759807587,1.50332641601562,448113.693883506,6196152.57084745,3.39781884549809,11.1366344541586,95.9992141723633,1063.23352050781,1009.08386230469,712.072326660156,64.4680023193359
"MULTIPOINT ((447418.929122364 6203169.1570259))",82,п2д,с.с.,морена,164.794448852539,0.441462904214859,327.003601074219,6.49739522486925e-05,4.76214154332411e-05,С2,0.175491333007812,0.494480758905411,1.449951171875,447418.929122364,6203169.1570259,45.3318398114364,13.7275103956152,108.810882568359,347.170806884766,322.340026855469,2007.84448242188,193.404006958008
"MULTIPOINT ((448263.476695155 6196144.50181192))",83,п1д,с.с.,морена,146.797546386719,0.569111466407776,51.2996559143066,0.000106223538750783,5.87559516134206e-05,С2,0.257156372070312,0.69310337305069,1.70111083984375,448263.476695155,6196144.50181192,25.6687977999662,13.1587769053321,93.636833190918,1101.62963867188,1072.96130371094,709.148010253906,0
"MULTIPOINT ((447568.827156907 6203174.68687582))",84,п2д,с.с.,морена,163.797500610352,0.450208127498627,338.756164550781,-8.73621247592382e-05,0.000118189062050078,С2,0.04803466796875,1.20399761199951,1.720703125,447568.827156907,6203174.68687582,7.41104723430376,11.9164725009146,26.8325958251953,412.796630859375,347.170806884766,2096.94506835938,64.4680023193359
"MULTIPOINT ((448413.259506805 6196136.4327764))",85,п1д,с.с.,морена,145.53173828125,0.20206193625927,7.02038431167603,-0.0002173705433961,4.29799183621071e-05,С2,-0.271820068359375,0.947948575019836,1.103271484375,448413.259506805,6196136.4327764,10.5287071510262,12.2676062853536,51.9995765686035,1142.37585449219,1147.82006835938,720.774169921875,128.936004638672
"MULTIPOINT ((447718.725191451 6203180.21672574))",86,п2д,с.с.,морена,155.740112304688,2.67586517333984,23.1863040924072,-0.000902541447430849,-0.000354194518877193,В5,-1.96389770507812,4.18800735473633,8.10684204101562,447718.725191451,6203180.21672574,100.430110710078,14.5229628141912,40.1991729736328,554.57470703125,455.857604980469,2048.8251953125,64.4680023193359
"MULTIPOINT ((448563.042318455 6196128.36374088))",87,п1д,с.с.,морена,146.747665405273,0.552510321140289,313.481414794922,0.000401849334593862,-6.16043907939456e-05,С2,0.530364990234375,1.42487144470215,3.12834167480469,448563.042318455,6196128.36374088,2.91320314984834,10.98275395902,176.588470458984,1211.24377441406,1276.4013671875,778.969848632812,273.514556884766
"MULTIPOINT ((447868.623225993 6203185.74657566))",88,п1д,с.с.,морена,156.3095703125,3.00332856178284,190.763275146484,-0.000821183028165251,-0.000411294691730291,В5,-1.92706298828125,3.99169898033142,8.93562316894531,447868.623225993,6203185.74657566,2576.17757833649,17.7675627649638,0,663.738708496094,547.029113769531,1923.26538085938,193.404006958008
"MULTIPOINT ((448712.825130104 6196120.29470535))",89,п1д,с.с.,морена,143.459701538086,2.12951827049255,339.826965332031,-0.000132463363115676,0.000149104977026582,С4,0.025665283203125,2.835608959198,6.20854187011719,448712.825130104,6196120.29470535,42.6936098472885,5.85435381890114,29.1202011108398,1185.22985839844,1370.60852050781,840.559875488281,364.686096191406
"MULTIPOINT ((448018.521260537 6203191.27642558))",90,п2д,с.с.,морена,164.51708984375,1.98584198951721,194.945678710938,0.000436912843724713,-0.000218550820136443,С2,0.341339111328125,1.17567753791809,5.22358703613281,448018.521260537,6203191.27642558,3788.91954151545,17.9485496434977,0,778.969848632812,644.680053710938,1798.18347167969,322.340026855469
"MULTIPOINT ((448862.607941754 6196112.22566983))",91,п1д,с.с.,морена,144.754272460938,1.4450751543045,158.963104248047,0.000353185110725462,0.0010370931122452,В3,2.16786193847656,6.78268480300903,5.02659606933594,448862.607941754,6196112.22566983,15.9106503532041,12.6804894629486,71.9994125366211,1049.46301269531,1431.42199707031,867.328247070312,265.808380126953
"MULTIPOINT ((448168.41929508 6203196.8062755))",92,п2д,с.с.,морена,165.347152709961,0.651415824890137,2.63119888305664,4.47235615865793e-05,-3.85275525331963e-05,С2,0.0096588134765625,1.31474590301514,1.83546447753906,448168.41929508,6203196.8062755,15211.2079395366,20.2364038237447,0,951.858642578125,776.297546386719,1611.70007324219,455.857604980469
"MULTIPOINT ((449012.390753404 6196104.1566343))",93,п1д,с.с.,морена,142.93359375,0.592334568500519,190.387344360352,-0.000599583727307618,0.000547353003639728,С3,-0.081512451171875,2.82548260688782,2.76414489746094,449012.390753404,6196104.1566343,8.02193879013489,11.9956808814947,72.9925537109375,916.262451171875,1592.2421875,1007.02239990234,265.808380126953
"MULTIPOINT ((443216.25430524 6203164.21926267))",94,п3д,с.с.,морена,170.815505981445,1.45378017425537,282.139221191406,0.000197590299649164,0.000698160438332707,,1.39671325683594,4.44654941558838,4.76708984375,443216.25430524,6203164.21926267,6.53902841511518,11.586502061512,65.6043472290039,644.680053710938,203.86572265625,328.723602294922,64.4680023193359
"MULTIPOINT ((449162.173565054 6196096.08759878))",95,п1д,с.с.,морена,145.617477416992,1.80408465862274,251.600448608398,-0.000373422721168026,0.000571100797969848,С3,0.307662963867188,2.4536075592041,5.81202697753906,449162.173565054,6196096.08759878,1.21247096336575,9.55904855305571,101.19206237793,840.559875488281,1703.224609375,1109.1494140625,144.154830932617
"MULTIPOINT ((443066.356270697 6203158.68941275))",96,п3д,с.с.,морена,167.224655151367,1.78388512134552,113.152519226074,0.000474454398499802,-0.000380967860110104,,0.146499633789062,3.23497438430786,7.86997985839844,443066.356270697,6203158.68941275,112966.183770392,22.2414598184253,0,673.065734863281,64.4680023193359,347.170806884766,0
"MULTIPOINT ((443366.152339783 6203169.74911259))",97,п3д,с.с.,морена,168.720138549805,0.517096877098083,211.163330078125,5.84883709962014e-05,-0.000445079000201076,С2,-0.602554321289062,2.37994003295898,3.75160217285156,443366.152339783,6203169.74911259,27.0679769884703,13.2118521126577,110.922485351562,657.447204589844,328.723602294922,375.909820556641,128.936004638672
"MULTIPOINT ((449311.956376704 6196088.01856326))",98,п1д,с.с.,морена,145.641830444336,3.143146276474,255.438598632812,-0.000214509273064323,-0.00026157932006754,В3,-0.744140625,3.00466442108154,8.51243591308594,449311.956376704,6196088.01856326,65.8148699770268,14.1003465447186,57.2708168029785,778.969848632812,1816.57971191406,1216.37976074219,64.4680023193359
"MULTIPOINT ((443516.050374326 6203175.27896251))",99,п3д,с.с.,морена,170.093551635742,0.560516774654388,90.424690246582,0.0001697465631878,7.43407144909725e-05,С2,0.380462646484375,1.66551578044891,2.81108093261719,443516.050374326,6203175.27896251,7.63589648505889,11.946361094024,108.073165893555,673.065734863281,455.857604980469,257.872009277344,64.4680023193359
"MULTIPOINT ((449789.040781521 6199367.10234851))",100,т1п пов огл,с.с.,морена,145.558837890625,1.8020007610321,19.3202037811279,-0.000663717277348042,0.000199556132429279,С2,-0.72479248046875,4.31349945068359,5.58183288574219,449789.040781521,6199367.10234851,39.6047973296658,13.5924510000374,55.9995422363281,193.404006958008,969.166625976562,490.973693847656,128.936004638672
"MULTIPOINT ((449489.475158222 6199383.24041956))",101,пд пов огл,с.с.,фг,135.527038574219,0.889537930488586,128.98078918457,-0.00123179866932333,-0.000849486037623137,С4,-3.24462890625,6.90984964370728,7.1556396484375,449489.475158222,6199383.24041956,123839.458305065,21.907001480915,0,0,1290.970703125,797.425170898438,432.464508056641
"MULTIPOINT ((444265.540547041 6203202.92821211))",102,п3д,с.с.,морена,170.290832519531,0.522709906101227,207.136505126953,0.000212716578971595,-4.71495295641944e-05,С2,0.258087158203125,1.67306649684906,2.47187805175781,444265.540547041,6203202.92821211,2.02549688964961,10.0722032053156,132.422485351562,807.781799316406,709.148010253906,515.744018554688,64.4680023193359
"MULTIPOINT ((449938.823593171 6199359.03331298))",103,пд пов огл,с.с.,фг,149.024536132812,2.39559316635132,166.817230224609,0.000544804614037275,0.000307164766127244,С3,1.33049011230469,5.90278434753418,8.27638244628906,449938.823593171,6199359.03331298,22.9296275837264,13.0459305997214,91.9992523193359,232.442687988281,840.559875488281,375.909820556641,0
"MULTIPOINT ((449639.257969872 6199375.17138403))",104,т1п пов огл,с.с.,морена,147.981430053711,4.37543344497681,158.34553527832,0.00137117994017899,0.000329103146214038,С2,2.67027282714844,7.58451080322266,12.5874938964844,449639.257969872,6199375.17138403,26.6164988440426,13.1950320252283,120.06566619873,64.4680023193359,1162.21337890625,673.065734863281,322.340026855469
"MULTIPOINT ((444415.438581584 6203208.45806204))",105,п3д,с.с.,морена,169.682357788086,0.326742976903915,347.749725341797,-0.000139275027322583,6.3649051298853e-05,С2,-0.11785888671875,0.746985137462616,1.36683654785156,444415.438581584,6203208.45806204,6.18185083219746,8.99709674817887,61.1877326965332,697.328063964844,720.774169921875,576.619323730469,144.154830932617
"MULTIPOINT ((450088.606404821 6199350.96427746))",106,пд пов огл,с.с.,фг,150.480117797852,1.70937299728394,67.7412490844727,7.12006876710802e-05,0.00060238700825721,,1.05038452148438,3.80706858634949,4.93463134765625,450088.606404821,6199350.96427746,14.9590002922649,12.6188138893559,224.889251708984,232.442687988281,712.072326660156,273.514556884766,0
"MULTIPOINT ((444565.336616127 6203213.98791196))",107,п3д,с.с.,морена,169.988754272461,0.230968877673149,195.426177978516,0.000273025885690004,0.000121293924166821,С2,0.614593505859375,2.22386622428894,1.3609619140625,444565.336616127,6203213.98791196,4.68299947040138,11.2526522845708,71.9994125366211,503.511199951172,580.212036132812,638.20068359375,64.4680023193359
"MULTIPOINT ((450238.389216471 6199342.89524194))",108,пд пов огл,с.с.,фг,146.206741333008,2.75656509399414,49.8107299804688,0.000466605299152434,-0.000106356790638529,С2,0.563812255859375,1.84298598766327,9.45161437988281,450238.389216471,6199342.89524194,71.4486721962622,14.4492394867786,116.274589538574,128.936004638672,519.757629394531,144.154830932617,64.4680023193359
"MULTIPOINT ((445015.030719756 6203230.57746172))",109,п3д огл,с.с.,морена,166.045867919922,3.28568577766418,44.0304946899414,0.000933173578232527,0.00022053491557017,С2,1.80587768554688,4.05949926376343,11.2152557373047,445015.030719756,6203230.57746172,151.874681005123,14.9365564581407,107.999114990234,182.343048095703,128.936004638672,938.668273925781,0
"MULTIPOINT ((450388.172028121 6199334.82620641))",110,пд пов огл,с.с.,фг,147.939239501953,3.48739695549011,67.328987121582,0.00130322482436895,0.000601853360421956,С2,2.98223876953125,6.63470935821533,12.2501831054688,450388.172028121,6199334.82620641,7.98318135551038,11.9908377425454,29.1202011108398,128.936004638672,386.808013916016,144.154830932617,64.4680023193359
"MULTIPOINT ((445164.928754299 6203236.10731164))",111,п3д,с.с.,морена,154.562561035156,4.68061542510986,35.6731910705566,-0.00114555621985346,-9.40630561672151e-05,,-1.95046997070312,5.7587251663208,13.7488861083984,445164.928754299,6203236.10731164,7.73443313954928,11.9591829406393,37.947021484375,64.4680023193359,0,911.715209960938,91.1715240478516
"MULTIPOINT ((447684.012382901 6199330.28603419))",112,п2д,т.с.,морена,141.076553344727,2.94021058082581,260.529022216797,-0.000242173366132192,-0.000798284134361893,С2,-1.62474060058594,4.51206254959106,9.99911499023438,447684.012382901,6199330.28603419,7456.18517701228,18.8302999364556,0,64.4680023193359,2096.94506835938,1033.50073242188,91.1715240478516
"MULTIPOINT ((445314.826788842 6203241.63716156))",113,п3д огл,с.с.,далл,155.83625793457,3.3232307434082,216.372665405273,-0.000231152691412717,0.000392641755752265,С2,0.250900268554688,6.42898607254028,8.9561767578125,445314.826788842,6203241.63716156,13.8753459741903,12.5436143388243,43.0809669494629,64.4680023193359,64.4680023193359,902.552001953125,203.86572265625
"MULTIPOINT ((447833.795194551 6199322.21699866))",114,п2д огл,с.с.,фг,144.192153930664,2.72031283378601,241.495590209961,-8.39909043861553e-05,-0.000413541856687516,,-0.776596069335938,2.38861274719238,8.77107238769531,447833.795194551,6199322.21699866,104.649026485266,14.5641128906971,48.6617050170898,144.154830932617,2007.84448242188,1000.8125,0
"MULTIPOINT ((445464.724823385 6203247.16701148))",115,п3д огл,с.с.,далл,162.971496582031,2.16678071022034,183.501205444336,-6.13935626461171e-05,0.000173805397935212,В3,0.175186157226562,2.68317365646362,6.51945495605469,445464.724823385,6203247.16701148,7.11286142557386,11.8754053581337,139.941696166992,182.343048095703,182.343048095703,904.851501464844,392.1435546875
"MULTIPOINT ((447983.5780062 6199314.14796314))",116,п2д огл,с.с.,фг,149.828964233398,1.75089609622955,284.881256103516,-5.36212519364199e-06,8.30442586448044e-05,С2,0.121109008789062,3.33329892158508,4.91714477539062,447983.5780062,6199314.14796314,68.0725657839873,14.1340750244909,161.243835449219,193.404006958008,1882.86303710938,969.166625976562,193.404006958008
"MULTIPOINT ((445614.622857928 6203252.6968614))",117,п3д огл,с.с.,далл,164.799209594727,1.33326983451843,26.7083377838135,0.000229461205890402,0.000247803778620437,С2,0.744247436523438,2.84760618209839,3.74934387207031,445614.622857928,6203252.6968614,23.9639976656322,13.0900533512361,36.2212448120117,273.514556884766,288.309661865234,923.041320800781,519.757629394531
"MULTIPOINT ((448442.580915654 6195666.33559681))",118,п2д,с.с.,морена,145.058670043945,1.41395270824432,44.9948539733887,-0.000175299428519793,0.000161391944857314,С2,-0.0218505859375,3.03287959098816,4.92848205566406,448442.580915654,6195666.33559681,23.453516843545,13.3352806219065,118.725608825684,751.819641113281,895.618103027344,322.340026855469,64.4680023193359
"MULTIPOINT ((445764.520892471 6203258.22671132))",119,п3д огл,с.с.,далл,162.730026245117,0.861038863658905,133.969024658203,-0.000202278883079998,-0.000151435728184879,С3,-0.551422119140625,2.47345447540283,2.87139892578125,445764.520892471,6203258.22671132,30.6025143458873,13.3345829181749,111.999084472656,364.686096191406,347.170806884766,958.3857421875,644.680053710938
"MULTIPOINT ((448239.726102522 6195734.4170067))",120,п2д,с.с.,морена,144.613922119141,0.565747141838074,188.164581298828,-2.61765926552471e-05,-8.08009936008602e-05,С2,-0.166748046875,0.685604989528656,1.83041381835938,448239.726102522,6195734.4170067,14.4826861708491,12.3816673462484,120.06566619873,735.04833984375,776.297546386719,322.340026855469,64.4680023193359
"MULTIPOINT ((448133.36081785 6199306.07892761))",121,п2д огл,с.с.,фг,148.716049194336,1.79075539112091,297.768646240234,3.83791375497822e-05,0.000238811146118678,С2,0.432281494140625,2.49664878845215,5.93461608886719,448133.36081785,6199306.07892761,10.2150710664199,12.0006016494449,35.9997062683105,203.86572265625,1806.2548828125,967.02001953125,322.340026855469
"MULTIPOINT ((445914.418927014 6203263.75656124))",122,п2д огл,л.с.,далл,163.30143737793,0.422666490077972,97.8935241699219,-0.000103810867585707,-0.000146951759234071,В4,-0.390853881835938,1.68954479694366,1.44615173339844,445914.418927014,6203263.75656124,150.063253445418,14.9245576392722,52.153190612793,519.757629394531,455.857604980469,1039.51525878906,647.895385742188
"MULTIPOINT ((448591.248484183 6195680.2297621))",123,п2д,с.с.,морена,144.041046142578,0.930036962032318,26.1874408721924,0.000367310305591673,-3.77871874661651e-05,С2,0.5137939453125,2.81407928466797,3.37583923339844,448591.248484183,6195680.2297621,25.4407041211002,13.149851160231,48.1659851074219,807.781799316406,1009.08386230469,412.796630859375,64.4680023193359
"MULTIPOINT ((446064.316961557 6203269.28641116))",124,п2д,с.с.,морена,164.265228271484,0.123918287456036,356.623870849609,0.000336302880896255,-4.70318991574459e-05,С3,0.450851440429688,1.64585638046265,1.59039306640625,446064.316961557,6203269.28641116,3.03884487092493,5.64789851431305,143.107177734375,634.936218261719,554.57470703125,1109.1494140625,673.065734863281
"MULTIPOINT ((448283.1436295 6199298.00989209))",125,п2д огл,с.с.,фг,147.579681396484,0.742189705371857,243.767929077148,0.000209734338568524,-0.000224087954848073,С2,-0.022308349609375,2.16042494773865,3.54161071777344,448283.1436295,6199298.00989209,65.1598431807479,14.0903441214771,40.7918243408203,265.808380126953,1735.85400390625,969.166625976562,432.464508056641
"MULTIPOINT ((446214.2149961 6203274.81626108))",126,п2д,с.с.,морена,164.586685180664,0.773771941661835,277.620422363281,6.25793254585005e-05,0.000198296038433909,С3,0.406646728515625,1.17848908901215,2.10556030273438,446214.2149961,6203274.81626108,7.27922349595084,4.12517466457672,124.578277587891,778.969848632812,634.936218261719,1140.55541992188,663.738708496094
"MULTIPOINT ((448646.825145315 6195521.83627787))",127,п2д,с.с.,морена,140.220550537109,3.04343104362488,3.09270977973938,6.23287560301833e-05,-0.000360940204700455,С2,-0.465789794921875,5.13231086730957,9.72265625,448646.825145315,6195521.83627787,41.9118703199986,13.6490698324251,87.3606033325195,685.304260253906,1000.8125,392.1435546875,0
"MULTIPOINT ((446364.113030643 6203280.346111))",128,п2д,с.с.,морена,160.63264465332,1.64728975296021,346.688629150391,-8.73475000844337e-05,-0.000158904149429873,В3,-0.384063720703125,1.65643787384033,4.28192138671875,446364.113030643,6203280.346111,77.730625302528,14.2667500721812,69.8564224243164,958.3857421875,807.781799316406,1279.6533203125,519.757629394531
"MULTIPOINT ((448432.92644115 6199289.94085657))",129,п2д огл,с.с.,фг,147.590454101562,1.18760454654694,202.765182495117,-0.000393288879422471,-0.000122291341540404,С3,-0.803985595703125,2.79326486587524,2.98377990722656,448432.92644115,6199289.94085657,41.6617221324195,13.4382962402296,11.9999017715454,322.340026855469,1643.61804199219,1000.8125,608.189880371094
"MULTIPOINT ((446514.011065186 6203285.87596092))",130,п2д,с.с.,морена,159.701019287109,0.727380275726318,178.292556762695,-0.000158423703396693,-2.23918436859094e-06,В3,-0.250473022460938,1.52990055084229,2.57948303222656,446514.011065186,6203285.87596092,40.4563677462211,13.6137247981914,27.9997711181641,895.618103027344,838.084045410156,1379.67553710938,392.1435546875
"MULTIPOINT ((448165.636959944 6199905.21017422))",131,п2д огл,с.с.,фг,159.112579345703,0.389283508062363,256.010589599609,0.000230875084525906,0.000246286450419575,С2,0.74371337890625,1.60410964488983,2.40107727050781,448165.636959944,6199905.21017422,5.27081898570141,7.78166610453917,127.560707092285,469.334136962891,1322.77282714844,386.808013916016,64.4680023193359
"MULTIPOINT ((446663.909099729 6203291.40581084))",132,п2д,с.с.,морена,161.66975402832,1.17157423496246,189.495727539062,-0.00028384049073793,5.37393570994027e-05,В4,-0.358901977539062,1.61985874176025,4.35517883300781,446663.909099729,6203291.40581084,60.1945473284023,14.0110825166982,34.4090194702148,786.932250976562,720.774169921875,1484.16479492188,265.808380126953
"MULTIPOINT ((448315.419771594 6199897.14113869))",133,п2д огл,с.с.,фг,156.610076904297,1.47708916664124,333.717346191406,-8.22932051960379e-05,-9.89459367701784e-05,С2,-0.282638549804688,1.89168155193329,3.98789978027344,448315.419771594,6199897.14113869,43.2637819807182,13.4760293085898,52.153190612793,519.757629394531,1231.65942382812,407.7314453125,144.154830932617
"MULTIPOINT ((446813.807134272 6203296.93566076))",134,п2д,с.с.,морена,165.516098022461,0.550174236297607,186.097518920898,-0.000120311466162093,0.000146822610986419,С2,0.0413055419921875,1.80211758613586,2.50735473632812,446813.807134272,6203296.93566076,7.22885356838376,11.8915812021016,104.306381225586,638.20068359375,550.814819335938,1647.40661621094,91.1715240478516
"MULTIPOINT ((448465.202583244 6199889.07210317))",135,п2д огл,с.с.,фг,156.469833374023,0.979466617107391,239.306167602539,3.9884245779831e-05,0.000136246046167798,С2,0.274566650390625,1.98412144184113,2.86822509765625,448465.202583244,6199889.07210317,48.9728397355481,13.8047665977491,55.7131004333496,594.365600585938,1147.82006835938,464.885375976562,265.808380126953
"MULTIPOINT ((446963.705168815 6203302.46551068))",136,п2д,с.с.,морена,168.264724731445,1.49797809123993,182.767959594727,0.000166087280376814,-1.88194771908456e-05,С2,0.229782104492188,3.09332203865051,5.09449768066406,446963.705168815,6203302.46551068,5.95507177337004,11.6977439997835,148.052841186523,554.57470703125,432.464508056641,1759.63391113281,64.4680023193359
"MULTIPOINT ((448614.985394894 6199881.00306765))",137,п2д огл,с.с.,фг,155.6552734375,0.0594338849186897,206.698791503906,-0.000243763730395585,-0.000350819987943396,С4,-0.92669677734375,2.2501232624054,1.67924499511719,448614.985394894,6199881.00306765,309.070397686469,15.6470698196037,19.9998359680176,685.304260253906,1072.96130371094,547.029113769531,375.909820556641
"MULTIPOINT ((447113.603203358 6203307.9953606))",138,п2д,с.с.,морена,169.320663452148,2.5618143081665,52.5052146911621,0.000349802343407646,0.000308415794279426,В3,1.02799987792969,5.34319353103638,8.61766052246094,447113.603203358,6203307.9953606,27.981236746618,13.2450349137807,128.061431884766,490.973693847656,322.340026855469,1874.01281738281,0
"MULTIPOINT ((448764.768206544 6199872.93403212))",139,п2д огл,с.с.,фг,159.735168457031,1.03406524658203,148.402969360352,0.000227324737352319,8.09129705885425e-05,С2,0.4805908203125,1.46604418754578,2.68624877929688,448764.768206544,6199872.93403212,26.4043283242664,13.1870286928163,82.4614410400391,657.447204589844,981.947387695312,697.328063964844,347.170806884766
"MULTIPOINT ((447263.501237901 6203313.52521052))",140,п2д,с.с.,морена,164.964248657227,1.14115762710571,74.6578521728516,3.27397833643772e-06,0.000131902736029588,С2,0.210723876953125,0.963178157806396,3.6422119140625,447263.501237901,6203313.52521052,315.120624708655,16.3595715252942,114.401863098145,451.276000976562,203.86572265625,2024.33630371094,91.1715240478516
"MULTIPOINT ((448914.551018193 6199864.8649966))",141,п2д огл,с.с.,фг,159.357971191406,0.791595935821533,336.758056640625,6.42414597677998e-05,3.9293896406889e-05,С2,0.161392211914062,1.20248997211456,2.92716979980469,448914.551018193,6199864.8649966,33.5701709512693,13.427138647787,148.646011352539,644.680053710938,938.668273925781,807.781799316406,322.340026855469
"MULTIPOINT ((447413.399272444 6203319.05506044))",142,п2д,с.с.,морена,164.426742553711,0.47244668006897,99.3635711669922,0.000133306428324431,-0.000112936329969671,С2,0.031768798828125,0.53665155172348,1.74029541015625,447413.399272444,6203319.05506044,42.5011193418226,13.6630311574641,50.1194496154785,469.334136962891,193.404006958008,2104.85791015625,128.936004638672
"MULTIPOINT ((449064.333829843 6199856.79596107))",143,п2д огл,с.с.,фг,157.704788208008,1.13619780540466,323.351745605469,5.39912543899845e-05,0.000112624555185903,С2,0.259750366210938,1.56383562088013,3.63569641113281,449064.333829843,6199856.79596107,37.7709114738131,5.68565421826184,127.998954772949,644.680053710938,911.715209960938,923.041320800781,347.170806884766
"MULTIPOINT ((447563.297306987 6203324.58491036))",144,п2д,с.с.,морена,164.273208618164,0.615112721920013,341.183990478516,0.000189994054380804,-2.49551503657131e-05,С2,0.257278442382812,0.408828526735306,1.83174133300781,447563.297306987,6203324.58491036,32.0228675716897,13.3799510036276,105.677894592285,519.757629394531,232.442687988281,2190.01513671875,64.4680023193359
"MULTIPOINT ((449214.116641493 6199848.72692555))",145,п2д огл,с.с.,фг,148.462646484375,1.77140378952026,291.673004150391,-0.000275549798971042,-0.00107056391425431,С2,-2.09941101074219,5.89539861679077,6.784423828125,449214.116641493,6199848.72692555,86.90791067558,14.378349804494,54.4054412841797,455.857604980469,969.166625976562,847.944213867188,503.511199951172
"MULTIPOINT ((447713.19534153 6203330.11476028))",146,п2д,с.с.,морена,160.264129638672,3.11834120750427,271.90185546875,0.000381223857402802,-0.000375112635083497,С2,0.01129150390625,4.1713433265686,8.73234558105469,447713.19534153,6203330.11476028,23.3610070391893,5.98849388521788,3.99996733665466,638.20068359375,364.686096191406,2081.02880859375,128.936004638672
"MULTIPOINT ((449363.899453143 6199840.65789003))",147,п2д огл,с.с.,фг,151.214752197266,3.03043270111084,264.442840576172,-0.000399019103497267,0.000571594515349716,С2,0.267593383789062,5.74887752532959,8.51588439941406,449363.899453143,6199840.65789003,2.75996237392001,10.9287177914243,106.732444763184,364.686096191406,986.170776367188,720.774169921875,576.619323730469
"MULTIPOINT ((447863.093376073 6203335.6446102))",148,п2д,с.с.,морена,162.673126220703,3.71532893180847,233.563049316406,0.000471901526907459,-0.000383249804144725,С2,0.141571044921875,3.80748462677002,11.1382598876953,447863.093376073,6203335.6446102,80.9729488720247,14.5743753006036,91.9992523193359,735.04833984375,464.885375976562,1957.53564453125,232.442687988281
"MULTIPOINT ((449513.682264792 6199832.5888545))",149,п2д огл,с.с.,фг,148.763107299805,1.76483404636383,322.197235107422,-0.00035707707866095,1.58836919581518e-05,С2,-0.532546997070312,3.45611143112183,6.65560913085938,449513.682264792,6199832.5888545,21.8810353746516,5.14465763178455,156.459579467773,288.309661865234,1019.32861328125,594.365600585938,455.857604980469
"MULTIPOINT ((448012.991410616 6203341.17446012))",150,п2д,с.с.,морена,167.596145629883,0.604334473609924,226.699356079102,0.000163848075317219,0.000184501725016162,С2,0.542984008789062,1.01605665683746,2.06826782226562,448012.991410616,6203341.17446012,19.8200312910692,5.59782329358282,122.375465393066,876.859680175781,550.814819335938,1856.18591308594,375.909820556641
"MULTIPOINT ((449663.465076442 6199824.51981898))",151,п2д огл,с.с.,фг,145.214172363281,0.944876968860626,330.325347900391,-3.05597859551199e-05,-4.11964720115066e-05,С4,-0.111862182617188,0.783885955810547,3.3070068359375,449663.465076442,6199824.51981898,127.729713171959,14.7634171598972,93.3801803588867,203.86572265625,1095.9560546875,407.7314453125,265.808380126953
"MULTIPOINT ((448162.889445159 6203346.70431004))",152,п2д,с.с.,морена,167.169479370117,0.78935569524765,335.380493164062,0.000122980622109026,0.000140330419526435,С2,0.410476684570312,1.24381053447723,2.09820556640625,448162.889445159,6203346.70431004,3.58376746842292,3.38382990258546,67.9994430541992,984.061340332031,673.065734863281,1735.85400390625,490.973693847656
"MULTIPOINT ((449813.247888092 6199816.45078346))",153,п2д огл,с.с.,фг,143.948883056641,1.83978796005249,328.503662109375,0.000561748631298542,-4.95009480800945e-05,С4,0.7996826171875,3.20637726783752,5.87628173828125,449813.247888092,6199816.45078346,5.94302374444342,11.6957187961656,32.2487678527832,182.343048095703,1095.9560546875,288.309661865234,144.154830932617
"MULTIPOINT ((442921.988086074 6203003.26152829))",154,п3д,с.с.,морена,171.817153930664,0.266182094812393,307.247467041016,0.000238337146583945,0.000182151445187628,,0.655364990234375,1.27631151676178,1.48458862304688,442921.988086074,6203003.26152829,8.43873973672287,12.0463337215909,171.812454223633,554.57470703125,257.872009277344,288.309661865234,0
"MULTIPOINT ((449941.761349693 6199808.18626768))",155,п2д огл,с.с.,фг,138.65771484375,1.97025418281555,306.096252441406,-0.000690387678332627,8.21544381324202e-05,С2,-0.949798583984375,5.46687269210815,7.70294189453125,449941.761349693,6199808.18626768,110.081146370974,14.6147185325372,47.9996070861816,91.1715240478516,984.061340332031,182.343048095703,64.4680023193359
"MULTIPOINT ((443071.886120617 6203008.79137821))",156,п3д,с.с.,морена,166.056182861328,3.61490893363953,346.766357421875,0.000376522220904008,-5.37710839125793e-05,,0.506378173828125,6.41576528549194,10.0308532714844,443071.886120617,6203008.79137821,205.594476005965,15.5061658317975,50.9112739562988,469.334136962891,265.808380126953,144.154830932617,0
"MULTIPOINT ((448157.567924421 6199755.42736256))",157,п2д огл,с.с.,фг,156.832473754883,0.683771371841431,204.177520751953,-2.15930958802346e-05,7.6763353717979e-05,С2,0.0859832763671875,1.12334775924683,2.50721740722656,448157.567924421,6199755.42736256,29.3456682457364,13.2926456902245,179.99853515625,490.973693847656,1458.74438476562,515.744018554688,91.1715240478516
"MULTIPOINT ((443221.78415516 6203014.32122813))",158,п3д,с.с.,морена,164.639221191406,3.46340656280518,188.274230957031,-0.000114507427497301,-0.000317298748996109,С2,-0.674880981445312,5.60529565811157,11.1880340576172,443221.78415516,6203014.32122813,161.010072579391,7.21271405949538,57.2708168029785,451.276000976562,322.340026855469,144.154830932617,64.4680023193359
"MULTIPOINT ((448307.350736071 6199747.35832704))",159,п2д огл,с.с.,фг,155.355407714844,1.42800521850586,330.948028564453,-4.77351604786236e-05,6.38160199741833e-05,С2,0.0250244140625,1.69657909870148,4.57391357421875,448307.350736071,6199747.35832704,70.5143220338745,14.1693165830287,51.9995765686035,634.936218261719,1329.04187011719,531.616760253906,232.442687988281
"MULTIPOINT ((448457.13354772 6199739.28929152))",160,п2д огл,с.с.,фг,154.421447753906,0.895670771598816,218.931640625,-4.6744473365834e-05,-0.000166673504281789,С4,-0.332687377929688,1.14309585094452,2.58677673339844,448457.13354772,6199739.28929152,1980.80994877334,17.5047618495072,0,685.304260253906,1251.7421875,576.619323730469,322.340026855469
"MULTIPOINT ((447102.543503518 6203607.79142969))",161,п2д,с.с.,морена,164.015441894531,1.36556768417358,214.94775390625,0.000286480120848864,0.000196638255147263,С2,0.753448486328125,3.5778706073761,3.91946411132812,447102.543503518,6203607.79142969,9.41312740787351,12.1556059922094,36.2212448120117,797.425170898438,193.404006958008,1753.71936035156,64.4680023193359
"MULTIPOINT ((446952.645468975 6203602.26157977))",162,п2д,с.с.,морена,159.54182434082,1.45413506031036,133.141983032227,-0.000297368940664455,-0.000637091754470021,С2,-1.45716857910156,3.26660966873169,4.90882873535156,446952.645468975,6203602.26157977,2592.76866678876,17.7739823114798,0,838.084045410156,322.340026855469,1630.92578125,64.4680023193359
"MULTIPOINT ((447252.441538061 6203613.3212796))",163,п1д,с.с.,морена,163.338531494141,2.00274181365967,351.311706542969,0.000517105858307332,0.000211952516110614,С2,1.13795471191406,2.8863730430603,5.38523864746094,447252.441538061,6203613.3212796,4.42036227187964,11.3997223991205,49.476863861084,776.297546386719,64.4680023193359,1877.33654785156,144.154830932617
"MULTIPOINT ((447402.339572604 6203618.85112953))",164,п2д,с.с.,морена,155.286651611328,0.812747299671173,47.5876083374023,-0.000171009611221962,-0.000670987588819116,В4,-1.31248474121094,3.17525744438171,4.97013854980469,447402.339572604,6203618.85112953,2511.65775780509,17.7421990198201,0,784.287109375,0,2063.98315429688,193.404006958008
"MULTIPOINT ((448574.640217276 6199132.0890094))",165,пд пов огл,с.с.,фг,140.312042236328,4.26835536956787,288.858123779297,-0.000394752831198275,0.000117371455417015,С3,-0.43695068359375,7.29320859909058,11.9435882568359,448574.640217276,6199132.0890094,6.07543136013934,11.717753736916,51.9995765686035,91.1715240478516,1773.7490234375,1223.1943359375,720.774169921875
"MULTIPOINT ((448275.074593976 6199148.22708044))",166,п2д огл,с.с.,фг,148.509689331055,2.00255441665649,174.368865966797,0.000284949754131958,0.000558745115995407,С2,1.3162841796875,4.32286167144775,6.44155883789062,448275.074593976,6199148.22708044,10.1578761625426,5.52579712120009,117.642570495605,144.154830932617,1847.20788574219,1097.8505859375,451.276000976562
"MULTIPOINT ((447552.237607147 6203624.38097945))",167,п2д,с.с.,морена,155.349426269531,2.1349024772644,130.765121459961,-0.000793189683463424,-0.000620514969341457,,-2.20658874511719,5.17414331436157,7.04072570800781,447552.237607147,6203624.38097945,5626.40350018673,18.5487264515201,0,815.462890625,64.4680023193359,2189.06591796875,128.936004638672
"MULTIPOINT ((448724.423028926 6199124.01997387))",168,пд пов огл,с.с.,фг,142.165832519531,2.58747506141663,184.849700927734,0.000461544696008787,-0.000735045527108014,С4,-0.42523193359375,6.06805372238159,10.8533020019531,448724.423028926,6199124.01997387,315.437239276733,15.9342199038079,3.99996733665466,0,1735.85400390625,1269.87243652344,735.04833984375
"MULTIPOINT ((448424.857405626 6199140.15804492))",169,п2д огл,с.с.,фг,142.33024597168,3.59183692932129,289.805450439453,0.000458295311545953,-0.000940326310228556,С3,-0.74993896484375,4.752685546875,11.413818359375,448424.857405626,6199140.15804492,49.7142970173,14.0865527243313,45.6066436767578,128.936004638672,1820.00830078125,1188.73120117188,644.680053710938
"MULTIPOINT ((447702.13564169 6203629.91082937))",170,п2д,с.с.,морена,159.988174438477,2.18442296981812,159.598251342773,-0.000109740234620403,-0.00056495307944715,С3,-1.05255126953125,2.40942978858948,6.76438903808594,447702.13564169,6203629.91082937,102.495326055036,14.5433179425016,29.1202011108398,864.929016113281,193.404006958008,2251.7705078125,0
"MULTIPOINT ((448874.205840576 6199115.95093835))",171,пд пов огл,с.с.,фг,138.699737548828,6.72291231155396,94.644660949707,-0.00175435421988368,-0.000599042163230479,С2,-3.73153686523438,13.3934946060181,16.7835693359375,448874.205840576,6199115.95093835,55.2583313497873,14.1922792889436,43.0809669494629,64.4680023193359,1695.88842773438,1359.95397949219,634.936218261719
"MULTIPOINT ((447852.033676233 6203635.44067929))",172,п2д,с.с.,морена,166.860824584961,0.357075214385986,230.766586303711,0.000100324061349966,8.79589861142449e-05,С2,0.29345703125,1.49535250663757,1.3729248046875,447852.033676233,6203635.44067929,12.7107489572755,12.455948754506,114.611450195312,967.02001953125,386.808013916016,2063.98315429688,144.154830932617
"MULTIPOINT ((449023.988652225 6199107.88190283))",173,пд пов огл,с.с.,фг,139.076522827148,5.56448841094971,81.5553817749023,-0.00192252243869007,-0.000169512568390928,С2,-3.30455017089844,12.1647348403931,14.4814300537109,449023.988652225,6199107.88190283,21.8022492201303,12.9955138841341,87.9992828369141,64.4680023193359,1681.11975097656,1305.37756347656,594.365600585938
"MULTIPOINT ((448001.931710776 6203640.97052921))",174,п2д,с.с.,морена,167.76383972168,0.880384683609009,204.987777709961,3.02091084449785e-05,6.57264972687699e-05,С2,0.1495361328125,1.76336324214935,2.29351806640625,448001.931710776,6203640.97052921,23.7725040566991,13.082030365504,115.168502807617,1049.46301269531,515.744018554688,1935.1142578125,265.808380126953
"MULTIPOINT ((449173.771463875 6199099.8128673))",175,пд пов огл,с.с.,фг,142.960327148438,5.41710567474365,115.153602600098,-0.000524707778822631,0.000136460308567621,С2,-0.615203857421875,6.7982292175293,13.9850158691406,449173.771463875,6199099.8128673,24.1970017690877,12.8949421991068,47.9996070861816,91.1715240478516,1623.26293945312,1185.22985839844,580.212036132812
"MULTIPOINT ((448151.829745319 6203646.50037913))",176,п2д,с.с.,морена,167.908554077148,0.787225067615509,11.4004201889038,7.71691484260373e-05,0.000164327706443146,С2,0.376449584960938,1.69903206825256,2.80422973632812,448151.829745319,6203646.50037913,7.59990469559645,11.7368491746196,188.041000366211,1140.55541992188,594.365600585938,1806.2548828125,392.1435546875
"MULTIPOINT ((449323.554275525 6199091.74383178))",177,т1п пов огл,с.с.,морена,147.668014526367,4.28637218475342,101.184097290039,0.00118155695963651,-0.000156367881572805,С2,1.61265563964844,3.61629772186279,11.7858276367188,449323.554275525,6199091.74383178,650.235423856699,16.657594654116,3.99996733665466,128.936004638672,1495.32409667969,1067.13537597656,594.365600585938
"MULTIPOINT ((443360.622489863 6203319.64714714))",178,п3д,с.с.,морена,171.042892456055,1.40041708946228,332.10205078125,-0.000124678001157008,0.000291995267616585,,0.2607421875,2.67818546295166,4.3204345703125,443360.622489863,6203319.64714714,6.23000549395185,11.7428779590791,159.998687744141,784.287109375,322.340026855469,407.7314453125,0
"MULTIPOINT ((449473.337087175 6199083.67479625))",179,пд пов огл,с.с.,фг,150.384262084961,1.15862131118774,63.6768341064453,0.000407692306907848,0.000841973233036697,С2,1.94831848144531,4.19609022140503,5.17039489746094,449473.337087175,6199083.67479625,9.3513821393794,5.69438632307167,108.810882568359,128.936004638672,1303.78466796875,895.618103027344,519.757629394531
"MULTIPOINT ((443510.520524406 6203325.17699706))",180,п3д,с.с.,морена,167.222061157227,0.998617351055145,16.9841766357422,-0.000369044428225607,-0.000571764307096601,С2,-1.46670532226562,3.8474326133728,3.76777648925781,443510.520524406,6203325.17699706,158.387442667828,15.2453043664035,7.99993467330933,797.425170898438,451.276000976562,288.309661865234,64.4680023193359
"MULTIPOINT ((449623.119898824 6199075.60576073))",181,п1д огл,с.с.,фг,144.678665161133,1.91398215293884,359.336639404297,-9.36198921408504e-05,-0.000727071717847139,В4,-1.27995300292969,2.57044887542725,5.95703125,449623.119898824,6199075.60576073,50.7036725713574,13.8394990897044,55.9995422363281,232.442687988281,1188.73120117188,825.59326171875,455.857604980469
"MULTIPOINT ((445159.398904379 6203386.00534618))",182,п3д,с.с.,морена,150.661346435547,0.493969947099686,206.497955322266,-0.0019033367279917,-0.00033230785629712,В4,-3.48472595214844,7.23681354522705,6.401611328125,445159.398904379,6203386.00534618,169.402214970369,15.0457766019442,23.9998035430908,0,0,784.287109375,64.4680023193359
"MULTIPOINT ((449772.902710474 6199067.53672521))",183,пд пов огл,с.с.,фг,142.799392700195,0.650579273700714,196.790481567383,-0.000498236215207726,-0.000262599904090166,С2,-1.18597412109375,2.71837258338928,3.109375,449772.902710474,6199067.53672521,2551.88201806512,17.7580871566562,0,322.340026855469,1063.23352050781,729.372192382812,375.909820556641
"MULTIPOINT ((445309.296938922 6203391.5351961))",184,п3д огл,с.с.,далл,160.036315917969,2.66910266876221,195.039840698242,0.000760533614084125,0.000241597066633403,С2,1.56614685058594,4.3149037361145,8.73631286621094,445309.296938922,6203391.5351961,11.1488992350031,12.3248415141404,111.999084472656,91.1715240478516,91.1715240478516,773.616027832031,193.404006958008
"MULTIPOINT ((449922.685522124 6199059.46768968))",185,пд пов огл,с.с.,фг,147.724868774414,2.3647518157959,86.6559295654297,0.000423985300585628,0.000119742981041782,С3,0.849288940429688,4.95141077041626,6.03256225585938,449922.685522124,6199059.46768968,10.3696306422561,12.2523821481213,49.476863861084,490.973693847656,876.859680175781,594.365600585938,232.442687988281
"MULTIPOINT ((445459.194973465 6203397.06504602))",186,п3д огл,с.с.,далл,161.807983398438,1.71936702728271,56.5349235534668,0.000634771247860044,-0.000265839247731492,С2,0.576141357421875,3.13110899925232,7.72996520996094,445459.194973465,6203397.06504602,12.4166889782921,12.6993016193179,123.998985290527,265.808380126953,232.442687988281,776.297546386719,375.909820556641
"MULTIPOINT ((450072.468333774 6199051.39865416))",187,пд пов огл,с.с.,фг,150.086608886719,2.80762481689453,162.899780273438,0.00013473053695634,3.21607876685448e-05,С2,0.26092529296875,3.63635444641113,8.38615417480469,450072.468333774,6199051.39865416,23.6168574447832,13.0754614999754,101.979560852051,490.973693847656,754.57861328125,519.757629394531,193.404006958008
"MULTIPOINT ((445609.093008008 6203402.59489594))",188,п3д огл,с.с.,далл,156.565979003906,3.12532472610474,108.178489685059,-0.000391784444218501,-0.000473710912046954,С3,-1.35275268554688,3.62762761116028,7.90072631835938,445609.093008008,6203402.59489594,427.783978256271,16.2388785107183,23.9998035430908,407.7314453125,128.936004638672,735.04833984375,469.334136962891
"MULTIPOINT ((448898.412947146 6199565.2993733))",189,п2д огл,с.с.,фг,156.273834228516,1.47965955734253,260.974670410156,0.000181008625077084,-0.000143165263580158,С2,0.0591888427734375,0.895871341228485,5.00297546386719,448898.412947146,6199565.2993733,32.3439255106837,13.3899269737282,107.702415466309,322.340026855469,1251.7421875,1002.88671875,644.680053710938
"MULTIPOINT ((445758.991042551 6203408.12474586))",190,п2д огл,л.с.,далл,161.474182128906,2.02566361427307,138.88639831543,0.000489422935061157,-3.33179305016529e-05,С2,0.712265014648438,1.84134900569916,7.58987426757812,445758.991042551,6203408.12474586,40.2547605107517,13.6087290148557,128.995071411133,503.511199951172,182.343048095703,778.969848632812,451.276000976562
"MULTIPOINT ((449048.195758796 6199557.23033777))",191,п2д огл,с.с.,фг,156.166549682617,1.45517766475677,328.839019775391,0.000299232138786465,0.000183909491170198,С2,0.753555297851562,1.29122805595398,4.20945739746094,449048.195758796,6199557.23033777,23.7780423594545,13.0822633093164,101.979560852051,347.170806884766,1231.65942382812,1097.8505859375,657.447204589844
"MULTIPOINT ((445908.889077094 6203413.65459578))",192,п2д огл,л.с.,далл,162.790069580078,0.389908254146576,147.20491027832,-7.13024273863994e-05,-0.00014868461585138,С2,-0.342864990234375,1.28364646434784,1.39674377441406,445908.889077094,6203413.65459578,9.34799917896527,7.82657524419878,3.99996733665466,638.20068359375,347.170806884766,876.859680175781,455.857604980469
"MULTIPOINT ((449197.978570446 6199549.16130225))",193,п2д огл,с.с.,фг,147.781829833984,1.50434458255768,357.11181640625,-0.000238334672758356,-0.000157133617904037,,-0.616836547851562,1.16367530822754,4.47189331054688,449197.978570446,6199549.16130225,116.691072917749,14.6730307848006,11.9999017715454,322.340026855469,1226.58740234375,923.041320800781,644.680053710938
"MULTIPOINT ((446058.787111637 6203419.1844457))",194,п2д,с.с.,морена,163.931671142578,0.624735116958618,182.083923339844,-0.00013864527863916,-5.66442431590986e-05,С2,-0.304412841796875,1.57552218437195,1.64015197753906,446058.787111637,6203419.1844457,37.7805688341212,13.545295662874,63.2450370788574,735.04833984375,464.885375976562,958.3857421875,490.973693847656
"MULTIPOINT ((449347.761382096 6199541.09226673))",195,п2д огл,с.с.,фг,145.584686279297,1.43967366218567,299.721099853516,0.00017592114454601,-0.000351095863152295,,-0.272933959960938,1.5087583065033,5.4375,449347.761382096,6199541.09226673,99.2356734937686,14.5109983059042,55.5693206787109,203.86572265625,1240.06677246094,807.781799316406,515.744018554688
"MULTIPOINT ((446208.68514618 6203424.71429562))",196,п2д,с.с.,морена,164.808212280273,0.62211686372757,39.1351661682129,0.000115301212645136,4.80900853290223e-05,С2,0.254684448242188,1.36430668830872,1.86112976074219,446208.68514618,6203424.71429562,8.56708958629456,12.0614288144903,96.6635818481445,840.559875488281,576.619323730469,1049.46301269531,554.57470703125
"MULTIPOINT ((449497.544193745 6199533.0232312))",197,п2д огл,с.с.,фг,138.38346862793,3.56890487670898,310.147766113281,-0.000802797614596784,-0.000253398640779778,С4,-1.65422058105469,5.38409566879272,10.0617370605469,449497.544193745,6199533.0232312,5116.65597590886,19.146936207098,0,64.4680023193359,1303.78466796875,735.04833984375,392.1435546875
"MULTIPOINT ((446358.583180723 6203430.24414554))",198,п2д,с.с.,морена,163.266082763672,0.664090633392334,304.71728515625,9.66410807450302e-05,-0.000259265856584534,С2,-0.253448486328125,1.8610702753067,3.06803894042969,446358.583180723,6203430.24414554,193.7227046632,15.446687945404,71.5535888671875,951.858642578125,694.341613769531,1147.82006835938,583.782592773438
"MULTIPOINT ((449647.327005395 6199524.95419568))",199,пд пов огл,с.с.,фг,144.293182373047,2.57436966896057,124.303771972656,-0.00011771653953474,0.000539817032404244,С2,0.65814208984375,4.89886379241943,8.23565673828125,449647.327005395,6199524.95419568,8.78063051693852,2.9262557382952,58.2404022216797,64.4680023193359,1112.89025878906,583.782592773438,203.86572265625
"MULTIPOINT ((446508.481215266 6203435.77399546))",200,п2д,с.с.,морена,159.009338378906,1.29836583137512,10.695652961731,-0.00017015881894622,-0.00025033371639438,В5,-0.655654907226562,3.15406489372253,4.9537353515625,446508.481215266,6203435.77399546,12.4246786425032,12.4331854522917,27.9997711181641,967.02001953125,797.425170898438,1305.37756347656,392.1435546875
"MULTIPOINT ((449797.109817045 6199516.88516016))",201,пд пов огл,с.с.,фг,143.363845825195,2.10393190383911,126.951347351074,0.00017258022853639,-0.000954285846091807,С3,-1.21879577636719,7.0849986076355,9.27922058105469,449797.109817045,6199516.88516016,39.437956276123,13.588229454261,39.9996719360352,64.4680023193359,986.170776367188,455.857604980469,91.1715240478516
"MULTIPOINT ((446658.379249809 6203441.30384538))",202,п2д,с.с.,морена,161.674575805664,2.88299822807312,176.953674316406,0.000187402591109276,-0.000240270659560338,С2,-0.081756591796875,3.97140097618103,7.48025512695312,446658.379249809,6203441.30384538,37.563648664071,13.5395375363288,99.9991836547852,867.328247070312,673.065734863281,1415.36267089844,265.808380126953
"MULTIPOINT ((450246.458251994 6199492.67805359))",203,пд пов огл,с.с.,фг,137.645034790039,6.82553863525391,50.3929061889648,0.000158167109475471,0.000250847690040246,С2,0.645584106445312,6.46024656295776,18.0166015625,450246.458251994,6199492.67805359,67.3481997564352,13.9185896402838,107.999114990234,0,550.814819335938,64.4680023193359,0
"MULTIPOINT ((446808.277284352 6203446.8336953))",204,п2д,с.с.,морена,164.825042724609,0.876985132694244,50.896110534668,0.000315721932565793,2.58224395111029e-06,С2,0.49627685546875,2.5899920463562,3.70381164550781,446808.277284352,6203446.8336953,8.52119302584265,4.29092478104789,63.9994773864746,776.297546386719,550.814819335938,1528.31323242188,144.154830932617
"MULTIPOINT ((447841.864230074 6199471.99981031))",205,п2д огл,с.с.,фг,152.787307739258,1.05905914306641,240.422134399414,0.000158798924530856,0.000146371457958594,,0.475799560546875,2.51514101028442,3.14143371582031,447841.864230074,6199471.99981031,36.338653489734,5.2574192299671,5.6568078994751,128.936004638672,1869.57202148438,815.462890625,64.4680023193359
"MULTIPOINT ((446958.175318895 6203452.36354522))",206,п2д,с.с.,морена,170.872253417969,1.95748007297516,148.385375976562,0.00134198472369462,0.00124952755868435,С2,4.04380798339844,11.6630916595459,7.61233520507812,446958.175318895,6203452.36354522,5.99188041105401,11.499118755373,87.9992828369141,663.738708496094,375.909820556641,1702.00402832031,64.4680023193359
"MULTIPOINT ((447991.647041724 6199463.93077479))",207,п2д огл,с.с.,фг,154.694107055664,1.44705533981323,275.035308837891,0.000539597880560905,0.000233867132919841,С2,1.20640563964844,2.26955080032349,3.92617797851562,447991.647041724,6199463.93077479,9.81131502657978,12.1970370586197,120.928749084473,322.340026855469,1783.09692382812,840.559875488281,144.154830932617
"MULTIPOINT ((447108.073353438 6203457.89339514))",208,п2д,с.с.,морена,167.836639404297,2.91821765899658,22.2357215881348,0.000636792101431638,0.000980590819381177,С2,2.52662658691406,9.4985876083374,8.38290405273438,447108.073353438,6203457.89339514,13.4222468571189,12.5104142879701,52.153190612793,611.59716796875,265.808380126953,1820.00830078125,0
"MULTIPOINT ((448141.429853374 6199455.86173927))",209,п2д огл,с.с.,фг,152.014587402344,2.12816715240479,315.755126953125,3.22270971082617e-05,9.20364327612333e-05,С2,0.193878173828125,1.50055015087128,5.81098937988281,448141.429853374,6199455.86173927,74.7960901864547,14.2282663578056,142.041091918945,328.723602294922,1702.00402832031,838.084045410156,265.808380126953
"MULTIPOINT ((447257.971387981 6203463.42324506))",210,п2д,с.с.,морена,162.039306640625,0.754148483276367,88.0363616943359,-0.000291904521873221,-1.71131687238812e-05,С3,-0.48175048828125,2.61943793296814,2.73965454101562,447257.971387981,6203463.42324506,161.101969342265,7.96605208613434,33.940845489502,583.782592773438,144.154830932617,1939.40490722656,0
"MULTIPOINT ((448291.212665024 6199447.79270374))",211,п2д огл,с.с.,фг,149.111572265625,1.22413969039917,305.975311279297,-0.00016527583647985,2.33869195653824e-06,С2,-0.254104614257812,1.16178250312805,4.16493225097656,448291.212665024,6199447.79270374,72.1653265568115,6.80890060801302,55.9995422363281,375.909820556641,1627.09887695312,840.559875488281,375.909820556641
"MULTIPOINT ((447407.869422524 6203468.95309498))",212,п2д,с.с.,морена,160.235748291016,2.62583255767822,125.820869445801,-1.90894525076146e-06,-5.79533370910212e-05,С2,-0.093414306640625,3.11599016189575,7.42225646972656,447407.869422524,6203468.95309498,59.1907278056621,14.2610250709713,19.9998359680176,657.447204589844,0,2099.91577148438,64.4680023193359
"MULTIPOINT ((448440.995476673 6199439.72366822))",213,п2д огл,с.с.,фг,150.183197021484,1.13380801677704,249.345336914062,0.000153803688590415,9.04824482859112e-05,С2,0.380889892578125,2.343266248703,3.80592346191406,448440.995476673,6199439.72366822,8.11660293205837,12.0074124529424,47.9996070861816,412.796630859375,1528.31323242188,876.859680175781,550.814819335938
"MULTIPOINT ((447557.767457067 6203474.4829449))",214,п2д,с.с.,морена,163.460296630859,2.09040451049805,98.9907455444336,0.000579691200982779,0.000102729922218714,С2,1.06550598144531,1.75696575641632,5.76382446289062,447557.767457067,6203474.4829449,3.36436193090692,11.1267390701984,60.9256896972656,694.341613769531,91.1715240478516,2222.97802734375,64.4680023193359
"MULTIPOINT ((448590.778288323 6199431.6546327))",215,п2д огл,с.с.,фг,150.227203369141,0.40090399980545,180.759262084961,-2.84547895716969e-05,-0.000263979512965307,С3,-0.455780029296875,1.80017602443695,1.3760986328125,448590.778288323,6199431.6546327,131.416250198097,14.7918705125262,33.940845489502,347.170806884766,1472.92102050781,923.041320800781,638.20068359375
"MULTIPOINT ((447707.66549161 6203480.01279482))",216,п2д,с.с.,морена,163.497039794922,1.16379010677338,111.299331665039,0.000254815648077056,-0.000148230363265611,С2,0.16632080078125,1.13725769519806,3.49346923828125,447707.66549161,6203480.01279482,19198.3828828798,19.7760820740446,0,751.819641113281,203.86572265625,2203.25927734375,64.4680023193359
"MULTIPOINT ((448740.561099973 6199423.58559717))",217,п2д огл,с.с.,фг,151.493682861328,0.335198789834976,297.940795898438,-0.000114711438072845,0.000224806048208848,С3,0.171585083007812,2.80788254737854,2.98475646972656,448740.561099973,6199423.58559717,13.4927966580968,12.5156567065836,131.998916625977,273.514556884766,1427.06005859375,984.061340332031,729.372192382812
"MULTIPOINT ((447857.563526153 6203485.54264474))",218,п2д,с.с.,морена,166.283096313477,0.485325843095779,198.345092773438,9.56628064159304e-05,-1.46916345329373e-05,С2,0.126205444335938,0.857538998126984,1.28826904296875,447857.563526153,6203485.54264474,324.776533486524,15.6966381009855,43.2662620544434,867.328247070312,392.1435546875,2023.3095703125,203.86572265625
"MULTIPOINT ((448890.343911623 6199415.51656165))",219,п2д огл,с.с.,фг,151.834350585938,2.69610190391541,231.121444702148,3.66264180229336e-06,-7.62091294745915e-05,С3,-0.113189697265625,2.89379453659058,6.97193908691406,448890.343911623,6199415.51656165,30.6599360090761,13.3364575307531,19.9998359680176,193.404006958008,1378.16845703125,1097.8505859375,773.616027832031
"MULTIPOINT ((448007.461560696 6203491.07249466))",220,п2д,с.с.,морена,167.005310058594,0.474909752607346,160.19660949707,2.03414383577183e-05,-0.00018449334311299,С2,-0.255859375,1.26873230934143,1.33078002929688,448007.461560696,6203491.07249466,36.1200737689498,13.5003495153023,59.4637908935547,958.3857421875,519.757629394531,1904.80859375,322.340026855469
"MULTIPOINT ((449040.126723272 6199407.44752613))",221,п2д огл,с.с.,фг,154.953460693359,1.12025785446167,265.653747558594,0.000570923264604062,0.000253308302490041,С2,1.28518676757812,2.25843214988708,3.724853515625,449040.126723272,6199407.44752613,4.92265313260863,3.01160790881985,147.077011108398,232.442687988281,1359.95397949219,1153.23864746094,784.287109375
"MULTIPOINT ((448157.359595239 6203496.60234458))",222,п2д,с.с.,морена,167.522583007812,0.607709646224976,342.573028564453,0.000311561801936477,-0.000100286320957821,С2,0.329360961914062,1.44654667377472,2.09820556640625,448157.359595239,6203496.60234458,12.1334874886507,12.4094699354283,74.7255554199219,1057.35388183594,634.936218261719,1787.75244140625,432.464508056641
"MULTIPOINT ((449189.909534922 6199399.3784906))",223,пд пов огл,с.с.,фг,151.053436279297,4.11490964889526,308.478668212891,0.000760993105359375,0.000472695712232962,С2,1.93388366699219,2.44594955444336,13.7391357421875,449189.909534922,6199399.3784906,20.318569541547,12.9250359680808,123.998985290527,128.936004638672,1418.29602050781,1072.96130371094,735.04833984375
"MULTIPOINT ((449339.692346572 6199391.30945508))",224,пд пов огл,с.с.,фг,140.700927734375,3.94805574417114,303.152557373047,-0.000525842246133834,0.000348568370100111,С2,-0.280853271484375,4.57721376419067,12.7950439453125,449339.692346572,6199391.30945508,23.6070445037255,12.8702586308701,79.9993438720703,128.936004638672,1419.76037597656,916.262451171875,550.814819335938
"MULTIPOINT ((447691.07594185 6203929.70689845))",225,п2д,с.с.,морена,163.055877685547,0.940560400485992,155.778503417969,-0.000228718490689062,4.04782040277496e-05,В3,-0.293502807617188,1.57586681842804,2.62001037597656,447691.07594185,6203929.70689845,14.9909082375862,12.6209446442704,43.999641418457,1162.21337890625,322.340026855469,2257.30078125,128.936004638672
"MULTIPOINT ((447541.177907307 6203924.17704853))",226,п2д,с.с.,морена,162.186019897461,1.16163527965546,217.350250244141,0.000387946784030646,-3.02422768072574e-06,С3,0.600296020507812,1.91778647899628,3.91549682617188,447541.177907307,6203924.17704853,6.11506375095479,11.7242559388508,36.8778762817383,1125.88525390625,193.404006958008,2136.21704101562,232.442687988281
"MULTIPOINT ((447840.973976393 6203935.23674837))",227,п2д,с.с.,морена,165.256973266602,0.721759855747223,116.094284057617,2.35925526794745e-05,0.000215192369068973,С2,0.3721923828125,0.548434317111969,2.35179138183594,447840.973976393,6203935.23674837,10.8482561348844,7.18463160715418,78.8916931152344,1211.24377441406,451.276000976562,2162.32250976562,0
"MULTIPOINT ((447990.872010936 6203940.76659829))",228,п2д,с.с.,морена,165.152389526367,0.579840838909149,130.530349731445,8.07888281997293e-05,-7.00392774888314e-05,С2,0.0167694091796875,0.752752661705017,2.32090759277344,447990.872010936,6203940.76659829,44.8144734312899,13.7160318993344,28.8441753387451,1305.37756347656,608.189880371094,1972.34155273438,193.404006958008
"MULTIPOINT ((450064.39929825 6198901.61584251))",229,пд пов огл,с.с.,фг,150.431671142578,0.651260852813721,236.107177734375,-0.000167196500115097,0.000335816730512306,С2,0.262786865234375,1.75986135005951,3.91789245605469,450064.39929825,6198901.61584251,5.27013138834553,11.5755560380432,111.210601806641,608.189880371094,807.781799316406,634.936218261719,257.872009277344
"MULTIPOINT ((449764.833674951 6198917.75391356))",230,п1д огл,с.с.,фг,145.474487304688,3.43504309654236,84.6720123291016,-0.000596184050664306,-0.000698651012498885,С2,-2.02507019042969,7.10398817062378,9.07884216308594,449764.833674951,6198917.75391356,31.4396556555974,13.3615707594968,53.3662223815918,412.796630859375,1101.62963867188,820.543762207031,455.857604980469
"MULTIPOINT ((448140.770045479 6203946.29644821))",231,п2д,с.с.,морена,165.780014038086,0.151506200432777,119.84888458252,4.23804558522534e-05,1.12188190541929e-05,С2,0.0835418701171875,0.509189784526825,0.720245361328125,448140.770045479,6203946.29644821,1.27023817076902,9.74722942093709,96.1657333374023,1379.67553710938,611.59716796875,1846.08264160156,203.86572265625
"MULTIPOINT ((450214.1821099 6198893.54680699))",232,пд пов огл,с.с.,фг,151.3916015625,1.44301867485046,265.417938232422,0.00030527840135619,0.00011641960736597,С2,0.657745361328125,2.35748481750488,3.91789245605469,450214.1821099,6198893.54680699,26.2540632320811,13.1813215112784,120.06566619873,550.814819335938,697.328063964844,554.57470703125,128.936004638672
"MULTIPOINT ((449914.616486601 6198909.68487803))",233,п1д огл,с.с.,фг,150.428009033203,0.452964782714844,76.6776275634766,0.000213008359423839,0.000111219931568485,С2,0.50537109375,1.78468656539917,1.81781005859375,449914.616486601,6198909.68487803,4.6539309958763,11.4512129823538,19.9998359680176,554.57470703125,923.041320800781,697.328063964844,347.170806884766
"MULTIPOINT ((446047.727411796 6203718.98051479))",234,п2д,с.с.,морена,164.527053833008,1.28160381317139,180.200790405273,0.000342235900461674,-3.31594746967312e-05,С2,0.482086181640625,1.41152918338776,3.50079345703125,446047.727411796,6203718.98051479,7.7462584044737,11.7559234077258,103.227066040039,911.715209960938,386.808013916016,786.932250976562,273.514556884766
"MULTIPOINT ((450363.96492155 6198885.47777146))",235,пд пов огл,с.с.,фг,144.169860839844,0.971889019012451,97.6758575439453,-0.000751297804526985,-0.000918095174711198,,-2.60255432128906,7.18527793884277,4.85096740722656,450363.96492155,6198885.47777146,1067.32783416062,17.5795932847729,0,503.511199951172,594.365600585938,503.511199951172,0
"MULTIPOINT ((446197.625446339 6203724.51036471))",236,п2д,с.с.,морена,166.177398681641,0.247925758361816,259.082672119141,0.000163882286869921,0.000143619545269758,С2,0.479278564453125,0.657942414283752,0.825241088867188,446197.625446339,6203724.51036471,3.42871959408113,10.9089243594336,150.624130249023,1049.46301269531,519.757629394531,864.929016113281,347.170806884766
"MULTIPOINT ((450513.7477332 6198877.40873594))",237,пд пов огл,с.с.,фг,148.082504272461,1.15551650524139,79.8843688964844,8.8527005573269e-05,0.000555338920094073,С2,1.00376892089844,2.09808230400085,3.44490051269531,450513.7477332,6198877.40873594,2.11009838491238,10.4234720384559,78.7902221679688,412.796630859375,519.757629394531,432.464508056641,128.936004638672
"MULTIPOINT ((446347.523480883 6203730.04021463))",238,п2д,с.с.,морена,165.596923828125,0.60375303030014,359.742126464844,0.000198825335246511,9.69395696301945e-05,С2,0.461029052734375,0.888166785240173,2.05148315429688,446347.523480883,6203730.04021463,5.97410943352973,11.4961485053861,196.36540222168,1140.55541992188,647.895385742188,981.947387695312,322.340026855469
"MULTIPOINT ((450663.53054485 6198869.33970042))",239,пд пов огл,с.с.,фг,143.923721313477,2.27703928947449,21.8163166046143,-5.4542539146496e-05,-0.000200396971195005,С3,-0.397781372070312,1.82393956184387,6.715576171875,450663.53054485,6198869.33970042,59.1294470159994,13.9932298022108,145.381057739258,347.170806884766,469.334136962891,364.686096191406,0
"MULTIPOINT ((446497.421515426 6203735.57006455))",240,п2д,с.с.,морена,162.498184204102,0.956938505172729,280.924774169922,2.70375385298394e-05,-0.000104512713733129,В4,-0.120758056640625,1.10378921031952,2.81544494628906,446497.421515426,6203735.57006455,68.6771520580214,14.142917312764,64.4975357055664,1188.73120117188,694.341613769531,1162.21337890625,232.442687988281
"MULTIPOINT ((450813.313356499 6198861.27066489))",241,пд пов огл,с.с.,фг,141.549331665039,0.438562124967575,102.037773132324,0.000304142537061125,2.6212896045763e-05,С2,0.514923095703125,2.56456446647644,2.8155517578125,450813.313356499,6198861.27066489,5.72223539887277,5.22789297114585,44.181079864502,265.808380126953,451.276000976562,265.808380126953,64.4680023193359
"MULTIPOINT ((446647.319549969 6203741.09991447))",242,п2д,с.с.,морена,163.156616210938,0.800275444984436,165.928344726562,-0.000154409950482659,8.88404599663772e-07,С3,-0.239349365234375,1.84871089458466,4.16746520996094,446647.319549969,6203741.09991447,6.45089954439116,11.777720329756,102.527206420898,1109.1494140625,576.619323730469,1284.51574707031,144.154830932617
"MULTIPOINT ((447659.80527633 6198880.93759924))",243,т1п пов огл,с.с.,морена,154.386657714844,1.21659958362579,97.0233840942383,0.000654530245810747,0.000414728157920763,С2,1.66732788085938,3.34814643859863,4.93074035644531,447659.80527633,6198880.93759924,8.61052102437385,11.8616982979323,150.783386230469,182.343048095703,2437.02685546875,1470.0966796875,64.4680023193359
"MULTIPOINT ((446797.217584512 6203746.62976439))",244,п2д,с.с.,морена,163.468597412109,0.905683040618896,6.14103889465332,5.71765049244277e-05,7.00703967595473e-05,С2,0.1983642578125,1.90190696716309,4.92276000976562,446797.217584512,6203746.62976439,10.5133754977497,12.2661490478505,37.7356147766113,1039.51525878906,464.885375976562,1408.00244140625,91.1715240478516
"MULTIPOINT ((447809.58808798 6198872.86856371))",245,пд пов огл,с.с.,фг,152.217788696289,0.983384191989899,354.579895019531,5.13395279995166e-05,0.000267801922746003,С2,0.497482299804688,1.04143834114075,3.26821899414062,447809.58808798,6198872.86856371,6.01538670741365,11.7078213822953,174.721206665039,232.442687988281,2360.796875,1441.54833984375,193.404006958008
"MULTIPOINT ((446947.115619055 6203752.15961431))",246,п2д,с.с.,морена,162.055084228516,2.72622084617615,238.025650024414,-0.000142049844725989,-0.0003649084828794,С2,-0.791519165039062,3.04717588424683,7.55293273925781,446947.115619055,6203752.15961431,45.5926023778931,13.7332462192308,21.5404834747314,958.3857421875,322.340026855469,1594.85034179688,0
"MULTIPOINT ((447959.37089963 6198864.79952819))",247,т1п пов огл,с.с.,морена,148.65983581543,1.83624374866486,346.241943359375,-0.000118511947221123,0.000153119704918936,С2,0.0537872314453125,2.09246706962585,4.50706481933594,447959.37089963,6198864.79952819,4.36339850501041,11.3867519717813,44.7209930419922,257.872009277344,2289.29516601562,1424.14465332031,273.514556884766
"MULTIPOINT ((447097.013653598 6203757.68946423))",248,п1д,с.с.,морена,165.565093994141,0.60497909784317,248.253051757812,0.000250364711973816,0.000169607403222471,С2,0.654632568359375,0.931879103183746,3.67822265625,447097.013653598,6203757.68946423,4.25606355103341,11.3618454284575,158.491607666016,923.041320800781,203.86572265625,1720.22094726562,64.4680023193359
"MULTIPOINT ((448109.153711279 6198856.73049267))",249,т1п пов огл,с.с.,морена,143.886016845703,3.07704544067383,70.0473480224609,0.000459040806163102,-1.38777977554128e-05,С3,0.696884155273438,2.71185374259949,9.11543273925781,448109.153711279,6198856.73049267,2701.56752698201,17.8150881935042,0,144.154830932617,2191.912109375,1418.29602050781,412.796630859375
"MULTIPOINT ((447246.911688141 6203763.21931415))",250,п1д,с.с.,морена,162.96745300293,2.09134912490845,0.190881863236427,0.000130465225083753,4.56569614470936e-05,С2,0.274948120117188,1.24086129665375,5.13897705078125,447246.911688141,6203763.21931415,6.53169434242375,11.7901671245666,133.685104370117,904.851501464844,91.1715240478516,1846.08264160156,193.404006958008
"MULTIPOINT ((448258.936522929 6198848.66145714))",251,пд пов огл,с.с.,фг,141.22248840332,3.48055386543274,72.5076065063477,0.000187614175956696,-4.9159240006702e-05,С2,0.217269897460938,3.44036388397217,8.91426086425781,448258.936522929,6198848.66145714,73.9617004892747,14.2170481426934,39.9996719360352,64.4680023193359,2134.27075195312,1419.76037597656,451.276000976562
"MULTIPOINT ((447396.809722684 6203768.74916407))",252,п2д,с.с.,морена,156.948043823242,1.26038599014282,320.399047851562,-0.000158166847540997,-0.000211524762562476,С2,-0.576431274414062,1.59454536437988,4.20802307128906,447396.809722684,6203768.74916407,42.5853605161553,13.6650112887846,44.7209930419922,911.715209960938,91.1715240478516,2035.59692382812,288.309661865234
"MULTIPOINT ((448582.7092528 6199281.87182104))",253,п2д огл,с.с.,фг,150.935607910156,0.657301843166351,241.586334228516,0.000185644312296063,0.000322206877171993,С3,0.791610717773438,1.37877857685089,2.27403259277344,448582.7092528,6199281.87182104,2.17581112738255,10.4541389912831,104.994384765625,232.442687988281,1592.2421875,1041.51245117188,720.774169921875
"MULTIPOINT ((447546.707757227 6203774.27901399))",254,п2д,с.с.,морена,158.104827880859,1.89780795574188,237.386596679688,-5.73108918615617e-05,0.000182638774276711,В4,0.195327758789062,2.53976678848267,5.93568420410156,447546.707757227,6203774.27901399,13.0937748411285,12.485637658721,27.9997711181641,938.668273925781,144.154830932617,2162.32250976562,182.343048095703
"MULTIPOINT ((448732.492064449 6199273.80278552))",255,п2д огл,с.с.,фг,147.816589355469,3.40213751792908,287.833648681641,0.00011625044135144,0.000516550266183913,С3,0.988632202148438,3.7244713306427,8.59286499023438,448732.492064449,6199273.80278552,18.4505580968442,13.0953547854332,69.8564224243164,128.936004638672,1611.70007324219,1153.23864746094,840.559875488281
"MULTIPOINT ((447696.60579177 6203779.80886391))",256,п2д,с.с.,морена,161.173126220703,2.44977855682373,205.058013916016,7.5881696830038e-05,-0.000252236350206658,С2,-0.27490234375,1.61825704574585,7.18716430664062,447696.60579177,6203779.80886391,87.8208530730289,14.3887997233933,119.9990234375,981.947387695312,232.442687988281,2264.65380859375,64.4680023193359
"MULTIPOINT ((448882.274876099 6199265.73375))",257,пд пов огл,с.с.,фг,139.090576171875,4.89228630065918,259.987701416016,-0.000325014436384663,-0.00113199604675174,С3,-2.28285217285156,7.19546556472778,13.7126007080078,448882.274876099,6199265.73375,114.675703843555,14.6556089226148,47.9996070861816,0,1568.57421875,1251.7421875,754.57861328125
"MULTIPOINT ((447846.503826313 6203785.33871383))",258,п2д,с.с.,морена,167.014099121094,0.25180795788765,110.958862304688,6.13266311120242e-05,0.000153382425196469,С2,0.334640502929688,1.16729235649109,0.915771484375,447846.503826313,6203785.33871383,5.3892466964933,4.77864577818354,134.460784912109,1072.96130371094,407.7314453125,2072.02197265625,128.936004638672
"MULTIPOINT ((449032.057687749 6199257.66471447))",259,пд пов огл,с.с.,фг,143.115097045898,5.00958156585693,271.385559082031,0.000107067673525307,0.000172360916621983,С3,0.438461303710938,5.74243497848511,11.6795654296875,449032.057687749,6199257.66471447,1.38247382794027,9.69026268052226,47.9996070861816,64.4680023193359,1552.59509277344,1251.7421875,720.774169921875
"MULTIPOINT ((447996.401860856 6203790.86856375))",260,п2д,с.с.,морена,165.273818969727,0.535079300403595,97.9274673461914,-0.000260213884757832,-0.000386270839953795,С2,-1.00765991210938,3.15972971916199,2.12417602539062,447996.401860856,6203790.86856375,43.2488095271957,13.6804704520422,53.6651916503906,1199.17419433594,550.814819335938,1951.15576171875,203.86572265625
"MULTIPOINT ((449181.840499399 6199249.59567895))",261,пд пов огл,с.с.,фг,137.621383666992,4.04212951660156,310.005889892578,-0.00174270372372121,-0.000257322826655582,,-3.13851928710938,9.58634376525879,15.2559661865234,449181.840499399,6199249.59567895,600663.325069508,23.2192906097454,0,0,1547.23205566406,1142.37585449219,709.148010253906
"MULTIPOINT ((448146.299895399 6203796.39841367))",262,п2д,с.с.,морена,165.894973754883,0.371486693620682,49.0738945007324,-0.000156378198880702,-2.53644848271506e-05,С2,-0.283279418945312,1.29085397720337,1.75529479980469,448146.299895399,6203796.39841367,39.4391633149832,13.5882600598121,58.2404022216797,1279.6533203125,583.782592773438,1823.43041992188,328.723602294922
"MULTIPOINT ((449331.623311048 6199241.52664343))",263,пд пов огл,с.с.,фг,132.238143920898,3.22040605545044,129.093170166016,-0.00250480766408145,-0.00158626248594373,С2,-6.39862060546875,16.7545490264893,14.0164642333984,449331.623311048,6199241.52664343,1.74939414209955,10.4727702679041,14.4220876693726,0,1419.76037597656,958.3857421875,594.365600585938
"MULTIPOINT ((445153.869054459 6203535.90338072))",264,п3д огл,с.с.,далл,156.178726196289,1.10126376152039,282.513488769531,0.000147495622513816,-0.000543922709766775,В4,-0.617889404296875,2.81514716148376,4.57829284667969,445153.869054459,6203535.90338072,8223.2574543941,18.9282224379659,0,0,128.936004638672,594.365600585938,0
"MULTIPOINT ((449481.406122698 6199233.4576079))",265,т1п пов огл,с.с.,морена,142.101806640625,4.71105241775513,128.884948730469,-0.000229426397709176,-0.000376208656234667,,-0.949554443359375,5.64966869354248,11.2919464111328,449481.406122698,6199233.4576079,24.8331289355278,13.1256793503253,42.5202369689941,0,1290.970703125,838.084045410156,469.334136962891
"MULTIPOINT ((445303.767089002 6203541.43323064))",266,п3д огл,с.с.,далл,159.330627441406,1.41080439090729,158.214996337891,0.000282885797787458,0.000189551166840829,С2,0.736801147460938,2.48463797569275,3.72100830078125,445303.767089002,6203541.43323064,38.0907884971322,13.5534732255982,88.0901412963867,128.936004638672,182.343048095703,580.212036132812,128.936004638672
"MULTIPOINT ((449631.188934348 6199225.38857238))",267,т1п пов огл,с.с.,морена,150.108703613281,1.31065952777863,173.80290222168,0.000820548855699599,0.000584672670811415,С2,2.19134521484375,4.5541467666626,7.72554016113281,449631.188934348,6199225.38857238,7.53763166240403,11.9334087739756,132.482879638672,128.936004638672,1162.21337890625,720.774169921875,347.170806884766
"MULTIPOINT ((445453.665123545 6203546.96308056))",268,п3д огл,с.с.,далл,158.631912231445,2.40059781074524,39.3465805053711,0.000405161204980686,3.93730806536041e-05,С2,0.694549560546875,2.46791696548462,6.76589965820312,445453.665123545,6203546.96308056,38.7637366624198,4.93758284816562,147.565734863281,257.872009277344,193.404006958008,580.212036132812,257.872009277344
"MULTIPOINT ((449780.971745998 6199217.31953686))",269,пд пов огл,с.с.,фг,144.159240722656,2.73813414573669,331.457092285156,-0.000465967488707975,-0.000203889299882576,,-1.04685974121094,4.47661399841309,7.61344909667969,449780.971745998,6199217.31953686,27.8597516952486,6.05754531387625,63.9994773864746,288.309661865234,969.166625976562,554.57470703125,182.343048095703
"MULTIPOINT ((445603.563158088 6203552.49293048))",270,п3д огл,с.с.,далл,152.486785888672,1.18783473968506,70.6794967651367,-0.000131954730022699,-0.00039283957448788,В4,-0.818191528320312,2.45463252067566,4.17591857910156,445603.563158088,6203552.49293048,81.0083727442413,14.1032659840023,43.0809669494629,451.276000976562,0,611.59716796875,347.170806884766
"MULTIPOINT ((449930.754557648 6199209.25050133))",271,пд пов огл,с.с.,фг,143.329559326172,1.90653562545776,199.382339477539,-0.000569936411920935,-0.000285829359199852,,-1.33547973632812,2.71593236923218,6.85813903808594,449930.754557648,6199209.25050133,247.90854447305,15.4265606502916,20.3959121704102,407.7314453125,847.944213867188,503.511199951172,144.154830932617
"MULTIPOINT ((445753.461192631 6203558.0227804))",272,п2д огл,л.с.,далл,157.283813476562,3.96039342880249,158.459899902344,0.000272591132670641,-0.000302590633509681,С2,-0.0448150634765625,4.11726808547974,10.2891693115234,445753.461192631,6203558.0227804,125.801977749271,14.5434225329791,87.9992828369141,576.619323730469,128.936004638672,663.738708496094,322.340026855469
"MULTIPOINT ((450080.537369298 6199201.18146581))",273,пд пов огл,с.с.,фг,148.833282470703,2.08460879325867,190.076278686523,0.000189698053873144,-0.000336905679432675,С2,-0.22918701171875,2.79009628295898,7.17091369628906,450080.537369298,6199201.18146581,37.8830709899675,13.5480050809985,107.702415466309,375.909820556641,720.774169921875,412.796630859375,64.4680023193359
"MULTIPOINT ((445903.359227174 6203563.55263032))",274,п2д огл,л.с.,далл,161.654769897461,0.883667528629303,107.090675354004,0.000124218320706859,2.08903747989098e-05,С2,0.226242065429688,2.43003153800964,2.2723388671875,445903.359227174,6203563.55263032,101.570844132055,14.5342572711831,59.99951171875,685.304260253906,232.442687988281,735.04833984375,322.340026855469
"MULTIPOINT ((450230.320180947 6199193.11243029))",275,пд пов огл,с.с.,фг,149.70622253418,1.01394748687744,35.9886779785156,-3.25466899084859e-05,0.000160050200065598,С2,0.19873046875,0.776164174079895,3.17704772949219,450230.320180947,6199193.11243029,65.46877843082,14.0950741082478,190.030014038086,288.309661865234,531.616760253906,322.340026855469,0
"MULTIPOINT ((446053.257261717 6203569.08248024))",276,п2д,с.с.,морена,164.598678588867,0.439232349395752,181.143478393555,0.000260357744991779,5.03258124808781e-05,С2,0.4842529296875,0.983362853527069,1.82601928710938,446053.257261717,6203569.08248024,7.21333377879162,11.8894319714909,127.309608459473,820.543762207031,407.7314453125,867.328247070312,375.909820556641
"MULTIPOINT ((450380.102992597 6199185.04339476))",277,пд пов огл,с.с.,фг,148.688888549805,0.476312190294266,318.513336181641,0.000203431860427372,0.000129931140691042,С2,0.519607543945312,2.08812546730042,1.70736694335938,450380.102992597,6199185.04339476,2.40827790321398,10.7924126735249,153.881820678711,232.442687988281,407.7314453125,232.442687988281,91.1715240478516
"MULTIPOINT ((446203.15529626 6203574.61233016))",278,п2д,с.с.,морена,163.837326049805,0.114876948297024,312.426055908203,-0.000128688014228828,-0.000209649617318064,С3,-0.527313232421875,1.36617338657379,0.883865356445312,446203.15529626,6203574.61233016,60.5721596021452,14.017336119433,23.9998035430908,916.262451171875,531.616760253906,967.02001953125,455.857604980469
"MULTIPOINT ((450529.885804247 6199176.97435924))",279,пд пов огл,с.с.,фг,146.560638427734,2.206955909729,32.847599029541,0.000554241938516498,5.85820089327171e-05,С2,0.957107543945312,1.32132589817047,7.43672180175781,450529.885804247,6199176.97435924,51.6415144339817,13.8578266367361,157.275543212891,182.343048095703,288.309661865234,193.404006958008,128.936004638672
"MULTIPOINT ((446353.053330803 6203580.14218008))",280,п2д,с.с.,морена,165.009750366211,0.207652777433395,258.040618896484,0.000202362585696392,0.000195178159628995,С2,0.619598388671875,1.62945795059204,1.10079956054688,446353.053330803,6203580.14218008,8.22598016777875,12.020798203312,123.54655456543,1019.32861328125,657.447204589844,1072.96130371094,490.973693847656
"MULTIPOINT ((450679.668615897 6199168.90532371))",281,пд пов огл,с.с.,фг,136.944549560547,4.83219289779663,57.9778671264648,0.000315305136609823,-0.00062548543792218,С2,-0.48162841796875,4.85783815383911,14.3286285400391,450679.668615897,6199168.90532371,42.2217676605307,13.9231960756441,123.998985290527,64.4680023193359,144.154830932617,64.4680023193359,0
"MULTIPOINT ((446502.951365346 6203585.67203001))",282,п2д,с.с.,морена,158.882278442383,1.94677114486694,345.055114746094,-0.000661881582345814,-0.000208557044970803,В5,-1.35859680175781,4.04670286178589,5.556396484375,446502.951365346,6203585.67203001,106.757112599086,14.5840570228779,44.7209930419922,1049.46301269531,776.297546386719,1240.06677246094,375.909820556641
"MULTIPOINT ((447675.943347377 6199180.50322254))",283,п2д,т.с.,морена,139.281280517578,0.866259634494781,66.1090087890625,9.81960256467573e-05,-0.00103002053219825,С2,-1.45242309570312,5.12614870071411,5.22454833984375,447675.943347377,6199180.50322254,38767.6170622038,20.478841309756,0,0,2190.01513671875,1162.21337890625,64.4680023193359
"MULTIPOINT ((446652.849399889 6203591.20187992))",284,п2д,с.с.,морена,163.622680664062,3.52223205566406,199.967880249023,0.000637013697996736,-3.54599796992261e-05,С2,0.943084716796875,6.06550884246826,10.2841796875,446652.849399889,6203591.20187992,27.2023602879387,13.2168044892549,92.7785491943359,958.3857421875,647.895385742188,1355.36218261719,322.340026855469
"MULTIPOINT ((447825.726159027 6199172.43418701))",285,п2д огл,с.с.,фг,138.627990722656,0.798010289669037,298.441772460938,-0.000655564595945179,-0.000887455360498279,С4,-2.40530395507812,6.29889297485352,5.42254638671875,447825.726159027,6199172.43418701,603706.667023907,23.2243444527537,0,64.4680023193359,2104.85791015625,1125.88525390625,0
"MULTIPOINT ((446802.747434432 6203596.73172985))",286,п2д,с.с.,морена,163.433059692383,2.75871396064758,359.314056396484,-8.9428314822726e-05,5.49779215361923e-05,С2,-0.0540924072265625,4.37571477890015,7.56300354003906,446802.747434432,6203596.73172985,11.5757958119132,7.03804146134934,64.1243515014648,929.770751953125,515.744018554688,1448.73815917969,203.86572265625
"MULTIPOINT ((447975.508970677 6199164.36515149))",287,п2д огл,с.с.,фг,144.003021240234,3.43355822563171,285.853515625,-0.000141013355460018,0.000205117365112528,С2,0.0992889404296875,3.81856727600098,10.0400085449219,447975.508970677,6199164.36515149,23.2947171076623,13.0617273457129,63.9994773864746,64.4680023193359,1985.9912109375,1097.8505859375,193.404006958008
"MULTIPOINT ((448125.291782327 6199156.29611597))",288,п2д огл,с.с.,фг,143.385818481445,3.1222403049469,249.249786376953,0.000379042845452204,-0.000500493915751576,С2,-0.187820434570312,3.02791738510132,8.45315551757812,448125.291782327,6199156.29611597,480.239811113757,16.087786330053,23.9998035430908,91.1715240478516,1913.51635742188,1095.9560546875,322.340026855469
"MULTIPOINT ((446780.628034751 6204196.32386802))",289,п2д,с.с.,морена,164.612762451172,1.60597896575928,218.94953918457,-8.70126896188594e-05,-0.000126346829347312,С2,-0.332763671875,3.10266637802124,4.70185852050781,446780.628034751,6204196.32386802,41.3420380706334,13.6353805976731,83.9993133544922,1441.54833984375,386.808013916016,1355.36218261719,193.404006958008
"MULTIPOINT ((446630.730000208 6204190.7940181))",290,п2д,с.с.,морена,160.610275268555,2.03814697265625,137.757461547852,0.000387879030313343,-0.000599555321969092,С2,-0.329360961914062,4.38271045684814,8.78620910644531,446630.730000208,6204190.7940181,11.9729058738662,12.3961469975968,7.99993467330933,1388.68322753906,515.744018554688,1226.58740234375,193.404006958008
"MULTIPOINT ((446930.526069294 6204201.85371794))",291,п2д,с.с.,морена,166.673721313477,0.850753605365753,229.639343261719,-3.96967843698803e-05,-8.19605047581717e-05,С2,-0.189651489257812,1.41091763973236,2.75079345703125,446930.526069294,6204201.85371794,49.0411485567617,13.8061604565945,132.965072631836,1408.00244140625,257.872009277344,1484.16479492188,64.4680023193359
"MULTIPOINT ((447080.424103837 6204207.38356786))",292,п2д,с.с.,морена,165.761383056641,2.5313024520874,324.336273193359,0.000382664817152545,-8.42044319142587e-05,С3,0.466781616210938,1.89053082466125,7.78416442871094,447080.424103837,6204207.38356786,28.0956374064727,13.249115056274,163.998657226562,1367.57287597656,64.4680023193359,1677.40734863281,128.936004638672
"MULTIPOINT ((448250.867487406 6198698.87864549))",293,т1п пов огл,с.с.,морена,146.994979858398,2.2811393737793,92.3641204833984,-5.23132875969168e-05,-0.000137243041535839,С2,-0.295791625976562,1.84433126449585,5.57237243652344,448250.867487406,6198698.87864549,11.7182403178734,12.3746473737759,111.426200866699,193.404006958008,2251.7705078125,1548.57458496094,322.340026855469
"MULTIPOINT ((447951.301864106 6198715.01671654))",294,пд пов огл,с.с.,фг,147.889129638672,1.19710528850555,352.646545410156,-2.82110650005052e-05,6.64121253066696e-05,С2,0.059539794921875,1.76548659801483,3.76795959472656,447951.301864106,6198715.01671654,2.81236472151632,10.542050669368,75.999382019043,364.686096191406,2399.21459960938,1552.59509277344,322.340026855469
"MULTIPOINT ((447230.32213838 6204212.91341778))",295,п2д,с.с.,морена,161.071014404297,2.25641870498657,282.771240234375,-9.18193982215598e-05,-0.00049574626609683,С3,-0.91668701171875,2.66275525093079,6.68360900878906,447230.32213838,6204212.91341778,108.745045810319,14.6025068575898,23.9998035430908,1355.36218261719,64.4680023193359,1806.2548828125,193.404006958008
"MULTIPOINT ((448400.650299055 6198690.80960997))",296,т1п пов огл,с.с.,морена,146.880630493164,3.19011664390564,25.4332447052002,-3.42848506988958e-05,-9.05672859516926e-05,С2,-0.195068359375,5.96554470062256,10.0582427978516,448400.650299055,6198690.80960997,63.14431146372,14.0589235094139,23.9998035430908,257.872009277344,2263.73608398438,1623.26293945312,257.872009277344
"MULTIPOINT ((448101.084675756 6198706.94768102))",297,т1п пов огл,с.с.,морена,147.806015014648,1.26839590072632,82.5791702270508,5.94354314671364e-05,0.000125929145724513,С2,0.289016723632812,1.09720277786255,4.66519165039062,448101.084675756,6198706.94768102,34.8622811967675,14.1580215009433,63.9994773864746,232.442687988281,2306.47729492188,1547.23205566406,322.340026855469
"MULTIPOINT ((447380.220172923 6204218.4432677))",298,п2д,с.с.,морена,162.845657348633,1.4795994758606,229.297973632812,0.000224057017476298,-0.000153027416672558,С3,0.110977172851562,1.32384824752808,4.89869689941406,447380.220172923,6204218.4432677,26.5095840600532,13.1910070746774,83.2339324951172,1355.36218261719,64.4680023193359,1935.1142578125,193.404006958008
"MULTIPOINT ((448550.433110705 6198682.74057445))",299,пд пов огл,с.с.,фг,147.028625488281,3.75846648216248,166.108795166016,-0.000115484966954682,-0.000316244724672288,С2,-0.675094604492188,5.56792545318604,9.27279663085938,448550.433110705,6198682.74057445,20.3922828634338,3.83263067699436,110.344017028809,288.309661865234,2222.97802734375,1643.61804199219,265.808380126953
"MULTIPOINT ((447530.118207466 6204223.97311762))",300,п2д,с.с.,морена,163.405944824219,0.379521727561951,261.097198486328,-9.53870039666072e-06,-5.29868484591134e-05,В3,-0.097442626953125,0.935920596122742,1.41960144042969,447530.118207466,6204223.97311762,26.1422966517139,13.1770553084302,132.059509277344,1378.16845703125,203.86572265625,1999.54760742188,182.343048095703
"MULTIPOINT ((448700.215922355 6198674.67153892))",301,пд пов огл,с.с.,фг,152.468124389648,0.599850475788116,338.305328369141,0.000195238753804006,-7.04289195709862e-05,С2,0.194564819335938,1.2379959821701,2.17300415039062,448700.215922355,6198674.67153892,21.0029400723017,12.7533758988258,100.238899230957,347.170806884766,2161.36108398438,1692.20837402344,322.340026855469
"MULTIPOINT ((447680.016242009 6204229.50296754))",302,п2д,с.с.,морена,163.380783081055,0.198147311806679,318.584075927734,-1.51669364640838e-05,4.12827394029591e-05,С2,0.0406951904296875,0.456313937902451,0.736038208007812,447680.016242009,6204229.50296754,10.2253897092863,12.2383745590061,60.9256896972656,1408.00244140625,328.723602294922,1999.54760742188,128.936004638672
"MULTIPOINT ((448849.998734005 6198666.6025034))",303,п1д огл,с.с.,фг,151.147811889648,0.95794814825058,345.212982177734,0.000274372461717576,-4.98554982186761e-05,С2,0.350082397460938,1.89075946807861,3.53431701660156,448849.998734005,6198666.6025034,11.7802954971347,12.3799290069811,31.240743637085,412.796630859375,2038.6572265625,1681.11975097656,322.340026855469
"MULTIPOINT ((447829.914276552 6204235.03281746))",304,п2д,с.с.,морена,163.023803710938,0.296296834945679,47.8799743652344,5.67882307223044e-05,-6.16750694462098e-05,С2,-0.00762939453125,0.968159198760986,1.1116943359375,447829.914276552,6204235.03281746,10509.8205186307,19.1735661309513,0,1448.73815917969,455.857604980469,2007.84448242188,0
"MULTIPOINT ((448999.781545655 6198658.53346788))",305,п1д огл,с.с.,фг,146.407119750977,1.15036368370056,80.4589080810547,-0.000563722860533744,-0.00111006165388972,В4,-2.60955810546875,6.26343393325806,4.84516906738281,448999.781545655,6198658.53346788,5012.16801756828,19.1262398626991,0,469.334136962891,1916.771484375,1573.86450195312,232.442687988281
"MULTIPOINT ((447979.812311095 6204240.56266738))",306,п2д,с.с.,морена,163.797637939453,1.22428834438324,64.0277481079102,0.000413020752603188,7.43015043553896e-05,С2,0.759994506835938,2.6420202255249,3.40895080566406,447979.812311095,6204240.56266738,2.7457447339072,4.49978116006034,74.7255554199219,1585.70324707031,657.447204589844,1972.34155273438,0
"MULTIPOINT ((449149.564357304 6198650.46443235))",307,п1д огл,с.с.,фг,153.417434692383,2.34504818916321,127.482200622559,0.000256351981079206,2.6108335077879e-05,С2,0.441268920898438,1.18399882316589,7.53338623046875,449149.564357304,6198650.46443235,87.6234413831834,14.3865493022693,148.807388305664,519.757629394531,1735.85400390625,1419.76037597656,128.936004638672
"MULTIPOINT ((446186.565746499 6204024.30643379))",308,п2д,с.с.,морена,165.900741577148,1.31518936157227,67.6904830932617,0.000722809927538037,0.000328357768012211,С2,1.63932800292969,4.16308689117432,5.7158203125,446186.565746499,6204024.30643379,2.51714514400282,10.4311716512987,150.570999145508,1125.88525390625,608.189880371094,784.287109375,182.343048095703
"MULTIPOINT ((449299.347168954 6198642.39539683))",309,п1д огл,с.с.,фг,156.564056396484,1.58577907085419,135.8037109375,0.00034263645648025,7.99203189671971e-05,С2,0.65924072265625,1.19293570518494,4.99322509765625,449299.347168954,6198642.39539683,28.990641500603,13.2804738154555,207.998306274414,550.814819335938,1616.84924316406,1322.77282714844,182.343048095703
"MULTIPOINT ((446336.463781042 6204029.83628371))",310,п2д,с.с.,морена,161.827301025391,3.2077043056488,40.8471260070801,0.000199319169041701,0.000396892952267081,С2,0.931671142578125,6.18637180328369,8.97073364257812,446336.463781042,6204029.83628371,43.6502062835966,13.6897087525559,23.9998035430908,1245.08386230469,720.774169921875,911.715209960938,91.1715240478516
"MULTIPOINT ((449449.129980604 6198634.32636131))",311,п1д огл,с.с.,фг,158.082244873047,0.711900949478149,140.9921875,0.00013483504881151,5.42877933185082e-05,С2,0.294815063476562,0.895382344722748,2.47967529296875,449449.129980604,6198634.32636131,35.9093315227403,13.2897106601726,199.99836730957,580.212036132812,1499.48754882812,1231.65942382812,288.309661865234
"MULTIPOINT ((446486.361815585 6204035.36613363))",312,п2д,с.с.,морена,160.027252197266,3.15697765350342,167.390274047852,-0.000458663533208892,-0.000541089102625847,С2,-1.56272888183594,7.2894082069397,10.2061157226562,446486.361815585,6204035.36613363,23.768218198228,13.3486094847069,124.578277587891,1366.05249023438,709.148010253906,1039.51525878906,64.4680023193359
"MULTIPOINT ((449598.912792254 6198626.25732578))",313,п1д огл,с.с.,фг,157.538284301758,1.19260931015015,66.2599182128906,0.000351366907125339,-0.00020293376292102,С2,0.23162841796875,1.08724248409271,4.82771301269531,449598.912792254,6198626.25732578,32.7970793540434,5.41879377256864,191.998428344727,657.447204589844,1305.37756347656,1147.82006835938,257.872009277344
"MULTIPOINT ((446636.259850128 6204040.89598355))",314,п2д,с.с.,морена,161.699966430664,1.15726137161255,66.5376205444336,-0.000107057712739334,-0.000812248268630356,С3,-1.43315124511719,4.75308513641357,4.88734436035156,446636.259850128,6204040.89598355,64.9780836695624,14.0875507831511,15.9998693466187,1327.47741699219,515.744018554688,1231.65942382812,64.4680023193359
"MULTIPOINT ((449748.695603904 6198618.18829026))",315,п1д огл,с.с.,фг,157.85969543457,2.94305181503296,95.0797119140625,0.000553706311620772,5.1391059969319e-05,С2,0.946609497070312,3.43197441101074,7.56034851074219,449748.695603904,6198618.18829026,10.2789928603312,12.2436030288685,92.3464126586914,694.341613769531,1185.22985839844,1072.96130371094,257.872009277344
"MULTIPOINT ((446786.157884671 6204046.42583347))",316,п2д,с.с.,морена,164.073333740234,1.1067054271698,172.395355224609,-0.000108426116639748,2.59138641922618e-06,С2,-0.1650390625,0.905933439731598,3.378662109375,446786.157884671,6204046.42583347,21.820872930817,13.2631271518527,63.9994773864746,1269.87243652344,386.808013916016,1359.95397949219,91.1715240478516
"MULTIPOINT ((450222.251145424 6199043.32961864))",317,пд пов огл,с.с.,фг,152.505401611328,1.0144944190979,22.6850395202637,0.000233987113460898,0.000182750023668632,С2,0.649734497070312,1.93648147583008,3.1224365234375,450222.251145424,6199043.32961864,5.08904727474348,3.36726543789822,198.593444824219,432.464508056641,634.936218261719,455.857604980469,128.936004638672
"MULTIPOINT ((446936.055919214 6204051.95568339))",318,п2д,с.с.,морена,166.102630615234,0.82958859205246,159.23681640625,-0.000120135533506982,-0.000125870865304023,С2,-0.38348388671875,2.15764665603638,2.33328247070312,446936.055919214,6204051.95568339,22.5428690077589,13.0289195301086,116.618087768555,1284.51574707031,257.872009277344,1484.16479492188,64.4680023193359
"MULTIPOINT ((450372.033957074 6199035.26058311))",319,пд пов огл,с.с.,фг,146.542404174805,1.02837991714478,315.129821777344,-0.000141605196404271,-0.000324848166201264,С2,-0.7271728515625,2.0404531955719,3.42375183105469,450372.033957074,6199035.26058311,147.103414910344,14.904636586654,53.6651916503906,347.170806884766,464.885375976562,347.170806884766,64.4680023193359
"MULTIPOINT ((447085.953953757 6204057.48553331))",320,п2д,с.с.,морена,162.639770507812,3.26845240592957,353.353546142578,0.000125015983940102,-0.000432581553468481,С2,-0.4794921875,2.68954181671143,7.99649047851562,447085.953953757,6204057.48553331,71.7225465350299,14.1863058991559,30.4628448486328,1240.06677246094,64.4680023193359,1677.40734863281,128.936004638672
"MULTIPOINT ((450521.816768723 6199027.19154759))",321,пд пов огл,с.с.,фг,146.961090087891,0.754404246807098,325.953277587891,0.00022972263104748,0.000253188249189407,С2,0.752777099609375,1.64732778072357,2.14511108398438,450521.816768723,6199027.19154759,8.25263024565975,12.0240327116167,11.9999017715454,273.514556884766,364.686096191406,273.514556884766,182.343048095703
"MULTIPOINT ((447235.8519883 6204063.01538323))",322,п2д,с.с.,морена,156.55908203125,0.96729177236557,304.085662841797,-0.000561360677238554,-0.000665626022964716,В4,-1.912841796875,2.45842528343201,3.94479370117188,447235.8519883,6204063.01538323,185.152471584862,15.134680400791,15.9998693466187,1226.58740234375,0,1806.2548828125,257.872009277344
"MULTIPOINT ((450671.599580373 6199019.12251207))",323,пд пов огл,с.с.,фг,143.078979492188,1.91296148300171,358.480529785156,-6.17280011283583e-06,-7.14390407665633e-05,С3,-0.121047973632812,1.85285604000092,4.61288452148438,450671.599580373,6199019.12251207,25939.8755201092,20.7702164912487,0,182.343048095703,288.309661865234,203.86572265625,144.154830932617
"MULTIPOINT ((447385.750022843 6204068.54523315))",324,п2д,с.с.,морена,160.055511474609,2.16241383552551,208.907806396484,-2.24852592509706e-05,-6.18154590483755e-05,В3,-0.13153076171875,1.97200095653534,5.79176330566406,447385.750022843,6204068.54523315,260.663298558793,15.7434896969164,59.99951171875,1226.58740234375,0,1935.1142578125,322.340026855469
"MULTIPOINT ((450821.382392023 6199011.05347654))",325,пд пов огл,с.с.,фг,140.419525146484,0.581239640712738,144.195816040039,1.23261288536014e-05,0.000272108212811872,С3,0.443328857421875,4.04811573028564,2.5355224609375,450821.382392023,6199011.05347654,10.7809297679756,12.086492278569,11.9999017715454,144.154830932617,322.340026855469,144.154830932617,64.4680023193359
"MULTIPOINT ((447535.648057386 6204074.07508307))",326,п2д,с.с.,морена,162.95329284668,0.26678392291069,249.901504516602,4.96424108860083e-05,7.24862184142694e-05,В3,0.190353393554688,0.754146158695221,1.38270568847656,447535.648057386,6204074.07508307,3.3079765975319,11.1098374470556,87.7261352539062,1251.7421875,193.404006958008,2128.42065429688,257.872009277344
"MULTIPOINT ((447667.874311854 6199030.72041089))",327,пд пов огл,с.с.,фг,141.970565795898,2.87437057495117,113.975296020508,-0.000902028405107558,-5.46433911949862e-05,С2,-1.49644470214844,4.19059324264526,8.93035888671875,447667.874311854,6199030.72041089,75.8344929766919,14.2420539860322,37.7356147766113,0,2286.5703125,1284.51574707031,0
"MULTIPOINT ((447685.546091929 6204079.60493299))",328,п2д,с.с.,морена,162.235260009766,0.206171959638596,223.104278564453,-0.000163752920343541,-0.000317508878652006,В3,-0.750076293945312,1.95743727684021,1.499755859375,447685.546091929,6204079.60493299,6200.52608270845,18.6458901639091,0,1284.51574707031,322.340026855469,2128.42065429688,128.936004638672
"MULTIPOINT ((447817.657123503 6199022.65137536))",329,пд пов огл,с.с.,фг,144.730407714844,4.04133081436157,88.7990341186523,-0.000358738616341725,0.000350928108673543,С2,-0.0149993896484375,3.95397591590881,10.3274536132812,447817.657123503,6199022.65137536,7.11614907787813,11.8758674636837,93.7222366333008,64.4680023193359,2205.14477539062,1251.7421875,64.4680023193359
"MULTIPOINT ((447835.444126472 6204085.13478291))",330,п2д,с.с.,морена,163.948303222656,0.435083568096161,98.6878128051758,-0.000109107764728833,0.000388818938517943,С2,0.435943603515625,1.46282339096069,1.6707763671875,447835.444126472,6204085.13478291,13.6157364395868,12.5247269594,71.9994125366211,1329.04187011719,451.276000976562,2136.21704101562,0
"MULTIPOINT ((447967.439935153 6199014.58233984))",331,пд пов огл,с.с.,фг,148.215438842773,3.64917945861816,56.7501182556152,0.000873398850671947,0.000609887705650181,С2,2.32203674316406,6.67686367034912,11.3007354736328,447967.439935153,6199014.58233984,2.66129149048369,1.27692215418428,14.4220876693726,128.936004638672,2181.45849609375,1295.79077148438,182.343048095703
"MULTIPOINT ((447985.342161015 6204090.66463283))",332,п2д,с.с.,морена,164.423782348633,1.11924660205841,164.6123046875,0.000334109528921545,-9.34524723561481e-05,С2,0.375350952148438,2.63809561729431,3.20606994628906,447985.342161015,6204090.66463283,48.7539082427886,13.8002861077392,71.9994125366211,1415.36267089844,644.680053710938,1999.54760742188,144.154830932617
"MULTIPOINT ((448117.222746803 6199006.51330432))",333,пд пов огл,с.с.,фг,135.305160522461,1.64523732662201,53.6002998352051,-0.00131938920821995,-0.000405757193220779,С2,-2.6915283203125,4.8727388381958,7.28379821777344,448117.222746803,6199006.51330432,193.440838174582,15.1784724642781,11.9999017715454,64.4680023193359,2079.03051757812,1289.36010742188,347.170806884766
"MULTIPOINT ((448135.240195558 6204096.19448275))",334,п2д,с.с.,морена,165.861526489258,0.372506767511368,65.5165176391602,0.000214487707125954,0.000321840692777187,С2,0.835922241210938,1.96826696395874,2.00765991210938,448135.240195558,6204096.19448275,3.30218017012727,11.1080836523745,159.998687744141,1484.16479492188,663.738708496094,1870.68322753906,91.1715240478516
"MULTIPOINT ((448267.005558453 6198998.44426879))",335,пд пов огл,с.с.,фг,136.193893432617,3.2491614818573,249.431365966797,-0.002278818981722,0.000293713295832276,,-3.11033630371094,10.6350908279419,11.9065856933594,448267.005558453,6198998.44426879,18.7929591147875,12.8469830289426,27.9997711181641,64.4680023193359,2018.16772460938,1290.970703125,469.334136962891
"MULTIPOINT ((446341.993630962 6203879.93824917))",336,п2д,с.с.,морена,164.607803344727,1.78350853919983,30.1055488586426,0.000383839273126796,-4.66994788439479e-05,С2,0.526290893554688,2.73718762397766,5.50422668457031,446341.993630962,6203879.93824917,69.3008264900895,14.1519575768145,50.5960311889648,1204.36169433594,673.065734863281,938.668273925781,203.86572265625
"MULTIPOINT ((448416.788370103 6198990.37523327))",337,пд пов огл,с.с.,фг,135.289154052734,2.92966747283936,301.39208984375,-0.00205020746216178,-4.64078402728774e-05,С4,-3.28033447265625,9.66946220397949,12.8331604003906,448416.788370103,6198990.37523327,540862.849764979,23.1144217576656,0,0,1963.89477539062,1303.78466796875,580.212036132812
"MULTIPOINT ((446491.891665505 6203885.46809909))",338,п2д,с.с.,морена,164.889938354492,0.639791667461395,196.971740722656,0.00031292240601033,0.000404332095058635,С2,1.11799621582031,2.74556446075439,2.96327209472656,446491.891665505,6203885.46809909,5.74795275650511,3.66558016022802,137.926391601562,1289.36010742188,657.447204589844,1125.88525390625,128.936004638672
"MULTIPOINT ((448566.571181752 6198982.30619775))",339,пд пов огл,с.с.,фг,140.493667602539,5.84729337692261,130.696960449219,-0.000701976590789855,0.000350945338141173,С4,-0.561492919921875,7.21858310699463,16.6027679443359,448566.571181752,6198982.30619775,43.9730845495711,13.6970784763878,25.6122875213623,0,1896.06091308594,1346.13146972656,594.365600585938
"MULTIPOINT ((446641.789700048 6203890.99794901))",340,п2д,с.с.,морена,164.252868652344,0.422074913978577,319.520568847656,7.38274175091647e-05,0.000223882816499099,С3,0.464019775390625,1.73843801021576,1.68959045410156,446641.789700048,6203890.99794901,2.40187037195785,10.7897484999154,145.985107421875,1216.37976074219,531.616760253906,1251.7421875,64.4680023193359
"MULTIPOINT ((448716.353993402 6198974.23716222))",341,пд пов огл,с.с.,фг,150.628555297852,5.49764728546143,122.491004943848,0.00124637829139829,0.00022288114996627,С2,2.31857299804688,8.54906558990479,16.6450347900391,448716.353993402,6198974.23716222,24.7831473648133,13.1236646248623,98.7919006347656,91.1715240478516,1860.65869140625,1388.68322753906,634.936218261719
"MULTIPOINT ((446791.687734591 6203896.52779893))",342,п2д,с.с.,морена,163.756210327148,0.669795095920563,225.935119628906,-0.000119462005386595,-2.79947525996249e-05,С3,-0.229873657226562,1.13534379005432,2.39375305175781,446791.687734591,6203896.52779893,22.2688729619569,13.0166906165096,54.4054412841797,1153.23864746094,407.7314453125,1378.16845703125,0
"MULTIPOINT ((448866.136805052 6198966.1681267))",343,п3д,с.с.,морена,153.035751342773,1.55361914634705,89.7725601196289,0.000479212467325851,0.000333186122588813,С2,1.26718139648438,3.10325932502747,5.61785888671875,448866.136805052,6198966.1681267,16.1516088834447,12.6955204103986,183.563201904297,128.936004638672,1833.65856933594,1441.54833984375,554.57470703125
"MULTIPOINT ((446941.585769134 6203902.05764885))",344,п2д,с.с.,морена,167.141738891602,1.02188324928284,239.926132202148,0.000323532818583772,0.000136398695758544,С2,0.717086791992188,0.670565247535706,3.46321105957031,446941.585769134,6203902.05764885,14.8884393036779,4.9942635414564,148.646011352539,1080.68054199219,232.442687988281,1568.57421875,64.4680023193359
"MULTIPOINT ((449015.919616702 6198958.09909118))",345,п3д,с.с.,морена,148.838134765625,2.12554669380188,340.702545166016,-0.00028731711790897,0.00015656347386539,С2,-0.204544067382812,7.35942125320435,5.76780700683594,449015.919616702,6198958.09909118,23.4443633542986,13.0681308417384,80.4977874755859,193.404006958008,1770.23083496094,1355.36218261719,469.334136962891
"MULTIPOINT ((447091.483803677 6203907.58749877))",346,п2д,с.с.,морена,166.323944091797,1.66229653358459,19.1912269592285,0.000488381600007415,0.000255592312896624,С2,1.16064453125,2.36103701591492,6.16598510742188,447091.483803677,6203907.58749877,13.3486024016432,12.5049124347764,142.041091918945,1049.46301269531,144.154830932617,1695.88842773438,144.154830932617
"MULTIPOINT ((449165.702428352 6198950.03005565))",347,т1п пов огл,с.с.,морена,148.819458007812,2.1476263999939,208.213882446289,0.000268803356448188,2.63885540334741e-05,С2,0.460983276367188,3.88354635238647,6.47869873046875,449165.702428352,6198950.03005565,86.7345024936598,15.0695315894136,39.9996719360352,265.808380126953,1657.46728515625,1271.5078125,386.808013916016
"MULTIPOINT ((447241.38183822 6203913.11734869))",348,п2д,с.с.,морена,161.70100402832,2.21887040138245,41.75244140625,-2.52389982051682e-05,0.000258751009823754,С3,0.364151000976562,1.97524571418762,6.32864379882812,447241.38183822,6203913.11734869,63.3653106250078,14.0624173051022,60.5304870605469,1033.50073242188,64.4680023193359,1823.43041992188,232.442687988281
"MULTIPOINT ((449315.485240001 6198941.96102013))",349,пд пов огл,с.с.,фг,151.169830322266,1.09864544868469,131.731674194336,-0.000354002753738314,0.000280438573099673,В4,-0.114883422851562,1.7605801820755,4.41799926757812,449315.485240001,6198941.96102013,28.2491603421957,13.2545644791765,64.4975357055664,322.340026855469,1532.38684082031,1162.21337890625,407.7314453125
"MULTIPOINT ((447391.279872763 6203918.64719861))",350,п2д,с.с.,морена,159.398834228516,1.04483544826508,234.896850585938,-0.000267658469965681,7.65503718866967e-05,С3,-0.29803466796875,1.03755283355713,3.5885009765625,447391.279872763,6203918.64719861,1.31441324730267,2.08204834396022,3.99996733665466,1103.51440429688,64.4680023193359,2007.84448242188,347.170806884766
"MULTIPOINT ((449465.268051651 6198933.89198461))",351,п1д огл,с.с.,фг,152.280624389648,2.09931802749634,71.2285003662109,-7.27037113392726e-05,0.000178935908479616,В4,0.16552734375,1.37411081790924,6.352294921875,449465.268051651,6198933.89198461,33.8048762133271,13.4341058031759,127.560707092285,322.340026855469,1346.13146972656,1007.02239990234,503.511199951172
"MULTIPOINT ((449615.050863301 6198925.82294908))",352,п1д огл,с.с.,фг,148.649124145508,3.10450077056885,63.0604476928711,-0.000160024108481593,-0.000348232948454097,С2,-0.794036865234375,3.55496191978455,9.71128845214844,449615.050863301,6198925.82294908,48.3191565493647,13.791328842382,91.9992523193359,347.170806884766,1223.1943359375,911.715209960938,554.57470703125
"MULTIPOINT ((446913.936519533 6204651.54782157))",353,п2д,с.с.,морена,164.333282470703,0.939538359642029,83.1097869873047,-0.000194381442270242,-0.000303802749840543,С2,-0.776626586914062,2.8445999622345,4.21939086914062,446913.936519533,6204651.54782157,1081.28399318393,16.8994052409606,0,1140.55541992188,519.757629394531,1569.8984375,64.4680023193359
"MULTIPOINT ((446764.038484991 6204646.01797165))",354,п2д,с.с.,морена,165.059005737305,0.716870784759521,155.472625732422,-8.48533309181221e-05,0.000248776166699827,С2,0.255477905273438,2.67299199104309,4.45887756347656,446764.038484991,6204646.01797165,7.44607608481329,11.9211879380371,84.7577896118164,1057.35388183594,594.365600585938,1448.73815917969,64.4680023193359
"MULTIPOINT ((447063.834554076 6204657.07767149))",355,п2д,с.с.,морена,166.834686279297,1.9249449968338,231.865386962891,-0.000272746168775484,0.000271105847787112,С2,-0.0030517578125,4.15309953689575,5.34248352050781,447063.834554076,6204657.07767149,27.930556274207,13.2432220409124,107.330383300781,1231.65942382812,469.334136962891,1568.57421875,64.4680023193359
"MULTIPOINT ((447213.73258862 6204662.60752141))",356,п2д,с.с.,морена,167.873764038086,1.10013890266418,25.0040950775146,0.000478698202641681,0.000275251251878217,С2,1.17556762695312,3.68868184089661,3.78941345214844,447213.73258862,6204662.60752141,5.95428754539646,11.6976123003438,127.058006286621,1341.49230957031,455.857604980469,1548.57458496094,232.442687988281
"MULTIPOINT ((449740.62656838 6198468.40547861))",357,п1д огл,с.с.,фг,160.883163452148,1.10889160633087,173.603363037109,0.00016053591389209,0.000329112750478089,С2,0.763381958007812,2.45862007141113,3.68307495117188,449740.62656838,6198468.40547861,2.75342514127719,10.9263463870243,51.2245750427246,815.462890625,1142.37585449219,1183.47521972656,128.936004638672
"MULTIPOINT ((449441.060945081 6198484.54354966))",358,п1д огл,с.с.,фг,157.518280029297,0.713550388813019,238.669906616211,6.79206204949878e-05,5.61189590371214e-05,,0.193344116210938,1.60150063037872,1.87077331542969,449441.060945081,6198484.54354966,30.5199270876106,13.3318805618357,47.9996070861816,773.616027832031,1454.46435546875,1370.60852050781,128.936004638672
"MULTIPOINT ((447363.630623163 6204668.13737133))",359,п2д,с.с.,морена,163.830474853516,0.743066787719727,299.120391845703,-0.000121858589409385,-0.000428517872933298,С2,-0.857879638671875,2.12106871604919,2.24868774414062,447363.630623163,6204668.13737133,34.8570403385504,13.4647558795523,73.4296340942383,1419.76037597656,490.973693847656,1547.23205566406,257.872009277344
"MULTIPOINT ((449890.40938003 6198460.33644308))",360,п1д огл,с.с.,фг,161.883148193359,1.27534317970276,59.4578514099121,0.000408071879064664,0.000301087886327878,С2,1.10585021972656,2.05345320701599,4.27032470703125,449890.40938003,6198460.33644308,11.0915495436268,12.3196842604304,193.492599487305,864.929016113281,1019.32861328125,1109.1494140625,128.936004638672
"MULTIPOINT ((449590.84375673 6198476.47451413))",361,п1д огл,с.с.,фг,158.177154541016,0.467667996883392,218.995269775391,-9.17442885111086e-05,1.68505466717761e-05,С2,-0.116729736328125,1.70198667049408,1.79191589355469,449590.84375673,6198476.47451413,3.35582226153259,11.1241975702257,39.9996719360352,784.287109375,1266.59533691406,1251.7421875,128.936004638672
"MULTIPOINT ((447513.528657706 6204673.66722125))",362,п2д,с.с.,морена,164.850112915039,0.685407757759094,242.845474243164,-8.48530253279023e-05,9.30248097574804e-06,С2,-0.117767333984375,1.47344589233398,2.32040405273438,447513.528657706,6204673.66722125,23.2632452577447,13.0603754027535,193.03727722168,1505.02075195312,531.616760253906,1547.23205566406,203.86572265625
"MULTIPOINT ((450040.19219168 6198452.26740756))",363,п1д огл,с.с.,фг,155.310913085938,2.37196707725525,21.8580856323242,3.38808167725801e-05,0.000151720363646746,С2,0.28961181640625,3.40129160881042,7.39723205566406,450040.19219168,6198452.26740756,70.8100971613955,14.1735023502309,121.654258728027,967.02001953125,838.084045410156,1007.02239990234,64.4680023193359
"MULTIPOINT ((447663.426692249 6204679.19707117))",364,п2д,с.с.,морена,163.162872314453,0.797827482223511,46.3463401794434,0.000116422852443065,-0.000319135113386437,С2,-0.315933227539062,2.08042907714844,3.64726257324219,447663.426692249,6204679.19707117,83.118663887755,14.33377001659,46.818416595459,1548.57458496094,608.189880371094,1548.57458496094,64.4680023193359
"MULTIPOINT ((450189.97500333 6198444.19837204))",365,п1д огл,с.с.,фг,151.927124023438,1.03659963607788,66.2776794433594,-0.000385561696020886,6.36415716144256e-05,С2,-0.50201416015625,2.15626287460327,2.91798400878906,450189.97500333,6198444.19837204,86.8926700319018,14.3781744236793,28.2840404510498,916.262451171875,720.774169921875,929.770751953125,0
"MULTIPOINT ((446169.976196739 6204474.00053742))",366,п2д,с.с.,морена,162.323760986328,0.773152232170105,162.855194091797,0.000387522974051535,8.45046452013776e-05,С2,0.735855102539062,1.93068253993988,3.61276245117188,446169.976196739,6204474.00053742,10.3468408863874,12.2501819891772,12.6490077972412,1033.50073242188,916.262451171875,838.084045410156,91.1715240478516
"MULTIPOINT ((450339.757814979 6198436.12933651))",367,п1д огл,с.с.,фг,151.924453735352,2.27073669433594,49.4878234863281,0.000250521901762113,0.000202372742933221,С2,0.707015991210938,3.46139526367188,6.60336303710938,450339.757814979,6198436.12933651,62.9869971017344,5.40930524620842,67.0516662597656,895.618103027344,576.619323730469,916.262451171875,91.1715240478516
"MULTIPOINT ((446319.874231282 6204479.53038734))",368,п2д,с.с.,морена,164.138946533203,1.29349255561829,244.381317138672,0.000330220704199746,0.000468937942059711,С2,1.24610900878906,3.51505517959595,4.86186218261719,446319.874231282,6204479.53038734,5.38517639368671,11.5971508109855,139.99885559082,1049.46301269531,876.859680175781,958.3857421875,64.4680023193359
"MULTIPOINT ((450489.540626629 6198428.06030099))",369,п1д огл,с.с.,фг,148.96354675293,1.00437724590302,77.1084823608398,0.000327185145579278,-8.33401500131004e-05,С2,0.3802490234375,1.89791822433472,3.59547424316406,450489.540626629,6198428.06030099,84.3278841612063,14.3482133277084,73.7557525634766,807.781799316406,412.796630859375,807.781799316406,182.343048095703
"MULTIPOINT ((446469.772265825 6204485.06023726))",370,п2д,с.с.,морена,163.819381713867,2.78877019882202,274.302581787109,0.000656790158245713,-0.000153198518091813,С2,0.788238525390625,3.17002749443054,7.14761352539062,446469.772265825,6204485.06023726,21.3873963509734,12.9763025373892,130.597549438477,1080.68054199219,754.57861328125,1080.68054199219,64.4680023193359
"MULTIPOINT ((450639.323438279 6198419.99126547))",371,п1д огл,с.с.,фг,147.464584350586,1.691690325737,37.4672088623047,7.97687680460513e-05,0.000360573612852022,С2,0.68670654296875,3.41166520118713,5.32781982421875,450639.323438279,6198419.99126547,32.0640234051918,13.3812353798404,125.601524353027,735.04833984375,322.340026855469,754.57861328125,193.404006958008
"MULTIPOINT ((446619.670300368 6204490.59008718))",372,п2д,с.с.,морена,161.369476318359,2.11430788040161,251.292129516602,0.000633906689472497,-0.00131725776009262,С2,-1.06442260742188,4.86957025527954,8.15023803710938,446619.670300368,6204490.59008718,1943.73497187028,18.1789826685707,0,1153.23864746094,576.619323730469,1266.59533691406,64.4680023193359
"MULTIPOINT ((450789.106249929 6198411.92222994))",373,п1д огл,с.с.,фг,147.328338623047,1.46630132198334,155.572509765625,6.44164538243786e-05,0.00030268551199697,С2,0.572402954101562,3.03063416481018,4.65544128417969,450789.106249929,6198411.92222994,4.59293264462626,11.4380194848735,96.7462997436523,644.680053710938,265.808380126953,685.304260253906,64.4680023193359
"MULTIPOINT ((446769.568334911 6204496.1199371))",374,п2д,с.с.,морена,166.568145751953,1.61094832420349,177.891479492188,0.000257989595411345,0.000152142762090079,С2,0.6397705078125,2.45095419883728,5.39396667480469,446769.568334911,6204496.1199371,16.4626617693799,5.25807439965164,108.073165893555,1216.37976074219,464.885375976562,1391.6728515625,64.4680023193359
"MULTIPOINT ((447635.598169759 6198431.58916429))",375,п1д,с.с.,морена,153.300155639648,0.567747473716736,90.6714477539062,-0.000432387634646147,6.25578479684918e-07,С2,-0.673019409179688,1.97692573070526,2.09866333007812,447635.598169759,6198431.58916429,751.220068770794,16.5351993875792,3.99996733665466,464.885375976562,2625.04345703125,1367.57287597656,0
"MULTIPOINT ((446919.466369454 6204501.64978702))",376,п2д,с.с.,морена,166.843734741211,1.35820472240448,14.7719478607178,2.52448644459946e-05,0.000158921669935808,С2,0.287139892578125,3.13979029655457,4.03071594238281,446919.466369454,6204501.64978702,71.4828382938511,14.1829581414533,26.8325958251953,1238.38989257812,412.796630859375,1532.38684082031,0
"MULTIPOINT ((447785.380981409 6198423.52012877))",377,п1д,с.с.,морена,150.880447387695,1.51521730422974,68.0185394287109,-0.000646282103843987,-0.000465224089566618,С2,-1.73365783691406,4.67653799057007,4.98130798339844,447785.380981409,6198423.52012877,200.845903381075,15.2160387086133,7.99993467330933,594.365600585938,2742.73266601562,1408.00244140625,0
"MULTIPOINT ((447069.364403997 6204507.17963694))",378,п2д,с.с.,морена,166.192825317383,1.20722830295563,187.938262939453,-0.000389925116905943,8.38810738059692e-05,С2,-0.477371215820312,2.99729204177856,3.77767944335938,447069.364403997,6204507.17963694,100.154704342344,14.5202167783985,73.5385055541992,1367.57287597656,328.723602294922,1687.2890625,64.4680023193359
"MULTIPOINT ((447935.163793059 6198415.45109324))",379,п1д,с.с.,морена,151.236511230469,2.23803186416626,87.9951705932617,-0.000655784388072789,0.000131283406517468,С2,-0.81964111328125,2.84621214866638,6.06388854980469,447935.163793059,6198415.45109324,3.5417576228805,11.178123851993,59.0588111877441,608.189880371094,2681.43505859375,1448.73815917969,0
"MULTIPOINT ((447219.26243854 6204512.70948686))",380,п2д,с.с.,морена,167.80290222168,2.15036916732788,331.284484863281,0.00053237279644236,0.000485840137116611,С2,1.5892333984375,4.96016788482666,5.39462280273438,447219.26243854,6204512.70948686,28.7435217513334,13.2719131558901,107.999114990234,1448.73815917969,328.723602294922,1677.40734863281,128.936004638672
"MULTIPOINT ((448408.719334579 6198840.59242162))",381,пд пов огл,с.с.,фг,140.946212768555,4.02288770675659,108.108306884766,0.000117690105980728,-0.000275627011433244,С2,-0.245849609375,4.60524129867554,10.09228515625,448408.719334579,6198840.59242162,2851.62449724661,17.6643575773679,0,64.4680023193359,2083.02490234375,1431.42199707031,451.276000976562
"MULTIPOINT ((447369.160473083 6204518.23933678))",382,п2д,с.с.,морена,163.009506225586,0.341018825769424,313.409240722656,-0.000226485572056845,-0.000146102436701767,С2,-0.580718994140625,0.781805038452148,1.81858825683594,447369.160473083,6204518.23933678,124.524477115673,14.7380030443455,39.9996719360352,1521.49951171875,375.909820556641,1676.16809082031,128.936004638672
"MULTIPOINT ((448558.502146229 6198832.5233861))",383,т1п пов огл,с.с.,морена,151.079635620117,3.55505561828613,146.246612548828,0.000673644302878529,0.000675282266456634,С2,2.11048889160156,5.0059814453125,12.2871398925781,448558.502146229,6198832.5233861,89.1813645640264,14.4041728447419,113.70043182373,128.936004638672,2019.19702148438,1470.0966796875,469.334136962891
"MULTIPOINT ((447519.058507626 6204523.7691867))",384,п2д,с.с.,морена,164.543487548828,0.522908806800842,201.199234008789,0.000199320435058326,8.85780318640172e-05,С2,0.448760986328125,1.40664184093475,1.38478088378906,447519.058507626,6204523.7691867,119.959939290071,15.3937738719826,190.072113037109,1601.35192871094,407.7314453125,1676.16809082031,128.936004638672
"MULTIPOINT ((448708.284957879 6198824.45435057))",385,т1п пов огл,с.с.,морена,153.212646484375,0.717332065105438,275.512237548828,-0.000158503928105347,0.000129484295030124,С2,-0.0452728271484375,2.45555782318115,2.53599548339844,448708.284957879,6198824.45435057,5.17900107776342,11.824872361797,211.696166992188,232.442687988281,2048.8251953125,1569.8984375,451.276000976562
"MULTIPOINT ((447668.956542169 6204529.29903662))",386,п2д,с.с.,морена,164.644500732422,0.277794271707535,332.970092773438,0.000202304581762291,0.000230099962209351,С2,0.673934936523438,1.97758543491364,1.144775390625,447668.956542169,6204529.29903662,1.77134834118671,10.2484568542845,168.806213378906,1677.40734863281,503.511199951172,1677.40734863281,91.1715240478516
"MULTIPOINT ((448858.067769528 6198816.38531505))",387,пд пов огл,с.с.,фг,152.490112304688,1.09816575050354,317.691314697266,0.000186173594556749,3.31709925376344e-05,В4,0.342041015625,1.00059199333191,4.17105102539062,448858.067769528,6198816.38531505,65.7182705045843,14.0988777211285,118.117622375488,322.340026855469,2001.625,1615.56359863281,412.796630859375
"MULTIPOINT ((446175.506046659 6204324.10250288))",388,п2д,с.с.,морена,161.643905639648,0.832942008972168,338.146789550781,0.000177237132447772,-4.71365674457047e-05,С2,0.202835083007812,2.03125810623169,2.61805725097656,446175.506046659,6204324.10250288,7.05917638601947,11.8678291299218,35.9997062683105,1162.21337890625,820.543762207031,797.425170898438,64.4680023193359
"MULTIPOINT ((449007.850581178 6198808.31627953))",389,пд пов огл,с.с.,фг,145.883605957031,0.937808454036713,36.660961151123,-3.59438017767388e-05,-0.000725997728295624,,-1.18769836425781,2.69230365753174,5.10601806640625,449007.850581178,6198808.31627953,776.829824739381,16.5687220550266,3.99996733665466,375.909820556641,1815.43542480469,1448.73815917969,288.309661865234
"MULTIPOINT ((446325.404081202 6204329.6323528))",390,п2д,с.с.,морена,160.654922485352,1.1969530582428,309.850433349609,0.000198262743651867,0.000207673438126221,С2,0.632949829101562,3.48777532577515,4.1014404296875,446325.404081202,6204329.6323528,2.12953678708681,10.6694052296457,83.9993133544922,1176.4306640625,847.944213867188,923.041320800781,64.4680023193359
"MULTIPOINT ((449157.633392828 6198800.247244))",391,п1д огл,с.с.,фг,148.295272827148,2.53211045265198,142.389068603516,-8.70959993335418e-05,-0.000296935642836615,С3,-0.599380493164062,1.96577215194702,8.14060974121094,449157.633392828,6198800.247244,61.579638172759,13.8290447342115,48.1659851074219,392.1435546875,1692.20837402344,1341.49230957031,257.872009277344
"MULTIPOINT ((446475.302115745 6204335.16220272))",392,п2д,с.с.,морена,157.505783081055,1.02044463157654,308.495880126953,-0.000395176728488877,-0.000135151989525184,С2,-0.826873779296875,0.594324469566345,3.8419189453125,446475.302115745,6204335.16220272,5.5624879483683,11.6295462253304,15.9998693466187,1204.36169433594,720.774169921875,1049.46301269531,64.4680023193359
"MULTIPOINT ((449307.416204478 6198792.17820848))",393,п1д огл,с.с.,фг,152.927520751953,2.11085224151611,150.542114257812,2.3908000002848e-05,-0.000233950340771116,С2,-0.327529907226562,1.74672019481659,6.60896301269531,449307.416204478,6198792.17820848,82.9509073821455,14.3317496999072,122.440826416016,432.464508056641,1569.8984375,1238.38989257812,288.309661865234
"MULTIPOINT ((446625.200150288 6204340.69205264))",394,п2д,с.с.,морена,156.73469543457,3.66273713111877,184.432922363281,-0.00115504465065897,-0.0005157898995094,С2,-2.61680603027344,6.68529081344604,9.39784240722656,446625.200150288,6204340.69205264,135.838030146282,14.8249639656049,31.9997386932373,1269.87243652344,531.616760253906,1240.06677246094,64.4680023193359
"MULTIPOINT ((449457.199016128 6198784.10917296))",395,п1д огл,с.с.,фг,156.533340454102,1.2973415851593,83.2745590209961,9.47780645219609e-05,0.00026300479657948,С2,0.557846069335938,0.841466784477234,3.69964599609375,449457.199016128,6198784.10917296,8.68661355718018,5.42279630302409,243.308517456055,451.276000976562,1388.68322753906,1094.05822753906,412.796630859375
"MULTIPOINT ((446775.098184831 6204346.22190256))",396,п2д,с.с.,морена,166.717910766602,1.51982879638672,176.419692993164,0.000574180739931762,-1.31549886646098e-05,С2,0.875335693359375,1.484654545784,3.61268615722656,446775.098184831,6204346.22190256,20.293687341332,12.9238106137056,126.490074157715,1327.47741699219,407.7314453125,1367.57287597656,64.4680023193359
"MULTIPOINT ((449606.981827777 6198776.04013743))",397,п1д огл,с.с.,фг,153.492446899414,2.15454936027527,25.3905830383301,-0.000115931332402397,9.22470790101215e-05,С2,-0.0372161865234375,2.71711850166321,5.98153686523438,449606.981827777,6198776.04013743,72.5960235721898,14.1984108930237,100.238899230957,469.334136962891,1269.87243652344,1002.88671875,451.276000976562
"MULTIPOINT ((446924.996219374 6204351.75175248))",398,п2д,с.с.,морена,167.662826538086,0.327375471591949,152.935684204102,-2.15635591302998e-05,0.000105893348518293,С2,0.131439208984375,0.81534469127655,1.04481506347656,446924.996219374,6204351.75175248,6.63002540411187,11.8051093803074,165.213668823242,1394.65612792969,288.309661865234,1495.32409667969,64.4680023193359
"MULTIPOINT ((449756.764639427 6198767.97110191))",399,п1д огл,с.с.,фг,150.081893920898,0.400475889444351,343.091400146484,-0.000187400379218161,-0.000420264288550243,С2,-0.947113037109375,4.74140882492065,1.85321044921875,449756.764639427,6198767.97110191,225.379154235172,15.331284858326,16.4922866821289,519.757629394531,1153.23864746094,916.262451171875,451.276000976562
"MULTIPOINT ((447074.894253917 6204357.2816024))",400,п2д,с.с.,морена,167.369522094727,0.919957518577576,12.5111398696899,0.000231436963076703,0.000134033063659444,С3,0.569778442382812,1.23692548274994,3.07301330566406,447074.894253917,6204357.2816024,40.7349502009298,13.6205871956747,204.350967407227,1495.32409667969,144.154830932617,1687.2890625,64.4680023193359
"MULTIPOINT ((449906.547451077 6198759.90206638))",401,п1д огл,с.с.,фг,151.384887695312,1.01637423038483,65.5850524902344,-0.000121644327009562,0.000158112918143161,С2,0.0567779541015625,1.34814405441284,3.0430908203125,449906.547451077,6198759.90206638,10.4530097570851,4.97421747862622,59.99951171875,685.304260253906,1019.32861328125,864.929016113281,347.170806884766
"MULTIPOINT ((447224.79228846 6204362.81145232))",402,п2д,с.с.,морена,164.077713012695,0.848939180374146,346.434143066406,-0.000317851809086278,-1.31543774841703e-05,С3,-0.51605224609375,2.12839078903198,2.30686950683594,447224.79228846,6204362.81145232,110.105527208021,14.6149399886022,103.999153137207,1484.16479492188,144.154830932617,1815.43542480469,64.4680023193359
"MULTIPOINT ((450056.330262727 6198751.83303086))",403,п1д огл,с.с.,фг,149.99267578125,1.09094607830048,50.994457244873,-3.76699426851701e-05,5.87560498388484e-06,С2,-0.049591064453125,0.954881489276886,3.4810791015625,450056.330262727,6198751.83303086,161.41900472598,14.9975042425614,11.9999017715454,776.297546386719,916.262451171875,786.932250976562,288.309661865234
"MULTIPOINT ((447374.690323003 6204368.34130224))",404,п2д,с.с.,морена,163.643341064453,0.23755931854248,95.4026718139648,1.06893166957889e-05,-9.46924919844605e-05,С2,-0.13092041015625,1.264315366745,1.13626098632812,447374.690323003,6204368.34130224,1,2.73687797626576,44.181079864502,1484.16479492188,193.404006958008,1869.57202148438,64.4680023193359
"MULTIPOINT ((450206.113074377 6198743.76399534))",405,пд пов огл,с.с.,фг,148.087814331055,1.14076447486877,52.2467002868652,-0.000203397663426585,-8.39328422443941e-05,С3,-0.448043823242188,1.10418403148651,3.20587158203125,450206.113074377,6198743.76399534,114.960366016396,14.4533008930834,19.9998359680176,720.774169921875,820.543762207031,720.774169921875,193.404006958008
"MULTIPOINT ((447524.588357546 6204373.87115216))",406,п2д,с.с.,морена,163.743423461914,0.268009662628174,305.318542480469,-1.87236437341198e-05,-7.26887374185026e-05,С2,-0.142471313476562,0.670979738235474,0.746978759765625,447524.588357546,6204373.87115216,32.3158308302353,13.6558173949955,155.639343261719,1568.57421875,322.340026855469,1806.2548828125,0
"MULTIPOINT ((450355.895886026 6198735.69495981))",407,пд пов огл,с.с.,фг,148.121780395508,0.802544176578522,116.137237548828,7.41989279049449e-05,2.98453505820362e-05,С2,0.162200927734375,1.75261175632477,1.83705139160156,450355.895886026,6198735.69495981,280.898405855937,16.2446090831506,50.9112739562988,638.20068359375,735.04833984375,644.680053710938,64.4680023193359
"MULTIPOINT ((447674.486392089 6204379.40100208))",408,п2д,с.с.,морена,163.234298706055,0.334583312273026,307.499298095703,-8.71312004164793e-05,-6.12679796176963e-05,С2,-0.231292724609375,0.453341007232666,1.05458068847656,447674.486392089,6204379.40100208,99.9653690123188,14.518324560558,71.9994125366211,1594.85034179688,412.796630859375,1806.2548828125,64.4680023193359
"MULTIPOINT ((450505.678697676 6198727.62592429))",409,пд пов огл,с.с.,фг,148.614059448242,0.761842429637909,315.224456787109,9.88945976132527e-05,0.000246315554250032,С2,0.538101196289062,1.62714064121246,1.96543884277344,450505.678697676,6198727.62592429,20.1548597131591,12.9169461805718,155.998733520508,519.757629394531,634.936218261719,547.029113769531,64.4680023193359
"MULTIPOINT ((446181.035896579 6204174.20446834))",410,п2д,с.с.,морена,161.901931762695,2.06676197052002,27.0060367584229,0.000270856427960098,-1.83689062396297e-05,С2,0.394302368164062,3.16253662109375,5.62980651855469,446181.035896579,6204174.20446834,16.4433731717102,5.31906245416755,51.9995765686035,1183.47521972656,685.304260253906,773.616027832031,64.4680023193359
"MULTIPOINT ((450655.461509326 6198719.55688877))",411,пд пов огл,с.с.,фг,145.958694458008,1.89793133735657,359.032928466797,0.00013270259660203,0.000244218565057963,С2,0.587997436523438,2.15355110168457,4.96090698242188,450655.461509326,6198719.55688877,4.84532028851868,11.2867268176382,101.979560852051,464.885375976562,594.365600585938,464.885375976562,64.4680023193359
"MULTIPOINT ((446330.933931122 6204179.73431826))",412,п2д,с.с.,морена,159.024612426758,0.854330062866211,315.890502929688,0.000161204225150868,0.000171344217960723,С2,0.518402099609375,4.12037897109985,2.93682861328125,446330.933931122,6204179.73431826,5.07466185821837,4.14696910638592,3.99996733665466,1303.78466796875,825.59326171875,904.851501464844,64.4680023193359
"MULTIPOINT ((450805.244320976 6198711.48785324))",413,п1д огл,с.с.,фг,142.493515014648,0.753689050674438,4.27342844009399,-2.44576567638433e-05,0.000106365827377886,С3,0.127670288085938,1.8909147977829,2.29573059082031,450805.244320976,6198711.48785324,4.40918102368965,11.3971897077247,7.99993467330933,407.7314453125,580.212036132812,407.7314453125,128.936004638672
"MULTIPOINT ((446480.831965665 6204185.26416818))",414,п2д,с.с.,морена,159.325164794922,2.01256489753723,144.428237915039,-0.000519235676620156,0.000572419841773808,С2,0.081939697265625,4.17835998535156,7.90597534179688,446480.831965665,6204185.26416818,7.80794219748759,11.5631664481084,73.7557525634766,1329.04187011719,709.148010253906,1033.50073242188,128.936004638672
"MULTIPOINT ((447651.736240807 6198731.15478759))",415,пд пов огл,с.с.,фг,154.610076904297,1.03492903709412,5.73274993896484,0.000396000017644837,4.51871965196915e-05,С2,0.68792724609375,1.58003950119019,2.85740661621094,447651.736240807,6198731.15478759,122.893763226868,15.4179362927409,185.298248291016,273.514556884766,2540.56274414062,1594.85034179688,64.4680023193359
"MULTIPOINT ((447801.519052456 6198723.08575207))",416,пд пов огл,с.с.,фг,150.178833007812,1.62143671512604,337.337524414062,-0.000185138182132505,-0.000230703095439821,С2,-0.648590087890625,1.79548418521881,4.29985046386719,447801.519052456,6198723.08575207,52.4782130151765,13.8738988377041,92.0861587524414,347.170806884766,2467.533203125,1568.57421875,193.404006958008
"MULTIPOINT ((447197.143038859 6205112.30162504))",417,п2д,с.с.,морена,165.151306152344,0.974329233169556,149.869674682617,0.000477545894682407,7.03229452483356e-05,С2,0.854217529296875,1.52978575229645,3.44888305664062,447197.143038859,6205112.30162504,7.80427489456556,5.9114835066812,191.998428344727,958.3857421875,902.552001953125,1103.51440429688,64.4680023193359
"MULTIPOINT ((447047.245004316 6205106.77177512))",418,п1д,с.с.,морена,156.990432739258,3.62836360931396,156.040969848633,-0.000667885178700089,-0.000950795598328114,С2,-2.53205871582031,7.02373361587524,9.67333984375,447047.245004316,6205106.77177512,65.1609565601494,14.0903612082262,43.999641418457,867.328247070312,911.715209960938,1125.88525390625,0
"MULTIPOINT ((447927.094757535 6198265.66828159))",419,п2д,с.с.,морена,157.253753662109,1.36062121391296,90.4459915161133,0.000217227134271525,0.000271162716671824,С2,0.761581420898438,1.64532685279846,3.73422241210938,447927.094757535,6198265.66828159,6.75286752221978,11.8234679772073,87.9992828369141,720.774169921875,2796.75244140625,1329.04187011719,128.936004638672
"MULTIPOINT ((447796.735177031 6205092.73852887))",420,п2д,с.с.,морена,159.91423034668,2.48304080963135,50.5941505432129,0.00052353908540681,0.000316216435749084,С2,1.31158447265625,3.18057465553284,8.35005187988281,447796.735177031,6205092.73852887,28.9967531779717,13.2806846087642,142.434783935547,1112.89025878906,1067.13537597656,1112.89025878906,0
"MULTIPOINT ((447627.529134236 6198281.80635264))",421,п1д,с.с.,морена,155.30810546875,0.945909261703491,118.174728393555,-0.000210896469070576,-0.000177711859578267,С2,-0.6058349609375,2.14949250221252,3.39141845703125,447627.529134236,6198281.80635264,218.483784581433,15.3002125437657,37.7356147766113,576.619323730469,2681.43505859375,1240.06677246094,64.4680023193359
"MULTIPOINT ((448132.656075853 6205101.01939565))",422,п2д,с.с.,морена,153.93049621582,3.4784631729126,98.1851959228516,0.000123343037557788,0.000457783753518015,,0.908096313476562,8.03573036193848,10.8219299316406,448132.656075853,6205101.01939565,2.67592114545488,10.8977944189389,35.9997062683105,1211.24377441406,838.084045410156,1211.24377441406,0
"MULTIPOINT ((448076.877569185 6198257.59924607))",423,п1д,с.с.,морена,157.192047119141,1.23728358745575,115.377914428711,0.000207767938263714,-4.73942673124839e-05,С2,0.250152587890625,0.652773797512054,3.77102661132812,448076.877569185,6198257.59924607,131.125272465711,14.7896538890484,39.9996719360352,673.065734863281,2742.73266601562,1384.18676757812,128.936004638672
"MULTIPOINT ((447777.311945886 6198273.73731712))",424,п2д,с.с.,морена,156.662673950195,1.29758012294769,79.1572418212891,0.000115226248453837,0.000117513671284541,С2,0.362930297851562,1.04487812519073,3.84169006347656,447777.311945886,6198273.73731712,9.70031484336003,5.27909002978192,63.9994773864746,644.680053710938,2796.75244140625,1266.59533691406,128.936004638672
"MULTIPOINT ((446303.284681521 6204929.22449097))",425,п2д,с.с.,морена,164.010467529297,5.32567882537842,185.196426391602,0.00110482354648411,0.000677840784192085,С2,2.80545043945312,7.11519050598145,16.2885437011719,446303.284681521,6204929.22449097,9.36291151803699,12.1502570461657,101.979560852051,611.59716796875,1097.8505859375,1188.73120117188,64.4680023193359
"MULTIPOINT ((448226.660380835 6198249.53021054))",426,п1д,с.с.,морена,158.056137084961,1.01051080226898,132.82080078125,-7.05802012817003e-05,-6.5801570599433e-05,С2,-0.212615966796875,2.48648643493652,3.82411193847656,448226.660380835,6198249.53021054,30.4203481198402,13.5953718968001,191.998428344727,647.895385742188,2646.3310546875,1448.73815917969,128.936004638672
"MULTIPOINT ((446453.182716064 6204934.75434089))",427,п2д,с.с.,морена,165.936080932617,2.3830738067627,254.782302856445,-0.000406535429647192,-0.000586013600695878,С2,-1.54937744140625,7.86722469329834,7.12431335449219,446453.182716064,6204934.75434089,40.3215559726959,13.6103869580371,128.808883666992,663.738708496094,1002.88671875,1289.36010742188,0
"MULTIPOINT ((448376.443192485 6198241.46117502))",428,п1д,с.с.,морена,159.189483642578,1.88344407081604,57.7426147460938,9.62225822149776e-05,-5.12443839397747e-05,С2,0.0703125,1.79688310623169,5.12001037597656,448376.443192485,6198241.46117502,32.0508881898764,13.3808256400412,47.9996070861816,709.148010253906,2450.63232421875,1510.53369140625,182.343048095703
"MULTIPOINT ((446603.080750607 6204940.28419081))",429,п2д,с.с.,морена,165.027450561523,1.59148037433624,329.406005859375,-0.000809972290880978,-0.000349599111359566,С2,-1.80894470214844,6.81621837615967,5.97355651855469,446603.080750607,6204940.28419081,86.7760567234609,14.3768314838404,14.4220876693726,735.04833984375,916.262451171875,1394.65612792969,64.4680023193359
"MULTIPOINT ((448526.226004135 6198233.3921395))",430,п1д,с.с.,морена,158.646499633789,1.30535197257996,91.0736923217773,6.99118681950495e-05,0.000157592876348644,С2,0.354721069335938,1.0258971452713,3.27999877929688,448526.226004135,6198233.3921395,6.42197307810477,11.7732261479488,103.999153137207,720.774169921875,2321.7431640625,1596.15270996094,128.936004638672
"MULTIPOINT ((446752.97878515 6204945.81404073))",431,п1д,с.с.,морена,163.192306518555,1.56704127788544,16.1942977905273,0.000239241635426879,0.000122324941912666,С2,0.564010620117188,2.85032749176025,4.17619323730469,446752.97878515,6204945.81404073,36.6181316921295,6.3893187139908,108.810882568359,867.328247070312,807.781799316406,1388.68322753906,128.936004638672
"MULTIPOINT ((448676.008815784 6198225.32310397))",432,п1д огл,с.с.,фг,158.344848632812,0.89867502450943,82.5347213745117,0.000286211696220562,-3.09332790493499e-05,С2,0.398025512695312,0.927782714366913,2.81404113769531,448676.008815784,6198225.32310397,45.5785352608461,13.7329376321598,87.7261352539062,754.57861328125,2192.85986328125,1687.2890625,128.936004638672
"MULTIPOINT ((446902.876819693 6204951.34389065))",433,п1д,с.с.,морена,160.665618896484,0.612323343753815,95.8712615966797,6.41287042526528e-05,-5.90538984397426e-05,С2,0.0079345703125,1.78910255432129,3.14845275878906,446902.876819693,6204951.34389065,99.2675756360874,14.7780791546369,31.9997386932373,895.618103027344,815.462890625,1284.51574707031,64.4680023193359
"MULTIPOINT ((448825.791627434 6198217.25406845))",434,п1д огл,с.с.,фг,158.647888183594,1.46528780460358,108.247055053711,-6.8766821641475e-05,-4.14368187193759e-05,,-0.171890258789062,2.09790754318237,4.44525146484375,448825.791627434,6198217.25406845,33.6394140661363,13.4291991616065,90.2433700561523,815.462890625,1999.54760742188,1832.52490234375,0
"MULTIPOINT ((447052.774854236 6204956.87374057))",435,п1д,л.с.,морена,163.469848632812,2.58258032798767,146.334671020508,4.43283133790828e-05,0.000207417368073948,С2,0.392898559570312,2.38620781898499,8.66920471191406,447052.774854236,6204956.87374057,54.7819926253995,13.9168622826522,69.8564224243164,967.02001953125,784.287109375,1251.7421875,64.4680023193359
"MULTIPOINT ((448975.574439084 6198209.18503293))",436,п1д огл,с.с.,фг,159.803604125977,1.39218819141388,95.9672546386719,0.000228904653340578,-1.35565342134214e-05,С2,0.335952758789062,0.989756405353546,3.93368530273438,448975.574439084,6198209.18503293,54.8978617336473,13.7141878668307,193.492599487305,864.929016113281,1870.68322753906,1869.57202148438,91.1715240478516
"MULTIPOINT ((447202.672888779 6204962.40359049))",437,п2д,с.с.,морена,165.254989624023,0.851892173290253,21.9988384246826,-4.94927153340541e-05,1.73104053828865e-05,С2,-0.0501708984375,1.48773574829102,3.04104614257812,447202.672888779,6204962.40359049,23.1476414189229,13.0553936372158,154.348983764648,1094.05822753906,776.297546386719,1226.58740234375,182.343048095703
"MULTIPOINT ((449125.357250734 6198201.1159974))",438,п1д огл,с.с.,фг,159.555694580078,0.795925378799438,87.6834335327148,0.000260613916907459,-0.00019829097436741,С2,0.09722900390625,1.08413922786713,2.21168518066406,449125.357250734,6198201.1159974,27.8723293956573,13.2411351631826,159.297164916992,929.770751953125,1741.82958984375,1778.42907714844,128.936004638672
"MULTIPOINT ((447652.366992408 6204978.99314025))",439,п2д,с.с.,морена,161.694244384766,0.681179583072662,141.954681396484,1.3137004316377e-05,-9.81320454229717e-07,С2,0.018951416015625,1.877800822258,2.17929077148438,447652.366992408,6204978.99314025,31.3417621312831,6.62228377949702,63.9994773864746,1226.58740234375,897.935363769531,1226.58740234375,64.4680023193359
"MULTIPOINT ((449275.140062384 6198193.04696188))",440,п1д огл,с.с.,фг,158.868850708008,1.28206551074982,99.29541015625,5.44054782949388e-05,-0.000336785684339702,С2,-0.440185546875,1.9157862663269,3.39585876464844,449275.140062384,6198193.04696188,41.7924620057492,13.6462167329036,84.8521194458008,986.170776367188,1548.57458496094,1651.1865234375,128.936004638672
"MULTIPOINT ((447802.265026951 6204984.52299017))",441,п2д,с.с.,морена,162.317428588867,0.993124485015869,17.0196399688721,0.000374115974409506,0.000260503788013011,С2,0.989410400390625,2.4801230430603,3.635009765625,447802.265026951,6204984.52299017,2.63591678086683,10.8827317903352,167.998626708984,1240.06677246094,951.858642578125,1240.06677246094,128.936004638672
"MULTIPOINT ((447986.898474702 6204960.875093))",442,п2д,с.с.,морена,159.562042236328,1.79725205898285,81.9583358764648,0.000571990443859249,-0.0002619189908728,С2,0.484375,2.03958296775818,4.84548950195312,447986.898474702,6204960.875093,20.4253150819339,12.930275811341,15.9998693466187,1284.51574707031,975.577880859375,1284.51574707031,64.4680023193359
"MULTIPOINT ((449898.478415554 6198610.11925473))",443,п1д огл,с.с.,фг,156.896530151367,3.04993772506714,75.2203979492188,0.000219467823626474,5.62000423087738e-05,С2,0.431228637695312,2.18083047866821,7.79800415039062,449898.478415554,6198610.11925473,38.5279201857173,13.5648839225185,156.817077636719,751.819641113281,1067.13537597656,1007.02239990234,257.872009277344
"MULTIPOINT ((448138.185925773 6204951.12136111))",444,п2д,с.с.,морена,160.593032836914,2.01726627349854,100.227523803711,0.000369272078387439,0.000313132477458566,С2,1.06492614746094,3.70942282676697,7.15185546875,448138.185925773,6204951.12136111,5.59780271298922,11.902634314315,146.695755004883,1329.04187011719,847.944213867188,1329.04187011719,64.4680023193359
"MULTIPOINT ((450048.261227203 6198602.05021921))",445,п1д огл,с.с.,фг,152.568252563477,1.86370575428009,42.5711975097656,-0.000180177987203933,0.000170554223586805,С2,-0.01531982421875,1.25729191303253,5.80671691894531,450048.261227203,6198602.05021921,114.557500301712,14.6545776274081,108.073165893555,867.328247070312,895.618103027344,895.618103027344,182.343048095703
"MULTIPOINT ((447974.393725947 6205066.47074915))",446,п2д,с.с.,морена,156.005996704102,3.35920095443726,83.9721298217773,0.000245989474933594,-0.000564880028832704,С2,-0.496536254882812,2.61762928962708,8.83865356445312,447974.393725947,6205066.47074915,1258.94009782359,17.0515261981672,0,1223.1943359375,969.166625976562,1223.1943359375,0
"MULTIPOINT ((446158.916496898 6204773.79660651))",447,п2д,с.с.,морена,152.158767700195,0.706315875053406,78.6981582641602,-7.21147371223196e-05,-0.000690606306307018,С2,-1.1888427734375,3.36562132835388,5.93577575683594,446158.916496898,6204773.79660651,614.596316337063,16.3344664005102,3.99996733665466,709.148010253906,1153.23864746094,958.3857421875,64.4680023193359
"MULTIPOINT ((450198.044038853 6198593.98118369))",448,п1д огл,с.с.,фг,151.707656860352,0.892841219902039,72.9537963867188,0.000362233608029783,0.000259756809100509,С2,0.969650268554688,3.14341568946838,2.99110412597656,450198.044038853,6198593.98118369,4.27451587582914,11.3661715949818,39.9996719360352,820.543762207031,786.932250976562,825.59326171875,128.936004638672
"MULTIPOINT ((446308.814531441 6204779.32645643))",449,п2д,с.с.,морена,161.295623779297,2.43449592590332,171.454803466797,0.000279917730949819,-0.000203542163944803,С2,0.11993408203125,1.25224137306213,7.04208374023438,446308.814531441,6204779.32645643,121.624737166489,14.7144411239142,39.9996719360352,735.04833984375,1019.32861328125,1109.1494140625,0
"MULTIPOINT ((450347.826850503 6198585.91214816))",450,пд пов огл,с.с.,фг,149.284362792969,0.91169935464859,15.1097469329834,-0.000251537945587188,0.000264260219410062,С2,0.0197296142578125,1.25139224529266,3.03822326660156,450347.826850503,6198585.91214816,6.99645161422411,11.858903852704,83.9993133544922,735.04833984375,685.304260253906,751.819641113281,64.4680023193359
"MULTIPOINT ((446458.712565984 6204784.85630635))",451,п2д,с.с.,морена,165.366485595703,1.4836585521698,158.654235839844,7.81468334025703e-05,-4.98889203299768e-05,С2,0.04412841796875,1.68768739700317,3.98966979980469,446458.712565984,6204784.85630635,25.9266206917171,13.168771011215,73.4296340942383,778.969848632812,916.262451171875,1216.37976074219,64.4680023193359
"MULTIPOINT ((450497.609662153 6198577.84311264))",452,пд пов огл,с.с.,фг,146.024978637695,0.921154260635376,332.779876708984,-0.00017911232134793,-0.000389155669836327,С2,-0.8858642578125,2.67946147918701,2.58065795898438,450497.609662153,6198577.84311264,45.3395692174649,13.7276808883014,7.99993467330933,634.936218261719,554.57470703125,644.680053710938,0
"MULTIPOINT ((446608.610600527 6204790.38615627))",453,п2д,с.с.,морена,166.671279907227,0.500722646713257,36.4937973022461,5.12101141794119e-05,0.000157825372298248,С2,0.3258056640625,0.772488713264465,1.62019348144531,446608.610600527,6204790.38615627,2.34182226508538,10.5276451950875,156.203704833984,840.559875488281,820.543762207031,1327.47741699219,64.4680023193359
"MULTIPOINT ((450647.392473802 6198569.77407712))",454,п1д огл,с.с.,фг,145.25129699707,1.04270195960999,352.631958007812,0.000170190542121418,3.26210056300624e-06,С3,0.270462036132812,2.13752841949463,4.55792236328125,450647.392473802,6198569.77407712,64.6543588303411,14.0825562693407,7.99993467330933,576.619323730469,490.973693847656,576.619323730469,91.1715240478516
"MULTIPOINT ((446758.50863507 6204795.91600619))",455,п2д,с.с.,морена,164.156982421875,1.36617887020111,27.4075756072998,0.000249219796387479,-4.291223740438e-05,С2,0.321868896484375,1.89505255222321,3.91535949707031,446758.50863507,6204795.91600619,30.4059835644761,13.3281401612488,113.841064453125,958.3857421875,697.328063964844,1499.48754882812,144.154830932617
"MULTIPOINT ((450797.175285452 6198561.70504159))",456,п1д огл,с.с.,фг,144.418655395508,1.24717354774475,127.154083251953,-0.000303141714539379,4.10699831263628e-05,С3,-0.408767700195312,2.00840210914612,4.451416015625,450797.175285452,6198561.70504159,12.0268552713032,4.70943774664662,48.6617050170898,554.57470703125,392.1435546875,594.365600585938,128.936004638672
"MULTIPOINT ((446908.406669613 6204801.44585611))",457,п2д,с.с.,морена,162.280807495117,1.27969205379486,132.773361206055,-0.000243652058998123,-0.00028971055871807,С2,-0.831680297851562,0.709615051746368,4.0162353515625,446908.406669613,6204801.44585611,55.4716542398207,13.9293729002914,27.9997711181641,1049.46301269531,634.936218261719,1470.0966796875,64.4680023193359
"MULTIPOINT ((447643.667205283 6198581.37197594))",458,пд пов огл,с.с.,фг,155.110397338867,0.350220799446106,252.359252929688,0.000136984235723503,0.00018068467034027,С2,0.4951171875,1.20743548870087,1.605712890625,447643.667205283,6198581.37197594,7.85668829063195,11.9748659250099,116.618087768555,322.340026855469,2550.359375,1559.27294921875,64.4680023193359
"MULTIPOINT ((447058.304704156 6204806.97570603))",459,п2д,с.с.,морена,169.008697509766,2.10406446456909,134.418014526367,0.000616851611994207,0.000918924459256232,С2,2.39651489257812,7.07042694091797,6.98171997070312,447058.304704156,6204806.97570603,7.61699675708836,11.739095633103,76.9409103393555,1127.72937011719,594.365600585938,1441.54833984375,64.4680023193359
"MULTIPOINT ((447793.450016933 6198573.30294042))",460,п2д,с.с.,морена,150.011123657227,1.91533124446869,19.1025676727295,-0.000292464654194191,-0.000223972645471804,С2,-0.80584716796875,2.62187480926514,5.18646240234375,447793.450016933,6198573.30294042,27.9607104779596,13.2443010719822,61.1877326965332,455.857604980469,2576.30151367188,1594.85034179688,193.404006958008
"MULTIPOINT ((447208.202738699 6204812.50555595))",461,п2д,с.с.,морена,165.931243896484,0.732533931732178,26.8323974609375,-0.000129544438095763,2.83232366200536e-05,С2,-0.157806396484375,0.768543899059296,2.62971496582031,447208.202738699,6204812.50555595,41.2780894583627,13.6338325820272,153.881820678711,1238.38989257812,583.782592773438,1419.76037597656,257.872009277344
"MULTIPOINT ((447943.232828583 6198565.23390489))",462,п2д,с.с.,морена,149.240051269531,1.39769434928894,56.0467338562012,0.000292926270049065,0.000106640574813355,С2,0.623199462890625,4.03683423995972,4.26516723632812,447943.232828583,6198565.23390489,664.624193864423,8.25859973408915,3.99996733665466,503.511199951172,2567.41333007812,1569.8984375,128.936004638672
"MULTIPOINT ((448093.015640232 6198557.16486937))",463,пд пов огл,с.с.,фг,149.358901977539,2.42178678512573,146.346450805664,-0.000113861307909247,-0.000118322910566349,С3,-0.362518310546875,2.76889276504517,7.02651977539062,448093.015640232,6198557.16486937,104.148083317639,14.5593145088684,55.9995422363281,432.464508056641,2508.45971679688,1616.84924316406,128.936004638672
"MULTIPOINT ((447657.896842328 6204829.09510571))",464,п2д,с.с.,морена,162.124557495117,0.42363303899765,49.9297714233398,-0.000286087248241529,-2.53051712206798e-05,,-0.4853515625,1.85266327857971,2.66403198242188,447657.896842328,6204829.09510571,30.7481029570407,13.3393290443214,136.527267456055,1355.36218261719,778.969848632812,1355.36218261719,0
"MULTIPOINT ((448242.798451882 6198549.09583384))",465,пд пов огл,с.с.,фг,154.806182861328,1.08859634399414,105.505760192871,0.000199045010958798,0.000232117017731071,С2,0.672210693359375,1.46560478210449,3.34976196289062,448242.798451882,6198549.09583384,13.6602961164741,12.3232069990002,180.176223754883,386.808013916016,2430.19580078125,1703.224609375,128.936004638672
"MULTIPOINT ((447807.794876871 6204834.62495563))",466,п2д,с.с.,морена,161.946884155273,0.580237090587616,15.596263885498,3.72085087292362e-05,1.85139779205201e-05,С2,0.08685302734375,0.915639638900757,1.76670837402344,447807.794876871,6204834.62495563,34.2204789515416,13.4463250090381,139.712844848633,1367.57287597656,840.559875488281,1367.57287597656,64.4680023193359
"MULTIPOINT ((448392.581263532 6198541.02679832))",467,п1д огл,с.с.,фг,152.585479736328,2.96001243591309,44.7022132873535,0.000647633394692093,-6.08414666203316e-05,С2,0.918472290039062,5.03932285308838,9.87698364257812,448392.581263532,6198541.02679832,25.5875157303381,13.1556053101796,35.7767944335938,386.808013916016,2385.31616210938,1751.34777832031,128.936004638672
"MULTIPOINT ((447957.692911414 6204840.15480555))",468,п2д,с.с.,морена,161.281280517578,0.935744225978851,137.994674682617,-0.000349772424669936,2.96854559564963e-05,С2,-0.49908447265625,3.18671560287476,3.30961608886719,447957.692911414,6204840.15480555,8.52220398324656,12.0561757352939,116.618087768555,1391.6728515625,916.262451171875,1391.6728515625,64.4680023193359
"MULTIPOINT ((448542.364075182 6198532.9577628))",469,п1д огл,с.с.,фг,151.281188964844,2.09848999977112,126.641708374023,0.00061504845507443,-0.000367765838745981,С2,0.386947631835938,4.12507390975952,7.84909057617188,448542.364075182,6198532.9577628,25.5559277809089,13.1543700412467,62.6093940734863,407.7314453125,2346.6708984375,1770.23083496094,144.154830932617
"MULTIPOINT ((446164.446346818 6204623.89857197))",470,п2д,с.с.,морена,157.890899658203,2.3721227645874,149.666900634766,-1.77346246346133e-05,-1.30420266941655e-05,С2,-0.0480499267578125,1.45765089988708,7.15652465820312,446164.446346818,6204623.89857197,29.1519437010182,5.87202525956068,63.9994773864746,902.552001953125,984.061340332031,840.559875488281,64.4680023193359
"MULTIPOINT ((448692.146886832 6198524.88872727))",471,п1д огл,с.с.,фг,152.666580200195,1.0544056892395,353.244354248047,0.000316215126076713,0.000170393905136734,С2,0.758712768554688,2.57918286323547,3.03448486328125,448692.146886832,6198524.88872727,8.59636717870404,12.0648404373595,87.9992828369141,469.334136962891,2162.32250976562,1815.43542480469,193.404006958008
"MULTIPOINT ((446314.344381361 6204629.42842189))",472,п2д,с.с.,морена,163.210525512695,2.24454164505005,157.065338134766,0.000147664119140245,8.31505021778867e-05,С2,0.360366821289062,0.917865037918091,6.47097778320312,446314.344381361,6204629.42842189,57.0695271511155,13.9577710435208,187.998458862305,860.110473632812,951.858642578125,1039.51525878906,91.1715240478516
"MULTIPOINT ((448841.929698481 6198516.81969175))",473,п1д огл,с.с.,фг,151.298156738281,0.344736009836197,179.839981079102,4.53623488283483e-06,0.000232269696425647,С2,0.36907958984375,1.90067076683044,1.58160400390625,448841.929698481,6198516.81969175,8.17438423777286,12.0145061357757,35.9997062683105,519.757629394531,2035.59692382812,1753.71936035156,193.404006958008
"MULTIPOINT ((446464.242415904 6204634.95827181))",474,п2д,с.с.,морена,166.624282836914,0.813066065311432,166.118026733398,0.000261605222476646,1.74186970980372e-05,С2,0.434982299804688,0.719969630241394,3.11302185058594,446464.242415904,6204634.95827181,32.1616526846692,13.3842755768649,194.400054931641,897.935363769531,840.559875488281,1153.23864746094,64.4680023193359
"MULTIPOINT ((448991.712510131 6198508.75065623))",475,п1д огл,с.с.,фг,151.392471313477,1.4254332780838,120.010704040527,-5.94192133576144e-05,-0.000228552002226934,С2,-0.449020385742188,2.53679060935974,5.10624694824219,448991.712510131,6198508.75065623,225.265557632157,15.3307807068185,3.99996733665466,594.365600585938,1909.16735839844,1651.1865234375,144.154830932617
"MULTIPOINT ((446614.140450448 6204640.48812173))",476,п2д,с.с.,морена,166.720245361328,0.981808006763458,342.221313476562,0.000383391423383728,-2.70148193521891e-05,С2,0.555694580078125,1.66080629825592,3.1820068359375,446614.140450448,6204640.48812173,16.5869483411116,4.52190760294613,70.8796005249023,951.858642578125,735.04833984375,1269.87243652344,64.4680023193359
"MULTIPOINT ((449141.495321781 6198500.6816207))",477,п1д огл,с.с.,фг,155.573593139648,0.382349193096161,200.301284790039,-3.41483391821384e-05,0.000123741861898452,,0.139633178710938,1.53218746185303,1.5189208984375,449141.495321781,6198500.6816207,6.94378910590807,5.91465286604102,63.9994773864746,712.072326660156,1706.880859375,1549.91589355469,64.4680023193359
"MULTIPOINT ((449291.278133431 6198492.61258518))",478,п1д огл,с.с.,фг,156.679992675781,0.656812906265259,225.059387207031,7.81578128226101e-05,7.66635785112157e-05,,0.2413330078125,1.4905424118042,2.1507568359375,449291.278133431,6198492.61258518,71.9058584071476,14.1888584857661,55.9995422363281,735.04833984375,1580.45251464844,1458.74438476562,128.936004638672
"MULTIPOINT ((446569.901651086 6205839.67239807))",479,п2д,с.с.,морена,157.434616088867,3.45797204971313,119.998184204102,0.000543145288247615,0.00012115541176172,,1.04034423828125,2.78208661079407,9.622802734375,446569.901651086,6205839.67239807,26.599795426921,13.1944042694667,44.7209930419922,64.4680023193359,503.511199951172,807.781799316406,0
"MULTIPOINT ((446425.533466463 6205684.24451361))",480,п2д,с.с.,морена,155.633987426758,2.86325311660767,141.297241210938,0.0003286431892775,-0.000274887395789847,С2,0.0851593017578125,3.40014147758484,6.91770935058594,446425.533466463,6205684.24451361,25.7312118485809,4.371148574472,64.1243515014648,64.4680023193359,685.304260253906,984.061340332031,144.154830932617
"MULTIPOINT ((446575.431501006 6205689.77436353))",481,п2д,с.с.,морена,158.50927734375,1.34616684913635,198.019134521484,-0.000304407032672316,-0.000226505464524962,В3,-0.82794189453125,5.49890279769897,3.23069763183594,446575.431501006,6205689.77436353,6.59217677177576,11.7993843527803,39.9996719360352,144.154830932617,608.189880371094,876.859680175781,64.4680023193359
"MULTIPOINT ((449416.85383851 6198035.19511471))",482,п1д огл,с.с.,фг,160.820114135742,0.58670437335968,318.356872558594,0.000137145660119131,0.000167493781191297,С2,0.474838256835938,1.13194036483765,1.45404052734375,449416.85383851,6198035.19511471,26.8112403860397,13.2023219614013,62.4814872741699,1204.36169433594,1418.29602050781,1735.85400390625,322.340026855469
"MULTIPOINT ((446281.16528184 6205528.81662914))",483,п2д,с.с.,морена,156.306274414062,4.49218273162842,159.479949951172,0.000630299269687384,0.000533057027496397,С2,1.8248291015625,7.30229759216309,10.9791259765625,446281.16528184,6205528.81662914,29.2190890185871,4.33444328876193,76.4192657470703,91.1715240478516,958.3857421875,1031.48803710938,64.4680023193359
"MULTIPOINT ((449566.63665016 6198027.12607918))",484,п1д огл,с.с.,фг,159.297515869141,0.264939218759537,218.935928344727,-0.00023970365873538,-0.000240337889408693,С2,-0.748184204101562,2.49803519248962,1.33656311035156,449566.63665016,6198027.12607918,74.8132229149903,14.2284953907215,57.6883506774902,1226.58740234375,1289.36010742188,1663.72424316406,322.340026855469
"MULTIPOINT ((446431.063316383 6205534.34647906))",485,п2д,с.с.,морена,159.673797607422,0.588306427001953,49.4333000183105,0.000223082970478572,0.000717617687769234,С2,1.46624755859375,3.77710342407227,3.63092041015625,446431.063316383,6205534.34647906,2.83467249069307,10.5499726782735,141.363616943359,182.343048095703,786.932250976562,1057.35388183594,64.4680023193359
"MULTIPOINT ((449716.41946181 6198019.05704366))",486,п1д огл,с.с.,фг,161.508728027344,1.10797011852264,282.285583496094,0.000195798624190502,0.000341745821060613,С2,0.83807373046875,2.82056093215942,3.34669494628906,449716.41946181,6198019.05704366,8.0197123154836,5.1182769918854,112.070487976074,1251.7421875,1095.9560546875,1559.27294921875,193.404006958008
"MULTIPOINT ((446580.961350926 6205539.87632898))",487,п2д,с.с.,морена,158.013610839844,1.17227160930634,192.230850219727,-0.000553264922928065,4.05024038627744e-05,В3,-0.799713134765625,3.02001786231995,3.74844360351562,446580.961350926,6205539.87632898,11.8395947188157,12.3849501434661,118.455772399902,232.442687988281,720.774169921875,958.3857421875,0
"MULTIPOINT ((449866.202273459 6198010.98800813))",488,п1д огл,с.с.,фг,159.592468261719,1.42462289333344,263.746704101562,-0.00046660378575325,-0.000181336014065892,С2,-1.0106201171875,2.08912801742554,3.68104553222656,449866.202273459,6198010.98800813,91.3322402890635,14.4280045944362,23.9998035430908,1284.51574707031,967.02001953125,1484.16479492188,64.4680023193359
"MULTIPOINT ((446880.757420012 6205550.93602882))",489,п2д,с.с.,морена,156.849105834961,2.28086686134338,7.20830678939819,-0.000153772227349691,-0.000155844027176499,С2,-0.483322143554688,2.37596535682678,7.32200622558594,446880.757420012,6205550.93602882,17.3609738109033,12.7677255471829,74.7255554199219,464.885375976562,644.680053710938,751.819641113281,64.4680023193359
"MULTIPOINT ((450015.985085109 6198002.91897261))",490,п1д огл,с.с.,фг,160.910247802734,1.15990781784058,243.645980834961,-0.000274739257292822,-8.48748968564905e-05,С2,-0.560760498046875,2.48535776138306,3.494384765625,450015.985085109,6198002.91897261,43.6832478958793,13.6904654296889,171.998596191406,1329.04187011719,838.084045410156,1415.36267089844,64.4680023193359
"MULTIPOINT ((447030.655454555 6205556.46587874))",491,п2д,с.с.,морена,151.429336547852,1.38614094257355,273.749359130859,-0.000668526568915695,-0.00121873198077083,В3,-2.94285583496094,6.8641562461853,5.45512390136719,447030.655454555,6205556.46587874,312.632740663094,15.6585298935349,19.9998359680176,576.619323730469,657.447204589844,694.341613769531,64.4680023193359
"MULTIPOINT ((450165.767896759 6197994.84993709))",492,п1д огл,с.с.,фг,158.100723266602,3.30987524986267,318.685974121094,0.000480304617667571,-0.000160984563990496,С2,0.501007080078125,2.78018617630005,11.2801513671875,450165.767896759,6197994.84993709,79.1974546906391,14.2854449049854,140.227233886719,1297.39343261719,644.680053710938,1305.37756347656,203.86572265625
"MULTIPOINT ((447180.553489098 6205561.99572866))",493,п2д,с.с.,морена,158.783004760742,2.74020981788635,266.734649658203,0.00119411654304713,0.00136528117582202,,3.99778747558594,13.2922220230103,7.60894775390625,447180.553489098,6205561.99572866,6.29345729223193,11.75301131314,87.9992828369141,644.680053710938,694.341613769531,657.447204589844,0
"MULTIPOINT ((450315.550708409 6197986.78090157))",494,п1д огл,с.с.,фг,153.35627746582,3.01435995101929,309.804046630859,8.45989598019514e-06,0.000652539078146219,С2,1.03166198730469,4.26834344863892,8.94961547851562,450315.550708409,6197986.78090157,54.3692890243813,4.92033780417436,103.999153137207,1238.38989257812,515.744018554688,1240.06677246094,328.723602294922
"MULTIPOINT ((447330.451523641 6205567.52557858))",495,п2д,с.с.,морена,153.48762512207,2.21782183647156,245.667999267578,0.000216441549127921,-0.000603777705691755,С2,-0.603622436523438,3.9824652671814,6.64045715332031,447330.451523641,6205567.52557858,819.478492597573,16.6221688977231,3.99996733665466,644.680053710938,786.932250976562,644.680053710938,0
"MULTIPOINT ((450465.333520058 6197978.71186604))",496,п2д,с.с.,фг,146.515441894531,1.48538994789124,313.129852294922,-0.000375296658603474,-0.000358036922989413,С4,-1.14372253417969,3.51230120658875,5.50189208984375,450465.333520058,6197978.71186604,210.142127822778,15.2612848453742,11.9999017715454,1185.22985839844,386.808013916016,1231.65942382812,386.808013916016
"MULTIPOINT ((446286.69513176 6205378.9185946))",497,п2д,с.с.,морена,157.064849853516,3.9615740776062,197.59700012207,0.000745499331969768,0.000643414736259729,С2,2.17546081542969,7.84435129165649,10.0037689208984,446286.69513176,6205378.9185946,23.5170356148221,13.0712258227282,110.633636474609,182.343048095703,1057.35388183594,1039.51525878906,64.4680023193359
"MULTIPOINT ((450615.116331708 6197970.64283052))",498,п2д,с.с.,фг,151.275421142578,1.15203404426575,127.999130249023,-0.000304979010252282,0.000548780371900648,С2,0.379867553710938,2.50975799560547,5.04597473144531,450615.116331708,6197970.64283052,3.27882809110816,3.13191047195172,127.058006286621,1009.08386230469,193.404006958008,1039.51525878906,193.404006958008
"MULTIPOINT ((446436.593166303 6205384.44844452))",499,п2д,с.с.,морена,157.956085205078,0.540518403053284,331.260375976562,-0.000280254433164373,0.000161188654601574,С2,-0.185623168945312,1.46791517734528,2.60169982910156,446436.593166303,6205384.44844452,8.79622161397522,12.0878230116595,55.9995422363281,322.340026855469,951.858642578125,1185.22985839844,91.1715240478516
"MULTIPOINT ((450764.899143358 6197962.57379499))",500,п2д,с.с.,фг,150.15576171875,2.5671398639679,46.8490791320801,3.4405955375405e-05,0.000257785519352183,С2,0.455947875976562,2.17260694503784,7.70683288574219,450764.899143358,6197962.57379499,33.4510762434833,13.4235847051756,111.999084472656,895.618103027344,64.4680023193359,911.715209960938,64.4680023193359
"MULTIPOINT ((446586.491200847 6205389.97829444))",501,п2д,с.с.,морена,156.3466796875,0.284861147403717,9.16944789886475,-0.000382285565137863,-0.000232476741075516,,-0.958160400390625,1.64474427700043,2.0379638671875,446586.491200847,6205389.97829444,214.149085577381,15.2801731784682,7.99993467330933,407.7314453125,897.935363769531,1097.8505859375,144.154830932617
"MULTIPOINT ((446736.38923539 6205395.50814436))",502,п2д,с.с.,морена,159.427429199219,2.03756713867188,185.624649047852,0.000191353756235912,-0.000276902894256637,С2,-0.133056640625,2.43252301216125,5.38601684570312,446736.38923539,6205395.50814436,40.594279092693,13.617127892058,92.0861587524414,464.885375976562,860.110473632812,1019.32861328125,128.936004638672
"MULTIPOINT ((448084.946604709 6198407.38205772))",503,п1д,с.с.,морена,152.254638671875,2.31178188323975,118.473945617676,-0.000279648200375959,-0.000216686108615249,С2,-0.77490234375,2.44897174835205,7.11038208007812,448084.946604709,6198407.38205772,121.06423268003,14.7098219977676,47.9996070861816,550.814819335938,2625.04345703125,1499.48754882812,0
"MULTIPOINT ((446886.287269933 6205401.03799428))",504,п2д,с.с.,морена,158.811614990234,2.07482028007507,34.2781372070312,0.000118891839520074,-0.000332370749674737,В3,-0.33270263671875,2.42027163505554,6.26022338867188,446886.287269933,6205401.03799428,57.4496226405988,5.94381780359711,146.695755004883,547.029113769531,773.616027832031,864.929016113281,64.4680023193359
"MULTIPOINT ((447036.185304476 6205406.5678442))",505,п2д,с.с.,морена,155.176284790039,3.08280253410339,72.2062759399414,7.9760729931877e-06,-0.000580089574214071,В3,-0.892913818359375,4.32808017730713,8.49699401855469,447036.185304476,6205406.5678442,76.7337153950195,14.2538419311168,24.3308525085449,644.680053710938,784.287109375,815.462890625,182.343048095703
"MULTIPOINT ((447186.083339019 6205412.09769412))",506,п2д,с.с.,морена,153.749725341797,3.0824613571167,79.9252700805664,-0.000694068614393473,-4.42818709416315e-05,В3,-1.15556335449219,4.15451622009277,8.49699401855469,447186.083339019,6205412.09769412,121.226444923309,14.7111609866971,48.1659851074219,751.819641113281,815.462890625,784.287109375,128.936004638672
"MULTIPOINT ((447335.981373562 6205417.62754404))",507,п2д,с.с.,морена,153.209671020508,2.79629015922546,94.1274566650391,-0.000576133083086461,9.61935802479275e-06,В3,-0.886138916015625,3.62514734268188,8.81617736816406,447335.981373562,6205417.62754404,3.47692400504921,11.1596487407414,43.999641418457,773.616027832031,895.618103027344,773.616027832031,64.4680023193359
"MULTIPOINT ((446292.224981681 6205229.02056006))",508,п2д,с.с.,морена,150.395355224609,3.37817287445068,210.968414306641,-0.000209016652661376,-0.000518682005349547,С2,-1.13728332519531,3.96719813346863,10.2834777832031,446292.224981681,6205229.02056006,274.446015387382,15.7950147426057,19.9998359680176,288.309661865234,1162.21337890625,1063.23352050781,128.936004638672
"MULTIPOINT ((446442.123016224 6205234.55040998))",509,п2д,с.с.,морена,160.591522216797,3.34891724586487,132.608489990234,-0.000259821972576901,0.000548212963622063,С3,0.4488525390625,4.03764152526855,9.17695617675781,446442.123016224,6205234.55040998,8.5585629952147,12.0604330460962,36.8778762817383,412.796630859375,1067.13537597656,1251.7421875,203.86572265625
"MULTIPOINT ((446592.021050767 6205240.0802599))",510,п2д,с.с.,морена,158.931381225586,2.59877228736877,53.9801750183105,-0.000481999100884423,-0.000275071972282603,С3,-1.18269348144531,4.80389213562012,8.87638854980469,446592.021050767,6205240.0802599,18.9860185434904,12.8572035865779,27.9997711181641,503.511199951172,1019.32861328125,1199.17419433594,203.86572265625
"MULTIPOINT ((446741.91908531 6205245.61010982))",511,п1д,л.с.,морена,160.706558227539,1.46643149852753,148.989364624023,0.000310823961626738,-7.42263146094047e-05,С2,0.369186401367188,2.22602653503418,4.76325988769531,446741.91908531,6205245.61010982,51.3655588537825,14.119228052912,121.060974121094,576.619323730469,986.170776367188,1127.72937011719,91.1715240478516
"MULTIPOINT ((446891.817119853 6205251.13995974))",512,п1д,с.с.,морена,160.557174682617,2.20117545127869,337.522094726562,0.000532839447259903,-0.000149386745761149,В3,0.59930419921875,4.18703603744507,7.11637878417969,446891.817119853,6205251.13995974,22.5236990079767,13.0280687885598,107.999114990234,685.304260253906,967.02001953125,1041.51245117188,64.4680023193359
"MULTIPOINT ((449432.991909557 6198334.76073801))",513,п1д огл,с.с.,фг,157.675582885742,1.10560369491577,100.896911621094,-5.9703324950533e-05,-2.47397038037889e-05,С2,-0.131668090820312,1.22106122970581,2.85638427734375,449432.991909557,6198334.76073801,101.410854263226,14.5326808738702,95.9992141723633,897.935363769531,1431.42199707031,1470.0966796875,0
"MULTIPOINT ((447041.715154396 6205256.66980966))",514,п1д,с.с.,морена,158.526336669922,2.08457064628601,209.485260009766,-6.88725558575243e-05,-0.00045091356150806,В3,-0.810791015625,4.03551387786865,6.91572570800781,447041.715154396,6205256.66980966,34.0529044053921,13.4414160716331,11.9999017715454,776.297546386719,975.577880859375,1000.8125,128.936004638672
"MULTIPOINT ((449582.774721207 6198326.69170248))",515,п1д огл,с.с.,фг,159.033538818359,1.0786874294281,104.331916809082,5.48259777133353e-05,9.24681353353662e-06,С2,0.0998992919921875,1.93538427352905,2.74168395996094,449582.774721207,6198326.69170248,71.3006160341534,7.64976173916713,103.999153137207,911.715209960938,1240.06677246094,1359.95397949219,0
"MULTIPOINT ((447191.613188939 6205262.19965958))",516,п2д,с.с.,морена,163.101928710938,1.53132283687592,139.878509521484,-4.38730785390362e-05,0.000191364277270623,С2,0.229904174804688,1.21288907527924,3.93675231933594,447191.613188939,6205262.19965958,46.2892644644453,13.7484108096138,124.063484191895,867.328247070312,1000.8125,975.577880859375,64.4680023193359
"MULTIPOINT ((449732.557532857 6198318.62266696))",517,п1д огл,с.с.,фг,160.694885253906,1.71274375915527,158.246124267578,-0.00014248164370656,-4.32610358984675e-05,С2,-0.289825439453125,1.52278792858124,5.79237365722656,449732.557532857,6198318.62266696,72.6204461407811,14.1987472538906,120.331886291504,938.668273925781,1112.89025878906,1289.36010742188,0
"MULTIPOINT ((447341.511223482 6205267.7295095))",518,п2д,с.с.,морена,163.683258056641,3.14160346984863,0.787646293640137,-0.000240429289988242,0.000342298502800986,С2,0.157882690429688,6.39942646026611,8.13710021972656,447341.511223482,6205267.7295095,13.7343263099173,12.5333990136196,141.759201049805,967.02001953125,1049.46301269531,967.02001953125,64.4680023193359
"MULTIPOINT ((449882.340344506 6198310.55363143))",519,п1д огл,с.с.,фг,163.760101318359,1.3519161939621,106.53182220459,-7.49912360333838e-05,0.000293764547677711,С2,0.340988159179688,0.720220029354095,4.30145263671875,449882.340344506,6198310.55363143,42.5681249922308,13.931365899838,221.881042480469,981.947387695312,986.170776367188,1216.37976074219,0
"MULTIPOINT ((446297.754831601 6205079.12252552))",520,п2д,с.с.,морена,156.291320800781,6.02952337265015,152.18424987793,-0.000497768283821642,0.000121774792205542,С2,-0.597976684570312,4.01246070861816,18.7130279541016,446297.754831601,6205079.12252552,38.2955755959525,13.8255945360784,123.998985290527,432.464508056641,1231.65942382812,1162.21337890625,203.86572265625
"MULTIPOINT ((450032.123156156 6198302.48459591))",521,п1д огл,с.с.,фг,165.482971191406,1.82726740837097,48.2043190002441,0.000622748048044741,0.00037501665065065,С2,1.55685424804688,2.40827465057373,6.44001770019531,450032.123156156,6198302.48459591,10.4707890822677,3.72030607862968,175.452270507812,1095.9560546875,847.944213867188,1199.17419433594,0
"MULTIPOINT ((446447.652866144 6205084.65237544))",522,п2д,с.с.,морена,169.482559204102,4.20999383926392,126.186950683594,0.00100020202808082,0.000977145275101066,С3,3.09861755371094,6.35767602920532,13.8459625244141,446447.652866144,6205084.65237544,9.69324999753689,12.1849305111582,143.107177734375,503.511199951172,1147.82006835938,1284.51574707031,144.154830932617
"MULTIPOINT ((450181.905967806 6198294.41556039))",523,п1д огл,с.с.,фг,157.85041809082,2.30764675140381,48.8065643310547,-8.13312453828985e-06,-6.45945037831552e-05,С2,-0.11346435546875,1.26244699954987,6.78120422363281,450181.905967806,6198294.41556039,81.3537599707101,14.3123077966997,130.2294921875,1072.96130371094,657.447204589844,1095.9560546875,128.936004638672
"MULTIPOINT ((446597.550900687 6205090.18222535))",524,п2д,с.с.,морена,163.202865600586,3.93110537528992,42.2886428833008,-0.000731724896468222,-0.000460998038761318,С3,-1.86869812011719,8.06704711914062,10.9938201904297,446597.550900687,6205090.18222535,30.3919196834876,13.3276775176217,59.4637908935547,594.365600585938,1072.96130371094,1305.37756347656,91.1715240478516
"MULTIPOINT ((450331.688779456 6198286.34652486))",525,п1д огл,с.с.,фг,154.623062133789,2.15730714797974,38.9742469787598,-8.62867382238619e-05,0.000140197182190605,С2,0.083892822265625,1.58522665500641,7.2105712890625,450331.688779456,6198286.34652486,34.1551153028558,13.2396258315076,179.107437133789,1009.08386230469,531.616760253906,1019.32861328125,182.343048095703
"MULTIPOINT ((446747.44893523 6205095.71207527))",526,п1д,с.с.,морена,161.84846496582,0.209073141217232,358.806030273438,7.57447196519934e-05,-3.41039485647343e-05,С3,0.0648956298828125,1.34043252468109,1.49156188964844,446747.44893523,6205095.71207527,68.4063576754027,14.8320817929665,68.3514709472656,720.774169921875,981.947387695312,1211.24377441406,0
"MULTIPOINT ((450481.471591106 6198278.27748934))",527,п1д огл,с.с.,фг,150.565216064453,1.59599792957306,9.4721736907959,-0.000208447483601049,0.000189142621820793,С2,-0.030364990234375,0.81737893819809,4.50215148925781,450481.471591106,6198278.27748934,5.70042270638873,3.64243297182041,135.881195068359,951.858642578125,407.7314453125,951.858642578125,265.808380126953
"MULTIPOINT ((446897.346969773 6205101.2419252))",528,п1д,с.с.,морена,158.793395996094,2.59984827041626,6.83560943603516,0.000419326999690384,-0.000586605514399707,В3,-0.259628295898438,5.03451585769653,7.79092407226562,446897.346969773,6205101.2419252,261.123199931096,15.4784930707646,19.9998359680176,786.932250976562,938.668273925781,1162.21337890625,64.4680023193359
"MULTIPOINT ((450631.254402755 6198270.20845382))",529,п1д,с.с.,фг,147.051071166992,1.84990751743317,337.736633300781,4.47599886683747e-05,2.83393201243598e-05,С2,0.114059448242188,1.80809116363525,5.57466125488281,450631.254402755,6198270.20845382,39.9781787874299,13.6018345193698,91.9992523193359,825.59326171875,232.442687988281,867.328247070312,193.404006958008
"MULTIPOINT ((450781.037214405 6198262.13941829))",530,п1д,с.с.,фг,145.559677124023,1.94513487815857,253.477554321289,0.000161269985255785,-4.25692596763838e-05,С2,0.185394287109375,2.89111685752869,5.9603271484375,450781.037214405,6198262.13941829,9.58315737430287,12.1735078618903,83.9993133544922,729.372192382812,144.154830932617,776.297546386719,64.4680023193359
"MULTIPOINT ((444309.779346402 6202003.74393577))",531,п3д,с.с.,морена,162.223266601562,1.30302345752716,10.9053401947021,-0.000696940289344639,-0.000662965816445649,С3,-2.12059020996094,3.61615657806396,4.31820678710938,444309.779346402,6202003.74393577,157.298364549932,14.9716451574236,15.9998693466187,807.781799316406,455.857604980469,1240.06677246094,232.442687988281
"MULTIPOINT ((444159.881311859 6201998.21408585))",532,п3д,с.с.,морена,173.396026611328,0.966133832931519,5.20544052124023,0.00079594150884077,0.000321362458635122,С2,1.74197387695312,3.41177868843079,3.29222106933594,444159.881311859,6201998.21408585,4.10529687813896,11.3257788058209,152.471694946289,634.936218261719,455.857604980469,1072.96130371094,193.404006958008
"MULTIPOINT ((444459.677380945 6202009.27378569))",533,п3д огл,с.с.,морена,161.367172241211,1.58952260017395,308.811462402344,-6.70982844894752e-05,-0.000389656255720183,С2,-0.712234497070312,1.53085827827454,5.18630981445312,444459.677380945,6202009.27378569,94.8611551474029,14.4659150421932,30.4628448486328,911.715209960938,490.973693847656,1355.36218261719,322.340026855469
"MULTIPOINT ((444609.575415488 6202014.80363561))",534,п3д огл,с.с.,морена,161.365966796875,2.92142844200134,200.820953369141,-0.000770473212469369,-0.000421201781136915,С2,-1.86283874511719,5.07733106613159,8.15115356445312,444609.575415488,6202014.80363561,41.9221591363326,13.6493152892271,64.4975357055664,784.287109375,554.57470703125,1413.89367675781,386.808013916016
"MULTIPOINT ((444759.473450031 6202020.33348553))",535,п3д огл,с.с.,морена,167.143417358398,1.13488912582397,16.5393543243408,-0.000160982919624075,-0.000185568555025384,С2,-0.540328979492188,3.07934665679932,3.47508239746094,444759.473450031,6202020.33348553,22.0780835209093,13.0080861650074,89.8880844116211,594.365600585938,685.304260253906,1279.6533203125,257.872009277344
"MULTIPOINT ((444909.371484574 6202025.86333545))",536,п3д огл,с.с.,морена,164.190719604492,1.48969638347626,16.7256984710693,-0.000209193531190977,-0.000221598500502296,С2,-0.671859741210938,1.73194181919098,4.25054931640625,444909.371484574,6202025.86333545,99.7830890986603,14.5164994654762,19.9998359680176,469.334136962891,786.932250976562,1199.17419433594,128.936004638672
"MULTIPOINT ((445059.269519117 6202031.39318537))",537,п3д огл,с.с.,морена,164.435806274414,1.68615818023682,162.47412109375,-0.000235316896578297,-0.000111178102088161,С2,-0.54058837890625,2.92159032821655,4.38291931152344,445059.269519117,6202031.39318537,16.4745216759187,12.7153157910648,55.9995422363281,347.170806884766,895.618103027344,1080.68054199219,0
"MULTIPOINT ((445209.16755366 6202036.92303529))",538,п3д огл,с.с.,морена,163.485702514648,2.3046236038208,352.51171875,-0.000153927176143043,-0.00012771668843925,С4,-0.439697265625,2.77825832366943,6.83711242675781,445209.16755366,6202036.92303529,77.6731055567863,14.0612225330849,157.428070068359,182.343048095703,1067.13537597656,897.935363769531,144.154830932617
"MULTIPOINT ((445359.065588203 6202042.45288521))",539,п3д,с.с.,морена,159.16389465332,1.69108319282532,334.228912353516,-0.000342171901138499,3.98890479118563e-05,С2,-0.4718017578125,1.65643656253815,4.79432678222656,445359.065588203,6202042.45288521,250.947005262382,15.4387425268528,36.8778762817383,64.4680023193359,1095.9560546875,778.969848632812,265.808380126953
"MULTIPOINT ((445508.963622746 6202047.98273513))",540,п3д огл,с.с.,далл,159.457321166992,2.41730904579163,123.310737609863,-0.000209661608096212,0.000237952059251256,С2,0.043548583984375,3.69049048423767,7.39791870117188,445508.963622746,6202047.98273513,33.1724231508747,4.64801555348714,39.3951110839844,64.4680023193359,1103.51440429688,663.738708496094,322.340026855469
"MULTIPOINT ((445658.861657289 6202053.51258505))",541,п3д огл,с.с.,далл,159.07795715332,1.64365315437317,325.869323730469,0.000409908883739263,-0.000521431327797472,С2,-0.173355102539062,3.65387940406799,6.17314147949219,445658.861657289,6202053.51258505,1.73863403892171,10.4666005142484,3.99996733665466,193.404006958008,1080.68054199219,547.029113769531,392.1435546875
"MULTIPOINT ((445808.759691832 6202059.04243497))",542,п2д огл,л.с.,далл,158.435333251953,2.64299058914185,227.644058227539,-0.000142429213155992,-0.000451183645054698,С3,-0.9266357421875,3.6843147277832,7.85063171386719,445808.759691832,6202059.04243497,66.9966946180614,14.1181440285411,11.9999017715454,322.340026855469,1125.88525390625,464.885375976562,392.1435546875
"MULTIPOINT ((445958.657726376 6202064.57228489))",543,п2д огл,л.с.,далл,162.068908691406,0.844152510166168,225.691818237305,2.78477400570409e-05,-0.000169473059941083,В3,-0.22076416015625,1.92155957221985,2.87409973144531,445958.657726376,6202064.57228489,161.385326108002,14.9972955798213,11.9999017715454,432.464508056641,1183.47521972656,407.7314453125,392.1435546875
"MULTIPOINT ((446108.555760919 6202070.10213481))",544,п2д,с.с.,морена,163.251419067383,0.209310084581375,123.094581604004,2.04595362447435e-05,-8.42264489619993e-06,В3,0.018768310546875,0.842026889324188,0.727340698242188,446108.555760919,6202070.10213481,30.3173587816224,13.3252211899816,129.552032470703,611.59716796875,1289.36010742188,392.1435546875,386.808013916016
"MULTIPOINT ((446258.453795462 6202075.63198473))",545,п2д,с.с.,морена,162.292098999023,1.53267955780029,349.455657958984,0.000324645894579589,4.06138667585765e-07,В4,0.50714111328125,2.54796504974365,4.1217041015625,446258.453795462,6202075.63198473,23.2643734556135,13.0604238985889,92.3464126586914,580.212036132812,1370.60852050781,432.464508056641,386.808013916016
"MULTIPOINT ((446408.351830005 6202081.16183465))",546,п2д огл,л.с.,далл,159.720138549805,0.832330167293549,211.609725952148,-0.000257522333413363,-0.000356064643710852,В4,-0.956497192382812,2.55564022064209,2.51708984375,446408.351830005,6202081.16183465,355.342514215367,15.7865828975289,7.99993467330933,451.276000976562,1458.74438476562,503.511199951172,386.808013916016
"MULTIPOINT ((446558.249864548 6202086.69168457))",547,п3д огл,л.с.,далл,161.880432128906,0.635613024234772,355.945159912109,0.000371450587408617,-3.58374345523771e-05,В2,0.523178100585938,1.17069172859192,1.78260803222656,446558.249864548,6202086.69168457,13.8256914832294,12.5400293074536,29.1202011108398,257.872009277344,1601.35192871094,644.680053710938,386.808013916016
"MULTIPOINT ((446708.147899091 6202092.22153449))",548,п3д огл,л.с.,далл,156.812484741211,2.15541863441467,348.975433349609,-0.000267576629994437,-0.000599670747760683,С2,-1.35319519042969,3.20084643363953,5.61451721191406,446708.147899091,6202092.22153449,76.6266540196131,14.2524457243496,31.9997386932373,128.936004638672,1557.93969726562,751.819641113281,265.808380126953
"MULTIPOINT ((446858.045933634 6202097.75138441))",549,п3д,с.с.,далл,154.421417236328,1.05209493637085,234.125106811523,-0.000314329547109082,-0.000685321749188006,В3,-1.55844116210938,3.64043664932251,3.79057312011719,446858.045933634,6202097.75138441,669.217595685097,16.4196100068048,3.99996733665466,0,1509.1572265625,864.929016113281,144.154830932617
"MULTIPOINT ((447007.943968177 6202103.28123433))",550,п3д огл,л.с.,далл,159.292984008789,0.738931179046631,193.8896484375,-0.000214495797990821,5.29134740645532e-05,С2,-0.251922607421875,2.21470975875854,2.92190551757812,447007.943968177,6202103.28123433,5.32949284160143,6.53378148854457,84.0944976806641,193.404006958008,1454.46435546875,1041.51245117188,0
"MULTIPOINT ((447157.84200272 6202108.81108426))",551,п2д огл,л.с.,далл,160.389739990234,0.767383992671967,337.998291015625,0.000206611162866466,9.55493087531067e-05,С3,0.471038818359375,1.80565679073334,2.98605346679688,447157.84200272,6202108.81108426,26.7048648478784,13.1983464972753,65.6043472290039,322.340026855469,1431.42199707031,1162.21337890625,128.936004638672
"MULTIPOINT ((447307.740037263 6202114.34093417))",552,п2д огл,л.с.,далл,156.518249511719,0.780605852603912,128.514755249023,-0.000676474941428751,-0.000671576650347561,С2,-2.10140991210938,5.55406045913696,3.88359069824219,447307.740037263,6202114.34093417,292.51351887099,16.2851907161181,28.8441753387451,203.86572265625,1355.36218261719,1305.37756347656,257.872009277344
"MULTIPOINT ((447457.638071806 6202119.8707841))",553,п3д,с.с.,далл,160.739410400391,0.968786537647247,73.0162506103516,0.000180296803591773,0.00034690325264819,С2,0.821868896484375,4.07829856872559,3.18565368652344,447457.638071806,6202119.8707841,10.5939459580699,12.2737834463525,63.9994773864746,64.4680023193359,1355.36218261719,1488.359375,257.872009277344
"MULTIPOINT ((447607.536106349 6202125.40063401))",554,п2д огл,л.с.,далл,161.433181762695,1.7679146528244,190.606216430664,-0.000175954250153154,0.000191446277312934,С2,0.023895263671875,2.58197236061096,4.49874877929688,447607.536106349,6202125.40063401,11.9968462598296,12.398144547992,50.1194496154785,64.4680023193359,1367.57287597656,1611.70007324219,128.936004638672
"MULTIPOINT ((447757.434140892 6202130.93048394))",555,п2д огл,л.с.,далл,163.259338378906,1.49235439300537,248.515731811523,-0.000101252640888561,-0.00023506763682235,С3,-0.524444580078125,4.24223613739014,6.82136535644531,447757.434140892,6202130.93048394,57.5862887770266,13.9667852417257,65.11474609375,144.154830932617,1391.6728515625,1676.16809082031,0
"MULTIPOINT ((447907.332175435 6202136.46033385))",556,п2д,с.с.,морена,166.456909179688,1.216193318367,180.56867980957,-3.53650511897285e-06,-6.25845350441523e-05,С2,-0.103073120117188,1.66422140598297,4.16668701171875,447907.332175435,6202136.46033385,10.1362234218608,4.35585006768454,113.70043182373,322.340026855469,1448.73815917969,1687.2890625,144.154830932617
"MULTIPOINT ((448057.230209978 6202141.99018378))",557,п2д огл,л.с.,далл,168.480819702148,1.15837454795837,266.158752441406,-0.000417648028815165,0.00045177826541476,С2,0.0529327392578125,3.69260501861572,4.09318542480469,448057.230209978,6202141.99018378,4.12080940579314,11.3295503462088,147.185745239258,432.464508056641,1499.48754882812,1706.880859375,265.808380126953
"MULTIPOINT ((448207.128244521 6202147.5200337))",558,п2д огл,л.с.,далл,168.697387695312,0.800967276096344,255.563949584961,-0.000105794177216012,0.000183727475814521,С2,0.121444702148438,2.70894765853882,3.40635681152344,448207.128244521,6202147.5200337,1.65595181644959,10.181091782213,112.923828125,550.814819335938,1559.27294921875,1652.44458007812,347.170806884766
"MULTIPOINT ((443266.022954521 6201815.13695179))",559,п3д,с.с.,морена,169.153533935547,1.20392751693726,138.345825195312,0.000379966135369614,7.67839155741967e-05,С2,0.712295532226562,1.80483543872833,3.60862731933594,443266.022954521,6201815.13695179,19.3523435010993,4.56857176471913,78.7902221679688,64.4680023193359,754.57861328125,776.297546386719,0
"MULTIPOINT ((443415.920989064 6201820.66680171))",560,п3д,с.с.,морена,170.054824829102,0.780399084091187,141.182571411133,-3.40594306180719e-05,0.000155580957653001,С2,0.189407348632812,1.10186803340912,2.63641357421875,443415.920989064,6201820.66680171,3.45406404849854,11.1530522672612,192.081741333008,144.154830932617,840.559875488281,797.425170898438,0
"MULTIPOINT ((443565.819023607 6201826.19665163))",561,п3д,с.с.,морена,171.077331542969,0.673413932323456,79.4545516967773,0.000227816592087038,0.000136856702738442,С2,0.568450927734375,1.97631657123566,2.10482788085938,443565.819023607,6201826.19665163,5.29428041748734,11.5801278157527,161.986328125,232.442687988281,778.969848632812,838.084045410156,64.4680023193359
"MULTIPOINT ((443715.71705815 6201831.72650155))",562,п3д,с.с.,морена,170.859222412109,1.53639459609985,106.891174316406,0.00014384335372597,-6.99118536431342e-05,С2,0.11541748046875,2.36566686630249,4.03604125976562,443715.71705815,6201831.72650155,127.219474185143,15.4525297623141,79.9993438720703,322.340026855469,735.04833984375,895.618103027344,64.4680023193359
"MULTIPOINT ((444604.045565568 6202164.70167015))",563,п3д огл,с.с.,морена,167.387390136719,2.71319770812988,256.254791259766,0.000444259640062228,-0.000329712725942954,С2,0.180282592773438,2.69039964675903,6.9102783203125,444604.045565568,6202164.70167015,181.209451808309,14.908367022005,63.2450370788574,815.462890625,455.857604980469,1329.04187011719,322.340026855469
"MULTIPOINT ((444454.147531025 6202159.17182023))",564,п3д огл,с.с.,морена,167.717498779297,2.7007417678833,274.730438232422,0.000383480888558552,0.000113386449811514,С2,0.776596069335938,2.49958610534668,6.80105590820312,444454.147531025,6202159.17182023,40.8374832169063,13.6231011103804,101.19206237793,864.929016113281,375.909820556641,1251.7421875,322.340026855469
"MULTIPOINT ((444753.943600111 6202170.23152007))",565,п3д огл,с.с.,морена,169.291564941406,1.35838735103607,286.205780029297,0.000241601097513922,6.90525630488992e-05,С2,0.484512329101562,1.82143151760101,4.4268798828125,444753.943600111,6202170.23152007,14.9840009260996,12.6204837713736,148.807388305664,634.936218261719,608.189880371094,1366.05249023438,257.872009277344
"MULTIPOINT ((444903.841634654 6202175.76136999))",566,п3д огл,с.с.,морена,166.247131347656,2.26922106742859,317.980987548828,-8.90939118107781e-05,5.52610072190873e-05,С2,-0.0529937744140625,2.44217491149902,7.06222534179688,444903.841634654,6202175.76136999,131.89112487765,15.0622369369619,87.7261352539062,519.757629394531,720.774169921875,1245.08386230469,128.936004638672
"MULTIPOINT ((445053.739669197 6202181.29121992))",567,п3д огл,с.с.,морена,165.789978027344,0.917507708072662,298.079895019531,-0.000109646825876553,0.000216341897612438,С2,0.166259765625,1.27954936027527,2.70623779296875,445053.739669197,6202181.29121992,26.3255158623209,13.1840393981636,7.99993467330933,432.464508056641,815.462890625,1153.23864746094,0
"MULTIPOINT ((445203.63770374 6202186.82106984))",568,п3д огл,с.с.,морена,164.298416137695,0.421469956636429,299.621063232422,0.000152922002598643,-5.14461826242041e-05,С2,0.158187866210938,1.489173412323,1.586181640625,445203.63770374,6202186.82106984,48.971444927235,13.8047381160809,62.4814872741699,257.872009277344,911.715209960938,984.061340332031,193.404006958008
"MULTIPOINT ((445353.535738283 6202192.35091976))",569,п3д,с.с.,морена,163.417846679688,1.64645326137543,344.214569091797,0.000503746152389795,0.000186044417205267,С2,1.07615661621094,1.56621050834656,4.84518432617188,445353.535738283,6202192.35091976,10.7839922426855,12.29156357926,103.999153137207,128.936004638672,902.552001953125,876.859680175781,257.872009277344
"MULTIPOINT ((445503.433772826 6202197.88076968))",570,п3д,с.с.,морена,156.161224365234,1.26238036155701,340.530029296875,-0.0012455100659281,-0.000132661662064493,С4,-2.14942932128906,5.48152303695679,5.18058776855469,445503.433772826,6202197.88076968,209.658817479701,15.2589822752536,31.9997386932373,0,911.715209960938,776.297546386719,257.872009277344
"MULTIPOINT ((445653.331807369 6202203.4106196))",571,п3д огл,с.с.,далл,161.420806884766,0.550479352474213,236.260711669922,-2.02354403882055e-05,0.00015867268666625,С2,0.21575927734375,1.71914660930634,2.32498168945312,445653.331807369,6202203.4106196,297.482008131897,8.59944259080399,5.6568078994751,144.154830932617,958.3857421875,644.680053710938,288.309661865234
"MULTIPOINT ((445803.229841912 6202208.94046952))",572,п2д огл,л.с.,далл,163.04997253418,0.849810123443604,219.041702270508,0.000408502615755424,0.000106920801044907,С2,0.803543090820312,1.4925891160965,3.18055725097656,445803.229841912,6202208.94046952,4.30184542663664,11.1677575670771,99.9991836547852,265.808380126953,1009.08386230469,576.619323730469,322.340026855469
"MULTIPOINT ((445953.127876455 6202214.47031944))",573,п2д огл,л.с.,далл,163.054122924805,0.687962830066681,67.5807495117188,0.000242176931351423,2.03257986868266e-05,В3,0.409194946289062,1.42682337760925,1.91719055175781,445953.127876455,6202214.47031944,4.21130520880041,11.1464860929485,92.7785491943359,392.1435546875,1072.96130371094,531.616760253906,322.340026855469
"MULTIPOINT ((446103.025910998 6202220.00016936))",574,п2д огл,л.с.,далл,163.162002563477,0.189477950334549,39.5345840454102,0.000199663409148343,5.00436954098404e-06,В3,0.319000244140625,0.939235746860504,1.14582824707031,446103.025910998,6202220.00016936,4.29984768603795,5.2204927181094,152.051391601562,583.782592773438,1188.73120117188,519.757629394531,322.340026855469
"MULTIPOINT ((446252.923945541 6202225.53001928))",575,п2д,с.с.,морена,162.016006469727,0.59126752614975,17.3839702606201,-3.30069597112015e-05,4.0591479773866e-05,С2,0.011810302734375,0.769852936267853,2.2537841796875,446252.923945541,6202225.53001928,56.8516774560218,13.9539464708893,32.2487678527832,594.365600585938,1276.4013671875,550.814819335938,322.340026855469
"MULTIPOINT ((446402.821980084 6202231.0598692))",576,п2д,с.с.,морена,161.30094909668,0.331124514341354,229.417953491211,4.62499338027555e-06,-0.000117703108116984,С3,-0.176239013671875,0.706195294857025,1.03462219238281,446402.821980084,6202231.0598692,91.660345384166,14.4315905916011,11.9999017715454,469.334136962891,1370.60852050781,608.189880371094,322.340026855469
"MULTIPOINT ((446552.720014627 6202236.58971912))",577,п3д огл,л.с.,далл,162.566009521484,0.452483057975769,312.291900634766,0.000300768035231158,0.000101526828075293,В2,0.627044677734375,1.42034876346588,2.1309814453125,446552.720014627,6202236.58971912,11.8767529788098,12.6548431245469,80.4977874755859,288.309661865234,1503.63928222656,729.372192382812,322.340026855469
"MULTIPOINT ((446702.61804917 6202242.11956904))",578,п3д огл,л.с.,далл,162.549331665039,0.795933485031128,291.402893066406,0.000276323349680752,0.00015435011300724,С2,0.671371459960938,1.29318606853485,2.83038330078125,446702.61804917,6202242.11956904,4.58135178168878,3.58548469244978,171.998596191406,232.442687988281,1384.18676757812,867.328247070312,257.872009277344
"MULTIPOINT ((446852.516083713 6202247.64941896))",579,п3д,с.с.,далл,159.958862304688,1.85820114612579,331.057708740234,-3.94542403228115e-05,0.000232701044296846,В4,0.30126953125,2.42774319648743,4.90452575683594,446852.516083713,6202247.64941896,54.0485379474487,13.9033832381443,23.9998035430908,193.404006958008,1329.04187011719,967.02001953125,128.936004638672
"MULTIPOINT ((447002.414118256 6202253.17926888))",580,п3д огл,л.с.,далл,158.701736450195,1.08112096786499,194.01399230957,-0.000182018091436476,-6.04568276685313e-06,В3,-0.293258666992188,1.5988382101059,3.38648986816406,447002.414118256,6202253.17926888,46.2485752343985,14.0142908239939,78.7902221679688,232.442687988281,1284.51574707031,1072.96130371094,0
"MULTIPOINT ((447152.312152799 6202258.7091188))",581,п2д огл,л.с.,далл,161.424880981445,1.50230836868286,1.92727911472321,0.000611224153544754,2.53637936111772e-05,С3,0.993148803710938,3.03391194343567,3.68040466308594,447152.312152799,6202258.7091188,6.09322515624887,11.3152025258601,111.999084472656,265.808380126953,1240.06677246094,1240.06677246094,193.404006958008
"MULTIPOINT ((447302.210187342 6202264.23896872))",582,п2д огл,л.с.,далл,157.21598815918,0.273336946964264,292.751800537109,-0.000139558338560164,-0.000416761846281588,С2,-0.8670654296875,1.58225405216217,1.8861083984375,447302.210187342,6202264.23896872,133.459766931279,14.8073008055434,17.8883972167969,144.154830932617,1226.58740234375,1355.36218261719,288.309661865234
"MULTIPOINT ((447452.108221886 6202269.76881864))",583,п3д,с.с.,далл,158.087387084961,1.26462888717651,214.876266479492,-0.000631152128335088,-0.000128476036479697,С2,-1.1846923828125,3.25493884086609,4.64408874511719,447452.108221886,6202269.76881864,87.3698812173951,14.3836513591996,24.3308525085449,64.4680023193359,1224.89208984375,1472.92102050781,322.340026855469
"MULTIPOINT ((447602.006256429 6202275.29866856))",584,п2д огл,л.с.,далл,161.811325073242,1.80335342884064,207.552978515625,-0.000417400151491165,-0.000257131701800972,В4,-1.05245971679688,2.96538901329041,6.15818786621094,447602.006256429,6202275.29866856,51.9934080601498,13.8646176868975,23.323616027832,0,1240.06677246094,1652.44458007812,144.154830932617
"MULTIPOINT ((447751.904290972 6202280.82851848))",585,п2д огл,л.с.,далл,168.08642578125,3.21981739997864,223.108520507812,4.654564691009e-05,0.000300473679089919,С3,0.54193115234375,4.5264139175415,8.31291198730469,447751.904290972,6202280.82851848,19.1543757715127,12.6612446568014,161.243835449219,91.1715240478516,1266.59533691406,1773.7490234375,64.4680023193359
"MULTIPOINT ((447901.802325515 6202286.3583684))",586,п2д,с.с.,морена,166.132873535156,2.55863547325134,348.650085449219,-0.000642518338281661,-9.49013992794789e-05,С2,-1.15243530273438,6.52407169342041,8.15779113769531,447901.802325515,6202286.3583684,9.000582892277,3.92878258970348,90.5089263916016,203.86572265625,1305.37756347656,1809.70300292969,64.4680023193359
"MULTIPOINT ((448051.700360058 6202291.88821832))",587,п2д огл,л.с.,далл,168.301162719727,2.08403658866882,107.228446960449,-2.97136793960817e-05,0.000479116919450462,С2,0.700820922851562,3.83399128913879,6.163330078125,448051.700360058,6202291.88821832,8.04774359823434,11.7941052212426,73.7557525634766,392.1435546875,1384.18676757812,1735.85400390625,257.872009277344
"MULTIPOINT ((448201.598394601 6202297.41806824))",588,п2д огл,л.с.,далл,168.655471801758,1.03921627998352,93.1403503417969,-0.000115243026812095,0.000346880260622129,С2,0.36102294921875,2.65035581588745,4.17683410644531,448201.598394601,6202297.41806824,7.11339655052872,11.8754805887328,25.2980155944824,519.757629394531,1448.73815917969,1611.70007324219,322.340026855469
"MULTIPOINT ((443260.493104601 6201965.03498633))",589,п3д,с.с.,морена,165.554016113281,0.3031867146492,108.782211303711,-0.000315633602440357,0.000108355350675993,С2,-0.323074340820312,2.12478971481323,3.80458068847656,443260.493104601,6201965.03498633,22577.0683177746,19.9381907383492,0,64.4680023193359,657.447204589844,644.680053710938,64.4680023193359
"MULTIPOINT ((443410.391139144 6201970.56483625))",590,п3д,с.с.,морена,168.78532409668,0.647584319114685,137.205276489258,0.000115415430627763,-6.4398709582747e-06,С2,0.169876098632812,1.088374376297,2.41165161132812,443410.391139144,6201970.56483625,37.7152034767571,13.3387767558649,93.2944641113281,64.4680023193359,847.944213867188,673.065734863281,64.4680023193359
"MULTIPOINT ((443560.289173687 6201976.09468617))",591,п3д,с.с.,морена,170.019409179688,0.424864023923874,200.145553588867,0.000139776821015403,5.84121553401928e-05,С2,0.308914184570312,1.57002472877502,1.99813842773438,443560.289173687,6201976.09468617,3.35673632541759,11.1244699146317,155.998733520508,144.154830932617,825.59326171875,720.774169921875,64.4680023193359
"MULTIPOINT ((443710.18720823 6201981.62453609))",592,п3д,с.с.,морена,168.968185424805,0.688047289848328,288.781585693359,-0.000233711471082643,-0.000231083366088569,С2,-0.724517822265625,2.55929732322693,2.34608459472656,443710.18720823,6201981.62453609,804.357324312696,17.2967234358244,3.99996733665466,265.808380126953,729.372192382812,786.932250976562,64.4680023193359
"MULTIPOINT ((443860.085242773 6201987.15438601))",593,п3д,с.с.,морена,170.022537231445,1.28692710399628,163.42024230957,-8.08180120657198e-05,-3.58593169949017e-05,С2,-0.181961059570312,2.43286752700806,3.53884887695312,443860.085242773,6201987.15438601,38.0779097907618,13.8198944847208,17.8883972167969,407.7314453125,554.57470703125,867.328247070312,64.4680023193359
"MULTIPOINT ((444009.983277316 6201992.68423593))",594,п3д,с.с.,морена,172.438858032227,0.377097249031067,181.309005737305,-1.8239861674374e-05,0.000394096568925306,С2,0.585800170898438,1.12209749221802,1.70536804199219,444009.983277316,6201992.68423593,9.1063888889819,12.1224769873211,126.300193786621,519.757629394531,490.973693847656,967.02001953125,193.404006958008
"MULTIPOINT ((444898.311784734 6202325.65940454))",595,п3д огл,с.с.,морена,170.277847290039,1.35632133483887,335.319152832031,0.000213773368159309,0.000281421234831214,С2,0.772201538085938,1.9552149772644,3.99368286132812,444898.311784734,6202325.65940454,6.78194937645716,11.8277653237041,193.657913208008,594.365600585938,657.447204589844,1327.47741699219,128.936004638672
"MULTIPOINT ((444748.413750191 6202320.12955462))",596,п3д огл,с.с.,морена,171.444931030273,0.48896923661232,302.191528320312,2.45065507442632e-07,6.48131390335038e-05,С2,0.101394653320312,0.754083573818207,1.58192443847656,444748.413750191,6202320.12955462,9.22031556060322,6.72279363276892,252.25178527832,720.774169921875,531.616760253906,1329.04187011719,128.936004638672
"MULTIPOINT ((445048.209819277 6202331.18925446))",597,п3д огл,с.с.,морена,167.053436279297,1.27529013156891,339.377990722656,0.000108424035715871,-6.26898254267871e-05,С2,0.071380615234375,0.99596780538559,3.55693054199219,445048.209819277,6202331.18925446,6.39280645550184,11.7686741113117,84.0944976806641,469.334136962891,784.287109375,1216.37976074219,0
"MULTIPOINT ((445198.10785382 6202336.71910438))",598,п3д огл,с.с.,морена,163.630859375,1.06052589416504,355.671234130859,-0.000139777723234147,-0.000426672195317224,,-0.883056640625,2.66136837005615,4.04512023925781,445198.10785382,6202336.71910438,850.951933712852,16.6598563892805,3.99996733665466,347.170806884766,797.425170898438,1109.1494140625,128.936004638672
"MULTIPOINT ((445348.005888363 6202342.2489543))",599,п3д,с.с.,морена,162.75129699707,1.54625463485718,34.3843765258789,0.000401954661356285,0.000140072850626893,С2,0.845550537109375,2.68189096450806,6.7901611328125,445348.005888363,6202342.2489543,27.9205843215367,13.2428649505229,54.4054412841797,182.343048095703,773.616027832031,958.3857421875,128.936004638672
"MULTIPOINT ((445497.903922906 6202347.77880422))",600,п3д,с.с.,морена,156.706802368164,0.86391693353653,28.6080017089844,-0.00131001463159919,0.00013771528028883,С4,-1.8277587890625,5.33024978637695,5.67610168457031,445497.903922906,6202347.77880422,31.9452049773702,13.3775228350309,28.2840404510498,64.4680023193359,784.287109375,867.328247070312,128.936004638672
"MULTIPOINT ((445647.801957449 6202353.30865414))",601,п3д огл,с.с.,далл,161.846466064453,1.8289920091629,202.595275878906,0.000556445971596986,3.54846088157501e-05,С2,0.923904418945312,2.74909377098083,5.40446472167969,445647.801957449,6202353.30865414,23.9346626884535,13.355587896182,67.9994430541992,64.4680023193359,815.462890625,786.932250976562,144.154830932617
"MULTIPOINT ((445797.699991992 6202358.83850406))",602,п2д огл,л.с.,далл,161.618286132812,0.464156061410904,23.2488708496094,0.000144532372360118,-0.000530521385371685,В4,-0.601593017578125,2.7310733795166,2.36346435546875,445797.699991992,6202358.83850406,18.3433458746504,12.8227676305281,47.9996070861816,257.872009277344,895.618103027344,694.341613769531,193.404006958008
"MULTIPOINT ((445947.598026535 6202364.36835398))",603,п2д огл,л.с.,далл,158.940841674805,0.820560157299042,77.1610336303711,-0.000578368024434894,-0.000772136962041259,В4,-2.10523986816406,5.32453966140747,3.63653564453125,445947.598026535,6202364.36835398,206.849022135231,15.2454899099121,31.9997386932373,386.808013916016,967.02001953125,657.447204589844,193.404006958008
"MULTIPOINT ((446097.496061078 6202369.8982039))",604,п2д огл,л.с.,далл,163.253768920898,0.838537871837616,154.534118652344,0.000574385863728821,0.000196870256331749,С3,1.20236206054688,3.5044252872467,2.92422485351562,446097.496061078,6202369.8982039,122.588613537582,14.9890943105443,141.363616943359,515.744018554688,1049.46301269531,644.680053710938,193.404006958008
"MULTIPOINT ((446247.394095621 6202375.42805382))",605,п2д,с.с.,морена,162.030136108398,0.0702371522784233,252.360061645508,6.02023683313746e-05,1.81032064574538e-05,С2,0.122055053710938,0.89779931306839,0.473388671875,446247.394095621,6202375.42805382,8.36432318805538,12.0374761656158,67.0516662597656,663.738708496094,1147.82006835938,735.04833984375,128.936004638672
"MULTIPOINT ((446397.292130164 6202380.95790374))",606,п2д,с.с.,морена,161.998962402344,0.0683625042438507,317.170471191406,6.7984095949214e-05,3.00478041026508e-05,С3,0.15277099609375,0.719243705272675,0.385833740234375,446397.292130164,6202380.95790374,8.16015672002753,12.0127641191032,31.9997386932373,554.57470703125,1251.7421875,778.969848632812,128.936004638672
"MULTIPOINT ((446547.190164707 6202386.48775366))",607,п2д огл,л.с.,далл,162.210250854492,0.419312298297882,222.672653198242,-1.6572941603954e-05,3.44101572409272e-05,С3,0.027801513671875,0.65245109796524,1.2244873046875,446547.190164707,6202386.48775366,69.1414870853628,14.1496556870098,86.1619338989258,455.857604980469,1359.95397949219,840.559875488281,128.936004638672
"MULTIPOINT ((446697.08819925 6202392.01760358))",608,п3д огл,л.с.,далл,163.446212768555,0.209742978215218,288.770874023438,0.000159734161570668,0.000136203409056179,С2,0.461227416992188,0.839581608772278,0.981674194335938,446697.08819925,6202392.01760358,5.48517194021932,11.6155491850126,179.99853515625,347.170806884766,1271.5078125,958.3857421875,128.936004638672
"MULTIPOINT ((446846.986233793 6202397.5474535))",609,п3д,с.с.,далл,161.423095703125,2.01844525337219,350.237121582031,0.000332268769852817,3.11482872348279e-05,С3,0.567398071289062,3.28846216201782,5.10818481445312,446846.986233793,6202397.5474535,46.0911960397217,13.7441227009132,27.9997711181641,322.340026855469,1211.24377441406,1049.46301269531,128.936004638672
"MULTIPOINT ((446996.884268336 6202403.07730342))",610,п3д огл,л.с.,далл,159.178100585938,1.51870584487915,194.252990722656,-0.000428887113230303,-2.47274383582408e-05,В3,-0.70770263671875,2.6077241897583,4.21243286132812,446996.884268336,6202403.07730342,67.3075131742667,14.1227726119075,111.999084472656,347.170806884766,1162.21337890625,1147.82006835938,0
"MULTIPOINT ((447146.782302879 6202408.60715334))",611,п2д огл,л.с.,далл,161.023315429688,1.41910350322723,334.909576416016,4.70685336040333e-05,-0.000177620357135311,С2,-0.2034912109375,1.83328497409821,4.64605712890625,447146.782302879,6202408.60715334,25.6037719540034,13.1562404270109,115.999053955078,203.86572265625,1112.89025878906,1305.37756347656,128.936004638672
"MULTIPOINT ((447296.680337422 6202414.13700326))",612,п2д огл,л.с.,далл,158.561889648438,0.728992760181427,296.503387451172,-8.08113836683333e-05,-0.000248344760620967,С2,-0.513076782226562,1.03129172325134,2.94123840332031,447296.680337422,6202414.13700326,102.084947632866,14.5393060310381,27.9997711181641,91.1715240478516,1097.8505859375,1415.36267089844,182.343048095703
"MULTIPOINT ((447446.578371965 6202419.66685318))",613,п2д огл,л.с.,далл,161.910614013672,2.66121292114258,206.442459106445,1.29641421153792e-05,0.000273669633315876,В4,0.447265625,2.87311029434204,6.728759765625,447446.578371965,6202419.66685318,28.0394962885457,13.247114842399,139.99885559082,0,1095.9560546875,1528.31323242188,193.404006958008
"MULTIPOINT ((447596.476406508 6202425.1967031))",614,п2д огл,л.с.,далл,163.69970703125,0.319241672754288,252.66438293457,0.000231133817578666,-0.000526121119037271,С2,-0.459747314453125,3.29801511764526,3.27783203125,447596.476406508,6202425.1967031,383.186754226854,15.8620232237113,3.99996733665466,91.1715240478516,1112.89025878906,1702.00402832031,128.936004638672
"MULTIPOINT ((447746.374441051 6202430.72655302))",615,п2д,с.с.,морена,169.452545166016,4.15801811218262,176.676681518555,0.000220135945710354,-0.000233715065405704,С3,-0.0193939208984375,6.74981641769409,11.1478271484375,447746.374441051,6202430.72655302,17.9394312883269,7.44144070864259,84.0944976806641,91.1715240478516,1142.37585449219,1820.00830078125,0
"MULTIPOINT ((447896.272475594 6202436.25640294))",616,п2д,с.с.,морена,171.541931152344,3.84985446929932,354.627868652344,0.000345534353982657,0.000162965487106703,С3,0.796768188476562,5.4683575630188,9.17063903808594,447896.272475594,6202436.25640294,8.78114216020143,4.59881433319569,96.1657333374023,232.442687988281,1125.88525390625,1887.27258300781,128.936004638672
"MULTIPOINT ((448046.170510137 6202441.78625286))",617,п2д огл,л.с.,далл,162.909896850586,0.752969443798065,80.0275573730469,-0.000402156641939655,-0.000831929093692452,С2,-1.92367553710938,4.9891939163208,3.22984313964844,448046.170510137,6202441.78625286,393.319182204304,15.8881221951236,3.99996733665466,407.7314453125,1216.37976074219,1695.88842773438,128.936004638672
"MULTIPOINT ((448196.06854468 6202447.31610278))",618,п2д огл,л.с.,далл,167.273803710938,1.25607776641846,150.189651489258,0.000368244393030182,0.000101046745839994,С2,0.73187255859375,2.36258316040039,3.98532104492188,448196.06854468,6202447.31610278,2.95309253088306,10.9963536812322,143.609405517578,531.616760253906,1289.36010742188,1568.57421875,128.936004638672
"MULTIPOINT ((443254.963254681 6202114.93302087))",619,п3д,с.с.,морена,166.828735351562,0.723573386669159,339.473754882812,-0.000121406963444315,-4.87389070258359e-06,,-0.196853637695312,1.77718424797058,2.49545288085938,443254.963254681,6202114.93302087,24.0326090595764,6.70099026112117,75.999382019043,182.343048095703,647.895385742188,451.276000976562,64.4680023193359
"MULTIPOINT ((443404.861289224 6202120.46287079))",620,п3д,с.с.,морена,165.965805053711,1.07918393611908,163.048263549805,-0.000364014966180548,-9.04846601770259e-05,С2,-0.708694458007812,1.69880151748657,3.07081604003906,443404.861289224,6202120.46287079,141.672417494208,14.867018217935,14.4220876693726,64.4680023193359,838.084045410156,490.973693847656,128.936004638672
"MULTIPOINT ((443554.759323767 6202125.99272071))",621,п3д,с.с.,морена,169.388046264648,1.02813148498535,169.747406005859,0.00017305658548139,-5.84220761083998e-05,С2,0.178787231445312,0.478177815675735,2.52589416503906,443554.759323767,6202125.99272071,65.8649589205856,14.1011073134164,79.397087097168,64.4680023193359,720.774169921875,554.57470703125,0
"MULTIPOINT ((443704.65735831 6202131.52257063))",622,п2д,с.с.,морена,170.605728149414,0.160044476389885,113.185844421387,9.04083499335684e-05,7.92363643995486e-05,С2,0.264389038085938,1.54789400100708,0.940948486328125,443704.65735831,6202131.52257063,7.55308928357134,11.9354574006289,136.527267456055,182.343048095703,608.189880371094,638.20068359375,91.1715240478516
"MULTIPOINT ((443854.555392853 6202137.05242055))",623,п2д,с.с.,морена,166.890594482422,1.56476235389709,103.813423156738,-0.000537731859367341,-0.00010622607805999,С3,-1.004638671875,3.11158347129822,5.21044921875,443854.555392853,6202137.05242055,251.830087148653,15.442255347177,3.99996733665466,347.170806884766,455.857604980469,786.932250976562,64.4680023193359
"MULTIPOINT ((444004.453427396 6202142.58227047))",624,п3д,с.с.,морена,168.634963989258,2.20262575149536,121.851585388184,-0.00017252704128623,-0.000391849491279572,С3,-0.88067626953125,3.2876570224762,5.78814697265625,444004.453427396,6202142.58227047,37.3234162198327,13.3283343778295,91.9992523193359,464.885375976562,375.909820556641,895.618103027344,193.404006958008
"MULTIPOINT ((444154.351461939 6202148.11212039))",625,п3д,с.с.,морена,172.312301635742,0.328223407268524,116.682960510254,0.00041032544686459,0.000292424636427313,С2,1.09532165527344,2.13873553276062,3.08456420898438,444154.351461939,6202148.11212039,6.35580593566729,11.7628694601716,154.400802612305,576.619323730469,328.723602294922,1009.08386230469,265.808380126953
"MULTIPOINT ((444304.249496482 6202153.64197031))",626,п3д,с.с.,морена,167.688247680664,2.85744071006775,283.038818359375,0.000413450761698186,-0.000376857991795987,С3,0.0587158203125,3.08370423316956,7.70394897460938,444304.249496482,6202153.64197031,73.2005817239016,14.2067041124094,88.0901412963867,751.819641113281,328.723602294922,1183.47521972656,322.340026855469
"MULTIPOINT ((445492.374072986 6202497.67683876))",627,п3д огл,с.с.,далл,155.439498901367,2.41820669174194,186.49836730957,-0.00135679671075195,-0.000251957593718544,С3,-2.51333618164062,6.83645153045654,7.85719299316406,445492.374072986,6202497.67683876,23.5992644662462,13.3414757111141,35.9997062683105,0,657.447204589844,967.02001953125,0
"MULTIPOINT ((445342.476038443 6202492.14698884))",628,п3д,с.с.,морена,161.369781494141,3.28848695755005,7.1901741027832,0.00103949848562479,-0.000178118192707188,С2,1.35008239746094,6.54151678085327,8.92245483398438,445342.476038443,6202492.14698884,31.1390874284536,13.3519646049577,51.9995765686035,128.936004638672,644.680053710938,1049.46301269531,0
"MULTIPOINT ((445642.272107529 6202503.20668868))",629,п3д огл,с.с.,далл,164.887008666992,0.858144342899323,178.320297241211,0.000556111976038665,0.00054475263459608,С2,1.71614074707031,3.48283338546753,3.77714538574219,445642.272107529,6202503.20668868,2.03326730174099,2.91965880936844,143.107177734375,128.936004638672,634.936218261719,951.858642578125,0
"MULTIPOINT ((445792.170142072 6202508.7365386))",630,п2д огл,л.с.,далл,162.839614868164,0.64163613319397,347.071838378906,7.7874239650555e-05,-0.000155493427882902,С3,-0.1209716796875,0.889782845973969,2.11088562011719,445792.170142072,6202508.7365386,95.8675885760557,14.4764686981376,40.1991729736328,288.309661865234,735.04833984375,876.859680175781,0
"MULTIPOINT ((445942.068176615 6202514.26638852))",631,п2д огл,л.с.,далл,161.190124511719,1.08001971244812,290.529571533203,-0.000139999523526058,-0.000206026088562794,С3,-0.539474487304688,1.32015860080719,3.06275939941406,445942.068176615,6202514.26638852,248.188671620521,15.4276899740134,31.9997386932373,407.7314453125,820.543762207031,847.944213867188,0
"MULTIPOINT ((446091.966211158 6202519.79623844))",632,п2д огл,л.с.,далл,162.849365234375,0.62029230594635,200.215805053711,0.000392685789847746,9.81805278570391e-05,С3,0.765151977539062,2.67294812202454,2.35188293457031,446091.966211158,6202519.79623844,5.32160586472482,11.5852758565022,135.350296020508,531.616760253906,916.262451171875,838.084045410156,0
"MULTIPOINT ((446241.864245701 6202525.32608836))",633,п2д,с.с.,морена,161.865310668945,0.064074382185936,18.3918075561523,-1.95733719010605e-05,-2.75145193882054e-05,В4,-0.073394775390625,0.283269047737122,0.32843017578125,446241.864245701,6202525.32608836,31.6600630917939,13.3685567916687,39.9996719360352,720.774169921875,1072.96130371094,860.110473632812,0
"MULTIPOINT ((446391.762280244 6202530.85593828))",634,п2д,с.с.,морена,161.583404541016,0.257295697927475,235.667831420898,-0.000191409242688678,-0.000114276706881355,С3,-0.476425170898438,1.16191065311432,0.99365234375,446391.762280244,6202530.85593828,720.815429063764,16.7606432777891,7.99993467330933,638.20068359375,1183.47521972656,897.935363769531,0
"MULTIPOINT ((446541.660314787 6202536.3857882))",635,п2д,с.с.,морена,162.891799926758,0.33569923043251,187.083755493164,0.000115482849651016,9.90358093986288e-05,С3,0.3343505859375,1.15746903419495,1.03829956054688,446541.660314787,6202536.3857882,3.36790555485637,11.1277917985055,61.0568504333496,554.57470703125,1279.6533203125,951.858642578125,0
"MULTIPOINT ((446691.55834933 6202541.91563812))",636,п3д огл,л.с.,далл,162.602935791016,0.77634060382843,60.4798774719238,0.000150412670336664,-4.00519129470922e-05,С2,0.172073364257812,1.47526621818542,2.54293823242188,446691.55834933,6202541.91563812,60.2233675427596,14.0115611865862,83.2339324951172,469.334136962891,1162.21337890625,1057.35388183594,0
"MULTIPOINT ((446841.456383873 6202547.44548804))",637,п3д огл,л.с.,далл,161.654434204102,1.18956708908081,21.5720024108887,0.000192087827599607,0.000332598079694435,С2,0.81805419921875,3.87499356269836,3.84867858886719,446841.456383873,6202547.44548804,30.1024533955654,13.3181074210174,19.9998359680176,451.276000976562,1095.9560546875,1140.55541992188,0
"MULTIPOINT ((446991.354418416 6202552.97533796))",638,п2д огл,л.с.,далл,159.829391479492,1.36101496219635,193.134063720703,-0.000549559306818992,-2.07583034352865e-05,В3,-0.889602661132812,2.75024271011353,3.80886840820312,446991.354418416,6202552.97533796,25.6142140363245,12.9518609006521,66.5727233886719,386.808013916016,1041.51245117188,1231.65942382812,0
"MULTIPOINT ((447141.252452959 6202558.50518788))",639,п2д огл,л.с.,далл,163.054336547852,1.12228798866272,327.853546142578,0.000153596571180969,5.14963212481234e-05,С2,0.319808959960938,1.38722312450409,3.29548645019531,447141.252452959,6202558.50518788,20.1088560136448,12.7098737831831,123.998985290527,193.404006958008,986.170776367188,1379.67553710938,0
"MULTIPOINT ((447291.150487502 6202564.0350378))",640,п2д огл,л.с.,далл,160.255935668945,0.446533441543579,324.005035400391,-0.000357313343556598,-0.00022898918541614,В4,-0.913848876953125,2.5702657699585,2.96705627441406,447291.150487502,6202564.0350378,127.034697871229,14.7579610051535,23.9998035430908,64.4680023193359,904.851501464844,1521.49951171875,0
"MULTIPOINT ((447441.048522045 6202569.56488772))",641,п2д огл,л.с.,далл,164.501770019531,1.85979175567627,187.164443969727,0.000449576764367521,0.000199456539121456,В4,1.01283264160156,3.04500675201416,5.48667907714844,447441.048522045,6202569.56488772,16.5544017248465,12.720152776134,147.998794555664,64.4680023193359,902.552001953125,1627.09887695312,0
"MULTIPOINT ((447590.946556588 6202575.09473764))",642,п2д,с.с.,морена,164.097061157227,2.5563337802887,188.657043457031,-0.00191937363706529,0.000463810749351978,В4,-2.27680969238281,7.87670612335205,9.72674560546875,447590.946556588,6202575.09473764,924.628310924164,16.7428925751567,3.99996733665466,257.872009277344,923.041320800781,1791.23620605469,0
"MULTIPOINT ((447740.844591131 6202580.62458756))",643,п2д,с.с.,морена,175.270706176758,3.1882381439209,222.17448425293,0.00105470407288522,0.000263327819993719,С3,2.06251525878906,4.99607801437378,11.0840454101562,447740.844591131,6202580.62458756,28.2664745987516,13.2551772036771,148.861129760742,265.808380126953,958.3857421875,1903.71728515625,0
"MULTIPOINT ((447890.742625674 6202586.15443748))",644,п2д,с.с.,морена,170.958709716797,4.3186149597168,9.86952018737793,-7.42958800401539e-05,0.000271381461061537,С3,0.307373046875,5.35320329666138,10.5574798583984,447890.742625674,6202586.15443748,36.6913432135972,13.5160415919239,79.9993438720703,322.340026855469,1009.08386230469,1874.01281738281,0
"MULTIPOINT ((448040.640660217 6202591.6842874))",645,п2д огл,л.с.,далл,164.396118164062,0.980016529560089,243.442260742188,-9.74598806351423e-05,-0.0003034463734366,С2,-0.624969482421875,2.03712439537048,3.73812866210938,448040.640660217,6202591.6842874,252.107700950984,16.1364724051214,27.9997711181641,464.885375976562,1109.1494140625,1681.11975097656,0
"MULTIPOINT ((448190.53869476 6202597.21413732))",646,п2д огл,л.с.,далл,166.826690673828,0.397837787866592,227.848434448242,0.000222698028665036,9.92332425084896e-05,С2,0.50177001953125,1.42842900753021,2.31953430175781,448190.53869476,6202597.21413732,4.37635680390235,11.3897173427624,139.712844848633,576.619323730469,1188.73120117188,1552.59509277344,0
"MULTIPOINT ((442949.637335675 6202253.77135557))",647,п3д,с.с.,морена,167.995758056641,0.268727213144302,100.283378601074,-6.6953849454876e-05,1.88809872270213e-06,С2,-0.101409912109375,0.974258720874786,0.762435913085938,442949.637335675,6202253.77135557,22.1183362798612,13.0099077048635,104.076049804688,364.686096191406,432.464508056641,412.796630859375,64.4680023193359
"MULTIPOINT ((443099.535370218 6202259.3012055))",648,п3д,с.с.,морена,167.729751586914,0.404823899269104,38.2621154785156,4.13247653341386e-06,-3.85975508834235e-05,,-0.0537261962890625,0.688486456871033,1.28543090820312,443099.535370218,6202259.3012055,25.3057226515382,13.1445313063423,79.9993438720703,257.872009277344,550.814819335938,347.170806884766,0
"MULTIPOINT ((443249.433404761 6202264.83105542))",649,п3д,с.с.,морена,166.803787231445,0.305369287729263,17.6455917358398,-0.000112833520688582,-5.36961051693652e-05,,-0.259552001953125,1.22132802009583,1.34352111816406,443249.433404761,6202264.83105542,6176.30686102893,18.6419765209436,0,128.936004638672,673.065734863281,322.340026855469,64.4680023193359
"MULTIPOINT ((443399.331439304 6202270.36090534))",650,п3д,с.с.,морена,165.977294921875,1.08528089523315,208.201995849609,-0.00038620043778792,-0.00024749367730692,С2,-0.988037109375,2.79789471626282,3.00357055664062,443399.331439304,6202270.36090534,83.6200590997747,14.3397841771201,7.99993467330933,64.4680023193359,797.425170898438,375.909820556641,128.936004638672
"MULTIPOINT ((443549.229473847 6202275.89075526))",651,п2д,с.с.,морена,169.642852783203,0.728533864021301,180.667358398438,0.000224937073653564,0.000130795277073048,С2,0.554519653320312,1.05974233150482,2.30903625488281,443549.229473847,6202275.89075526,1.79716110227186,10.262924077483,109.177856445312,0,673.065734863281,455.857604980469,64.4680023193359
"MULTIPOINT ((443699.12750839 6202281.42060518))",652,п2д,с.с.,морена,169.533264160156,0.411973088979721,102.171226501465,-4.59377188235521e-05,-0.000165794161148369,С2,-0.330001831054688,2.54813313484192,1.57562255859375,443699.12750839,6202281.42060518,60.4408161236792,14.0151653847783,85.5095291137695,128.936004638672,550.814819335938,554.57470703125,64.4680023193359
"MULTIPOINT ((443849.025542933 6202286.9504551))",653,п3д,с.с.,морена,168.247955322266,1.32996952533722,268.708709716797,0.000268970819888636,-0.000129414445837028,С2,0.217788696289062,3.03949785232544,3.73922729492188,443849.025542933,6202286.9504551,33154.7896547537,21.0155584936701,0,288.309661865234,375.909820556641,720.774169921875,91.1715240478516
"MULTIPOINT ((443998.923577476 6202292.48030502))",654,п3д,с.с.,морена,167.465850830078,0.637443959712982,263.387237548828,-9.3272807134781e-05,-0.000412548426538706,С3,-0.788406372070312,2.50176119804382,3.44992065429688,443998.923577476,6202292.48030502,507.200186435267,16.1424065151263,5.6568078994751,407.7314453125,273.514556884766,838.084045410156,128.936004638672
"MULTIPOINT ((444148.821612019 6202298.01015494))",655,п3д,с.с.,морена,170.671844482422,1.36244761943817,147.391784667969,0.000314593780785799,0.000100607445347123,С3,0.647567749023438,2.46389436721802,3.74667358398438,444148.821612019,6202298.01015494,32.2177898429219,13.3860195240094,91.2132873535156,519.757629394531,203.86572265625,958.3857421875,144.154830932617
"MULTIPOINT ((444298.719646562 6202303.54000486))",656,п3д,с.с.,морена,170.833221435547,0.675887644290924,27.2887191772461,0.000176505374838598,0.000259026215644553,С2,0.678878784179688,1.65199017524719,2.8203125,444298.719646562,6202303.54000486,8.51522142094574,4.42913108727057,131.998916625977,694.341613769531,203.86572265625,1072.96130371094,193.404006958008
"MULTIPOINT ((444448.617681105 6202309.06985478))",657,п3д,с.с.,морена,169.25813293457,1.37791574001312,105.310966491699,0.000111139946966432,6.43961975583807e-05,С2,0.273757934570312,1.96466088294983,3.30609130859375,444448.617681105,6202309.06985478,21.7528565112507,13.2600052490144,101.979560852051,797.425170898438,232.442687988281,1097.8505859375,128.936004638672
"MULTIPOINT ((444598.515715648 6202314.5997047))",658,п3д огл,с.с.,морена,170.539031982422,1.10900330543518,155.953247070312,0.000109486049041152,-3.40208571287803e-05,С2,0.117706298828125,1.48855543136597,4.21357727050781,444598.515715648,6202314.5997047,90.3902897001624,14.4176375912334,142.041091918945,895.618103027344,347.170806884766,1185.22985839844,128.936004638672
"MULTIPOINT ((446236.334395781 6202675.22412291))",659,п2д,с.с.,морена,161.654968261719,0.236041858792305,227.841461181641,-0.0002056673693005,-0.000152102467836812,В4,-0.557601928710938,1.14399600028992,1.37762451171875,446236.334395781,6202675.22412291,670.741920784147,16.4218851886112,12.6490077972412,754.57861328125,1009.08386230469,986.170776367188,128.936004638672
"MULTIPOINT ((446086.436361238 6202669.69427299))",660,п2д огл,л.с.,далл,162.986312866211,0.638493835926056,302.376281738281,-0.000104019680293277,8.55715770740062e-05,В4,-0.028778076171875,0.697180151939392,2.12147521972656,446086.436361238,6202669.69427299,29.7878330138014,13.3076007664375,51.9995765686035,576.619323730469,840.559875488281,967.02001953125,128.936004638672
"MULTIPOINT ((446386.232430324 6202680.75397283))",661,п2д,с.с.,морена,163.137268066406,0.687829315662384,243.327667236328,-9.03364070836687e-06,0.000143675686558709,С3,0.209869384765625,0.738361358642578,1.93324279785156,446386.232430324,6202680.75397283,2.95671018188057,10.9975779696307,95.9992141723633,735.04833984375,1125.88525390625,1019.32861328125,128.936004638672
"MULTIPOINT ((446536.130464867 6202686.28382275))",662,п2д,с.с.,морена,162.993911743164,0.422299861907959,287.846862792969,-8.70177609613165e-05,5.68384166399483e-05,С3,-0.0470428466796875,0.793229639530182,1.45172119140625,446536.130464867,6202686.28382275,73.4917812615126,14.2106743248211,127.811317443848,663.738708496094,1185.22985839844,1067.13537597656,128.936004638672
"MULTIPOINT ((446686.02849941 6202691.81367267))",663,п2д,с.с.,морена,161.554641723633,0.113426491618156,284.534881591797,0.000101139274192974,-0.000315535842673853,С2,-0.334136962890625,1.55411243438721,2.49044799804688,446686.02849941,6202691.81367267,21908.9401236147,20.1749102235788,0,594.365600585938,1057.35388183594,1162.21337890625,128.936004638672
"MULTIPOINT ((446835.926533953 6202697.34352259))",664,п2д,с.с.,морена,163.458206176758,0.92792671918869,282.286773681641,0.00020706161740236,0.000232433012570255,С2,0.685150146484375,1.33321356773376,3.02690124511719,446835.926533953,6202697.34352259,3.70531049002469,11.2232678026383,87.3606033325195,455.857604980469,929.770751953125,1289.36010742188,193.404006958008
"MULTIPOINT ((446985.824568496 6202702.87337251))",665,п2д огл,л.с.,далл,161.481414794922,0.861553907394409,306.243713378906,-0.000285700167296454,2.71144162979908e-05,,-0.403167724609375,1.74789619445801,3.04135131835938,446985.824568496,6202702.87337251,5.5023825496857,11.6186819337162,14.4220876693726,328.723602294922,864.929016113281,1370.60852050781,193.404006958008
"MULTIPOINT ((447135.722603039 6202708.40322243))",666,п2д огл,л.с.,далл,163.362670898438,0.706009745597839,347.375579833984,0.000548049807548523,-7.94087754911743e-05,В3,0.7305908203125,2.58140826225281,2.4490966796875,447135.722603039,6202708.40322243,7.02222685827849,4.87077531710398,116.618087768555,144.154830932617,797.425170898438,1505.02075195312,144.154830932617
"MULTIPOINT ((447285.620637582 6202713.93307235))",667,п2д,с.с.,морена,160.701202392578,1.17587268352509,225.796676635742,-0.000626197783276439,-0.000295480829663575,В4,-1.43721008300781,3.55989170074463,4.94091796875,447285.620637582,6202713.93307235,72.7759317432432,14.2008860370432,19.9998359680176,64.4680023193359,776.297546386719,1601.35192871094,128.936004638672
"MULTIPOINT ((447435.518672125 6202719.46292227))",668,п2д,с.с.,морена,164.602081298828,0.896199107170105,223.866317749023,0.000266238610493019,-7.58165188017301e-05,,0.296920776367188,1.0889641046524,3.46455383300781,447435.518672125,6202719.46292227,5.38643229072469,11.5973839975188,148.052841186523,64.4680023193359,773.616027832031,1702.00402832031,128.936004638672
"MULTIPOINT ((447585.416706668 6202724.99277219))",669,п2д,с.с.,морена,163.705795288086,4.18895673751831,185.415725708008,-0.00199625757522881,-0.000176475557964295,С2,-3.41212463378906,12.4756917953491,10.1335754394531,447585.416706668,6202724.99277219,30.9194535066876,6.24541356973156,8.94419860839844,257.872009277344,797.425170898438,1859.54150390625,128.936004638672
"MULTIPOINT ((447735.314741211 6202730.52262211))",670,п2д,с.с.,морена,174.730346679688,3.07313060760498,75.6820449829102,0.000870521762408316,0.000741461466532201,С2,2.5198974609375,5.70108556747437,11.9585266113281,447735.314741211,6202730.52262211,2.64563688101076,10.6816252905563,152.838531494141,386.808013916016,838.084045410156,1968.12268066406,128.936004638672
"MULTIPOINT ((447885.212775754 6202736.05247203))",671,п2д,с.с.,морена,166.074737548828,3.86924171447754,39.291919708252,-0.000976800336502492,0.000210117039387114,С2,-1.20463562011719,5.53173971176147,12.6676635742188,447885.212775754,6202736.05247203,25.2221306674734,12.9364352776736,23.9998035430908,432.464508056641,895.618103027344,1869.57202148438,64.4680023193359
"MULTIPOINT ((448035.110810297 6202741.58232195))",672,п2д,с.с.,морена,164.999389648438,0.823935329914093,158.547515869141,2.25401345232967e-05,-0.00010277092223987,С2,-0.12506103515625,1.55315899848938,3.18991088867188,448035.110810297,6202741.58232195,30.7983131432309,13.6077200866554,73.5385055541992,503.511199951172,967.02001953125,1740.63610839844,64.4680023193359
"MULTIPOINT ((448185.00884484 6202747.11217187))",673,п2д,с.с.,морена,167.274978637695,0.525349199771881,233.241241455078,-4.54830878879875e-05,4.00568751501851e-06,С2,-0.0646514892578125,1.04635167121887,1.699951171875,448185.00884484,6202747.11217187,51.6879009901201,13.8587244751506,188.041000366211,644.680053710938,1094.05822753906,1547.23205566406,91.1715240478516
"MULTIPOINT ((442794.209451211 6202398.1395402))",674,п3д,с.с.,морена,168.769897460938,0.86696583032608,340.785552978516,3.94361413782462e-05,-0.000122746685519814,С2,-0.129837036132812,1.3929386138916,2.2191162109375,442794.209451211,6202398.1395402,6.83497751154492,11.8355539244054,45.2544631958008,469.334136962891,375.909820556641,392.1435546875,64.4680023193359
"MULTIPOINT ((442944.107485755 6202403.66939012))",675,п3д,с.с.,морена,167.874771118164,0.138516426086426,194.611221313477,4.90271449962165e-05,-1.6048708857852e-05,С2,0.0514068603515625,0.902892649173737,0.5474853515625,442944.107485755,6202403.66939012,9.24975126728878,5.85555371618204,3.99996733665466,288.309661865234,503.511199951172,322.340026855469,64.4680023193359
"MULTIPOINT ((443094.005520298 6202409.19924004))",676,п3д,с.с.,морена,167.499694824219,0.304118722677231,346.787445068359,-1.66194258781616e-05,-4.6143977669999e-05,С2,-0.0978240966796875,0.631254136562347,0.941848754882812,443094.005520298,6202409.19924004,35.7521421132399,13.4901109310223,27.9997711181641,182.343048095703,608.189880371094,232.442687988281,0
"MULTIPOINT ((443243.903554841 6202414.72908996))",677,п3д,с.с.,морена,166.946014404297,0.215794265270233,3.54618167877197,-3.79461926058866e-05,1.96425662579713e-05,С2,-0.028533935546875,0.708455145359039,1.16511535644531,443243.903554841,6202414.72908996,4.24724484958048,11.1549839694901,23.9998035430908,91.1715240478516,720.774169921875,193.404006958008,91.1715240478516
"MULTIPOINT ((443393.801589384 6202420.25893988))",678,п3д,с.с.,морена,167.900680541992,0.304726302623749,219.494247436523,9.92496643448249e-05,6.87158681103028e-05,,0.261795043945312,1.25342071056366,1.13014221191406,443393.801589384,6202420.25893988,6.19683251311838,6.3083282132887,80.0992813110352,64.4680023193359,776.297546386719,273.514556884766,64.4680023193359
"MULTIPOINT ((443543.699623927 6202425.7887898))",679,п3д,с.с.,морена,169.072341918945,0.64505273103714,153.490295410156,0.000177178488229401,5.13588056492154e-05,С2,0.356246948242188,1.28704726696014,1.71014404296875,443543.699623927,6202425.7887898,41.757873587496,13.6453887668641,71.5535888671875,64.4680023193359,647.895385742188,375.909820556641,64.4680023193359
"MULTIPOINT ((443693.59765847 6202431.31863972))",680,п2д,с.с.,морена,169.290557861328,0.424894064664841,24.5615463256836,0.000223654409637675,-1.86010838660877e-05,С2,0.319610595703125,1.26868510246277,1.49479675292969,443693.59765847,6202431.31863972,5.07070633447201,8.79895915849944,75.999382019043,64.4680023193359,519.757629394531,490.973693847656,0
"MULTIPOINT ((443843.495693013 6202436.84848964))",681,п3д,с.с.,морена,167.747451782227,0.623058974742889,145.942230224609,-0.000296253594569862,-0.000137391209136695,С3,-0.675949096679688,1.64659559726715,2.23648071289062,443843.495693013,6202436.84848964,24.3746511680738,13.3738038719808,54.4054412841797,144.154830932617,386.808013916016,594.365600585938,64.4680023193359
"MULTIPOINT ((443993.393727556 6202442.37833956))",682,п3д,с.с.,морена,169.672027587891,0.396924167871475,313.497650146484,9.91743872873485e-05,-7.17949515092187e-05,С2,0.0426788330078125,0.85672402381897,1.38850402832031,443993.393727556,6202442.37833956,35.5261991670169,13.4837711734204,62.4814872741699,328.723602294922,193.404006958008,754.57861328125,64.4680023193359
"MULTIPOINT ((444143.291762099 6202447.90818948))",683,п3д,с.с.,морена,168.971237182617,0.385898143053055,273.760314941406,-0.000256001600064337,1.09269776658039e-05,С2,-0.381988525390625,0.899141252040863,1.3001708984375,444143.291762099,6202447.90818948,72.8596696757035,14.2020360023109,7.99993467330933,455.857604980469,64.4680023193359,807.781799316406,0
"MULTIPOINT ((444293.189796642 6202453.4380394))",684,п3д,с.с.,морена,168.241470336914,0.372427225112915,342.848175048828,-6.53766546747647e-05,-0.000454757799161598,С2,-0.8106689453125,2.43802499771118,1.84867858886719,444293.189796642,6202453.4380394,1.73967368530488,10.4671983028839,14.4220876693726,583.782592773438,0,876.859680175781,0
"MULTIPOINT ((444443.087831185 6202458.96788932))",685,п3д,с.с.,морена,165.937408447266,0.362563788890839,353.464019775391,-0.000281261105556041,-0.000597110658418387,С2,-1.36903381347656,2.73228406906128,2.35673522949219,444443.087831185,6202458.96788932,2249.5952496131,17.6320063343815,0,776.297546386719,193.404006958008,1002.88671875,0
"MULTIPOINT ((444592.985865728 6202464.49773924))",686,п3д,с.с.,морена,168.911346435547,2.06213474273682,168.95198059082,5.4475553042721e-05,-0.000209646081202663,С2,-0.24188232421875,2.61290287971497,5.82806396484375,444592.985865728,6202464.49773924,26.3286372301357,13.1841579592887,73.5385055541992,902.552001953125,322.340026855469,1097.8505859375,0
"MULTIPOINT ((444742.883900271 6202470.02758916))",687,п3д огл,с.с.,морена,171.865127563477,0.881349742412567,93.1487579345703,0.000358351680915803,8.66049522301182e-05,С2,0.693710327148438,1.54005074501038,2.42446899414062,444742.883900271,6202470.02758916,36.9756278881983,13.5237597343038,140.05598449707,773.616027832031,451.276000976562,1199.17419433594,0
"MULTIPOINT ((444892.781934814 6202475.55743908))",688,п3д огл,с.с.,морена,169.366470336914,1.1131317615509,29.2094879150391,-0.000180321672814898,6.28982743364759e-05,С2,-0.183135986328125,1.23085856437683,3.08464050292969,444892.781934814,6202475.55743908,50.6660127437357,13.8387560701471,198.069076538086,580.212036132812,644.680053710938,1359.95397949219,0
"MULTIPOINT ((445042.679969357 6202481.087289))",689,п3д огл,с.с.,морена,167.911087036133,0.512216091156006,345.061126708984,-4.77577887068037e-05,6.77221250953153e-05,С2,0.0311126708984375,0.945126116275787,2.11972045898438,445042.679969357,6202481.087289,4.27227198540649,11.1608592340861,137.636077880859,451.276000976562,720.774169921875,1289.36010742188,0
"MULTIPOINT ((445192.5780039 6202486.61713892))",690,п3д огл,с.с.,морена,166.155532836914,1.8294130563736,336.206390380859,0.000227776195970364,0.000133793146233074,С2,0.564178466796875,2.14165496826172,4.958251953125,445192.5780039,6202486.61713892,49.8120687198688,13.8217580428684,111.138641357422,322.340026855469,673.065734863281,1188.73120117188,0
"MULTIPOINT ((446980.294718576 6202852.77140705))",691,п2д,с.с.,морена,161.417022705078,1.1217143535614,23.3346862792969,-0.000475506269140169,-0.000129546664538793,В4,-0.943466186523438,3.17923426628113,3.16078186035156,446980.294718576,6202852.77140705,5.92841690773962,11.6932579585128,27.9997711181641,322.340026855469,751.819641113281,1470.0966796875,322.340026855469
"MULTIPOINT ((446830.396684033 6202847.24155713))",692,п2д,с.с.,морена,164.822219848633,0.288405567407608,301.038024902344,0.000130015425384045,0.000382983387680724,С2,0.799545288085938,0.702332556247711,1.422607421875,446830.396684033,6202847.24155713,3.85123940067784,11.0571084862068,160.647369384766,451.276000976562,825.59326171875,1394.65612792969,322.340026855469
"MULTIPOINT ((447130.192753119 6202858.30125697))",693,п2д,с.с.,морена,163.927886962891,1.2675096988678,191.46760559082,0.000472140149213374,7.18883165973239e-05,С2,0.848464965820312,3.01297926902771,3.12345886230469,447130.192753119,6202858.30125697,20.6290242446652,13.2069591943338,119.9990234375,193.404006958008,694.341613769531,1552.59509277344,288.309661865234
"MULTIPOINT ((447280.090787662 6202863.83110689))",694,п2д,с.с.,морена,162.788360595703,1.29092419147491,199.587127685547,-0.000492025690618902,-5.70981683267746e-05,В3,-0.8564453125,3.08297872543335,3.77511596679688,447280.090787662,6202863.83110689,62.1150192062189,14.0424885592957,19.9998359680176,0,647.895385742188,1687.2890625,257.872009277344
"MULTIPOINT ((447429.988822205 6202869.36095681))",695,п2д,с.с.,морена,166.766021728516,0.336246430873871,228.006240844727,0.000385175633709878,0.000382278667530045,С3,1.1961669921875,1.95583724975586,1.79560852050781,447429.988822205,6202869.36095681,4.51500009939444,11.4209059533091,171.998596191406,128.936004638672,644.680053710938,1783.09692382812,257.872009277344
"MULTIPOINT ((447579.886856748 6202874.89080673))",696,п2д,с.с.,морена,165.782943725586,0.407597452402115,315.300598144531,0.000125436941743828,0.000211417238460854,С2,0.525039672851562,3.01375436782837,2.15254211425781,447579.886856748,6202874.89080673,7.61748594413704,11.7391598541282,124.063484191895,232.442687988281,657.447204589844,1882.86303710938,203.86572265625
"MULTIPOINT ((447729.784891291 6202880.42065665))",697,п2д,с.с.,морена,166.315551757812,2.51108407974243,53.3794097900391,-0.000401905068429187,0.000325799715938047,С2,-0.11993408203125,4.49973297119141,8.85348510742188,447729.784891291,6202880.42065665,29.3568477308098,13.2930265762912,111.999084472656,407.7314453125,720.774169921875,2002.66296386719,64.4680023193359
"MULTIPOINT ((447879.682925834 6202885.95050657))",698,п2д,с.с.,морена,162.858749389648,0.942891895771027,59.107536315918,-0.000156411129864864,-0.000241810790612362,С2,-0.62078857421875,2.19894862174988,3.749267578125,447879.682925834,6202885.95050657,1527.10694740911,17.244631084788,0,531.616760253906,786.932250976562,1874.01281738281,0
"MULTIPOINT ((448029.580960377 6202891.48035649))",699,п2д,с.с.,морена,164.323028564453,1.60882306098938,166.404174804688,-0.000233553495490924,5.98892313519173e-07,С2,-0.363510131835938,1.33125460147858,4.43157958984375,448029.580960377,6202891.48035649,23.8088459173759,12.8787706562822,132.482879638672,663.738708496094,820.543762207031,1751.34777832031,144.154830932617
"MULTIPOINT ((448179.47899492 6202897.01020641))",700,п2д,с.с.,морена,168.520904541016,1.25909769535065,39.7137145996094,-5.8003392041428e-05,0.000236443287576549,С2,0.278121948242188,3.28512191772461,4.20651245117188,448179.47899492,6202897.01020641,20.8802197124772,12.9523030300132,163.216323852539,776.297546386719,958.3857421875,1559.27294921875,232.442687988281
"MULTIPOINT ((442788.679601291 6202548.03757474))",701,п3д,с.с.,морена,169.364334106445,0.661785185337067,169.360397338867,0.00047890713904053,-0.00019773117674049,С2,0.4383544921875,3.64925980567932,3.20744323730469,442788.679601291,6202548.03757474,18.8353082152913,12.8492339494016,35.9997062683105,451.276000976562,490.973693847656,392.1435546875,0
"MULTIPOINT ((442938.577635834 6202553.56742466))",702,п3д,с.с.,морена,168.637756347656,0.879978358745575,300.997497558594,-7.55204091547057e-05,-1.70908751897514e-05,С2,-0.144378662109375,1.71339213848114,2.75386047363281,442938.577635834,6202553.56742466,31.3537751988276,7.24927078850788,87.8172760009766,322.340026855469,554.57470703125,328.723602294922,64.4680023193359
"MULTIPOINT ((443088.475670377 6202559.09727458))",703,п3д,с.с.,морена,167.34538269043,0.751969218254089,91.5601043701172,0.000316015124553815,-0.000139655167004094,С2,0.274978637695312,1.28008186817169,2.49423217773438,443088.475670377,6202559.09727458,53.1464759923296,13.8865525439551,114.541633605957,128.936004638672,685.304260253906,144.154830932617,64.4680023193359
"MULTIPOINT ((443238.37370492 6202564.6271245))",704,п3д,с.с.,морена,167.035919189453,0.26882615685463,273.723907470703,-4.29191677540075e-05,2.82354676528485e-07,С2,-0.06646728515625,1.8562468290329,1.25825500488281,443238.37370492,6202564.6271245,18536.2489354645,20.007743662112,0,64.4680023193359,673.065734863281,0,0
"MULTIPOINT ((443388.271739463 6202570.15697442))",705,п3д,с.с.,морена,167.480133056641,0.963221848011017,228.736419677734,-0.000135616195620969,-6.41420920146629e-05,,-0.311431884765625,0.63349723815918,3.05137634277344,443388.271739463,6202570.15697442,53.8994336935304,13.9006207156721,59.99951171875,128.936004638672,720.774169921875,128.936004638672,64.4680023193359
"MULTIPOINT ((443538.169774006 6202575.68682434))",706,п2д,с.с.,морена,168.650726318359,0.612842500209808,304.026702880859,-0.000232507765758783,6.17905170656741e-05,,-0.26611328125,1.69008958339691,2.11355590820312,443538.169774006,6202575.68682434,13.4998288339071,12.51617775082,21.5404834747314,144.154830932617,657.447204589844,322.340026855469,64.4680023193359
"MULTIPOINT ((443688.06780855 6202581.21667426))",707,п2д,с.с.,морена,169.104034423828,0.312982171773911,37.7934417724609,0.00018508336506784,0.000246568844886497,С2,0.672760009765625,2.8325834274292,1.49861145019531,443688.06780855,6202581.21667426,2.92356245735516,10.986303636729,31.9997386932373,64.4680023193359,531.616760253906,451.276000976562,64.4680023193359
"MULTIPOINT ((443837.965843093 6202586.74652418))",708,п2д,с.с.,морена,168.167678833008,1.00825762748718,221.450790405273,-0.000271289027296007,-7.61234550736845e-05,С3,-0.541671752929688,1.52420699596405,3.27235412597656,443837.965843093,6202586.74652418,208.573324038771,15.2537913978888,23.9998035430908,144.154830932617,407.7314453125,580.212036132812,64.4680023193359
"MULTIPOINT ((443987.863877636 6202592.2763741))",709,п3д,с.с.,морена,170.677185058594,0.624611496925354,247.95100402832,-2.70445289061172e-05,2.69926749751903e-05,С2,-9.1552734375e-05,0.31092694401741,1.972900390625,443987.863877636,6202592.2763741,44.1134395259402,13.7002652316066,103.845191955566,328.723602294922,232.442687988281,634.936218261719,182.343048095703
"MULTIPOINT ((444137.761912179 6202597.80622402))",710,п3д,с.с.,морена,171.60758972168,1.12945556640625,274.334167480469,2.6604617232806e-05,0.000353135488694534,С2,0.591964721679688,1.90355741977692,3.30828857421875,444137.761912179,6202597.80622402,4.2765435687202,11.3666458503515,136.819931030273,455.857604980469,144.154830932617,697.328063964844,128.936004638672
"MULTIPOINT ((444287.659946722 6202603.33607394))",711,п3д,с.с.,морена,170.050445556641,0.904286861419678,325.210845947266,-1.33811226987746e-05,6.82843892718665e-05,С2,0.0855712890625,0.837831556797028,2.85888671875,444287.659946722,6202603.33607394,92.4541760885539,14.440213872559,133.505477905273,583.782592773438,128.936004638672,776.297546386719,128.936004638672
"MULTIPOINT ((444437.557981265 6202608.86592386))",712,п3д,с.с.,морена,168.57112121582,0.858631730079651,278.508392333984,7.10229578544386e-05,-3.84994164051022e-05,С2,0.0507354736328125,1.30992460250854,2.78860473632812,444437.557981265,6202608.86592386,1824.7680692775,17.4227089170391,0,776.297546386719,232.442687988281,916.262451171875,128.936004638672
"MULTIPOINT ((444587.456015808 6202614.39577378))",713,п3д,с.с.,морена,169.437530517578,0.605823218822479,211.525009155273,0.000399505923269317,-0.000185938173672184,С2,0.33294677734375,1.62437152862549,3.4920654296875,444587.456015808,6202614.39577378,2.61968699555263,10.8765555877158,96.7462997436523,902.552001953125,347.170806884766,1019.32861328125,128.936004638672
"MULTIPOINT ((444737.354050351 6202619.9256237))",714,п3д огл,с.с.,морена,168.234664916992,1.04125285148621,70.6903610229492,-0.00017821163055487,-0.000344382162438706,С2,-0.814727783203125,2.40780687332153,3.34140014648438,444737.354050351,6202619.9256237,68.2594008492798,14.1368159103869,11.9999017715454,773.616027832031,469.334136962891,1127.72937011719,128.936004638672
"MULTIPOINT ((444887.252084894 6202625.45547362))",715,п3д огл,с.с.,морена,168.875900268555,0.642513692378998,1.87967801094055,0.000116901836008765,-2.57067440543324e-05,С2,0.142166137695312,1.04097580909729,1.80764770507812,444887.252084894,6202625.45547362,69.5422136550324,14.8486137910555,139.99885559082,580.212036132812,657.447204589844,1297.39343261719,128.936004638672
"MULTIPOINT ((445037.150119437 6202630.98532354))",716,п3д огл,с.с.,морена,167.529281616211,0.289237380027771,61.7601509094238,8.81201849551871e-05,-0.000155695845023729,С2,-0.105300903320312,1.34263622760773,1.53077697753906,445037.150119437,6202630.98532354,194.371595402262,15.1832725115906,37.7356147766113,451.276000976562,550.814819335938,1370.60852050781,0
"MULTIPOINT ((445187.04815398 6202636.51517347))",717,п3д огл,с.с.,морена,166.372772216797,1.52502167224884,23.9039421081543,0.000103526617749594,0.000151030399138108,С2,0.396987915039062,1.29917097091675,4.34750366210938,445187.04815398,6202636.51517347,23.4643623783135,13.0689835199945,59.99951171875,322.340026855469,490.973693847656,1322.77282714844,128.936004638672
"MULTIPOINT ((445336.946188523 6202642.04502338))",718,п3д огл,с.с.,морена,159.535293579102,3.70265650749207,8.80994129180908,0.000381026504328474,6.24343374511227e-05,С2,0.695114135742188,6.33426427841187,9.4498291015625,445336.946188523,6202642.04502338,55.5439303059756,13.9306749891226,51.9995765686035,128.936004638672,451.276000976562,1199.17419433594,193.404006958008
"MULTIPOINT ((445486.844223066 6202647.5748733))",719,п3д,с.с.,морена,156.502044677734,3.48445153236389,185.226043701172,-0.000856562226545066,-0.000100226279755589,С3,-1.49891662597656,5.34837102890015,8.6591796875,445486.844223066,6202647.5748733,50.4716138868626,13.8349118214188,31.9997386932373,0,469.334136962891,1127.72937011719,182.343048095703
"MULTIPOINT ((445636.742257609 6202653.10472323))",720,п3д огл,с.с.,далл,163.9921875,1.05334377288818,221.862030029297,0.000137075432576239,0.000135848444188014,С3,0.425506591796875,2.03094220161438,3.44944763183594,445636.742257609,6202653.10472323,7.15760225889129,11.8816757892705,140.227233886719,128.936004638672,519.757629394531,1067.13537597656,128.936004638672
"MULTIPOINT ((445786.640292152 6202658.63457315))",721,п3д огл,с.с.,далл,164.153503417969,0.821000099182129,255.435012817383,-4.06219915021211e-05,0.00012535962741822,С3,0.132064819335938,1.13456976413727,2.07144165039062,445786.640292152,6202658.63457315,38.9144721592044,13.5748669608034,19.9998359680176,322.340026855469,638.20068359375,1000.8125,128.936004638672
"MULTIPOINT ((445936.538326695 6202664.16442307))",722,п2д огл,л.с.,далл,164.200119018555,0.938965260982513,292.274108886719,0.000117787632916588,0.000137942712171935,С3,0.398666381835938,1.06398367881775,2.92071533203125,445936.538326695,6202664.16442307,22.003037928541,13.0046812759119,149.932098388672,451.276000976562,735.04833984375,975.577880859375,128.936004638672
"MULTIPOINT ((447724.255041371 6203030.31869119))",723,п2д,с.с.,морена,162.181365966797,3.36433839797974,39.4565048217773,0.000474401575047523,0.000159479764988646,С2,0.992202758789062,4.3644552230835,9.46015930175781,447724.255041371,6203030.31869119,21.1266170142104,12.7592471828242,97.6516418457031,490.973693847656,554.57470703125,2024.33630371094,64.4680023193359
"MULTIPOINT ((447574.357006828 6203024.78884127))",724,п2д,с.с.,морена,163.091186523438,0.287360310554504,122.487007141113,-0.000236316976952367,-0.00018052443920169,С2,-0.649673461914062,1.60823976993561,1.07902526855469,447574.357006828,6203024.78884127,144.488940451506,14.8867037123815,7.99993467330933,322.340026855469,469.334136962891,2007.84448242188,128.936004638672
"MULTIPOINT ((447874.153075914 6203035.84854111))",725,п1д,с.с.,морена,158.099365234375,2.23391938209534,137.563659667969,-0.000324778171489015,-0.000665919273160398,С2,-1.54600524902344,3.75766158103943,7.08262634277344,447874.153075914,6203035.84854111,112.900570735061,14.6400082707951,25.2980155944824,608.189880371094,638.20068359375,1897.15649414062,144.154830932617
"MULTIPOINT ((448024.051110457 6203041.37839103))",726,п2д,с.с.,морена,164.31103515625,1.68898487091064,176.065399169922,0.000175270950421691,4.72912506666034e-05,С2,0.347259521484375,1.16167092323303,5.17379760742188,448024.051110457,6203041.37839103,3.05175249860764,11.0292167597392,98.953727722168,720.774169921875,729.372192382812,1770.23083496094,232.442687988281
"MULTIPOINT ((449627.660071051 6196371.44611551))",727,п1д огл,с.с.,далл,157.551910400391,0.956700205802917,207.957473754883,0.000874670571647584,0.000643961422611028,,2.36758422851562,6.92852878570557,5.36976623535156,449627.660071051,6196371.44611551,4.81917483275053,3.61818237934659,131.998916625977,967.02001953125,2024.33630371094,1623.26293945312,64.4680023193359
"MULTIPOINT ((449328.094447751 6196387.58418656))",728,п1д огл,с.с.,далл,153.784591674805,0.658537924289703,298.063446044922,7.0117755967658e-05,4.34421854151879e-05,,0.177017211914062,0.843794584274292,1.86376953125,449328.094447751,6196387.58418656,147.356860999375,15.5994732948882,125.026977539062,1063.23352050781,2038.6572265625,1461.59069824219,193.404006958008
"MULTIPOINT ((448173.949145 6203046.90824095))",729,п2д,с.с.,морена,165.491256713867,0.865547060966492,70.7935791015625,-0.00028241696418263,-0.000216592394281179,С2,-0.777923583984375,2.54393935203552,2.63917541503906,448173.949145,6203046.90824095,15.1798204390398,12.6334676875382,52.153190612793,876.859680175781,876.859680175781,1580.45251464844,347.170806884766
"MULTIPOINT ((449477.877259401 6196379.51515103))",730,п1д огл,с.с.,далл,153.242156982422,0.647651731967926,204.864685058594,-0.000258559477515519,-7.82023926149122e-05,,-0.524932861328125,1.62085270881653,2.12960815429688,449477.877259401,6196379.51515103,108.327120822224,14.5986562901868,14.4220876693726,1039.51525878906,2055.91284179688,1560.60510253906,64.4680023193359
"MULTIPOINT ((442783.149751371 6202697.93560928))",731,п3д,с.с.,морена,170.557083129883,0.47217783331871,235.577133178711,3.07187692669686e-05,-4.98407753184438e-05,,-0.0298004150390625,0.942959487438202,1.94145202636719,442783.149751371,6202697.93560928,2.6733991403731,10.6600882131414,106.281768798828,490.973693847656,531.616760253906,407.7314453125,0
"MULTIPOINT ((445821.446635009 6200175.68693942))",732,п3д,с.с.,морена,153.25260925293,1.17886197566986,30.0958690643311,-0.000764461234211922,-0.000491151120513678,,-1.95785522460938,4.64655542373657,4.529296875,445821.446635009,6200175.68693942,1,2.5215165653936,3.99996733665466,0,867.328247070312,375.909820556641,0
"MULTIPOINT ((442933.047785914 6202703.4654592))",733,п3д,с.с.,морена,170.821701049805,0.81061977148056,329.149261474609,0.000225871175643988,0.000136712726089172,,0.565231323242188,0.870646059513092,2.5966796875,442933.047785914,6202703.4654592,20.564161857089,12.7322633125165,120.597526550293,375.909820556641,515.744018554688,288.309661865234,64.4680023193359
"MULTIPOINT ((445813.110135839 6199968.6638767))",734,п2д,т.с.,морена,153.911148071289,0.295816212892532,219.150054931641,-0.00101743114646524,-0.000937362434342504,С4,-3.04672241210938,8.95670127868652,4.52159118652344,445813.110135839,6199968.6638767,38.4790156197173,13.563613788288,19.9998359680176,0,735.04833984375,550.814819335938,0
"MULTIPOINT ((443082.945820457 6202708.99530912))",735,п3д,с.с.,морена,160.844512939453,0.640006899833679,35.5112152099609,-0.000770239857956767,-0.00133650307543576,С2,-3.28382873535156,9.22385025024414,7.69984436035156,443082.945820457,6202708.99530912,25.9895165981559,13.171193993374,11.9999017715454,232.442687988281,519.757629394531,128.936004638672,91.1715240478516
"MULTIPOINT ((443232.843855 6202714.52515905))",736,п3д,с.с.,морена,168.091598510742,1.86797142028809,158.772689819336,0.000794765772297978,0.000170780505868606,С2,1.50697326660156,4.14374780654907,7.00253295898438,443232.843855,6202714.52515905,4.57468804797908,11.4340392545945,34.1757354736328,193.404006958008,550.814819335938,0,64.4680023193359
"MULTIPOINT ((443382.741889543 6202720.05500897))",737,п3д,с.с.,морена,169.759552001953,1.07613635063171,216.327789306641,8.38573687360622e-05,0.000153335597133264,,0.369781494140625,0.791677355766296,3.28239440917969,443382.741889543,6202720.05500897,49.1760053914837,13.8089065536671,150.570999145508,232.442687988281,608.189880371094,128.936004638672,64.4680023193359
"MULTIPOINT ((443532.639924086 6202725.58485889))",738,п2д,с.с.,морена,170.328948974609,1.16448068618774,349.1279296875,0.000335973658366129,0.000119754746265244,,0.71063232421875,2.561110496521,3.214599609375,443532.639924086,6202725.58485889,1.545679259324,9.80183063908849,60.9256896972656,232.442687988281,694.341613769531,322.340026855469,0
"MULTIPOINT ((443682.537958629 6202731.11470881))",739,п2д,с.с.,морена,167.983276367188,0.0587081164121628,131.968765258789,-0.000137218536110595,-6.70423250994645e-05,С2,-0.318359375,1.16067790985107,0.726806640625,443682.537958629,6202731.11470881,67.5573084517361,14.1264769961956,19.9998359680176,193.404006958008,576.619323730469,451.276000976562,64.4680023193359
"MULTIPOINT ((443832.435993172 6202736.64455873))",740,п2д,с.с.,морена,169.641510009766,1.34372735023499,189.816787719727,-0.000105548417195678,6.95634153089486e-05,С2,-0.056182861328125,1.363321185112,3.44465637207031,443832.435993172,6202736.64455873,29.3785236962687,13.2937646653138,112.923828125,232.442687988281,464.885375976562,455.857604980469,64.4680023193359
"MULTIPOINT ((443982.334027715 6202742.17440865))",741,п3д,с.с.,морена,171.607666015625,0.467126905918121,226.048889160156,-5.09459241584409e-05,-8.39206113596447e-05,С2,-0.210205078125,0.845480024814606,1.59477233886719,443982.334027715,6202742.17440865,82.6351654183363,14.3279360658117,203.998336791992,375.909820556641,322.340026855469,519.757629394531,257.872009277344
"MULTIPOINT ((444132.232062258 6202747.70425857))",742,п3д,с.с.,морена,173.679412841797,0.302890211343765,256.981842041016,0.000163083197548985,0.000543653557542711,С2,1.10150146484375,2.84418988227844,2.05758666992188,444132.232062258,6202747.70425857,3.3402968298351,11.1195604186738,281.394226074219,490.973693847656,265.808380126953,594.365600585938,257.872009277344
"MULTIPOINT ((444282.130096801 6202753.23410849))",743,п3д,с.с.,морена,172.085113525391,1.13249433040619,326.133239746094,0.000222486036363989,0.00025028720847331,С2,0.73712158203125,2.24688673019409,3.35188293457031,444282.130096801,6202753.23410849,81.7157730569278,14.3167477883303,136.057693481445,611.59716796875,257.872009277344,685.304260253906,257.872009277344
"MULTIPOINT ((444432.028131344 6202758.76395841))",744,п3д,с.с.,морена,169.967758178711,0.634163796901703,142.694946289062,6.78624128340743e-05,3.41764825861901e-05,С2,0.1590576171875,1.63180577754974,1.74040222167969,444432.028131344,6202758.76395841,165.113827151666,15.7133149297327,7.99993467330933,815.462890625,375.909820556641,807.781799316406,322.340026855469
"MULTIPOINT ((444581.926165887 6202764.29380833))",745,п3д,с.с.,морена,169.990478515625,0.900932908058167,8.33133220672607,0.000317222496960312,-5.72889694012702e-05,С2,0.405288696289062,1.46262800693512,2.390625,444581.926165887,6202764.29380833,28.7943154624987,13.2736787323115,150.783386230469,786.932250976562,455.857604980469,923.041320800781,322.340026855469
"MULTIPOINT ((444731.82420043 6202769.82365825))",746,п3д,с.с.,морена,167.393951416016,0.300095707178116,252.84651184082,-0.000120377291750629,-0.000435972062405199,С2,-0.867111206054688,2.15776181221008,1.7203369140625,444731.82420043,6202769.82365825,5.52319726448294,11.6224576516151,11.9999017715454,685.304260253906,554.57470703125,1041.51245117188,322.340026855469
"MULTIPOINT ((444881.722234974 6202775.35350817))",747,п3д огл,с.с.,морена,168.944778442383,0.735694944858551,23.3696765899658,0.000247236894210801,7.89933474152349e-05,С2,0.508544921875,1.17618417739868,2.10279846191406,444881.722234974,6202775.35350817,22.3007053215913,13.0181190511627,82.364372253418,547.029113769531,503.511199951172,1188.73120117188,128.936004638672
"MULTIPOINT ((445031.620269516 6202780.88335809))",748,п3д огл,с.с.,морена,166.484451293945,0.535057365894318,35.133674621582,-0.000229242694331333,-0.000101701807579957,С2,-0.515853881835938,1.46240520477295,1.74891662597656,445031.620269516,6202780.88335809,51.7056933343403,13.8590686423983,35.9997062683105,451.276000976562,432.464508056641,1276.4013671875,0
"MULTIPOINT ((445181.518304059 6202786.41320801))",749,п3д огл,с.с.,морена,165.828048706055,1.24976181983948,351.013458251953,0.000298934930469841,1.33713383547729e-05,С2,0.487075805664062,1.44865274429321,2.81672668457031,445181.518304059,6202786.41320801,149.208791860917,14.9188473571412,91.9992523193359,322.340026855469,375.909820556641,1359.95397949219,128.936004638672
"MULTIPOINT ((445331.416338602 6202791.94305793))",750,п3д,с.с.,морена,160.01741027832,2.44253969192505,341.589050292969,0.000459845090517774,9.24977866816334e-05,С2,0.862945556640625,4.9418888092041,6.97134399414062,445331.416338602,6202791.94305793,47.2578385601356,14.0358787018859,91.9992523193359,128.936004638672,322.340026855469,1305.37756347656,322.340026855469
"MULTIPOINT ((445481.314373146 6202797.47290785))",751,п3д,с.с.,морена,157.266250610352,3.00923013687134,183.820297241211,-0.00128675228916109,0.000188989361049607,,-1.71882629394531,5.72432851791382,8.41438293457031,445481.314373146,6202797.47290785,2.81091192437261,10.5415339609549,23.9998035430908,0,347.170806884766,1240.06677246094,288.309661865234
"MULTIPOINT ((445631.212407688 6202803.00275777))",752,п3д огл,с.с.,далл,166.095291137695,1.33016800880432,193.684356689453,0.000571891374420375,0.000224213494220749,С3,1.24159240722656,1.12026762962341,3.41204833984375,445631.212407688,6202803.00275777,3.76269202683485,11.0338481332642,163.167297363281,128.936004638672,412.796630859375,1185.22985839844,257.872009277344
"MULTIPOINT ((445781.110442232 6202808.53260769))",753,п3д огл,с.с.,далл,165.210388183594,0.369433045387268,93.2964630126953,0.000299845734843984,7.84265921538463e-06,С3,0.479583740234375,1.44002747535706,1.25724792480469,445781.110442232,6202808.53260769,13.1396274367472,12.7558928255394,164.047424316406,322.340026855469,554.57470703125,1125.88525390625,257.872009277344
"MULTIPOINT ((445931.008476775 6202814.06245761))",754,п2д огл,л.с.,далл,164.61555480957,0.563946485519409,41.5318794250488,4.13611342082731e-05,9.16206263354979e-05,С3,0.207275390625,0.730407893657684,1.5015869140625,445931.008476775,6202814.06245761,27.4031656967759,13.2241592875248,121.654258728027,451.276000976562,663.738708496094,1103.51440429688,257.872009277344
"MULTIPOINT ((446080.906511318 6202819.59230753))",755,п2д,с.с.,морена,163.515243530273,0.188679531216621,348.897827148438,-6.09383387200069e-05,-6.92561370669864e-05,С3,-0.202926635742188,0.999123334884644,1.42596435546875,446080.906511318,6202819.59230753,1342.27814899429,17.1156243050075,0,580.212036132812,778.969848632812,1095.9560546875,257.872009277344
"MULTIPOINT ((446230.804545861 6202825.12215745))",756,п2д,с.с.,морена,164.308792114258,0.539894282817841,218.495178222656,-8.09421999292681e-06,5.69111653021537e-05,С3,0.076080322265625,0.520380854606628,1.46170043945312,446230.804545861,6202825.12215745,1.15031462341598,2.33746765545481,106.507347106934,773.616027832031,938.668273925781,1176.4306640625,322.340026855469
"MULTIPOINT ((446380.702580404 6202830.65200737))",757,п2д,с.с.,морена,165.118759155273,0.120849519968033,22.6356906890869,0.000234704260947183,-3.30216039401421e-06,С3,0.360641479492188,0.602408051490784,1.14079284667969,446380.702580404,6202830.65200737,6.37325336280663,11.7656108156255,130.2294921875,895.618103027344,1049.46301269531,1204.36169433594,322.340026855469
"MULTIPOINT ((446530.600614947 6202836.18185729))",758,п2д,с.с.,морена,162.965698242188,1.97368800640106,29.7683296203613,0.000186440636753105,-3.80677738576196e-05,В4,0.231719970703125,2.47072219848633,5.35499572753906,446530.600614947,6202836.18185729,12.0108135696006,12.3993081192393,75.999382019043,773.616027832031,1057.35388183594,1245.08386230469,322.340026855469
"MULTIPOINT ((446680.49864949 6202841.71170721))",759,п2д,с.с.,морена,160.58317565918,0.681240618228912,192.436752319336,-0.000468171085231006,1.38732184495893e-05,С2,-0.708206176757812,1.62736833095551,3.33306884765625,446680.49864949,6202841.71170721,340.614436215097,16.4373671761768,43.2662620544434,644.680053710938,958.3857421875,1297.39343261719,322.340026855469
"MULTIPOINT ((442927.517935994 6202853.36349375))",760,п3д,с.с.,морена,170.962280273438,0.535519182682037,349.669494628906,0.000113139307359233,-4.31732260040008e-05,,0.10906982421875,0.562735497951508,1.56964111328125,442927.517935994,6202853.36349375,47.7148796153737,13.7787440352986,200.477798461914,455.857604980469,386.808013916016,257.872009277344,0
"MULTIPOINT ((443077.415970537 6202858.89334367))",761,п3д,с.с.,морена,161.350845336914,4.18786954879761,347.792755126953,-0.0013315548421815,-0.00044043778325431,,-2.78030395507812,9.39275169372559,10.3251647949219,443077.415970537,6202858.89334367,46.4176257728557,13.7511799973216,63.9994773864746,347.170806884766,392.1435546875,64.4680023193359,64.4680023193359
"MULTIPOINT ((443227.31400508 6202864.42319359))",762,п3д,с.с.,морена,164.408721923828,4.24036359786987,172.80940246582,0.000176612389623187,-0.000552812649402767,С2,-0.58642578125,5.91131496429443,11.4823455810547,443227.31400508,6202864.42319359,10.3674036783004,12.0473800898188,65.6043472290039,322.340026855469,432.464508056641,64.4680023193359,91.1715240478516
"MULTIPOINT ((447955.842036332 6196010.85707132))",763,п1д,с.с.,морена,143.791610717773,1.10000514984131,182.864151000977,-0.000329092086758465,-0.00019553498714231,С2,-0.8179931640625,3.65469622612,3.83290100097656,447955.842036332,6196010.85707132,30.2684232015444,13.3236057749744,62.4814872741699,904.851501464844,815.462890625,634.936218261719,0
"MULTIPOINT ((443377.212039623 6202869.95304351))",764,п3д,с.с.,морена,170.678131103516,0.862155258655548,219.391189575195,0.000276449572993442,-0.000114038790343329,,0.25323486328125,2.77396512031555,3.24114990234375,443377.212039623,6202869.95304351,6.08413246577115,11.7191848913951,162.82373046875,347.170806884766,503.511199951172,182.343048095703,0
"MULTIPOINT ((448105.624847982 6196002.7880358))",765,п1д,с.с.,морена,145.474105834961,0.711843729019165,263.254821777344,-9.86701998044737e-05,-0.000280967564322054,С2,-0.591751098632812,2.07422542572021,2.14509582519531,448105.624847982,6196002.7880358,230.321521490214,15.3529769966919,48.1659851074219,938.668273925781,895.618103027344,583.782592773438,144.154830932617
"MULTIPOINT ((443527.110074166 6202875.48289343))",766,п2д,с.с.,морена,169.643112182617,0.859656631946564,21.2875556945801,-0.000100093129731249,7.53231506678276e-05,С2,-0.0386505126953125,1.41397130489349,2.89131164550781,443527.110074166,6202875.48289343,74.6092204759301,14.4925242646977,72.4424896240234,347.170806884766,644.680053710938,347.170806884766,64.4680023193359
"MULTIPOINT ((448255.407659632 6195994.71900027))",767,п1д,с.с.,морена,146.507369995117,0.492821246385574,270.616271972656,-6.00374769419432e-05,0.000152192689711228,С2,0.143630981445312,0.705064117908478,1.83743286132812,448255.407659632,6195994.71900027,9.77103408395143,12.1929230476587,157.173782348633,981.947387695312,967.02001953125,580.212036132812,64.4680023193359
"MULTIPOINT ((443677.008108709 6202881.01274335))",768,п2д,с.с.,морена,168.252899169922,0.237366750836372,22.7329864501953,-0.000173418578924611,8.64459943841211e-05,С2,-0.13555908203125,0.666326582431793,1.16958618164062,443677.008108709,6202881.01274335,1.73906552721025,10.4668486600601,14.4220876693726,322.340026855469,644.680053710938,328.723602294922,64.4680023193359
"MULTIPOINT ((448405.190471281 6195986.64996475))",769,п1д,с.с.,морена,145.584457397461,0.541922986507416,302.914733886719,0.000124523867270909,-0.000183454423677176,С2,-0.0918426513671875,0.953369736671448,2.08195495605469,448405.190471281,6195986.64996475,17.0251904247486,12.7481947814062,135.350296020508,958.3857421875,1002.88671875,531.616760253906,0
"MULTIPOINT ((443826.906143252 6202886.54259327))",770,п2д,с.с.,морена,168.399276733398,1.28877544403076,145.172409057617,-0.000306001980789006,-7.074872701196e-05,С2,-0.587570190429688,1.92505049705505,4.32073974609375,443826.906143252,6202886.54259327,67.3753747501966,14.3905397576214,108.810882568359,407.7314453125,594.365600585938,265.808380126953,64.4680023193359
"MULTIPOINT ((448554.973282931 6195978.58092923))",771,п1д,с.с.,морена,145.93327331543,1.51344215869904,333.543792724609,0.000359699741238728,0.000263263267697766,С2,0.971649169921875,1.77227163314819,4.29310607910156,448554.973282931,6195978.58092923,10.6250568126201,12.2767158062922,160.995574951172,1039.51525878906,1147.82006835938,608.189880371094,144.154830932617
"MULTIPOINT ((443976.804177795 6202892.07244319))",772,п3д,с.с.,морена,171.64306640625,0.694197475910187,105.62752532959,0.000212629180168733,-0.000259883148828521,С2,-0.0736083984375,1.7974020242691,2.37266540527344,443976.804177795,6202892.07244319,90.0005462052817,15.1064317634461,206.182708740234,503.511199951172,490.973693847656,364.686096191406,257.872009277344
"MULTIPOINT ((448854.538906231 6195962.44285818))",773,п1д,с.с.,морена,139.899917602539,2.90945100784302,246.889434814453,8.76239064382389e-05,-4.03058220399544e-06,В3,0.13079833984375,3.32414054870605,7.86100769042969,448854.538906231,6195962.44285818,27.6315691158692,13.2324596720444,73.4296340942383,958.3857421875,1359.95397949219,776.297546386719,144.154830932617
"MULTIPOINT ((444126.702212338 6202897.60229311))",774,п3д,с.с.,морена,173.582885742188,0.578770279884338,105.999053955078,0.000333648436935619,0.000404203572543338,С2,1.15008544921875,3.00867891311646,2.59944152832031,444126.702212338,6202897.60229311,4.24756764452122,11.359847244589,247.997970581055,594.365600585938,455.857604980469,464.885375976562,257.872009277344
"MULTIPOINT ((449004.321717881 6195954.37382266))",775,п1д,с.с.,морена,141.313095092773,1.25900518894196,193.336227416992,-0.000176191300852224,-0.000243156260694377,,-0.65386962890625,1.49080574512482,3.66755676269531,449004.321717881,6195954.37382266,48.4106760348958,6.25739885836393,16.4922866821289,820.543762207031,1528.31323242188,929.770751953125,144.154830932617
"MULTIPOINT ((444276.600246881 6202903.13214303))",776,п3д,с.с.,морена,172.805313110352,0.955805003643036,34.2887725830078,0.000296832004096359,0.000472484476631507,С2,1.19931030273438,3.26362085342407,2.72708129882812,444276.600246881,6202903.13214303,5.35060347725836,11.3859228214931,144.884979248047,697.328063964844,451.276000976562,576.619323730469,288.309661865234
"MULTIPOINT ((449154.10452953 6195946.30478713))",777,п1д,с.с.,морена,143.601272583008,0.36995130777359,341.675140380859,0.000358523684553802,-0.000165114572155289,В4,0.301467895507812,1.83369100093842,1.97929382324219,449154.10452953,6195946.30478713,28.6828158730878,13.2697989378024,11.9999017715454,735.04833984375,1643.61804199219,1039.51525878906,91.1715240478516
"MULTIPOINT ((444426.498281424 6202908.66199295))",778,п3д,с.с.,морена,168.46907043457,0.523711264133453,188.920333862305,-0.00021326044225134,-0.00038262119051069,С2,-0.92877197265625,2.49119067192078,1.88626098632812,444426.498281424,6202908.66199295,97.0082690112435,8.48743653167327,3.99996733665466,820.543762207031,490.973693847656,754.57861328125,375.909820556641
"MULTIPOINT ((448097.555812458 6195853.00522415))",779,п1д,с.с.,морена,146.567810058594,0.861456573009491,308.854187011719,0.000316518533509225,0.000834576843772084,С2,1.79435729980469,5.19515132904053,4.36029052734375,448097.555812458,6195853.00522415,2.16066904929521,2.10349406898468,3.99996733665466,735.04833984375,697.328063964844,407.7314453125,0
"MULTIPOINT ((444576.396315967 6202914.19184287))",780,п3д,с.с.,морена,170.229629516602,0.318722993135452,304.4296875,0.000212130442378111,4.63342112198006e-05,С2,0.402847290039062,1.16278600692749,1.93637084960938,444576.396315967,6202914.19184287,2.90774002502125,10.9808769001768,151.998764038086,720.774169921875,554.57470703125,876.859680175781,328.723602294922
"MULTIPOINT ((448247.338624108 6195844.93618862))",781,п1д,с.с.,морена,145.038375854492,0.627122938632965,215.569152832031,3.04648729070323e-05,7.59621627821616e-07,С2,0.0486907958984375,0.872891962528229,1.84228515625,448247.338624108,6195844.93618862,49.4448294549948,13.8143582359558,121.851379394531,797.425170898438,820.543762207031,386.808013916016,128.936004638672
"MULTIPOINT ((444726.29435051 6202919.72169279))",782,п3д,с.с.,морена,169.128143310547,0.622781038284302,300.756439208984,-6.5475237533974e-06,4.90958991576917e-05,С2,0.066314697265625,0.900050282478333,2.15217590332031,444726.29435051,6202919.72169279,52.7523189427842,13.8791084768164,87.7261352539062,608.189880371094,554.57470703125,967.02001953125,288.309661865234
"MULTIPOINT ((448397.121435758 6195836.8671531))",783,п1д,с.с.,морена,144.467849731445,1.07196092605591,349.285583496094,0.000211974678677507,-0.000264273752691224,С3,-0.0814056396484375,2.081547498703,3.69329833984375,448397.121435758,6195836.8671531,46.1455855150095,13.7453020456534,75.4712295532227,838.084045410156,916.262451171875,407.7314453125,64.4680023193359
"MULTIPOINT ((444876.192385053 6202925.25154271))",784,п3д огл,с.с.,морена,168.39436340332,0.286046802997589,331.183715820312,-2.04322059289552e-05,-0.000147806349559687,С2,-0.262222290039062,1.06842219829559,1.272216796875,444876.192385053,6202925.25154271,108.251508388901,7.69332509684192,35.9997062683105,503.511199951172,455.857604980469,1049.46301269531,193.404006958008
"MULTIPOINT ((448600.974399881 6195833.06558021))",785,п1д,с.с.,морена,144.413650512695,0.543520987033844,305.802734375,0.000112170404463541,0.000394477043300867,С3,0.789688110351562,2.26157569885254,2.56671142578125,448600.974399881,6195833.06558021,3.28453935745178,11.1027271604878,61.0568504333496,923.041320800781,1072.96130371094,503.511199951172,91.1715240478516
"MULTIPOINT ((445026.090419596 6202930.78139263))",786,п3д огл,с.с.,морена,166.49641418457,0.447581976652145,336.961486816406,-0.000193201514775865,-3.5678251151694e-05,С2,-0.35675048828125,1.12852668762207,1.49618530273438,445026.090419596,6202930.78139263,12.6764198917255,12.4532443106448,47.9996070861816,364.686096191406,322.340026855469,1188.73120117188,0
"MULTIPOINT ((449146.035494007 6195796.52197548))",787,п1д,с.с.,морена,145.83772277832,1.22431027889252,77.5966644287109,0.000411971413996071,0.000121064265840687,В3,0.831253051757812,2.23866152763367,3.75485229492188,449146.035494007,6195796.52197548,19.2825256405003,13.1394594448068,131.998916625977,638.20068359375,1592.2421875,981.947387695312,64.4680023193359
"MULTIPOINT ((445175.988454139 6202936.31124255))",788,п3д огл,с.с.,морена,166.292678833008,1.4479945898056,19.5714836120605,0.000534539925865829,0.000264286267338321,С2,1.24594116210938,2.94441199302673,4.08616638183594,445175.988454139,6202936.31124255,10.6641331276853,12.2803868110658,39.9996719360352,273.514556884766,265.808380126953,1231.65942382812,128.936004638672
"MULTIPOINT ((445325.886488682 6202941.84109247))",789,п3д,с.с.,морена,161.777465820312,1.45271039009094,22.4456806182861,-9.27957298699766e-05,0.000167843798408285,С2,0.116912841796875,2.13616347312927,4.81312561035156,445325.886488682,6202941.84109247,32.5598831469232,5.87949047871224,28.2840404510498,182.343048095703,203.86572265625,1224.89208984375,257.872009277344
"MULTIPOINT ((445475.784523225 6202947.37094239))",790,п3д,с.с.,морена,156.055450439453,2.95496964454651,174.840957641602,-0.00159675744362175,-0.000208146404474974,,-2.82341003417969,7.86862230300903,8.39192199707031,445475.784523225,6202947.37094239,65.3440355842692,14.0931669115362,11.3136157989502,0,232.442687988281,1226.58740234375,407.7314453125
"MULTIPOINT ((449635.729106574 6196521.22892716))",791,п1д огл,с.с.,далл,155.642837524414,0.933481395244598,190.508666992188,0.000236380146816373,0.000176974703208543,С2,0.644424438476562,2.68512654304504,3.66262817382812,449635.729106574,6196521.22892716,27.1089890569496,13.2133661168299,15.9998693466187,1160.42407226562,1874.01281738281,1741.82958984375,64.4680023193359
"MULTIPOINT ((445625.682557768 6202952.90079231))",792,п3д огл,с.с.,далл,164.164993286133,0.777390003204346,135.204238891602,-5.96729587414302e-05,0.000190499224117957,С3,0.203903198242188,2.490234375,2.76203918457031,445625.682557768,6202952.90079231,7.87783352557119,12.2443130990182,158.491607666016,128.936004638672,288.309661865234,1176.4306640625,451.276000976562
"MULTIPOINT ((449785.511918224 6196513.15989164))",793,п1д огл,с.с.,далл,156.121810913086,0.252102881669998,224.451889038086,3.4804437746061e-05,3.18127276841551e-05,С2,0.103836059570312,1.12234389781952,0.810806274414062,449785.511918224,6196513.15989164,27.298280817717,13.2203244709239,76.4192657470703,1176.4306640625,1753.71936035156,1795.87072753906,257.872009277344
"MULTIPOINT ((445775.580592311 6202958.43064223))",794,п3д огл,с.с.,далл,163.16227722168,0.909950256347656,10.2658796310425,3.85816601919942e-05,-0.000203949253773317,С3,-0.25775146484375,1.39130532741547,3.59169006347656,445775.580592311,6202958.43064223,34.0802581656025,5.59830582286318,52.6113548278809,257.872009277344,407.7314453125,1204.36169433594,451.276000976562
"MULTIPOINT ((449935.294729874 6196505.09085611))",795,п1д огл,с.с.,далл,155.716857910156,0.174184560775757,287.765594482422,4.90135353174992e-05,-0.000167918551596813,С2,-0.185317993164062,1.3256710767746,1.38243103027344,449935.294729874,6196505.09085611,28.162168342631,13.251480273555,27.9997711181641,1204.36169433594,1681.11975097656,1676.16809082031,386.808013916016
"MULTIPOINT ((445925.478626854 6202963.96049215))",796,п2д огл,л.с.,далл,162.74560546875,0.757967829704285,158.778305053711,6.70426452415995e-05,-0.000139092866447754,С3,-0.112289428710938,1.12012827396393,2.037841796875,445925.478626854,6202963.96049215,6.954182465373,11.8528440165763,39.9996719360352,451.276000976562,594.365600585938,1269.87243652344,451.276000976562
"MULTIPOINT ((450085.077541523 6196497.02182059))",797,п1д огл,с.с.,далл,156.359832763672,0.35325899720192,105.475852966309,-4.04857928515412e-05,-3.3325661206618e-05,С2,-0.11505126953125,1.74647641181946,1.17384338378906,450085.077541523,6196497.02182059,27.8749708680859,13.2412299291145,72.9925537109375,1185.22985839844,1672.44458007812,1532.38684082031,469.334136962891
"MULTIPOINT ((446075.376661397 6202969.49034207))",798,п2д,с.с.,морена,164.04817199707,0.0729775726795197,335.707397460938,0.000184201446245424,7.41019321139902e-05,С3,0.402572631835938,1.27037227153778,1.3280029296875,446075.376661397,6202969.49034207,2.67314097813968,10.6919676447662,43.0809669494629,580.212036132812,720.774169921875,1289.36010742188,451.276000976562
"MULTIPOINT ((450234.860353173 6196488.95278507))",799,п1д огл,с.с.,далл,152.895172119141,2.5571653842926,325.503936767578,0.000409887754358351,-0.000226432544877753,С2,0.2874755859375,1.38752388954163,7.77291870117188,450234.860353173,6196488.95278507,51.4593571133718,13.8542930582627,175.361053466797,1271.5078125,1592.2421875,1355.36218261719,407.7314453125
"MULTIPOINT ((446225.27469594 6202975.02019199))",800,п2д,с.с.,морена,163.359466552734,0.681541860103607,111.816703796387,2.95094669127138e-05,-0.00014310066762846,С3,-0.177047729492188,1.01355743408203,2.22064208984375,446225.27469594,6202975.02019199,131.675921695923,14.79384450955,56.1422157287598,709.148010253906,820.543762207031,1295.79077148438,451.276000976562
"MULTIPOINT ((447830.266331253 6196468.27454179))",801,п1д,с.с.,морена,147.462020874023,1.80753040313721,188.255294799805,0.000462029973277822,0.000686175480950624,,1.79115295410156,4.51875257492065,6.31332397460938,447830.266331253,6196468.27454179,3.35824013318189,11.1249178112993,105.222709655762,1353.82800292969,1231.65942382812,697.328063964844,0
"MULTIPOINT ((446375.172730483 6202980.55004191))",802,п2д,с.с.,морена,165.013076782227,0.977292120456696,56.7477951049805,0.000384074868634343,0.000390861911000684,С3,1.20814514160156,2.64550685882568,3.19755554199219,446375.172730483,6202980.55004191,8.10345203811706,12.0057908928617,156.868087768555,902.552001953125,967.02001953125,1329.04187011719,451.276000976562
"MULTIPOINT ((447980.049142903 6196460.20550627))",803,п1д,с.с.,морена,143.555068969727,1.76922070980072,311.955657958984,-0.000883580418303609,-0.000607347465120256,,-2.32611083984375,7.66529369354248,6.4615478515625,447980.049142903,6196460.20550627,49.2339812260755,13.8100848048444,11.9999017715454,1359.95397949219,1266.59533691406,820.543762207031,128.936004638672
"MULTIPOINT ((446525.070765026 6202986.07989183))",804,п1д,с.с.,морена,160.589431762695,1.63163411617279,19.7957458496094,-0.000423402962042019,-1.0104859029525e-05,В4,-0.676437377929688,2.24011468887329,4.42465209960938,446525.070765026,6202986.07989183,15.2419649669812,12.4327659442474,34.4090194702148,784.287109375,984.061340332031,1366.05249023438,451.276000976562
"MULTIPOINT ((448129.831954552 6196452.13647075))",805,п1д,с.с.,морена,143.983261108398,0.844884514808655,247.161956787109,-0.00110044120810926,0.000115855618787464,,-1.53506469726562,5.76043367385864,5.05157470703125,448129.831954552,6196452.13647075,101.568726344338,14.5342364206151,7.99993467330933,1378.16845703125,1305.37756347656,916.262451171875,182.343048095703
"MULTIPOINT ((446674.96879957 6202991.60974175))",806,п1д,с.с.,морена,162.078674316406,1.70069682598114,191.790573120117,0.000196782450075261,9.28602166823111e-05,С2,0.451889038085938,3.19105577468872,4.16061401367188,446674.96879957,6202991.60974175,35.8073420298971,13.4916537014396,59.99951171875,657.447204589844,876.859680175781,1413.89367675781,451.276000976562
"MULTIPOINT ((448279.614766202 6196444.06743522))",807,п1д,с.с.,морена,144.197219848633,0.891051709651947,241.856079101562,-0.0010370051022619,-0.000245996925514191,,-2.00025939941406,6.37689876556396,4.54116821289062,448279.614766202,6196444.06743522,3497.0082893328,18.073163851899,0,1408.00244140625,1355.36218261719,1019.32861328125,232.442687988281
"MULTIPOINT ((446824.866834113 6202997.13959167))",808,п2д,с.с.,морена,164.034255981445,0.831124842166901,28.6758422851562,0.000149126964970492,2.43917043007968e-06,С2,0.236297607421875,1.14966952800751,2.16343688964844,446824.866834113,6202997.13959167,8.06641148320672,12.0012094541068,173.664932250977,469.334136962891,729.372192382812,1503.63928222656,392.1435546875
"MULTIPOINT ((448429.397577852 6196435.9983997))",809,п1д,с.с.,морена,145.395431518555,1.28674161434174,106.284713745117,8.98287398740649e-05,-0.000276869221124798,,-0.29150390625,4.76140594482422,3.85102844238281,448429.397577852,6196435.9983997,130.356992149958,6.82337435722039,3.99996733665466,1408.00244140625,1394.65612792969,986.170776367188,322.340026855469
"MULTIPOINT ((446974.764868656 6203002.66944159))",810,п2д,с.с.,морена,160.622741699219,0.405116677284241,342.160491943359,-0.000653162656817585,-0.000279820756986737,В4,-1.45419311523438,3.1309072971344,2.83879089355469,446974.764868656,6203002.66944159,78.0029911352774,14.2702479182684,27.9997711181641,347.170806884766,644.680053710938,1573.86450195312,347.170806884766
"MULTIPOINT ((448579.180389502 6196427.92936418))",811,п1д,с.с.,морена,148.548965454102,1.60714936256409,143.765625,0.000365750689525157,9.60116813075729e-05,,0.720413208007812,5.36871242523193,4.74168395996094,448579.180389502,6196427.92936418,31.166975308619,13.3528597949537,11.9999017715454,1448.73815917969,1470.0966796875,1019.32861328125,412.796630859375
"MULTIPOINT ((447124.662903199 6203008.19929151))",812,п2д,с.с.,морена,164.317810058594,1.19729363918304,189.407241821289,0.000495592714287341,-7.22776985639939e-06,С2,0.761642456054688,2.62698817253113,3.51792907714844,447124.662903199,6203008.19929151,41.7735015282278,13.6457629482036,119.9990234375,232.442687988281,576.619323730469,1651.1865234375,288.309661865234
"MULTIPOINT ((448728.963201152 6196419.86032865))",813,п1д,с.с.,морена,149.323089599609,1.36769485473633,270.514190673828,2.97177757602185e-05,3.26867229887284e-05,,0.097320556640625,2.94387817382812,7.42196655273438,448728.963201152,6196419.86032865,7.24865345836052,11.8943164661612,118.79296875,1370.60852050781,1552.59509277344,1067.13537597656,519.757629394531
"MULTIPOINT ((447274.560937742 6203013.72914143))",814,п2д,с.с.,морена,163.763809204102,0.677606165409088,216.889999389648,-6.13480879110284e-05,-0.000312140153255314,В3,-0.5821533203125,2.04526615142822,2.22755432128906,447274.560937742,6203013.72914143,47.9351345198345,6.60120634573983,39.3951110839844,128.936004638672,519.757629394531,1778.42907714844,265.808380126953
"MULTIPOINT ((448878.746012801 6196411.79129313))",815,п1д,с.с.,морена,145.282745361328,2.28224587440491,267.673004150391,-0.000182977251824923,-0.000947326945606619,,-1.76347351074219,4.85337162017822,8.70906066894531,448878.746012801,6196411.79129313,2109.46173768502,17.5676888377291,0,1251.7421875,1687.2890625,1162.21337890625,547.029113769531
"MULTIPOINT ((447424.458972285 6203019.25899135))",816,п2д,с.с.,морена,163.751205444336,0.615043461322784,11.4162788391113,-7.37618101993576e-05,-0.000282800872810185,С2,-0.555770874023438,1.67724192142487,1.87728881835938,447424.458972285,6203019.25899135,63.8832555600372,14.0705580301566,84.8521194458008,232.442687988281,451.276000976562,1914.60192871094,232.442687988281
"MULTIPOINT ((449028.528824451 6196403.7222576))",817,п1д,с.с.,морена,149.161880493164,2.62896466255188,244.288208007812,-7.31370018911548e-05,0.00023437844356522,,0.251312255859375,3.01812624931335,7.23255920410156,449028.528824451,6196403.7222576,22.4254999278006,12.8189121684798,93.636833190918,1183.47521972656,1783.09692382812,1238.38989257812,464.885375976562
"MULTIPOINT ((449178.311636101 6196395.65322208))",818,п1д огл,с.с.,далл,152.699890136719,2.2769410610199,223.836639404297,0.000397757743485272,2.75783695542486e-05,,0.6644287109375,2.83458757400513,7.57223510742188,449178.311636101,6196395.65322208,43.6078725617862,13.688738441825,111.999084472656,1125.88525390625,1882.86303710938,1322.77282714844,375.909820556641
"MULTIPOINT ((446907.814582915 6200748.66907353))",819,п2д огл,л.с.,далл,160.235244750977,0.833567559719086,288.346313476562,-3.68340151908342e-05,9.79381875367835e-05,С2,0.0952301025390625,1.39025640487671,2.41241455078125,446907.814582915,6200748.66907353,1.54857069738154,9.80372053203803,101.19206237793,322.340026855469,2076.02978515625,815.462890625,91.1715240478516
"MULTIPOINT ((446608.018513829 6200737.60937369))",820,п3д огл,л.с.,далл,158.496231079102,0.190523892641068,227.612838745117,1.69899667525897e-05,-0.000369822868378833,С2,-0.549896240234375,2.87469720840454,3.0645751953125,446608.018513829,6200737.60937369,75.9811678296776,14.243986262292,39.9996719360352,0,1825.70837402344,576.619323730469,64.4680023193359
"MULTIPOINT ((447207.610652001 6200759.72877337))",821,п2д огл,л.с.,далл,161.170303344727,0.981714725494385,335.555297851562,0.000228399250772782,5.98516307945829e-05,В3,0.449417114257812,1.10952246189117,3.81729125976562,447207.610652001,6200759.72877337,10.5125877361183,5.12285805458177,134.162979125977,193.404006958008,1934.0400390625,554.57470703125,232.442687988281
"MULTIPOINT ((447057.712617458 6200754.19892345))",822,п2д огл,л.с.,далл,160.436401367188,0.960602879524231,242.394088745117,-3.93802947655786e-05,0.000138849864015356,С2,0.155029296875,1.53741526603699,3.1055908203125,447057.712617458,6200754.19892345,30.2252658919063,13.5889383598002,68.8180389404297,322.340026855469,2128.42065429688,694.341613769531,144.154830932617
"MULTIPOINT ((447507.406721087 6200770.78847321))",823,п2д огл,л.с.,далл,159.378952026367,1.88982141017914,218.259353637695,0.000185507233254611,-0.000142273434903473,С2,0.0677337646484375,2.1117570400238,6.589599609375,447507.406721087,6200770.78847321,31.1426498780475,13.3520790028455,105.222709655762,64.4680023193359,1676.16809082031,375.909820556641,203.86572265625
"MULTIPOINT ((447357.508686544 6200765.25862329))",824,п2д огл,л.с.,далл,158.673065185547,1.93322658538818,297.808380126953,0.000259095657384023,-0.000170008061104454,В3,0.139389038085938,1.35575687885284,5.78825378417969,447357.508686544,6200765.25862329,71.0930919659519,14.1774909171048,29.1202011108398,64.4680023193359,1805.10400390625,455.857604980469,193.404006958008
"MULTIPOINT ((447807.202790173 6200781.84817305))",825,п3д,с.с.,далл,162.290985107422,0.386396646499634,223.889083862305,0.000445387529907748,0.000518460350576788,С2,1.50227355957031,3.85298085212708,2.52253723144531,447807.202790173,6200781.84817305,1.99042399982715,10.39706114874,96.7462997436523,386.808013916016,1353.82800292969,328.723602294922,182.343048095703
"MULTIPOINT ((447657.30475563 6200776.31832313))",826,п3д,с.с.,далл,158.909744262695,0.750596821308136,276.979827880859,-3.27642483171076e-05,-0.00060653209220618,С3,-0.9964599609375,2.68140959739685,3.47026062011719,447657.30475563,6200776.31832313,67.8422153886618,14.1306853914592,56.1422157287598,257.872009277344,1482.76403808594,322.340026855469,128.936004638672
"MULTIPOINT ((448106.998859259 6200792.90787289))",827,п3д,с.с.,далл,163.420654296875,0.712678968906403,236.808959960938,-3.53126124537084e-05,5.60664238946629e-06,С2,-0.0463104248046875,2.14007878303528,2.13720703125,448106.998859259,6200792.90787289,34.6776206932689,13.4595952865241,107.330383300781,455.857604980469,1031.48803710938,455.857604980469,193.404006958008
"MULTIPOINT ((447957.100824716 6200787.37802297))",828,п3д,с.с.,далл,159.377578735352,1.7347469329834,187.33805847168,-0.00150495884008706,-0.000115044778794982,В4,-2.52818298339844,9.68293762207031,5.91044616699219,447957.100824716,6200787.37802297,29.4038906173214,13.2946277439377,47.9996070861816,392.1435546875,1224.89208984375,375.909820556641,288.309661865234
"MULTIPOINT ((444514.975880147 6200510.29344026))",829,п3д,с.с.,морена,164.922058105469,1.3893129825592,198.229705810547,-0.000331611488945782,0.000131195047288202,С2,-0.312759399414062,3.13308668136597,4.56402587890625,444514.975880147,6200510.29344026,11.6376999781235,12.3677505708233,172.045104980469,64.4680023193359,820.543762207031,322.340026855469,64.4680023193359
"MULTIPOINT ((448256.896893802 6200798.43772281))",830,п3д,с.с.,далл,163.430618286133,1.01518070697784,270.663055419922,6.10791830695234e-05,-0.000281091080978513,С2,-0.342926025390625,2.25610446929932,3.24461364746094,448256.896893802,6200798.43772281,69.9653400049489,14.1615007210651,24.3308525085449,490.973693847656,902.552001953125,490.973693847656,64.4680023193359
"MULTIPOINT ((444664.87391469 6200515.82329018))",831,п3д,с.с.,морена,167.790603637695,0.75771951675415,193.480819702148,-5.27138181496412e-05,-2.89116105705034e-05,С2,-0.12725830078125,2.09405541419983,2.24671936035156,444664.87391469,6200515.82329018,31.0196139867413,13.3481204580846,142.434783935547,193.404006958008,916.262451171875,412.796630859375,128.936004638672
"MULTIPOINT ((444814.771949233 6200521.3531401))",832,п3д,с.с.,морена,168.489273071289,0.649400413036346,56.3099746704102,-0.000116325376438908,0.000123649573652074,С2,0.0113983154296875,0.872727394104004,1.90751647949219,444814.771949233,6200521.3531401,52.5312487973504,14.5680242319016,125.537818908691,386.808013916016,1072.96130371094,576.619323730469,128.936004638672
"MULTIPOINT ((444964.669983776 6200526.88299002))",833,п3д,с.с.,морена,166.53759765625,1.5174742937088,12.6156282424927,0.000144663295941427,-5.43471032870002e-05,С2,0.140975952148438,0.58481639623642,4.12226867675781,444964.669983776,6200526.88299002,47.3678487018392,13.5666571685827,106.732444763184,515.744018554688,1049.46301269531,694.341613769531,128.936004638672
"MULTIPOINT ((445114.568018319 6200532.41283994))",834,п3д,с.с.,морена,161.630218505859,2.62978529930115,19.1407527923584,-1.44240320878453e-05,-8.49401476443745e-05,,-0.155075073242188,2.22139716148376,7.91748046875,445114.568018319,6200532.41283994,66.5440441813686,14.1113647913684,83.9993133544922,583.782592773438,1033.50073242188,644.680053710938,0
"MULTIPOINT ((445264.466052862 6200537.94268986))",835,п3д,с.с.,морена,160.513107299805,1.13325834274292,131.863418579102,0.000162846539751627,0.000180731352884322,,0.535675048828125,2.73389911651611,3.64570617675781,445264.466052862,6200537.94268986,26.05990290674,5.098993927968,63.9994773864746,392.1435546875,1033.50073242188,503.511199951172,91.1715240478516
"MULTIPOINT ((445414.364087405 6200543.47253978))",836,п3д,с.с.,морена,160.710784912109,0.569831907749176,78.387565612793,-1.56400565174408e-05,0.000135387657792307,,0.1866455078125,1.05841112136841,1.61280822753906,445414.364087405,6200543.47253978,5.20757884095493,11.3588285013831,127.560707092285,265.808380126953,1049.46301269531,432.464508056641,64.4680023193359
"MULTIPOINT ((445564.262121948 6200549.0023897))",837,п3д,с.с.,морена,159.393096923828,1.56652283668518,10.0295810699463,0.000388643151381984,-3.23774947901256e-05,,0.555923461914062,1.95466113090515,3.86878967285156,445564.262121948,6200549.0023897,72.108735523335,13.9868886628482,43.0809669494629,144.154830932617,1080.68054199219,392.1435546875,64.4680023193359
"MULTIPOINT ((445714.160156491 6200554.53223962))",838,п3д огл,с.с.,далл,154.111709594727,1.42153990268707,47.7836875915527,-0.000398091186070815,-0.000431884895078838,С5,-1.29432678222656,3.345947265625,5.32579040527344,445714.160156491,6200554.53223962,1,2.37639212113228,3.99996733665466,64.4680023193359,1125.88525390625,328.723602294922,128.936004638672
"MULTIPOINT ((445864.058191034 6200560.06208954))",839,п3д огл,с.с.,далл,160.877975463867,1.83416271209717,252.664001464844,0.000145373836858198,0.000793131010141224,С2,1.46369934082031,3.25301623344421,5.47348022460938,445864.058191034,6200560.06208954,12.0385717982938,12.4016165558663,68.3514709472656,128.936004638672,1216.37976074219,144.154830932617,232.442687988281
"MULTIPOINT ((446463.650329206 6200582.18148922))",840,п3д огл,л.с.,далл,157.521408081055,1.97134709358215,323.453216552734,0.000198515859665349,-0.000423980673076585,С2,-0.351242065429688,2.95364117622375,6.73054504394531,446463.650329206,6200582.18148922,530.894065782729,16.1880632462976,36.8778762817383,91.1715240478516,1643.61804199219,407.7314453125,64.4680023193359
"MULTIPOINT ((446013.956225577 6200565.59193946))",841,п3д огл,с.с.,далл,162.028762817383,1.26110327243805,223.126495361328,0.000136620306875557,-9.90088810794987e-05,С2,0.0587310791015625,2.83079266548157,5.57147216796875,446013.956225577,6200565.59193946,22.6947604679002,4.42866871540876,85.882942199707,265.808380126953,1341.49230957031,128.936004638672,128.936004638672
"MULTIPOINT ((447662.834605551 6200626.42028859))",842,п3д,с.с.,далл,153.999801635742,3.25692558288574,276.652069091797,0.00015656728646718,-0.000626826658844948,С3,-0.733322143554688,2.76602935791016,8.92878723144531,447662.834605551,6200626.42028859,62.2750548173085,14.0450616858196,43.999641418457,232.442687988281,1495.32409667969,128.936004638672,0
"MULTIPOINT ((447512.936571008 6200620.89043866))",843,п3д,с.с.,далл,157.161911010742,2.16432309150696,147.016510009766,0.000716238340828568,-0.000375298230210319,С2,0.533340454101562,6.05988025665283,8.86233520507812,447512.936571008,6200620.89043866,23.3102016114698,13.0623918465768,100.716606140137,64.4680023193359,1687.2890625,232.442687988281,64.4680023193359
"MULTIPOINT ((447962.630674637 6200637.47998843))",844,п2д,с.с.,далл,159.979049682617,2.83465695381165,192.935623168945,-0.00103886751458049,0.000389638007618487,С2,-1.01707458496094,7.46726846694946,9.01884460449219,447962.630674637,6200637.47998843,15.652201459424,12.664112319853,75.999382019043,265.808380126953,1231.65942382812,273.514556884766,257.872009277344
"MULTIPOINT ((447812.732640094 6200631.95013851))",845,п3д,с.с.,далл,159.66926574707,2.22372961044312,263.053405761719,0.000477813795441762,0.000344310101354495,С3,1.28340148925781,3.29747319221497,6.94279479980469,447812.732640094,6200631.95013851,5.5902610864113,2.71674654845458,28.2840404510498,257.872009277344,1359.95397949219,203.86572265625,128.936004638672
"MULTIPOINT ((448262.426743723 6200648.53968827))",846,п3д,с.с.,далл,162.107574462891,0.546272933483124,27.9315624237061,-0.0006265381234698,-0.000107475752884056,С2,-1.14413452148438,3.5552716255188,2.94111633300781,448262.426743723,6200648.53968827,21.6570682335604,12.988832622893,27.9997711181641,375.909820556641,911.715209960938,375.909820556641,64.4680023193359
"MULTIPOINT ((448112.52870918 6200643.00983835))",847,п3д,с.с.,далл,165.487686157227,1.14842975139618,126.664497375488,0.000490054255351424,0.000686246086843312,С2,1.83399963378906,6.79954671859741,3.72016906738281,448112.52870918,6200643.00983835,10.0931491811396,12.2253576392273,71.9994125366211,328.723602294922,1039.51525878906,328.723602294922,193.404006958008
"MULTIPOINT ((444520.505730067 6200360.39540572))",848,п3д,с.с.,морена,161.092788696289,1.58753168582916,201.109649658203,-0.000431917113019153,-0.00015035351680126,С2,-0.908355712890625,2.98422646522522,4.7274169921875,444520.505730067,6200360.39540572,216.613360302705,15.2916147590051,62.4814872741699,203.86572265625,911.715209960938,203.86572265625,64.4680023193359
"MULTIPOINT ((444670.40376461 6200365.92525564))",849,п3д,с.с.,морена,166.446655273438,2.44888544082642,200.904602050781,6.29983114777133e-05,-3.51484741258901e-05,С2,0.04364013671875,1.2201429605484,6.39053344726562,444670.40376461,6200365.92525564,25.1569121206313,13.1386334390216,190.072113037109,273.514556884766,938.668273925781,328.723602294922,182.343048095703
"MULTIPOINT ((444820.301799153 6200371.45510556))",850,п3д,с.с.,морена,170.615249633789,0.46736353635788,338.435455322266,0.000304077169857919,0.000126030063256621,С2,0.670394897460938,0.597666084766388,1.74064636230469,444820.301799153,6200371.45510556,11.176704651527,12.5940918366427,260.458984375,432.464508056641,897.935363769531,519.757629394531,322.340026855469
"MULTIPOINT ((444970.199833696 6200376.98495548))",851,п3д,с.с.,морена,167.470687866211,1.44108748435974,10.0561943054199,-0.000102531324955635,0.00021652971918229,В3,0.177627563476562,1.52312088012695,4.28312683105469,444970.199833696,6200376.98495548,8.48285135155881,10.0066916857554,159.297164916992,531.616760253906,923.041320800781,657.447204589844,182.343048095703
"MULTIPOINT ((445120.097868239 6200382.5148054))",852,п3д,с.с.,морена,162.878814697266,2.15213060379028,359.579406738281,-0.000409656728152186,0.000298932602163404,,-0.173583984375,2.1895968914032,5.83612060546875,445120.097868239,6200382.5148054,5.65150026314764,11.4406345106701,97.6516418457031,594.365600585938,904.851501464844,729.372192382812,64.4680023193359
"MULTIPOINT ((445269.995902782 6200388.04465532))",853,п3д,с.с.,морена,162.509979248047,0.733595430850983,114.209175109863,0.000177098598214798,0.00034632597817108,С2,0.815902709960938,2.68510246276855,3.03829956054688,445269.995902782,6200388.04465532,14.7518071614752,12.6048663391289,88.8136901855469,432.464508056641,904.851501464844,608.189880371094,128.936004638672
"MULTIPOINT ((445419.893937326 6200393.57450524))",854,п3д,с.с.,морена,161.396591186523,0.449201822280884,28.1435699462891,-2.86572012555553e-05,2.12540089705726e-05,С2,-0.01153564453125,0.698196113109589,2.00273132324219,445419.893937326,6200393.57450524,21.6663923335198,12.7524781426376,111.210601806641,322.340026855469,923.041320800781,550.814819335938,64.4680023193359
"MULTIPOINT ((445569.791971869 6200399.10435516))",855,п3д,с.с.,морена,160.273910522461,0.751930952072144,45.973804473877,0.000223061768338084,-0.000150898864376359,С2,0.112533569335938,1.87185859680176,3.85289001464844,445569.791971869,6200399.10435516,151.875797994226,14.9365638127899,34.1757354736328,193.404006958008,958.3857421875,455.857604980469,0
"MULTIPOINT ((445719.690006412 6200404.63420508))",856,п3д,с.с.,морена,154.735061645508,1.85333263874054,7.55277919769287,-0.000675058632623404,-0.000223232273128815,С2,-1.40187072753906,4.57873868942261,6.22233581542969,445719.690006412,6200404.63420508,15.4527205434791,12.6512858192247,27.9997711181641,0,1039.51525878906,265.808380126953,64.4680023193359
"MULTIPOINT ((447668.364455471 6200476.52225404))",857,п3д,с.с.,далл,146.36018371582,2.35633707046509,330.3095703125,-0.000863780791405588,-0.00111299252603203,,-3.08580017089844,6.11517858505249,6.63186645507812,447668.364455471,6200476.52225404,64.3132303653783,14.077266114463,35.9997062683105,128.936004638672,1517.39660644531,0,64.4680023193359
"MULTIPOINT ((445869.588040955 6200410.164055))",858,п3д,с.с.,морена,156.409683227539,1.61155593395233,219.170852661133,0.000460429408121854,-0.000262426707195118,,0.309280395507812,3.99934768676758,5.36199951171875,445869.588040955,6200410.164055,51.9082390987836,13.8629782714932,48.1659851074219,91.1715240478516,1109.1494140625,144.154830932617,144.154830932617
"MULTIPOINT ((447968.160524557 6200487.58195388))",859,п2д,с.с.,далл,154.568313598633,2.54790234565735,240.124313354492,2.47149273491232e-06,0.00020095071522519,С2,0.317367553710938,2.3400731086731,7.65495300292969,447968.160524557,6200487.58195388,487.329522089388,16.3692006972537,93.3801803588867,91.1715240478516,1266.59533691406,182.343048095703,257.872009277344
"MULTIPOINT ((447818.262490014 6200482.05210396))",860,п3д,с.с.,далл,149.49543762207,3.04367685317993,215.825836181641,-0.000159723102115095,-0.000211290069273673,С2,-0.579757690429688,2.44830560684204,8.63737487792969,447818.262490014,6200482.05210396,55.6256783451804,13.9321456798075,43.999641418457,64.4680023193359,1391.6728515625,64.4680023193359,182.343048095703
"MULTIPOINT ((448267.956593643 6200498.64165372))",861,п3д,с.с.,далл,160.954010009766,1.46844804286957,269.173187255859,0.000377066346118227,-0.000727578822989017,С2,-0.546096801757812,3.44862508773804,5.09669494628906,448267.956593643,6200498.64165372,36.2649796516364,13.5043532721391,31.9997386932373,232.442687988281,958.3857421875,203.86572265625,64.4680023193359
"MULTIPOINT ((448118.0585591 6200493.1118038))",862,п3д,с.с.,далл,165.767608642578,3.02682042121887,240.745635986328,0.00160142651293427,0.00162845884915441,С2,5.04795837402344,14.0630464553833,10.9283752441406,448118.0585591,6200493.1118038,11.2880943418026,12.337249316649,108.073165893555,144.154830932617,1080.68054199219,144.154830932617,193.404006958008
"MULTIPOINT ((444526.035579988 6200210.49737118))",863,пд пов огл,с.с.,морена,160.437973022461,1.34312558174133,199.652130126953,-0.000526672694832087,6.49341454845853e-05,С2,-0.72027587890625,4.53505897521973,4.59349060058594,444526.035579988,6200210.49737118,47.9050152965016,13.7827209468378,39.9996719360352,144.154830932617,784.287109375,193.404006958008,0
"MULTIPOINT ((444204.120111221 6200799.02980951))",864,п3д,с.с.,морена,167.722579956055,0.493894308805466,222.251037597656,0.000724388577509671,0.000417950708651915,С2,1.78054809570312,5.01054000854492,2.85226440429688,444204.120111221,6200799.02980951,2.71400512240692,10.911926193238,107.702415466309,128.936004638672,412.796630859375,531.616760253906,64.4680023193359
"MULTIPOINT ((444354.018145764 6200804.55965943))",865,п3д,с.с.,морена,163.954238891602,1.57142841815948,0.0226155836135149,-0.000300828891340643,-0.000194742562598549,С2,-0.77301025390625,3.7607364654541,5.05567932128906,444354.018145764,6200804.55965943,5670.24011294161,18.5564874882125,0,182.343048095703,503.511199951172,515.744018554688,64.4680023193359
"MULTIPOINT ((444503.916180307 6200810.08950935))",866,п3д,с.с.,морена,166.168701171875,1.04223084449768,222.206451416016,0.000497780391015112,0.000155595029355027,С2,1.01873779296875,3.50630378723145,4.02432250976562,444503.916180307,6200810.08950935,13.3882648314694,12.5078793088364,51.9995765686035,265.808380126953,663.738708496094,550.814819335938,64.4680023193359
"MULTIPOINT ((444653.81421485 6200815.61935927))",867,п3д,с.с.,морена,166.390228271484,0.903104066848755,147.433609008789,-0.000166515761520714,8.03545481176116e-06,С2,-0.247100830078125,1.18395590782166,2.50802612304688,444653.81421485,6200815.61935927,59.2586094732315,13.9954118214501,25.2980155944824,322.340026855469,778.969848632812,608.189880371094,128.936004638672
"MULTIPOINT ((444803.712249393 6200821.14920919))",868,п3д,с.с.,морена,168.994430541992,0.376125335693359,188.789413452148,0.000331653340253979,0.00018313129839953,С2,0.8023681640625,1.75180077552795,1.90673828125,444803.712249393,6200821.14920919,3.24838674464012,4.89181486074579,159.246932983398,412.796630859375,897.935363769531,685.304260253906,128.936004638672
"MULTIPOINT ((444953.610283936 6200826.67905911))",869,п3д,с.с.,морена,167.564361572266,1.61921226978302,330.672180175781,0.000119544441986363,4.76434506708756e-05,С2,0.260818481445312,1.24607670307159,4.41397094726562,444953.610283936,6200826.67905911,59.4881073293855,13.9992771601824,198.593444824219,608.189880371094,1063.23352050781,647.895385742188,128.936004638672
"MULTIPOINT ((445103.508318479 6200832.20890903))",870,п3д огл,с.с.,далл,163.372528076172,2.412428855896,344.525054931641,0.000189250073162839,0.000106419895018917,С2,0.461746215820312,1.58847749233246,6.64024353027344,445103.508318479,6200832.20890903,91.8567530805829,14.4337310763085,118.117622375488,519.757629394531,1188.73120117188,519.757629394531,0
"MULTIPOINT ((445253.406353022 6200837.73875895))",871,п3д огл,с.с.,далл,155.506301879883,2.62685251235962,332.810821533203,-0.000476094865007326,-0.000998571165837348,С2,-2.30233764648438,5.50386762619019,7.650634765625,445253.406353022,6200837.73875895,188.379631330335,15.1519599867655,34.1757354736328,412.796630859375,1314.89440917969,392.1435546875,91.1715240478516
"MULTIPOINT ((445403.304387565 6200843.26860887))",872,п3д огл,с.с.,далл,158.003158569336,0.399565488100052,160.834182739258,0.000220269081182778,-0.000718434108421206,,-0.776412963867188,5.51923513412476,5.17930603027344,445403.304387565,6200843.26860887,3.58492692709063,11.1902388353104,39.3951110839844,257.872009277344,1367.57287597656,203.86572265625,64.4680023193359
"MULTIPOINT ((445553.202422108 6200848.79845879))",873,п3д огл,с.с.,далл,158.997985839844,3.53583788871765,28.0043163299561,0.00141188851557672,0.000830805220175534,,3.51043701171875,14.0136890411377,10.4290466308594,445553.202422108,6200848.79845879,1.37041444321723,9.68150136464191,51.9995765686035,128.936004638672,1391.6728515625,91.1715240478516,0
"MULTIPOINT ((445703.100456651 6200854.32830871))",874,п3д,с.с.,морена,152.858245849609,4.25340414047241,198.141983032227,-0.00133676012046635,-0.000101778612588532,С3,-2.25978088378906,6.23629379272461,11.4285736083984,445703.100456651,6200854.32830871,21.8961770348095,12.9998128013896,43.0809669494629,0,1427.06005859375,91.1715240478516,64.4680023193359
"MULTIPOINT ((446002.896525737 6200865.38800855))",875,п2д огл,л.с.,далл,164.377319335938,1.14155352115631,260.256500244141,0.000441187323303893,-9.20923193916678e-05,С2,0.544464111328125,2.60055541992188,3.289794921875,446002.896525737,6200865.38800855,33.870484206535,13.4360447071833,59.0588111877441,322.340026855469,1559.27294921875,386.808013916016,91.1715240478516
"MULTIPOINT ((445852.998491194 6200859.85815863))",876,п3д огл,с.с.,далл,164.936248779297,1.48468637466431,283.316589355469,0.000122645506053232,0.000272129022050649,С2,0.6156005859375,2.61954927444458,4.28791809082031,445852.998491194,6200859.85815863,57.7770789350281,13.9700928832367,131.574005126953,193.404006958008,1499.48754882812,265.808380126953,64.4680023193359
"MULTIPOINT ((446302.692594823 6200876.44770839))",877,п2д,с.с.,далл,164.409027099609,0.564791321754456,25.9021320343018,0.000202424082090147,0.000282168824924156,С2,0.755325317382812,1.86473488807678,1.86311340332031,446302.692594823,6200876.44770839,4.28127731918537,11.1629648715906,144.884979248047,257.872009277344,1741.82958984375,464.885375976562,203.86572265625
"MULTIPOINT ((446152.79456028 6200870.91785847))",878,п2д,с.с.,далл,164.920227050781,0.0444288104772568,128.213577270508,0,0,С2,0.634796142578125,1.8785502910614,1.76783752441406,446152.79456028,6200870.91785847,6.85514622369309,11.6337131112003,184.692825317383,451.276000976562,1627.09887695312,392.1435546875,144.154830932617
"MULTIPOINT ((446602.488663909 6200887.50740823))",879,п3д,с.с.,далл,158.831573486328,0.772834241390228,224.082229614258,-0.000461787130916491,-0.000238273918512277,С2,-1.09130859375,3.52418541908264,2.86439514160156,446602.488663909,6200887.50740823,90.4136824740105,14.417896355172,19.9998359680176,0,1914.60192871094,644.680053710938,144.154830932617
"MULTIPOINT ((446452.590629366 6200881.97755831))",880,п3д огл,л.с.,далл,162.196395874023,1.59810853004456,1.04286599159241,0.000298689672490582,0.00019208001322113,С2,0.765548706054688,2.76700615882874,4.25184631347656,446452.590629366,6200881.97755831,15.1092569367382,12.6288083425813,7.99993467330933,128.936004638672,1825.70837402344,547.029113769531,232.442687988281
"MULTIPOINT ((446902.284732995 6200898.56710807))",881,п2д огл,л.с.,далл,161.27946472168,0.589561700820923,91.9429244995117,-1.38247651193524e-05,-0.000101485835330095,С2,-0.179733276367188,1.74316573143005,1.8817138671875,446902.284732995,6200898.56710807,16.8783606147037,12.7395331088952,115.446014404297,273.514556884766,2195.701171875,895.618103027344,265.808380126953
"MULTIPOINT ((446752.386698452 6200893.03725815))",882,п3д огл,л.с.,далл,160.644760131836,0.513068914413452,108.660980224609,-0.000345679087331519,-0.000128050378407352,С3,-0.7384033203125,3.43295788764954,1.91644287109375,446752.386698452,6200893.03725815,34.5128465581911,13.7215917849852,152.314208984375,193.404006958008,2098.92602539062,840.559875488281,203.86572265625
"MULTIPOINT ((447202.080802081 6200909.62680791))",883,п2д огл,л.с.,далл,160.143493652344,0.188453689217567,50.3312187194824,-0.000291673495667055,-0.000258873769780621,С2,-0.858062744140625,2.88983249664307,1.38037109375,447202.080802081,6200909.62680791,68.1751782112691,14.1355812871808,34.4090194702148,193.404006958008,1935.1142578125,638.20068359375,347.170806884766
"MULTIPOINT ((447052.182767538 6200904.09695799))",884,п2д огл,л.с.,далл,162.159286499023,0.385918885469437,115.250701904297,0.000205606003873982,0.000133872279548086,С2,0.529129028320312,1.28717243671417,1.37370300292969,447052.182767538,6200904.09695799,3.32606320977816,10.910502852793,180.398071289062,375.909820556641,2128.42065429688,786.932250976562,322.340026855469
"MULTIPOINT ((447501.876871167 6200920.68650775))",885,п2д огл,л.с.,далл,161.050811767578,1.30536580085754,193.849578857422,1.48944318425492e-05,9.44583298405632e-05,С3,0.170486450195312,2.01043033599854,3.30342102050781,447501.876871167,6200920.68650775,28.8479484624554,13.2755396243647,101.271087646484,64.4680023193359,1677.40734863281,490.973693847656,322.340026855469
"MULTIPOINT ((447351.978836624 6200915.15665783))",886,п2д огл,л.с.,далл,160.299743652344,0.650831580162048,353.330383300781,6.91915774950758e-05,-3.81572863261681e-05,С2,0.0483856201171875,1.74034941196442,1.67755126953125,447351.978836624,6200915.15665783,31.9569044987888,13.377889005151,28.2840404510498,64.4680023193359,1806.2548828125,554.57470703125,322.340026855469
"MULTIPOINT ((447801.672940253 6200931.74620759))",887,п3д,с.с.,далл,160.964874267578,0.798140704631805,130.181854248047,7.20968382665887e-05,9.56857329583727e-05,С3,0.26153564453125,1.63601350784302,2.34706115722656,447801.672940253,6200931.74620759,27.5620106383994,13.2299391428594,121.456817626953,375.909820556641,1355.36218261719,455.857604980469,288.309661865234
"MULTIPOINT ((447651.77490571 6200926.21635767))",888,п3д,с.с.,далл,160.923538208008,0.937854528427124,349.569854736328,-0.000239517787122168,0.000278756517218426,С2,0.0610504150390625,1.66781890392303,2.97267150878906,447651.77490571,6200926.21635767,5.23211000440389,11.8350748054931,167.139297485352,257.872009277344,1484.16479492188,451.276000976562,257.872009277344
"MULTIPOINT ((448101.469009339 6200942.80590743))",889,п3д,с.с.,далл,163.816635131836,0.748129367828369,223.855621337891,-0.000250822311500087,-0.000225445357500575,С2,-0.742416381835938,3.1596417427063,2.24087524414062,448101.469009339,6200942.80590743,36.4208991676882,11.0583605565392,71.2173919677734,576.619323730469,1033.50073242188,583.782592773438,193.404006958008
"MULTIPOINT ((447951.570974796 6200937.27605751))",890,п3д,с.с.,далл,161.372100830078,0.485667079687119,151.620147705078,-0.000263040827121586,0.000236965686781332,С2,-0.0406646728515625,2.73064064979553,3.71243286132812,447951.570974796,6200937.27605751,7.84265829537418,11.9730785896051,79.9993438720703,490.973693847656,1226.58740234375,490.973693847656,364.686096191406
"MULTIPOINT ((444359.547995684 6200654.66162488))",891,п3д,с.с.,морена,164.77799987793,1.10439133644104,329.941711425781,-3.75543677364476e-05,0.00053047260735184,,0.768356323242188,3.09716033935547,4.56459045410156,444359.547995684,6200654.66162488,15.2949390839922,4.30695055354654,3.99996733665466,182.343048095703,594.365600585938,386.808013916016,0
"MULTIPOINT ((448251.367043882 6200948.33575735))",892,п3д,с.с.,далл,164.983840942383,0.641999542713165,231.694869995117,-7.81086564529687e-05,-0.000193730447790585,С2,-0.4237060546875,2.23061990737915,1.93362426757812,448251.367043882,6200948.33575735,21.9475054942373,13.0021542325795,153.308898925781,611.59716796875,904.851501464844,611.59716796875,64.4680023193359
"MULTIPOINT ((444509.446030227 6200660.1914748))",893,п3д,с.с.,морена,163.760452270508,1.5288712978363,164.836868286133,-0.00029167637694627,-0.000418758951127529,С2,-1.10795593261719,3.85861039161682,4.46478271484375,444509.446030227,6200660.1914748,88.7226377130107,14.3990158177859,27.9997711181641,144.154830932617,735.04833984375,432.464508056641,0
"MULTIPOINT ((444659.34406477 6200665.72132473))",894,п3д,с.с.,морена,167.680465698242,0.838282406330109,145.181198120117,0.000114747708721552,5.07270051457454e-05,С2,0.257965087890625,0.811008155345917,2.61048889160156,444659.34406477,6200665.72132473,64.8732648837379,14.0859363400242,92.7785491943359,232.442687988281,840.559875488281,503.511199951172,0
"MULTIPOINT ((444809.242099313 6200671.25117464))",895,п3д,с.с.,морена,167.966979980469,0.0653640031814575,229.973922729492,-0.00012900035653729,1.3210044016887e-05,С2,-0.180465698242188,1.20380032062531,0.990615844726562,444809.242099313,6200671.25117464,41.3744072949041,13.6361632528218,71.2173919677734,347.170806884766,951.858642578125,594.365600585938,0
"MULTIPOINT ((444959.140133856 6200676.78102456))",896,п3д,с.с.,морена,165.602340698242,1.32035708427429,0.364057540893555,-0.000147028884384781,-0.000169000879395753,С2,-0.4927978515625,2.51929211616516,3.69087219238281,444959.140133856,6200676.78102456,212.325779613264,15.2716225358773,52.153190612793,531.616760253906,1125.88525390625,694.341613769531,0
"MULTIPOINT ((445109.038168399 6200682.31087449))",897,п3д,с.с.,морена,161.355880737305,2.92390131950378,351.319702148438,-1.0164861123485e-05,4.62744319520425e-05,,0.0563201904296875,2.67711329460144,7.58172607421875,445109.038168399,6200682.31087449,175.728317717409,15.082439897477,55.9995422363281,580.212036132812,1162.21337890625,576.619323730469,0
"MULTIPOINT ((445258.936202942 6200687.84072441))",898,п3д огл,с.с.,далл,157.518646240234,0.675264775753021,152.524765014648,-0.000669015862513334,0.000147135418956168,,-0.813568115234375,3.00616574287415,3.35267639160156,445258.936202942,6200687.84072441,5020.38532156049,19.1278779912097,0,451.276000976562,1160.42407226562,464.885375976562,64.4680023193359
"MULTIPOINT ((445408.834237485 6200693.37057433))",899,п3д огл,с.с.,далл,160.181213378906,0.420940071344376,234.510223388672,-0.000180597970029339,7.56836161599495e-05,,-0.163543701171875,2.51926231384277,2.69003295898438,445408.834237485,6200693.37057433,5.81727121551405,3.94757920715837,111.210601806641,257.872009277344,1176.4306640625,322.340026855469,0
"MULTIPOINT ((445558.732272028 6200698.90042425))",900,п3д огл,с.с.,далл,159.654769897461,3.41909623146057,0.706615328788757,0.00110592949204147,0.000116695249744225,,1.91506958007812,6.21939086914062,9.2510986328125,445558.732272028,6200698.90042425,24.0664826017843,13.094320853502,106.281768798828,128.936004638672,1266.59533691406,203.86572265625,64.4680023193359
"MULTIPOINT ((445708.630306571 6200704.43027417))",901,п3д,с.с.,морена,149.969940185547,1.41311514377594,192.289154052734,-0.00231375801376998,-0.000158947805175558,С3,-3.85720825195312,8.64548206329346,8.086669921875,445708.630306571,6200704.43027417,104037.913573433,21.4660114097066,0,0,1305.37756347656,203.86572265625,64.4680023193359
"MULTIPOINT ((445858.528341114 6200709.96012409))",902,п3д огл,с.с.,далл,162.254333496094,0.681601881980896,233.362243652344,0.00014022113464307,0.000144820587593131,С2,0.444305419921875,1.76841509342194,2.86976623535156,445858.528341114,6200709.96012409,8.74248839569002,12.0816956070358,39.59765625,193.404006958008,1384.18676757812,288.309661865234,64.4680023193359
"MULTIPOINT ((446158.3244102 6200721.01982393))",903,п2д,с.с.,далл,164.434951782227,0.859664559364319,194.898452758789,0.000440328381955624,-8.67977814777987e-06,С2,0.672988891601562,2.4406373500824,2.34371948242188,446158.3244102,6200721.01982393,37.969815569576,13.5502922613909,177.627380371094,432.464508056641,1521.49951171875,265.808380126953,64.4680023193359
"MULTIPOINT ((446008.426375657 6200715.48997401))",904,п3д огл,с.с.,далл,161.332580566406,0.282699525356293,187.522171020508,-0.00030042786966078,-0.000294177356408909,С2,-0.9267578125,1.47408163547516,1.81980895996094,446008.426375657,6200715.48997401,78.8222730797111,14.2806963546466,31.240743637085,322.340026855469,1448.73815917969,257.872009277344,0
"MULTIPOINT ((446458.120479286 6200732.07952377))",905,п3д огл,л.с.,далл,160.84162902832,1.48098635673523,313.847625732422,2.27394830289995e-05,0.000344305124599487,С2,0.572265625,2.70745801925659,4.80735778808594,446458.120479286,6200732.07952377,37.8888773490187,13.5481583398018,91.3885269165039,128.936004638672,1732.25891113281,464.885375976562,144.154830932617
"MULTIPOINT ((446308.222444743 6200726.54967385))",906,п2д,с.с.,далл,163.422958374023,1.47071862220764,331.549224853516,0.000395392329664901,-8.67454000399448e-05,С2,0.481613159179688,2.37814235687256,5.15037536621094,446308.222444743,6200726.54967385,78.9994731301718,14.2829419276323,119.9990234375,257.872009277344,1643.61804199219,364.686096191406,91.1715240478516
"MULTIPOINT ((446891.225033155 6201198.36317716))",907,п3д огл,л.с.,далл,159.164199829102,1.22670078277588,129.118576049805,-1.50795949593885e-05,-0.000278329302091151,С2,-0.457412719726562,1.96792352199554,4.15316772460938,446891.225033155,6201198.36317716,28.481810861674,13.2627664125745,71.9994125366211,144.154830932617,2279.2880859375,984.061340332031,490.973693847656
"MULTIPOINT ((446741.326998612 6201192.83332724))",908,п3д,с.с.,далл,156.353530883789,0.60747230052948,43.2008438110352,-0.00017127649334725,-0.000872771255671978,В3,-1.62733459472656,3.78925681114197,4.69703674316406,446741.326998612,6201192.83332724,23737.5678575851,19.9883149582084,0,0,2237.884765625,825.59326171875,451.276000976562
"MULTIPOINT ((447191.021102241 6201209.422877))",909,п2д огл,л.с.,далл,161.844665527344,0.601880371570587,6.49472332000732,3.27239540638402e-05,7.85734391683945e-06,С2,0.0632476806640625,1.23405635356903,1.50885009765625,447191.021102241,6201209.422877,219.129706309916,15.9963436529033,64.1243515014648,288.309661865234,2024.33630371094,876.859680175781,515.744018554688
"MULTIPOINT ((447041.123067698 6201203.89302708))",910,п2д огл,л.с.,далл,161.613540649414,0.903404951095581,170.653335571289,0.000131637003505602,-7.22141703590751e-05,С2,0.092681884765625,1.31343197822571,2.44607543945312,447041.123067698,6201203.89302708,72.9829700857238,14.2037268718618,124.256782531738,265.808380126953,2151.72534179688,958.3857421875,515.744018554688
"MULTIPOINT ((447490.817171327 6201220.48257684))",911,п3д,с.с.,далл,158.09049987793,1.43073284626007,173.565994262695,-0.000977606046944857,-9.25678468775004e-05,С3,-1.66938781738281,5.22346353530884,3.83360290527344,447490.817171327,6201220.48257684,40.7286520051882,13.6204325696679,23.9998035430908,0,1720.22094726562,797.425170898438,451.276000976562
"MULTIPOINT ((447340.919136784 6201214.95272692))",912,п2д огл,л.с.,далл,160.96826171875,1.20907020568848,3.44016933441162,0.000442053540609777,4.8737976612756e-05,С2,0.765396118164062,3.00082111358643,3.21327209472656,447340.919136784,6201214.95272692,14.4099997942171,12.5814231401568,79.9993438720703,128.936004638672,1846.08264160156,838.084045410156,451.276000976562
"MULTIPOINT ((447790.613240413 6201231.54227668))",913,п3д,с.с.,далл,159.728515625,0.402233690023422,304.430572509766,0.000116512826934922,-0.00026893598260358,С2,-0.237548828125,1.87980115413666,2.90699768066406,447790.613240413,6201231.54227668,8.72938135017125,12.0801952469521,31.9997386932373,322.340026855469,1408.00244140625,776.297546386719,469.334136962891
"MULTIPOINT ((447640.71520587 6201226.01242676))",914,п2д огл,л.с.,далл,162.453491210938,0.126408904790878,284.700775146484,9.61835903581232e-05,0.000249154050834477,С2,0.538238525390625,1.25913774967194,1.04234313964844,447640.71520587,6201226.01242676,8.59759457821378,12.0649832083542,145.601013183594,128.936004638672,1594.85034179688,776.297546386719,451.276000976562
"MULTIPOINT ((448090.409309499 6201242.60197652))",915,п3д,с.с.,далл,164.574066162109,1.96934282779694,176.878326416016,-0.000164657612913288,7.43694472475909e-05,С2,-0.141098022460938,3.92414093017578,5.19366455078125,448090.409309499,6201242.60197652,1.54356361785464,9.80046095604043,109.177856445312,576.619323730469,1162.21337890625,838.084045410156,257.872009277344
"MULTIPOINT ((447940.511274956 6201237.0721266))",916,п3д,с.с.,далл,162.076034545898,1.54599118232727,215.14111328125,0.000420300726545975,-3.42817838827614e-05,С2,0.602340698242188,3.63764047622681,4.89860534667969,447940.511274956,6201237.0721266,2567.13652781946,17.7640471096324,0,451.276000976562,1284.51574707031,797.425170898438,386.808013916016
"MULTIPOINT ((443598.998123128 6200926.80844437))",917,п3д,с.с.,морена,165.432479858398,1.93920981884003,205.550552368164,-9.78012976702303e-05,4.44311954197474e-05,С2,-0.0833892822265625,1.82432913780212,4.95932006835938,443598.998123128,6200926.80844437,48.7437287000048,13.8000772915435,107.999114990234,515.744018554688,322.340026855469,519.757629394531,64.4680023193359
"MULTIPOINT ((448240.307344042 6201248.13182644))",918,п3д,с.с.,далл,162.823699951172,2.27538132667542,12.1497411727905,0.000485867931274697,-5.9089703427162e-05,С2,0.6668701171875,6.1778712272644,6.03199768066406,448240.307344042,6201248.13182644,69.0518340733158,14.1483581854536,55.9995422363281,754.57861328125,981.947387695312,923.041320800781,64.4680023193359
"MULTIPOINT ((443748.896157672 6200932.33829429))",919,п3д,с.с.,морена,167.357315063477,0.49330461025238,265.507873535156,-3.12196716549806e-05,-7.48366946936585e-05,С2,-0.165298461914062,2.06656551361084,1.72915649414062,443748.896157672,6200932.33829429,25.2768158687701,13.1433883512135,159.297164916992,386.808013916016,232.442687988281,576.619323730469,91.1715240478516
"MULTIPOINT ((443898.794192215 6200937.86814421))",920,п3д,с.с.,морена,167.268127441406,0.636644840240479,287.259033203125,3.12513730023056e-05,-5.24879797012545e-05,С2,-0.0330810546875,1.27671039104462,1.95899963378906,443898.794192215,6200937.86814421,26.7147184783428,13.198715411818,141.872024536133,257.872009277344,193.404006958008,644.680053710938,128.936004638672
"MULTIPOINT ((444048.692226758 6200943.39799413))",921,п3д,с.с.,морена,166.530715942383,0.654950559139252,346.210327148438,0.000128201252664439,6.51215668767691e-05,,0.301345825195312,1.54309451580048,2.13198852539062,444048.692226758,6200943.39799413,13.3778145669901,12.1016227075696,130.781188964844,64.4680023193359,232.442687988281,694.341613769531,64.4680023193359
"MULTIPOINT ((444198.590261301 6200948.92784405))",922,п3д,с.с.,морена,165.184921264648,0.943738460540771,65.5661087036133,-4.71086568722967e-05,0.000117568182758987,С2,0.109817504882812,2.05502557754517,3.303955078125,444198.590261301,6200948.92784405,144.825034790404,14.8890271016323,7.99993467330933,0,322.340026855469,657.447204589844,64.4680023193359
"MULTIPOINT ((444348.488295844 6200954.45769397))",923,п3д,с.с.,морена,165.539138793945,0.373480379581451,211.94416809082,0.000172800995642319,9.03508625924587e-05,С2,0.41015625,1.58969533443451,1.33438110351562,444348.488295844,6200954.45769397,5.56077437874982,5.23408499690634,59.0588111877441,144.154830932617,407.7314453125,709.148010253906,128.936004638672
"MULTIPOINT ((444498.386330387 6200959.98754389))",924,п3д,с.с.,морена,167.792785644531,0.885318458080292,216.604934692383,0.000256700703175738,0.000221786147449166,С2,0.745941162109375,1.87813210487366,2.84469604492188,444498.386330387,6200959.98754389,8.6251126596849,11.8633914922836,126.490074157715,328.723602294922,594.365600585938,735.04833984375,64.4680023193359
"MULTIPOINT ((444648.28436493 6200965.51739381))",925,п3д,с.с.,морена,166.013076782227,1.057044506073,330.505249023438,-0.000306119647575542,-2.95282261504326e-05,С2,-0.52337646484375,2.32701802253723,3.06005859375,444648.28436493,6200965.51739381,9.15764962752522,12.1280902993053,23.323616027832,455.857604980469,720.774169921875,778.969848632812,193.404006958008
"MULTIPOINT ((444798.182399473 6200971.04724373))",926,п3д,с.с.,морена,167.705917358398,1.62815916538239,163.644622802734,0.000153233981109224,5.03486626257654e-05,С2,0.317611694335938,2.40091967582703,3.82528686523438,444798.182399473,6200971.04724373,16.0507293870822,12.4844677606805,109.177856445312,554.57470703125,847.944213867188,838.084045410156,322.340026855469
"MULTIPOINT ((444948.080434016 6200976.57709365))",927,п3д огл,с.с.,далл,169.948715209961,1.34164464473724,332.519836425781,0.000517277338076383,0.000135023467009887,С2,1.01737976074219,2.00955939292908,4.31735229492188,444948.080434016,6200976.57709365,23.3434112161771,13.0638155138259,253.296173095703,576.619323730469,1039.51525878906,644.680053710938,128.936004638672
"MULTIPOINT ((445097.978468559 6200982.10694357))",928,п3д огл,с.с.,далл,164.880661010742,2.72537922859192,329.837005615234,7.90782942203805e-05,-0.000145501137012616,С2,-0.103347778320312,1.56127226352692,7.90965270996094,445097.978468559,6200982.10694357,40.7871453283033,13.4170804337428,144.497955322266,464.885375976562,1167.56518554688,515.744018554688,0
"MULTIPOINT ((445247.876503102 6200987.63679349))",929,п3д огл,с.с.,далл,161.370269775391,1.73195171356201,263.86376953125,0.000322730309562758,-0.000595507211983204,,-0.42486572265625,4.64502286911011,5.44728088378906,445247.876503102,6200987.63679349,90.2785897388273,14.4164010752832,61.1877326965332,347.170806884766,1295.79077148438,386.808013916016,128.936004638672
"MULTIPOINT ((445397.774537645 6200993.16664341))",930,п3д огл,с.с.,далл,161.000823974609,2.91057682037354,26.4534606933594,0.00107045576442033,0.000773091916926205,,2.88130187988281,9.76021575927734,9.35488891601562,445397.774537645,6200993.16664341,7.05511652964365,11.8672538469073,84.0944976806641,182.343048095703,1488.359375,193.404006958008,91.1715240478516
"MULTIPOINT ((445547.672572188 6200998.69649333))",931,п3д,с.с.,морена,152.951416015625,1.08468544483185,20.3252487182617,-0.000592359458096325,-7.41984695196152e-05,С2,-1.03936767578125,3.89884328842163,5.58056640625,445547.672572188,6200998.69649333,87262.5457558461,21.2901773650516,0,91.1715240478516,1517.39660644531,64.4680023193359,128.936004638672
"MULTIPOINT ((445697.570606731 6201004.22634325))",932,п3д огл,с.с.,далл,158.334533691406,5.05758047103882,202.405990600586,0.00015138385060709,-3.32277522829827e-05,С2,0.186721801757812,5.46802282333374,13.4844665527344,445697.570606731,6201004.22634325,25.9971125712597,12.9666989443619,51.9995765686035,0,1549.91589355469,64.4680023193359,64.4680023193359
"MULTIPOINT ((445847.468641274 6201009.75619317))",933,п3д огл,с.с.,далл,166.953887939453,0.16931876540184,255.71208190918,0.000118389587441925,0.000463914038846269,С2,0.907562255859375,1.98849201202393,1.7623291015625,445847.468641274,6201009.75619317,4.92408947222562,3.9483832759802,182.777053833008,193.404006958008,1616.84924316406,257.872009277344,128.936004638672
"MULTIPOINT ((446147.26471036 6201020.81589301))",934,п2д,с.с.,далл,163.406341552734,0.613184690475464,46.0136260986328,-1.31049619085388e-05,-5.11500911670737e-05,С2,-0.100143432617188,0.81460052728653,1.91653442382812,446147.26471036,6201020.81589301,99.133380650453,14.7767263889184,108.073165893555,455.857604980469,1791.23620605469,515.744018554688,322.340026855469
"MULTIPOINT ((445997.366675817 6201015.28604309))",935,п2д огл,л.с.,далл,165.174362182617,0.718005478382111,338.295349121094,-8.53605233714916e-05,8.97119389264844e-05,С2,0.00677490234375,0.430308818817139,2.23947143554688,445997.366675817,6201015.28604309,94.618659318397,15.1565345331401,172.741180419922,322.340026855469,1672.44458007812,386.808013916016,203.86572265625
"MULTIPOINT ((446447.060779446 6201031.87559285))",936,п3д огл,л.с.,далл,162.447128295898,0.768132448196411,314.451049804688,9.20222082640976e-05,-3.61408310709521e-05,С3,0.087127685546875,0.589064061641693,2.25941467285156,446447.060779446,6201031.87559285,42.1388052188092,13.6544697997376,112.640098571777,144.154830932617,1973.39501953125,697.328063964844,375.909820556641
"MULTIPOINT ((446297.162744903 6201026.34574293))",937,п2д,с.с.,далл,163.316543579102,0.295661330223083,72.6423492431641,0.000129025065689348,0.000112720335891936,С2,0.376785278320312,1.56362402439117,1.64544677734375,446297.162744903,6201026.34574293,3.24846754619333,7.54278617607752,87.7261352539062,265.808380126953,1896.06091308594,634.936218261719,392.1435546875
"MULTIPOINT ((446746.856848532 6201042.93529269))",938,п3д огл,л.с.,далл,161.420318603516,0.736216604709625,125.977340698242,0.000590230338275433,0.000193009851500392,С2,1.22099304199219,3.99253058433533,4.28219604492188,446746.856848532,6201042.93529269,4.89928287937211,3.80177723254733,39.9996719360352,91.1715240478516,2188.11645507812,916.262451171875,328.723602294922
"MULTIPOINT ((446596.958813989 6201037.40544277))",939,п3д,с.с.,далл,160.03239440918,1.15774166584015,346.188537597656,-0.000216974003706127,-9.24452760955319e-05,В4,-0.482467651367188,2.08898067474365,4.30085754394531,446596.958813989,6201037.40544277,8.18187708955458,11.6099678686726,23.9998035430908,64.4680023193359,2055.91284179688,776.297546386719,328.723602294922
"MULTIPOINT ((447046.652917618 6201053.99499253))",940,п2д огл,л.с.,далл,160.607528686523,0.509374916553497,212.302993774414,-0.000224806979531422,-0.000248159311013296,С2,-0.737213134765625,2.68949460983276,2.03327941894531,447046.652917618,6201053.99499253,23.272372246585,13.0607676609612,114.541633605957,322.340026855469,2136.21704101562,867.328247070312,432.464508056641
"MULTIPOINT ((446896.754883075 6201048.46514261))",941,п3д огл,л.с.,далл,160.378326416016,0.0487432256340981,179.234832763672,0,0,С2,-0.34100341796875,1.78238201141357,0.832489013671875,446896.754883075,6201048.46514261,97.1045345915218,14.4892888188544,19.9998359680176,203.86572265625,2264.65380859375,967.02001953125,375.909820556641
"MULTIPOINT ((447346.448986704 6201065.05469237))",942,п2д огл,л.с.,далл,160.602432250977,0.830593466758728,8.82819652557373,0.000176451620063744,7.59903050493449e-05,С2,0.3935546875,2.43722128868103,2.21818542480469,447346.448986704,6201065.05469237,8.83515330871804,12.0922392024769,43.999641418457,64.4680023193359,1815.43542480469,663.738708496094,451.276000976562
"MULTIPOINT ((447196.550952161 6201059.52484245))",943,п2д огл,л.с.,далл,161.633926391602,0.550853729248047,320.295837402344,8.28862539492548e-05,9.61328478297219e-05,С2,0.279037475585938,1.42834568023682,1.99945068359375,447196.550952161,6201059.52484245,9.86713449394312,4.83976969272983,59.99951171875,257.872009277344,2007.84448242188,776.297546386719,490.973693847656
"MULTIPOINT ((447646.24505579 6201076.11439221))",944,п2д огл,л.с.,далл,161.585510253906,0.646714389324188,20.4214611053467,1.61874395416817e-05,2.23086244659498e-05,С2,0.0600128173828125,1.2398464679718,1.98028564453125,447646.24505579,6201076.11439221,26.1612587204913,5.73592900228363,92.0861587524414,144.154830932617,1559.27294921875,583.782592773438,392.1435546875
"MULTIPOINT ((447496.347021247 6201070.58454229))",945,п2д огл,л.с.,далл,161.000152587891,1.41404616832733,155.138824462891,3.6257737519918e-05,0.000208170880796388,С2,0.381103515625,2.6572744846344,3.74482727050781,447496.347021247,6201070.58454229,32.7220908684014,13.4015511559648,62.4814872741699,64.4680023193359,1687.2890625,611.59716796875,432.464508056641
"MULTIPOINT ((447946.041124876 6201087.17409205))",946,п3д,с.с.,далл,161.386367797852,1.34483516216278,180.811492919922,0.000290965021122247,0.000169956634636037,С2,0.71881103515625,4.04329824447632,3.89344787597656,447946.041124876,6201087.17409205,17.7261477958746,12.7885415705091,71.9994125366211,451.276000976562,1251.7421875,673.065734863281,386.808013916016
"MULTIPOINT ((447796.143090333 6201081.64424213))",947,п3д,с.с.,далл,159.348419189453,0.442685514688492,2.34027647972107,-7.55823057261296e-05,-6.69320579618216e-05,С3,-0.222137451171875,1.76999986171722,1.85206604003906,447796.143090333,6201081.64424213,367.519541476095,16.0870366575765,15.9998693466187,322.340026855469,1378.16845703125,647.895385742188,469.334136962891
"MULTIPOINT ((448245.837193962 6201098.23379189))",948,п3д,с.с.,далл,164.842971801758,1.75420606136322,38.7750701904297,0.000484690011944622,3.129076139885e-05,С2,0.805282592773438,5.36555957794189,5.68795776367188,448245.837193962,6201098.23379189,23.3864993824101,12.8608723738536,51.9995765686035,773.616027832031,938.668273925781,797.425170898438,64.4680023193359
"MULTIPOINT ((448095.939159419 6201092.70394197))",949,п3д,с.с.,далл,164.447692871094,1.89062917232513,188.515243530273,0.000117908326501492,-3.23750027746428e-05,С2,0.133575439453125,2.77811026573181,6.05238342285156,448095.939159419,6201092.70394197,26.8497149627355,13.2037559494114,138.678359985352,580.212036132812,1125.88525390625,720.774169921875,257.872009277344
"MULTIPOINT ((443604.527973049 6200776.91040983))",950,п3д,с.с.,морена,163.057281494141,1.0496951341629,197.189712524414,-0.000613720214460045,-0.000219008914427832,С2,-1.29840087890625,4.3668532371521,3.54774475097656,443604.527973049,6200776.91040983,27.8321421222938,13.2396922886973,43.999641418457,531.616760253906,412.796630859375,407.7314453125,0
"MULTIPOINT ((443904.324042135 6200787.97010967))",951,п3д,с.с.,морена,165.354370117188,0.39142844080925,271.258331298828,-0.000189314974704757,-0.000346535205608234,С2,-0.835174560546875,3.18163347244263,1.533203125,443904.324042135,6200787.97010967,67.4446614048697,14.1248081750201,55.9995422363281,288.309661865234,322.340026855469,547.029113769531,0
"MULTIPOINT ((444054.222076678 6200793.49995959))",952,п3д,с.с.,морена,166.316558837891,0.551435828208923,289.605316162109,0.000322682346450165,4.68700818601064e-05,С2,0.5760498046875,2.07251930236816,1.97836303710938,444054.222076678,6200793.49995959,2.46198707474224,10.8144695222728,202.423645019531,144.154830932617,347.170806884766,576.619323730469,0
"MULTIPOINT ((445086.918768718 6201281.90301266))",953,п3д огл,с.с.,далл,168.196853637695,0.999542891979218,26.2581558227539,3.59779296559282e-05,-0.000153685323311947,С2,-0.1834716796875,1.89026880264282,3.18304443359375,445086.918768718,6201281.90301266,33.3237386629054,13.4197707601991,242.913635253906,322.340026855469,1176.4306640625,576.619323730469,0
"MULTIPOINT ((444937.020734175 6201276.37316274))",954,п3д огл,с.с.,далл,167.857360839844,1.17738032341003,212.911804199219,5.19929672009312e-05,-2.3635002435185e-05,С2,0.04425048828125,2.14360165596008,3.34396362304688,444937.020734175,6201276.37316274,36.0787833633876,5.45229703358939,102.449150085449,490.973693847656,986.170776367188,754.57861328125,193.404006958008
"MULTIPOINT ((445236.816803261 6201287.43286258))",955,п3д огл,с.с.,далл,165.881759643555,1.49543225765228,14.7745237350464,4.11792134400457e-05,2.46691688516876e-05,С2,0.102706909179688,2.11078143119812,4.87890625,445236.816803261,6201287.43286258,11.356712340805,12.3433097092134,209.416534423828,203.86572265625,1303.78466796875,464.885375976562,128.936004638672
"MULTIPOINT ((445386.714837804 6201292.9627125))",956,п3д,с.с.,морена,161.865798950195,2.16627240180969,359.725555419922,-8.38433334138244e-05,0.000403355777962133,В3,0.498153686523438,1.80984175205231,6.06105041503906,445386.714837804,6201292.9627125,5.47721302664596,11.6140971442394,85.882942199707,91.1715240478516,1431.42199707031,364.686096191406,257.872009277344
"MULTIPOINT ((445536.612872347 6201298.49256242))",957,п3д,с.с.,морена,159.356231689453,2.89552283287048,214.381271362305,-0.000557061575818807,0.000219510344322771,С2,-0.528976440429688,3.59137630462646,8.64517211914062,445536.612872347,6201298.49256242,57.8165027383093,13.9707749938563,15.9998693466187,64.4680023193359,1623.26293945312,265.808380126953,193.404006958008
"MULTIPOINT ((445686.51090689 6201304.02241234))",958,п3д огл,с.с.,далл,165.411224365234,1.46073353290558,208.691192626953,0.000481793831568211,6.07495676376857e-05,С2,0.846343994140625,1.47937023639679,5.6826171875,445686.51090689,6201304.02241234,39.7608960324124,13.5963846619868,160.647369384766,182.343048095703,1751.34777832031,265.808380126953,64.4680023193359
"MULTIPOINT ((445836.408941433 6201309.55226226))",959,п3д огл,с.с.,далл,166.727676391602,0.170329287648201,159.193542480469,0.000138169474666938,0.000264349480858073,С2,0.627365112304688,1.26709294319153,1.00808715820312,445836.408941433,6201309.55226226,4.79012880239092,11.4800580453391,188.508407592773,273.514556884766,1860.65869140625,322.340026855469,64.4680023193359
"MULTIPOINT ((446136.205010519 6201320.6119621))",960,п2д,с.с.,далл,161.281921386719,0.802045941352844,22.4150295257568,-0.000552390469238162,-0.000379728502593935,С2,-1.45306396484375,3.81788372993469,2.65936279296875,446136.205010519,6201320.6119621,136.478289748889,14.8296662969425,15.9998693466187,550.814819335938,1963.89477539062,392.1435546875,386.808013916016
"MULTIPOINT ((445986.306975976 6201315.08211218))",961,п2д огл,л.с.,далл,165.163314819336,0.653351485729218,12.6730632781982,0.000289962015813217,0.000132431596284732,С2,0.658432006835938,2.0053277015686,2.00387573242188,445986.306975976,6201315.08211218,4.46454916220792,11.4096689821464,137.46159362793,432.464508056641,1916.771484375,392.1435546875,257.872009277344
"MULTIPOINT ((446436.001079605 6201331.67166194))",962,п2д огл,л.с.,далл,163.556228637695,0.633017778396606,58.9472045898438,0.000195933738723397,0.000167663369211368,В3,0.5667724609375,1.54543197154999,2.04855346679688,446436.001079605,6201331.67166194,3.52004731003057,11.1719751742952,123.481788635254,288.309661865234,2111.7578125,547.029113769531,328.723602294922
"MULTIPOINT ((446286.103045062 6201326.14181202))",963,п2д,с.с.,далл,163.566268920898,0.687309861183167,191.543548583984,0.000341657229000703,5.15525171067566e-05,С2,0.612960815429688,2.11297965049744,1.81648254394531,446286.103045062,6201326.14181202,27.3196099644447,13.2211055024689,123.998985290527,455.857604980469,2018.16772460938,432.464508056641,347.170806884766
"MULTIPOINT ((446735.797148692 6201342.73136178))",964,п3д,с.с.,далл,159.854278564453,3.14302706718445,350.314605712891,0.000533180660568178,0.000217260690988041,В4,1.17387390136719,6.31501817703247,7.82414245605469,446735.797148692,6201342.73136178,20.7736449696871,12.7423985819909,11.9999017715454,64.4680023193359,2205.14477539062,720.774169921875,322.340026855469
"MULTIPOINT ((446585.899114149 6201337.20151186))",965,п3д огл,л.с.,далл,161.936172485352,0.756503283977509,343.869812011719,0.000197193148778751,-0.000116502058517653,С2,0.125808715820312,1.27392411231995,3.37860107421875,446585.899114149,6201337.20151186,19.6184957742081,13.1567329494695,147.185745239258,182.343048095703,2181.45849609375,644.680053710938,375.909820556641
"MULTIPOINT ((447035.593217778 6201353.79106162))",966,п2д огл,л.с.,далл,162.733352661133,0.78793853521347,224.797271728516,0.000106662329926621,2.71047592832474e-05,С2,0.208541870117188,1.12300062179565,2.69050598144531,447035.593217778,6201353.79106162,25.7251006335333,13.1609679380347,130.597549438477,257.872009277344,2151.72534179688,1019.32861328125,322.340026855469
"MULTIPOINT ((446885.695183235 6201348.2612117))",967,п3д огл,л.с.,далл,160.596084594727,2.22845816612244,193.817153930664,0.000444585894001648,0.000123414152767509,С2,0.886993408203125,2.80016207695007,5.79060363769531,446885.695183235,6201348.2612117,38.6331151561861,13.3628232817398,52.6113548278809,128.936004638672,2174.78002929688,897.935363769531,322.340026855469
"MULTIPOINT ((447335.389286864 6201364.85076146))",968,п2д огл,л.с.,далл,161.756896972656,0.985622584819794,321.357971191406,0.000475725741125643,0.000131701628561132,С2,0.947067260742188,2.85992288589478,3.95130920410156,447335.389286864,6201364.85076146,9.29134164572828,12.1425837050943,76.1045761108398,128.936004638672,1877.33654785156,958.3857421875,322.340026855469
"MULTIPOINT ((447185.491252321 6201359.32091154))",969,п2д огл,л.с.,далл,161.490325927734,1.16092109680176,353.565887451172,-0.000159670686116442,-5.41281224286649e-05,С2,-0.333404541015625,2.16192126274109,3.31800842285156,447185.491252321,6201359.32091154,45.4595404018428,13.7303234528529,70.8796005249023,322.340026855469,2063.98315429688,1039.51525878906,322.340026855469
"MULTIPOINT ((447635.18535595 6201375.9104613))",970,п2д огл,л.с.,далл,161.907989501953,1.50352227687836,99.4573287963867,0.00050467683468014,0.000374408409697935,С2,1.37112426757812,2.96969056129456,4.43492126464844,447635.18535595,6201375.9104613,7.81223923141082,11.9691923805519,53.3662223815918,128.936004638672,1630.92578125,904.851501464844,322.340026855469
"MULTIPOINT ((447485.287321407 6201370.38061138))",971,п3д,с.с.,далл,158.256561279297,0.278860330581665,154.373291015625,-0.00101924652699381,0.000227428608923219,,-1.23414611816406,4.15342473983765,3.91838073730469,447485.287321407,6201370.38061138,17728.0455676312,19.6964039043459,0,0,1753.71936035156,923.041320800781,322.340026855469
"MULTIPOINT ((447934.981425036 6201386.97016114))",972,п3д,с.с.,далл,163.123580932617,0.501449882984161,206.663452148438,0.000261659937677905,-6.89433800289407e-05,С2,0.300399780273438,1.45854723453522,1.99322509765625,447934.981425036,6201386.97016114,76.9877555107167,14.2571471342933,31.9997386932373,407.7314453125,1329.04187011719,923.041320800781,386.808013916016
"MULTIPOINT ((447785.083390493 6201381.44031122))",973,п3д,с.с.,далл,160.667007446289,1.11885321140289,203.959564208984,-0.000230516161536798,8.97697318578139e-05,С2,-0.219528198242188,1.12122881412506,3.47427368164062,447785.083390493,6201381.44031122,16.0565958750733,12.6896204675303,12.6490077972412,288.309661865234,1448.73815917969,904.851501464844,347.170806884766
"MULTIPOINT ((448234.777494122 6201398.02986098))",974,п3д,с.с.,далл,162.323440551758,2.06993722915649,359.896759033203,0.000611114606726915,-0.000114007983938791,С2,0.776519775390625,6.18476819992065,5.03300476074219,448234.777494122,6201398.02986098,158.463030683123,14.979022065636,59.99951171875,720.774169921875,1039.51525878906,1039.51525878906,64.4680023193359
"MULTIPOINT ((448084.879459579 6201392.50001106))",975,п3д,с.с.,далл,163.682266235352,0.919414162635803,146.029296875,-0.000252765807090327,8.05060917627998e-05,С2,-0.268600463867188,2.21498227119446,3.1673583984375,448084.879459579,6201392.50001106,27.0624560378983,13.2116481257216,43.0809669494629,531.616760253906,1211.24377441406,958.3857421875,257.872009277344
"MULTIPOINT ((443593.468273208 6201076.70647891))",976,п3д,с.с.,морена,167.887069702148,1.50614786148071,206.622863769531,0.000459046743344516,9.60797478910536e-05,С2,0.865982055664062,1.58292889595032,5.18663024902344,443593.468273208,6201076.70647891,35.6843732971966,13.4882136146153,127.998954772949,531.616760253906,265.808380126953,634.936218261719,144.154830932617
"MULTIPOINT ((443743.366307751 6201082.23632883))",977,п2д,с.с.,морена,168.757339477539,1.01025307178497,337.546447753906,0.000163427597726695,0.000251934048719704,С2,0.647552490234375,2.2129271030426,4.03753662109375,443743.366307751,6201082.23632883,18.0371373421627,5.31647850254865,159.998687744141,432.464508056641,128.936004638672,751.819641113281,144.154830932617
"MULTIPOINT ((443893.264342294 6201087.76617875))",978,п2д,с.с.,морена,165.877731323242,0.453094869852066,75.4181289672852,-8.30542849143967e-05,-0.000338350801030174,С3,-0.65679931640625,2.72217297554016,2.54875183105469,443893.264342294,6201087.76617875,55.8078697214618,13.9354156383035,73.7557525634766,322.340026855469,0,807.781799316406,64.4680023193359
"MULTIPOINT ((444043.162376837 6201093.29602867))",979,п3д,с.с.,морена,163.699035644531,1.43384480476379,20.0512542724609,-0.000337156292516738,-0.000113814385258593,,-0.703414916992188,2.23808979988098,4.47966003417969,444043.162376837,6201093.29602867,20.0371755462216,12.7063027929353,55.9995422363281,203.86572265625,128.936004638672,876.859680175781,64.4680023193359
"MULTIPOINT ((444193.06041138 6201098.82587859))",980,п3д,с.с.,морена,164.076248168945,0.886123180389404,172.606414794922,8.23410809971392e-05,-6.78458900438272e-06,С2,0.1177978515625,2.08802580833435,2.35992431640625,444193.06041138,6201098.82587859,9.53709885115327,12.1686900799845,27.9997711181641,193.404006958008,257.872009277344,847.944213867188,182.343048095703
"MULTIPOINT ((444342.958445923 6201104.35572851))",981,п3д,с.с.,морена,165.179122924805,0.294640779495239,134.375778198242,5.62336254006368e-06,1.12438274300075e-05,С2,0.0262908935546875,0.672166705131531,1.02899169921875,444342.958445923,6201104.35572851,24.8730830055522,12.9224996824306,103.999153137207,232.442687988281,386.808013916016,838.084045410156,128.936004638672
"MULTIPOINT ((444492.856480466 6201109.88557843))",982,п3д,с.с.,морена,167.622833251953,1.04047870635986,160.356719970703,0.00027053349185735,-4.16187504015397e-05,С2,0.356964111328125,1.75832879543304,2.73870849609375,444492.856480466,6201109.88557843,21.4319130516844,4.86282354740216,105.602165222168,375.909820556641,580.212036132812,860.110473632812,64.4680023193359
"MULTIPOINT ((444642.754515009 6201115.41542835))",983,п3д,с.с.,морена,167.101791381836,1.29943478107452,10.4825448989868,0.000135408496134914,8.04158698883839e-05,С2,0.336563110351562,2.01831483840942,3.64219665527344,444642.754515009,6201115.41542835,2.63674743082784,10.8830468682292,39.9996719360352,490.973693847656,709.148010253906,897.935363769531,193.404006958008
"MULTIPOINT ((444792.652549552 6201120.94527827))",984,п3д огл,с.с.,далл,165.890701293945,1.40614604949951,156.820831298828,-0.000396856456063688,-1.60126037371811e-05,С2,-0.64404296875,2.02576947212219,4.34951782226562,444792.652549552,6201120.94527827,54.6715646566896,13.9148444769468,91.9992523193359,611.59716796875,838.084045410156,840.559875488281,322.340026855469
"MULTIPOINT ((444942.550584095 6201126.47512819))",985,п3д огл,с.с.,далл,170.049911499023,0.176907077431679,74.361686706543,-8.47340572818212e-07,0.000330254581058398,С2,0.513412475585938,0.808773756027222,2.21994018554688,444942.550584095,6201126.47512819,6.68603474326991,5.23610169136154,121.654258728027,519.757629394531,1031.48803710938,647.895385742188,128.936004638672
"MULTIPOINT ((445092.448618639 6201132.00497811))",986,п3д огл,с.с.,далл,168.629547119141,1.81328177452087,327.214080810547,0.000481120630865917,6.8386179918889e-05,С2,0.85760498046875,1.888951420784,6.12591552734375,445092.448618639,6201132.00497811,27.3190832886215,13.2210862239762,217.364273071289,407.7314453125,1160.42407226562,519.757629394531,0
"MULTIPOINT ((445242.346653182 6201137.53482803))",987,п3д огл,с.с.,далл,162.550109863281,2.08514213562012,348.686553955078,-0.000536440697032958,-0.00018256226030644,С2,-1.12245178222656,5.10065984725952,7.42697143554688,445242.346653182,6201137.53482803,75.93002919868,14.2433129921983,82.0724639892578,288.309661865234,1289.36010742188,392.1435546875,128.936004638672
"MULTIPOINT ((445392.244687725 6201143.06467796))",988,п3д огл,с.с.,далл,157.114624023438,1.18124210834503,336.095855712891,0.000451704225270078,-0.000377726828446612,С2,0.115615844726562,4.55927705764771,5.89561462402344,445392.244687725,6201143.06467796,42.3805864333086,7.69792475632603,59.99951171875,128.936004638672,1482.76403808594,203.86572265625,203.86572265625
"MULTIPOINT ((445542.142722268 6201148.59452787))",989,п3д,с.с.,морена,154.701248168945,1.24956250190735,257.299530029297,-0.000227789991186,-0.00105889223050326,С4,-2.00601196289062,4.66930294036865,6.60983276367188,445542.142722268,6201148.59452787,122.985916696037,7.4218987999727,7.99993467330933,0,1612.98901367188,144.154830932617,193.404006958008
"MULTIPOINT ((445692.040756811 6201154.1243778))",990,п3д огл,с.с.,далл,162.352203369141,3.6697564125061,203.518310546875,0.000601296254899353,-0.000222998642129824,С2,0.59466552734375,3.30163240432739,10.6876678466797,445692.040756811,6201154.1243778,125.003329926603,14.7418411207862,72.9925537109375,91.1715240478516,1735.85400390625,144.154830932617,64.4680023193359
"MULTIPOINT ((445991.836825897 6201165.18407764))",991,п2д огл,л.с.,далл,164.936157226562,1.23773241043091,9.83050918579102,-8.03640941740014e-05,2.58563541137846e-05,С2,-0.08502197265625,1.3234578371048,3.56413269042969,445991.836825897,6201165.18407764,7.18212067390245,11.4796196999433,121.654258728027,375.909820556641,1846.08264160156,407.7314453125,257.872009277344
"MULTIPOINT ((445841.938791354 6201159.65422771))",992,п3д огл,с.с.,далл,166.164123535156,0.680430293083191,182.401916503906,0.000107322826806922,-8.17825252852344e-07,С2,0.166046142578125,1.02889060974121,2.60060119628906,445841.938791354,6201159.65422771,14.5185771616358,12.8556891792249,180.752502441406,203.86572265625,1773.7490234375,232.442687988281,64.4680023193359
"MULTIPOINT ((446291.632894983 6201176.24377748))",993,п2д,с.с.,далл,162.470336914062,0.385470628738403,228.05158996582,-0.000132878398289904,2.7784864869318e-05,С2,-0.163803100585938,0.929281234741211,1.25968933105469,446291.632894983,6201176.24377748,48.7535805823609,14.0670388088427,37.7356147766113,375.909820556641,1968.12268066406,550.814819335938,469.334136962891
"MULTIPOINT ((446141.73486044 6201170.71392755))",994,п2д,с.с.,далл,162.901947021484,0.597321808338165,355.5166015625,-6.45292820991017e-05,3.23754975397605e-05,С2,-0.0501251220703125,0.97790652513504,1.77548217773438,446141.73486044,6201170.71392755,3.01080762733008,11.0157091019243,23.9998035430908,490.973693847656,1903.71728515625,519.757629394531,386.808013916016
"MULTIPOINT ((446591.428964069 6201187.30347732))",995,п3д огл,л.с.,далл,161.846481323242,1.82766282558441,349.577301025391,0.000499481800943613,3.44832260452677e-05,С2,0.83343505859375,2.84549379348755,4.79971313476562,446591.428964069,6201187.30347732,31.8874532715727,13.3757133624775,91.9992523193359,128.936004638672,2154.62060546875,729.372192382812,455.857604980469
"MULTIPOINT ((446441.530929526 6201181.7736274))",996,п2д огл,л.с.,далл,163.832977294922,0.368450284004211,309.656555175781,0.000175458830199204,0.000234934748732485,С3,0.6396484375,1.34261512756348,1.52334594726562,446441.530929526,6201181.7736274,6.38255022188834,11.7670684832144,176.588470458984,232.442687988281,2076.02978515625,644.680053710938,455.857604980469
"MULTIPOINT ((443732.306607911 6201382.03239792))",997,п3д,с.с.,морена,167.375259399414,1.69962441921234,306.02587890625,-8.7561878899578e-05,-0.000527245458215475,С2,-0.958740234375,4.02691078186035,5.47055053710938,443732.306607911,6201382.03239792,25.852207154476,13.1658967248873,84.8521194458008,594.365600585938,288.309661865234,981.947387695312,64.4680023193359
"MULTIPOINT ((443882.204642454 6201387.56224784))",998,п3д,с.с.,морена,166.490005493164,1.55254149436951,264.466522216797,1.72959771589376e-05,-0.000423345569288358,С2,-0.633071899414062,2.97731304168701,5.14057922363281,443882.204642454,6201387.56224784,36.5307635969881,13.5116554882992,43.2662620544434,519.757629394531,257.872009277344,1039.51525878906,64.4680023193359
"MULTIPOINT ((444032.102676997 6201393.09209776))",999,п3д,с.с.,морена,167.007766723633,1.07159066200256,319.596649169922,1.90127848327393e-05,0.000129917243611999,С2,0.232177734375,1.38248181343079,3.60646057128906,444032.102676997,6201393.09209776,49.0974632454116,13.8073081128288,137.46159362793,469.334136962891,265.808380126953,1095.9560546875,193.404006958008
"MULTIPOINT ((444182.00071154 6201398.62194768))",1000,п3д,с.с.,морена,164.593826293945,0.269458204507828,293.734436035156,-4.94960586365778e-05,-9.40878599067219e-05,С2,-0.223800659179688,0.596331357955933,1.05117797851562,444182.00071154,6201398.62194768,26.6395695050876,13.1958984302486,16.4922866821289,451.276000976562,364.686096191406,1103.51440429688,193.404006958008
"MULTIPOINT ((444331.898746083 6201404.1517976))",1001,п3д,с.с.,морена,165.113403320312,0.849063277244568,124.764747619629,0.000145679994602688,2.62734647549223e-05,С2,0.268081665039062,1.20215535163879,2.94766235351562,444331.898746083,6201404.1517976,9.57057828869977,5.57344229722771,87.9992828369141,531.616760253906,503.511199951172,1160.42407226562,128.936004638672
"MULTIPOINT ((444481.796780626 6201409.68164752))",1002,п3д огл,с.с.,далл,166.891616821289,1.48288214206696,159.121246337891,-0.000116082694148645,6.24049571342766e-05,С2,-0.0838165283203125,1.63600969314575,4.27496337890625,444481.796780626,6201409.68164752,21.0888959834781,12.7574601127122,126.490074157715,576.619323730469,608.189880371094,1167.56518554688,0
"MULTIPOINT ((444631.694815169 6201415.21149744))",1003,п3д огл,с.с.,далл,165.330291748047,1.90177917480469,12.5397491455078,-0.000468658254249021,-9.08050933503546e-05,С2,-0.873245239257812,3.47303032875061,5.38639831542969,444631.694815169,6201415.21149744,27.8777281646063,13.2413288407931,51.9995765686035,685.304260253906,778.969848632812,1041.51245117188,193.404006958008
"MULTIPOINT ((444781.592849712 6201420.74134736))",1004,п3д огл,с.с.,далл,166.097122192383,1.44842827320099,162.93913269043,6.06844550929964e-05,0.00013164350821171,С2,0.299911499023438,3.12176847457886,3.80300903320312,444781.592849712,6201420.74134736,19.0461709867076,12.8603668277227,51.9995765686035,583.782592773438,897.935363769531,923.041320800781,193.404006958008
"MULTIPOINT ((444931.490884255 6201426.27119728))",1005,п3д огл,с.с.,далл,168.425674438477,0.640653669834137,158.334365844727,7.71949053159915e-05,0.000125981605378911,С2,0.316696166992188,1.02375268936157,1.63859558105469,444931.490884255,6201426.27119728,44.8485498857913,13.7167919998727,56.8502159118652,455.857604980469,1019.32861328125,807.781799316406,193.404006958008
"MULTIPOINT ((445081.388918798 6201431.8010472))",1006,п3д огл,с.с.,далл,167.910507202148,1.37692058086395,18.6568965911865,0.000137756738695316,0.000137731578433886,С2,0.429611206054688,1.58754336833954,4.22001647949219,445081.388918798,6201431.8010472,21.8530720731568,12.9978422543983,188.296096801758,265.808380126953,1204.36169433594,644.680053710938,0
"MULTIPOINT ((445231.286953341 6201437.33089712))",1007,п3д огл,с.с.,далл,164.985046386719,2.0177173614502,38.2310676574707,0.000382545695174485,0.000151884014485404,С2,0.834197998046875,2.71659421920776,6.5177001953125,445231.286953341,6201437.33089712,59.7434372378456,13.7987728152146,108.810882568359,144.154830932617,1329.04187011719,547.029113769531,128.936004638672
"MULTIPOINT ((445381.184987884 6201442.86074704))",1008,п3д,с.с.,морена,159.357727050781,2.37005925178528,30.9788856506348,-0.000532608828507364,0.000139064009999856,С4,-0.61529541015625,2.97662496566772,6.71873474121094,445381.184987884,6201442.86074704,10.9675490717161,12.3084415727587,15.9998693466187,64.4680023193359,1454.46435546875,464.885375976562,144.154830932617
"MULTIPOINT ((445531.083022427 6201448.39059696))",1009,п3д огл,с.с.,далл,162.187133789062,2.53261160850525,206.254455566406,0.00021476685651578,-0.000296140206046402,С2,-0.12628173828125,2.77114486694336,6.849365234375,445531.083022427,6201448.39059696,34.825774875701,13.4638585144027,59.99951171875,128.936004638672,1643.61804199219,392.1435546875,128.936004638672
"MULTIPOINT ((445680.98105697 6201453.92044688))",1010,п3д огл,с.с.,далл,165.324783325195,0.247243523597717,145.647598266602,4.96513675898314e-05,0.00010435470903758,С2,0.240020751953125,1.33227300643921,1.10624694824219,445680.98105697,6201453.92044688,3.17962003738281,11.0702624489793,106.281768798828,232.442687988281,1706.880859375,392.1435546875,64.4680023193359
"MULTIPOINT ((445980.777126056 6201464.98014672))",1011,п2д огл,л.с.,далл,163.954254150391,0.793388426303864,28.9933738708496,-6.96753795637051e-06,-4.8360918299295e-05,С2,-0.08624267578125,0.968932151794434,2.20164489746094,445980.777126056,6201464.98014672,52.8200203311076,13.8803910362079,179.99853515625,503.511199951172,1795.87072753906,265.808380126953,203.86572265625
"MULTIPOINT ((445830.879091513 6201459.4502968))",1012,п3д огл,с.с.,далл,165.052612304688,0.548267304897308,98.4077758789062,-0.000104834260127973,-6.29869973636232e-05,С2,-0.261581420898438,1.26422166824341,1.47743225097656,445830.879091513,6201459.4502968,28.365155357244,13.2586622122648,61.0568504333496,347.170806884766,1735.85400390625,364.686096191406,64.4680023193359
"MULTIPOINT ((446280.573195142 6201476.03984656))",1013,п2д,с.с.,далл,163.801712036133,0.683071911334991,140.273803710938,0.000290799594949931,0.000364857143722475,В3,1.02201843261719,2.74925541877747,1.98277282714844,446280.573195142,6201476.03984656,5.3772429854012,11.5956765310039,115.999053955078,515.744018554688,1847.20788574219,273.514556884766,182.343048095703
"MULTIPOINT ((446130.675160599 6201470.50999664))",1014,п2д,с.с.,далл,161.76643371582,0.443792849779129,50.9626922607422,-0.000171401246916503,-0.000130269268993288,С2,-0.470199584960938,1.08592283725739,2.05601501464844,446130.675160599,6201470.50999664,61.652180706498,14.0350093457788,27.9997711181641,644.680053710938,1787.75244140625,203.86572265625,193.404006958008
"MULTIPOINT ((446580.369264228 6201487.0995464))",1015,п3д огл,л.с.,далл,161.886123657227,1.15804541110992,133.665939331055,0.000363711675163358,0.000262094166828319,С2,0.975784301757812,3.67944169044495,3.86506652832031,446580.369264228,6201487.0995464,4.82762670645268,11.4878557262073,47.9996070861816,193.404006958008,2024.33630371094,550.814819335938,193.404006958008
"MULTIPOINT ((446430.471229685 6201481.56969648))",1016,п2д огл,л.с.,далл,159.934020996094,1.44167041778564,43.8401908874512,-0.000218724773731083,-0.000300865794997662,С3,-0.810287475585938,2.63508224487305,4.4166259765625,446430.471229685,6201481.56969648,67.4890691685621,14.1254663909474,55.9995422363281,322.340026855469,1949.02453613281,432.464508056641,144.154830932617
"MULTIPOINT ((446880.165333314 6201498.15924624))",1017,п3д,с.с.,далл,161.416748046875,2.26698899269104,171.023071289062,0.000547648640349507,0.000344761967426166,С3,1.393310546875,4.24834871292114,5.79953002929688,446880.165333314,6201498.15924624,2.18908692877882,10.4602003524118,113.206848144531,128.936004638672,2048.8251953125,860.110473632812,193.404006958008
"MULTIPOINT ((446730.267298771 6201492.62939632))",1018,п3д,с.с.,далл,159.369445800781,2.82986211776733,8.06839275360107,0.000367026805179194,-8.16101305645134e-07,В4,0.572860717773438,5.32238817214966,7.27616882324219,446730.267298771,6201492.62939632,11.2684049612714,12.3355035328492,15.9998693466187,64.4680023193359,2099.91577148438,673.065734863281,193.404006958008
"MULTIPOINT ((447179.9614024 6201509.21894608))",1019,п2д огл,л.с.,далл,162.102752685547,1.00845050811768,1.65294706821442,-0.000135432041133754,0.000164851546287537,С2,0.045806884765625,1.818843126297,2.97779846191406,447179.9614024,6201509.21894608,4.80915006297843,11.4840211108464,167.139297485352,328.723602294922,2007.84448242188,1112.89025878906,193.404006958008
"MULTIPOINT ((447030.063367857 6201503.68909616))",1020,п2д огл,л.с.,далл,163.274307250977,0.59489381313324,134.283554077148,0.000202464332687669,0.000119179487228394,С2,0.501358032226562,0.955288827419281,2.2158203125,447030.063367857,6201503.68909616,2.58660026820116,10.6590578431467,203.959121704102,232.442687988281,2024.33630371094,986.170776367188,193.404006958008
"MULTIPOINT ((447479.757471486 6201520.27864592))",1021,п2д огл,л.с.,далл,158.656219482422,2.17192125320435,352.558380126953,9.12557370611466e-05,-0.000252096418989822,С2,-0.250656127929688,3.33043599128723,6.08792114257812,447479.757471486,6201520.27864592,26.277765781876,13.1822239185179,45.6066436767578,64.4680023193359,1795.87072753906,1049.46301269531,193.404006958008
"MULTIPOINT ((447329.859436943 6201514.748796))",1022,п2д огл,л.с.,далл,162.310974121094,0.502705156803131,334.927276611328,0.000292371609248221,4.93398292746861e-05,С2,0.532638549804688,1.34473049640656,1.72195434570312,447329.859436943,6201514.748796,7.06137493309839,11.8681405267004,147.998794555664,144.154830932617,1916.771484375,1080.68054199219,193.404006958008
"MULTIPOINT ((447779.553540573 6201531.33834576))",1023,п2д огл,л.с.,далл,162.198486328125,2.05581068992615,202.454666137695,0.000124633632367477,-7.31340333004482e-06,С2,0.1832275390625,2.78331661224365,5.46736145019531,447779.553540573,6201531.33834576,158.351797723915,6.68964818094306,88.0901412963867,257.872009277344,1499.48754882812,1033.50073242188,232.442687988281
"MULTIPOINT ((447629.655506029 6201525.80849584))",1024,п2д огл,л.с.,далл,156.065292358398,1.44911313056946,117.140884399414,-0.000473578664241359,-0.000242188412812538,С2,-1.11637878417969,2.8046612739563,3.86824035644531,447629.655506029,6201525.80849584,5228.08695468261,18.4753014515264,0,64.4680023193359,1676.16809082031,1033.50073242188,193.404006958008
"MULTIPOINT ((448079.349609659 6201542.3980456))",1025,п3д,с.с.,далл,162.854476928711,0.27003288269043,45.1093597412109,-7.12769615347497e-05,-0.000173464199178852,С2,-0.381454467773438,1.85570704936981,1.65377807617188,448079.349609659,6201542.3980456,23.3267265299981,13.0631005089986,31.9997386932373,515.744018554688,1305.37756347656,1142.37585449219,193.404006958008
"MULTIPOINT ((447929.451575115 6201536.86819568))",1026,п3д,с.с.,далл,165.011856079102,0.292710423469543,45.5701484680176,0.000327512592775747,0.000433912704465911,В4,1.18675231933594,2.81404805183411,1.99102783203125,447929.451575115,6201536.86819568,3.03808564942891,3.44153511949726,107.999114990234,386.808013916016,1415.36267089844,1112.89025878906,193.404006958008
"MULTIPOINT ((443587.938423288 6201226.60451345))",1027,п3д,с.с.,морена,168.549087524414,2.17144370079041,176.614486694336,0.00065543717937544,-4.68696634925436e-05,С2,0.950637817382812,3.21423935890198,5.54158020019531,443587.938423288,6201226.60451345,31.1227149244416,4.3889125262818,81.5836486816406,608.189880371094,288.309661865234,815.462890625,128.936004638672
"MULTIPOINT ((448229.247644202 6201547.92789552))",1028,п3д,с.с.,далл,162.538375854492,2.32715559005737,30.1257228851318,0.000401312310714275,0.00067210610723123,С2,1.67539978027344,9.15022754669189,5.94036865234375,448229.247644202,6201547.92789552,3.35817688737556,3.16589998063687,67.9994430541992,709.148010253906,1147.82006835938,1211.24377441406,64.4680023193359
"MULTIPOINT ((443737.836457831 6201232.13436338))",1029,п2д,с.с.,морена,167.381408691406,2.44549632072449,19.7725200653076,0.000260168890235946,-0.000286611932097003,С2,-0.0405120849609375,3.78811120986938,6.45599365234375,443737.836457831,6201232.13436338,5.19734306162681,11.1561725473316,99.9991836547852,503.511199951172,182.343048095703,864.929016113281,64.4680023193359
"MULTIPOINT ((443887.734492374 6201237.6642133))",1030,п2д,с.с.,морена,163.818084716797,0.72909027338028,157.758666992188,-0.000395305076381192,-0.000598367128986865,,-1.54893493652344,4.26429843902588,3.49642944335938,443887.734492374,6201237.6642133,28.8757078028788,13.2765014256212,23.9998035430908,412.796630859375,128.936004638672,923.041320800781,64.4680023193359
"MULTIPOINT ((444037.632526917 6201243.19406322))",1031,п3д,с.с.,морена,166.560577392578,0.751381039619446,321.003112792969,0.000516710861120373,0.000161669973749667,С2,1.05752563476562,3.4984130859375,3.46540832519531,444037.632526917,6201243.19406322,23.3040283729623,13.3288864034237,55.5693206787109,347.170806884766,144.154830932617,984.061340332031,91.1715240478516
"MULTIPOINT ((444187.53056146 6201248.72391314))",1032,п3д,с.с.,морена,164.135879516602,0.371790260076523,223.927093505859,6.57997807138599e-05,-0.000106622588646132,С2,-0.063629150390625,0.759128451347351,1.49082946777344,444187.53056146,6201248.72391314,176.404611872748,15.0862810320601,16.4922866821289,322.340026855469,288.309661865234,975.577880859375,232.442687988281
"MULTIPOINT ((444337.428596003 6201254.25376306))",1033,п3д,с.с.,морена,165.097457885742,0.570019960403442,202.731353759766,-3.73808325093705e-05,8.08345703262603e-07,С2,-0.0569915771484375,0.468339711427689,1.80906677246094,444337.428596003,6201254.25376306,36.5524894746938,13.5122500397849,47.9996070861816,347.170806884766,407.7314453125,967.02001953125,128.936004638672
"MULTIPOINT ((444487.326630546 6201259.78361298))",1034,п3д,с.с.,морена,166.371139526367,1.14101588726044,211.801345825195,-0.000167375721503049,-4.22600060119294e-05,С2,-0.326889038085938,1.50735104084015,3.55378723144531,444487.326630546,6201259.78361298,60.8937509245921,14.2893907236279,65.6043472290039,412.796630859375,531.616760253906,975.577880859375,0
"MULTIPOINT ((444637.224665089 6201265.3134629))",1035,п3д огл,с.с.,далл,165.788864135742,1.84573864936829,0.91938042640686,-3.82823054678738e-05,-0.000314475124469027,С2,-0.550140380859375,3.04977416992188,5.25279235839844,444637.224665089,6201265.3134629,27.5408390449215,13.2291707036719,47.9996070861816,554.57470703125,720.774169921875,986.170776367188,193.404006958008
"MULTIPOINT ((444787.122699632 6201270.84331282))",1036,п3д огл,с.с.,далл,164.849761962891,1.0754017829895,182.88020324707,-2.27955897571519e-05,-0.000416449038311839,С2,-0.684722900390625,2.20951175689697,3.59773254394531,444787.122699632,6201270.84331282,85.8509635534958,14.6328729772198,59.99951171875,634.936218261719,847.944213867188,860.110473632812,322.340026855469
"MULTIPOINT ((448218.187944361 6201847.72396461))",1037,п2д огл,л.с.,далл,163.294326782227,0.49371537566185,323.972991943359,-8.47272094688378e-05,-0.000226423086132854,С2,-0.4849853515625,3.03407835960388,2.53657531738281,448218.187944361,6201847.72396461,314.981439897865,15.6660144605565,5.6568078994751,594.365600585938,1367.57287597656,1427.06005859375,64.4680023193359
"MULTIPOINT ((442827.388550733 6201498.75133294))",1038,п3д,с.с.,морена,167.978439331055,2.61781072616577,192.018844604492,0.000113467838673387,5.35451399628073e-05,С2,0.260940551757812,2.92601466178894,7.57444763183594,442827.388550733,6201498.75133294,62.0393522736621,14.0412696422165,109.177856445312,322.340026855469,634.936218261719,432.464508056641,64.4680023193359
"MULTIPOINT ((443127.184619819 6201509.81103278))",1039,п3д,с.с.,морена,171.968383789062,0.442090392112732,205.505966186523,0.000230648875003681,0.000155482048285194,,0.601837158203125,1.7076051235199,2.36149597167969,443127.184619819,6201509.81103278,5.88504437905755,11.685915026156,169.798492431641,322.340026855469,776.297546386719,673.065734863281,0
"MULTIPOINT ((443277.082654362 6201515.3408827))",1040,п3д,с.с.,морена,168.922485351562,1.20542812347412,19.9452171325684,8.01403512014076e-05,-4.63547576146084e-06,С2,0.117767333984375,1.65818738937378,3.23347473144531,443277.082654362,6201515.3408827,54.8905101678645,13.9188412213126,117.710548400879,328.723602294922,697.328063964844,860.110473632812,0
"MULTIPOINT ((443426.980688905 6201520.87073262))",1041,п3д,с.с.,морена,166.289398193359,0.876320421695709,285.330902099609,2.98219401884126e-05,-0.000505414558574557,С2,-0.741302490234375,1.93893432617188,4.21931457519531,443426.980688905,6201520.87073262,104.355288584996,14.5613020578819,27.9997711181641,375.909820556641,594.365600585938,986.170776367188,0
"MULTIPOINT ((443576.878723448 6201526.40058254))",1042,п3д,с.с.,морена,169.301818847656,1.7800452709198,212.294540405273,0.000432267552241683,-4.8351885197917e-05,С2,0.59930419921875,2.69974994659424,5.83175659179688,443576.878723448,6201526.40058254,29.1730803197864,13.286747121626,120.06566619873,455.857604980469,503.511199951172,1049.46301269531,0
"MULTIPOINT ((443726.776757991 6201531.93043246))",1043,п3д,с.с.,морена,170.267562866211,0.271588236093521,276.363952636719,3.41195504915959e-06,2.80672848020913e-05,С2,0.0490570068359375,1.84607338905334,0.811431884765625,443726.776757991,6201531.93043246,15.0557433684681,12.8920197038168,57.2708168029785,594.365600585938,407.7314453125,1101.62963867188,0
"MULTIPOINT ((443876.674792534 6201537.46028238))",1044,п3д,с.с.,морена,168.423141479492,1.57278192043304,20.7399806976318,-1.86687375389738e-05,-0.000130329004605301,С2,-0.232315063476562,2.903151512146,6.20536804199219,443876.674792534,6201537.46028238,45.8312996086866,13.7384679997058,72.1104354858398,638.20068359375,451.276000976562,1211.24377441406,0
"MULTIPOINT ((444026.572827077 6201542.9901323))",1045,п3д,с.с.,морена,167.313415527344,1.67025899887085,81.8723297119141,0.00030009081820026,5.76490274397656e-05,С2,0.558197021484375,4.07738399505615,4.81779479980469,444026.572827077,6201542.9901323,26.4104602891159,13.1872608991751,55.9995422363281,657.447204589844,455.857604980469,1269.87243652344,0
"MULTIPOINT ((444176.47086162 6201548.51998222))",1046,п3д,с.с.,морена,163.560409545898,2.52788019180298,27.683464050293,0.000115442664537113,-0.000102994163171388,С2,0.019775390625,3.94990086555481,7.54228210449219,444176.47086162,6201548.51998222,24.4257747763278,13.1091396624792,51.9995765686035,644.680053710938,519.757629394531,1295.79077148438,0
"MULTIPOINT ((444326.368896163 6201554.04983214))",1047,п3д,с.с.,морена,161.608413696289,2.2628698348999,144.825653076172,-0.000208367433515377,-0.000555087171960622,С2,-1.19131469726562,4.50324296951294,6.65675354003906,444326.368896163,6201554.04983214,24.4637616689135,13.1106936514507,19.9998359680176,657.447204589844,594.365600585938,1289.36010742188,0
"MULTIPOINT ((444476.266930706 6201559.57968206))",1048,п3д огл,с.с.,далл,166.895431518555,1.29075562953949,202.555191040039,0.000155340283527039,-2.81780303339474e-05,С2,0.1983642578125,2.17072582244873,3.50267028808594,444476.266930706,6201559.57968206,45.1981602808475,13.7245571286846,42.5202369689941,694.341613769531,685.304260253906,1269.87243652344,0
"MULTIPOINT ((444626.164965249 6201565.10953198))",1049,п3д огл,с.с.,далл,166.775451660156,1.67862069606781,317.311981201172,0.000147417929838412,-0.00018536314019002,С2,-0.0589599609375,3.09991812705994,5.09132385253906,444626.164965249,6201565.10953198,27.5443309554648,13.2292974859093,88.0901412963867,709.148010253906,840.559875488281,1095.9560546875,64.4680023193359
"MULTIPOINT ((444776.062999792 6201570.6393819))",1050,п3д огл,с.с.,далл,166.280197143555,1.91305088996887,225.958206176758,-8.6032239778433e-05,-0.000295003439532593,В4,-0.594345092773438,3.1924455165863,5.82339477539062,444776.062999792,6201570.6393819,38.2590813054776,13.5578816962699,99.9991836547852,580.212036132812,951.858642578125,984.061340332031,64.4680023193359
"MULTIPOINT ((444925.961034335 6201576.16923182))",1051,п3д огл,с.с.,далл,168.648300170898,0.655566036701202,262.537475585938,4.33814093412366e-05,9.18858313525561e-06,,0.081939697265625,1.68596577644348,2.15921020507812,444925.961034335,6201576.16923182,36.6326873965843,13.5144416845256,108.810882568359,451.276000976562,1067.13537597656,876.859680175781,64.4680023193359
"MULTIPOINT ((445075.859068878 6201581.69908174))",1052,п3д огл,с.с.,далл,167.966888427734,1.42049944400787,348.665313720703,0.0003134818689432,0.000182742136530578,С2,0.77392578125,2.18128681182861,3.89619445800781,445075.859068878,6201581.69908174,12.6604286113805,12.4519820161281,82.4614410400391,257.872009277344,1231.65942382812,729.372192382812,0
"MULTIPOINT ((445225.757103421 6201587.22893166))",1053,п3д огл,с.с.,далл,162.600784301758,3.23028874397278,6.66248178482056,0.000344551721354946,-9.00140548765194e-06,С2,0.525527954101562,3.52103877067566,8.71112060546875,445225.757103421,6201587.22893166,114.707725136163,14.655888117088,45.6066436767578,128.936004638672,1322.77282714844,644.680053710938,0
"MULTIPOINT ((445375.655137964 6201592.75878158))",1054,п3д огл,с.с.,далл,156.500518798828,1.07692468166351,166.16877746582,-0.00116724043618888,-0.000305552704958245,С2,-2.29647827148438,6.21175479888916,5.63117980957031,445375.655137964,6201592.75878158,1.73923602496485,10.4669466951224,7.99993467330933,0,1419.76037597656,576.619323730469,64.4680023193359
"MULTIPOINT ((445525.553172507 6201598.2886315))",1055,п3д огл,с.с.,далл,162.64192199707,0.939903318881989,97.5447158813477,0.000139702504384331,-0.000174062923179008,,-0.053497314453125,2.71501469612122,3.23931884765625,445525.553172507,6201598.2886315,36.7919684807867,13.5187803179765,63.9994773864746,193.404006958008,1495.32409667969,519.757629394531,0
"MULTIPOINT ((445675.45120705 6201603.81848142))",1056,п3д огл,с.с.,далл,163.405990600586,0.735989093780518,83.7292633056641,-3.63417129847221e-05,0.000265779264736921,С2,0.35760498046875,2.03361082077026,2.30851745605469,445675.45120705,6201603.81848142,4.22251547321806,11.3539317785874,59.99951171875,322.340026855469,1517.39660644531,392.1435546875,0
"MULTIPOINT ((445825.349241593 6201609.34833135))",1057,п3д огл,с.с.,далл,162.390808105469,0.954114615917206,103.843811035156,-2.53092639468377e-05,-0.00029297181754373,С2,-0.496139526367188,1.73793792724609,2.99163818359375,445825.349241593,6201609.34833135,70.8803982333051,14.1744946691226,43.999641418457,432.464508056641,1549.91589355469,265.808380126953,0
"MULTIPOINT ((446125.145310679 6201620.40803119))",1058,п2д,с.с.,далл,161.297729492188,0.514102816581726,342.676055908203,-0.000353852927219123,-5.69580370211042e-05,В3,-0.640350341796875,1.17915952205658,2.20460510253906,446125.145310679,6201620.40803119,481.45958779423,16.3570824641539,35.7767944335938,647.895385742188,1672.44458007812,91.1715240478516,64.4680023193359
"MULTIPOINT ((445975.247276136 6201614.87818126))",1059,п2д огл,л.с.,далл,164.564086914062,0.860861718654633,345.645874023438,0.000521843787282705,-1.34699548652861e-05,,0.7926025390625,2.26975846290588,2.74223327636719,445975.247276136,6201614.87818126,10.1357180763669,12.496325794793,147.998794555664,608.189880371094,1616.84924316406,91.1715240478516,64.4680023193359
"MULTIPOINT ((446424.941379765 6201631.46773103))",1060,п2д огл,л.с.,далл,159.851287841797,1.58155846595764,293.994812011719,-0.00016229081666097,-0.000574484234675765,С3,-1.14892578125,4.36791753768921,4.24002075195312,446424.941379765,6201631.46773103,21.6206825608314,4.80244603040225,101.19206237793,328.723602294922,1843.82995605469,392.1435546875,64.4680023193359
"MULTIPOINT ((446275.043345222 6201625.9378811))",1061,п2д,с.с.,далл,161.604690551758,0.616746783256531,144.768356323242,-0.000103075079096016,-0.000158329741680063,В3,-0.407455444335938,1.99980592727661,1.68405151367188,446275.043345222,6201625.9378811,8.44821917180946,12.047456414686,69.8564224243164,519.757629394531,1735.85400390625,203.86572265625,64.4680023193359
"MULTIPOINT ((446724.737448851 6201642.52743087))",1062,п3д огл,л.с.,далл,160.157043457031,2.25592589378357,331.408294677734,0.000347005523508415,-2.82723431155318e-05,В4,0.49798583984375,4.21711826324463,7.47836303710938,446724.737448851,6201642.52743087,29.3565974043011,13.2930180492321,25.2980155944824,91.1715240478516,1977.60266113281,647.895385742188,64.4680023193359
"MULTIPOINT ((446574.839414308 6201636.99758095))",1063,п3д огл,л.с.,далл,161.299713134766,1.40760850906372,244.273208618164,1.22467241681079e-07,1.61025254783453e-05,С2,0.025299072265625,3.34538340568542,4.48489379882812,446574.839414308,6201636.99758095,17.0746457200632,12.7510954012085,95.9992141723633,203.86572265625,1923.26538085938,519.757629394531,64.4680023193359
"MULTIPOINT ((447024.533517937 6201653.58713071))",1064,п3д огл,л.с.,далл,161.071090698242,1.53974807262421,136.933181762695,0.000184158023330383,-7.39825918572024e-05,С2,0.171981811523438,1.83963406085968,5.13539123535156,447024.533517937,6201653.58713071,28.3621729715142,13.258557064153,86.1619338989258,182.343048095703,1897.15649414062,969.166625976562,64.4680023193359
"MULTIPOINT ((446874.635483394 6201648.05728079))",1065,п3д,с.с.,далл,158.149475097656,1.3538156747818,211.923797607422,0.000127883642562665,-0.000281455606454983,С2,-0.239303588867188,4.37773704528809,5.14665222167969,446874.635483394,6201648.05728079,3.36473306241141,2.90928493807235,53.3662223815918,0,1939.40490722656,776.297546386719,64.4680023193359
"MULTIPOINT ((447324.329587023 6201664.64683055))",1066,п2д огл,л.с.,далл,157.802215576172,0.399675101041794,348.437469482422,-0.00027815462090075,-0.000775216787587851,С2,-1.64179992675781,4.18887901306152,2.15580749511719,447324.329587023,6201664.64683055,3334.58866717164,19.3669386055309,0,257.872009277344,1806.2548828125,1224.89208984375,0
"MULTIPOINT ((447174.43155248 6201659.11698063))",1067,п2д огл,л.с.,далл,160.789291381836,1.15921688079834,38.1543197631836,-7.16350259608589e-05,-9.47082880884409e-05,С2,-0.259368896484375,1.74154675006866,3.64939880371094,447174.43155248,6201659.11698063,19.4963504504562,5.85353536350261,64.1243515014648,288.309661865234,1879.54919433594,1097.8505859375,64.4680023193359
"MULTIPOINT ((447624.125656109 6201675.70653039))",1068,п2д огл,л.с.,далл,154.319488525391,3.50570201873779,266.888763427734,-0.00140471092890948,-0.000436619244283065,В3,-2.8834228515625,9.15046882629395,9.52510070800781,447624.125656109,6201675.70653039,85.424191079856,14.3611300730216,43.2662620544434,64.4680023193359,1759.63391113281,1226.58740234375,0
"MULTIPOINT ((447474.227621566 6201670.17668047))",1069,п2д огл,л.с.,далл,158.951751708984,1.8684549331665,319.232940673828,0.000444513716502115,-0.000368835055269301,С2,0.118743896484375,4.29367542266846,6.73390197753906,447474.227621566,6201670.17668047,2396.47691132295,17.695255728647,0,64.4680023193359,1806.2548828125,1240.06677246094,0
"MULTIPOINT ((447923.921725195 6201686.76623023))",1070,п3д,с.с.,далл,162.982818603516,0.341424405574799,213.427886962891,-2.66717779595638e-05,-0.000245185976382345,С2,-0.423721313476562,1.49148726463318,1.53727722167969,447923.921725195,6201686.76623023,184.24867746488,15.1297870975313,43.2662620544434,386.808013916016,1484.16479492188,1240.06677246094,64.4680023193359
"MULTIPOINT ((447774.023690652 6201681.23638031))",1071,п2д огл,л.с.,далл,157.731155395508,3.22160387039185,228.52571105957,-0.000429129868280143,-0.000925035390537232,С2,-2.11601257324219,7.33546495437622,9.71531677246094,447774.023690652,6201681.23638031,209.090172457814,15.5230257723375,11.9999017715454,193.404006958008,1647.40661621094,1224.89208984375,64.4680023193359
"MULTIPOINT ((448223.717794281 6201697.82593007))",1072,п3д,с.с.,далл,161.323989868164,1.54742825031281,308.717346191406,-0.000115852220915258,-0.000298713479423895,С2,-0.646484375,3.34815764427185,4.95542907714844,448223.717794281,6201697.82593007,22.7444583080987,13.037822269297,7.99993467330933,634.936218261719,1279.6533203125,1305.37756347656,64.4680023193359
"MULTIPOINT ((448073.819759738 6201692.29608015))",1073,п3д,с.с.,далл,162.811172485352,0.655521273612976,306.287658691406,-0.000115328344691079,-0.000123416728456505,С2,-0.372146606445312,1.49860405921936,1.84996032714844,448073.819759738,6201692.29608015,11.7614018985583,12.1735366118857,32.9845733642578,515.744018554688,1379.67553710938,1266.59533691406,64.4680023193359
"MULTIPOINT ((442832.918400653 6201348.8532984))",1074,п3д,с.с.,морена,166.869537353516,2.75638675689697,173.818756103516,0.000345917418599129,-0.000434915069490671,,-0.137603759765625,3.44492506980896,7.144287109375,442832.918400653,6201348.8532984,46.9460390559207,13.7624995813651,79.1953125,386.808013916016,754.57861328125,503.511199951172,64.4680023193359
"MULTIPOINT ((443132.714469739 6201359.91299824))",1075,п3д,с.с.,морена,170.418762207031,0.820640742778778,251.577774047852,-7.67406600061804e-05,0.000357916404027492,С2,0.438232421875,1.76362192630768,2.666748046875,443132.714469739,6201359.91299824,12.7082316533704,12.4557506896071,126.300193786621,451.276000976562,815.462890625,720.774169921875,64.4680023193359
"MULTIPOINT ((443582.408573368 6201376.502548))",1076,п3д,с.с.,морена,166.199768066406,2.68835806846619,202.594375610352,4.00644375986303e-06,-0.000164091150509194,С2,-0.249755859375,3.86438798904419,7.04164123535156,443582.408573368,6201376.502548,89.0845061965965,14.6698455933143,119.9990234375,554.57470703125,412.796630859375,923.041320800781,91.1715240478516
"MULTIPOINT ((443421.450838985 6201670.76876716))",1077,п3д,с.с.,морена,169.8046875,0.800551295280457,207.461471557617,-0.000180800750968046,5.51511511730496e-05,С2,-0.1959228515625,1.6827939748764,2.45414733886719,443421.450838985,6201670.76876716,35.4822732693595,13.4825339716682,61.0568504333496,232.442687988281,735.04833984375,923.041320800781,128.936004638672
"MULTIPOINT ((443271.552804442 6201665.23891724))",1078,п3д,с.с.,морена,169.528244018555,0.216629892587662,270.296356201172,0.000135269845486619,1.98479847313138e-05,С2,0.24176025390625,1.18239498138428,0.700576782226562,443271.552804442,6201665.23891724,18.4927214397796,5.89565364870649,127.811317443848,144.154830932617,807.781799316406,838.084045410156,64.4680023193359
"MULTIPOINT ((443571.348873528 6201676.29861708))",1079,п3д,с.с.,морена,170.611114501953,0.465390771627426,245.604446411133,6.34891548543237e-05,-0.000278098246781155,С2,-0.334487915039062,2.00673866271973,1.58769226074219,443571.348873528,6201676.29861708,29.4452655529063,13.2960338793895,188.508407592773,322.340026855469,663.738708496094,958.3857421875,64.4680023193359
"MULTIPOINT ((443721.246908071 6201681.828467))",1080,п3д,с.с.,морена,172.240142822266,0.557446241378784,289.268341064453,0.000217648164834827,-4.60030332760653e-06,С2,0.33209228515625,1.60608017444611,1.74029541015625,443721.246908071,6201681.828467,15.6765601976694,12.93242678196,208.036758422852,455.857604980469,594.365600585938,1039.51525878906,64.4680023193359
"MULTIPOINT ((443871.144942614 6201687.35831693))",1081,п3д,с.с.,морена,169.713165283203,2.75175023078918,337.475128173828,0.000309679540805519,0.00013993724132888,С2,0.702682495117188,4.009108543396,7.55111694335938,443871.144942614,6201687.35831693,51.5794435530386,13.8566239567836,98.3861923217773,554.57470703125,580.212036132812,1109.1494140625,64.4680023193359
"MULTIPOINT ((444021.042977157 6201692.88816684))",1082,п3д,с.с.,морена,165.050704956055,1.10538935661316,245.87760925293,-0.000130118482047692,-0.000639801670331508,С2,-1.20027160644531,3.50437498092651,4.37054443359375,444021.042977157,6201692.88816684,91.2084529434642,14.4266483229947,15.9998693466187,663.738708496094,583.782592773438,1188.73120117188,0
"MULTIPOINT ((444170.9410117 6201698.41801677))",1083,п3д,с.с.,морена,164.910461425781,3.01686835289001,314.929809570312,0.000241493442445062,-3.25034270645119e-05,С2,0.327224731445312,4.14969635009766,9.71455383300781,444170.9410117,6201698.41801677,47.8323487649408,13.7812029074343,95.9992141723633,773.616027832031,634.936218261719,1322.77282714844,91.1715240478516
"MULTIPOINT ((444320.839046243 6201703.94786668))",1084,п3д,с.с.,морена,162.006332397461,2.19018125534058,233.575622558594,2.56006460404024e-05,-0.000861593405716121,С2,-1.30381774902344,4.57083654403687,6.65675354003906,444320.839046243,6201703.94786668,56.4070768430227,13.9460953709986,19.9998359680176,784.287109375,697.328063964844,1418.29602050781,91.1715240478516
"MULTIPOINT ((444470.737080786 6201709.47771661))",1085,п3д огл,с.с.,морена,166.184463500977,1.0581077337265,122.668899536133,-0.000284029869362712,0.000358726334525272,С2,0.116302490234375,2.19619035720825,3.81108093261719,444470.737080786,6201709.47771661,29.6207427301902,13.3019756282445,43.0809669494629,815.462890625,776.297546386719,1327.47741699219,64.4680023193359
"MULTIPOINT ((444620.635115329 6201715.00756653))",1086,п3д огл,с.с.,морена,166.12678527832,0.973644971847534,138.372009277344,3.00876054097898e-05,-0.000768505677115172,С3,-1.15101623535156,4.62611246109009,5.28056335449219,444620.635115329,6201715.00756653,494.530439794567,16.8102247300679,3.99996733665466,709.148010253906,864.929016113281,1162.21337890625,64.4680023193359
"MULTIPOINT ((444770.533149872 6201720.53741645))",1087,п3д огл,с.с.,морена,168.164001464844,0.76970899105072,237.014434814453,-0.000209801830351353,-0.000178746122401208,С2,-0.605697631835938,3.33292174339294,2.44477844238281,444770.533149872,6201720.53741645,114.127127768602,14.6508137273609,84.0944976806641,580.212036132812,929.770751953125,1057.35388183594,64.4680023193359
"MULTIPOINT ((444920.431184415 6201726.06726637))",1088,п3д огл,с.с.,морена,169.78303527832,0.705230534076691,295.221099853516,0.000242809634073637,0.000202154013095424,С2,0.693618774414062,2.68667817115784,2.54475402832031,444920.431184415,6201726.06726637,5.10030654615187,3.74614753003575,187.273666381836,451.276000976562,958.3857421875,1002.88671875,128.936004638672
"MULTIPOINT ((445070.329218958 6201731.59711629))",1089,п3д огл,с.с.,морена,165.88948059082,1.86786127090454,329.250183105469,6.9944369897712e-05,-0.000153133863932453,С2,-0.129623413085938,2.47629809379578,5.44065856933594,445070.329218958,6201731.59711629,45.5144166885774,13.9982892923215,72.1104354858398,257.872009277344,1097.8505859375,876.859680175781,0
"MULTIPOINT ((445220.227253501 6201737.12696621))",1090,п3д огл,с.с.,морена,161.17756652832,3.07963442802429,338.781433105469,4.93827610625885e-06,3.32834388245828e-05,С2,0.0596771240234375,3.05022764205933,8.85696411132812,445220.227253501,6201737.12696621,76.7103315612504,14.2535371446567,71.9994125366211,128.936004638672,1199.17419433594,807.781799316406,128.936004638672
"MULTIPOINT ((445370.125288044 6201742.65681613))",1091,п3д огл,с.с.,далл,157.511627197266,1.29656338691711,206.711227416992,-0.000654311152175069,-2.65379185293568e-05,С2,-1.06193542480469,3.12856006622314,4.48509216308594,445370.125288044,6201742.65681613,165.193953911852,15.0206210062465,7.99993467330933,0,1305.37756347656,712.072326660156,91.1715240478516
"MULTIPOINT ((445520.023322587 6201748.18666605))",1092,п3д огл,с.с.,далл,161.740051269531,1.29036295413971,219.649597167969,5.7392695453018e-05,0.000117883908387739,С2,0.273284912109375,2.27862739562988,4.13172912597656,445520.023322587,6201748.18666605,53.5076040250374,14.160083941364,79.9993438720703,128.936004638672,1359.95397949219,583.782592773438,64.4680023193359
"MULTIPOINT ((445669.92135713 6201753.71651597))",1093,п3д огл,с.с.,далл,164.109878540039,0.635764241218567,300.075286865234,0.000312100542942062,0.000311489158775657,С2,0.972030639648438,3.00865960121155,2.21856689453125,445669.92135713,6201753.71651597,2.57611429489598,10.8597829208203,87.9992828369141,322.340026855469,1391.6728515625,392.1435546875,91.1715240478516
"MULTIPOINT ((445819.819391673 6201759.24636589))",1094,п2д огл,л.с.,далл,163.236267089844,0.918496668338776,239.046798706055,0.000174048545886762,-2.49453496508067e-05,В3,0.23248291015625,2.9491868019104,3.59024047851562,445819.819391673,6201759.24636589,1.37032256524036,9.68141333651546,95.9992141723633,432.464508056641,1427.06005859375,265.808380126953,91.1715240478516
"MULTIPOINT ((445969.717426216 6201764.77621581))",1095,п2д огл,л.с.,далл,164.420318603516,0.390175521373749,240.747329711914,0.000266254908638075,-9.04157277545892e-05,В3,0.274078369140625,1.96714925765991,2.5074462890625,445969.717426216,6201764.77621581,3.10970043158827,5.47684607279738,168.806213378906,550.814819335938,1472.92102050781,144.154830932617,91.1715240478516
"MULTIPOINT ((446119.615460759 6201770.30606573))",1096,п2д,с.с.,морена,162.589172363281,0.973059833049774,322.194549560547,-2.34559429372894e-05,-8.8587672507856e-05,В3,-0.174667358398438,0.953222572803497,2.71060180664062,446119.615460759,6201770.30606573,43.7328042439119,13.4868119571464,83.2339324951172,673.065734863281,1559.27294921875,91.1715240478516,64.4680023193359
"MULTIPOINT ((446269.513495302 6201775.83591565))",1097,п2д,с.с.,морена,161.631927490234,0.190334558486938,324.205932617188,-0.000250114593654871,0.000173139866092242,С2,-0.119979858398438,1.47365963459015,1.95993041992188,446269.513495302,6201775.83591565,14.9361992095756,12.6172884881216,32.2487678527832,550.814819335938,1627.09887695312,203.86572265625,64.4680023193359
"MULTIPOINT ((446419.411529845 6201781.36576557))",1098,п2д огл,л.с.,далл,160.888366699219,0.732086837291718,91.4404525756836,-0.000287264643702656,-0.000229134122491814,В4,-0.804962158203125,3.40167355537415,2.17568969726562,446419.411529845,6201781.36576557,116.140265180415,14.6682993876496,55.9995422363281,432.464508056641,1702.00402832031,328.723602294922,64.4680023193359
"MULTIPOINT ((446569.309564388 6201786.89561549))",1099,п3д огл,л.с.,далл,161.399215698242,0.967416703701019,55.5717582702637,-0.000110691267764196,-0.000116218332550488,С3,-0.353744506835938,3.42186570167542,2.90577697753906,446569.309564388,6201786.89561549,19.9511794500181,6.84103640949749,96.0825119018555,265.808380126953,1825.70837402344,519.757629394531,64.4680023193359
"MULTIPOINT ((446719.207598931 6201792.42546541))",1100,п3д огл,л.с.,далл,158.582275390625,1.7421897649765,342.286682128906,0.000142758784932084,-0.000183027441380545,С3,-0.0625762939453125,2.25679039955139,4.79225158691406,446719.207598931,6201792.42546541,48.2873060527369,7.38908544273167,36.2212448120117,144.154830932617,1795.87072753906,657.447204589844,128.936004638672
"MULTIPOINT ((446869.105633474 6201797.95531533))",1101,п3д,с.с.,далл,153.866622924805,1.07050275802612,3.45580720901489,-0.000652838556561619,-0.000170934581547044,В4,-1.28446960449219,2.69991898536682,3.69047546386719,446869.105633474,6201797.95531533,147.587570034295,14.9079224391863,7.99993467330933,64.4680023193359,1753.71936035156,784.287109375,128.936004638672
"MULTIPOINT ((447019.003668017 6201803.48516525))",1102,п3д огл,л.с.,далл,160.716247558594,1.49091827869415,189.105484008789,0.000467814068542793,0.000139825438964181,С2,0.947845458984375,2.39583420753479,4.85844421386719,447019.003668017,6201803.48516525,8.70630520880485,11.872760967269,104.689163208008,128.936004638672,1706.880859375,975.577880859375,0
"MULTIPOINT ((447168.90170256 6201809.01501517))",1103,п2д огл,л.с.,далл,160.552520751953,0.792745172977448,37.595832824707,-8.03877555881627e-05,5.94880475546233e-05,С2,-0.0325927734375,1.75513362884521,2.15229797363281,447168.90170256,6201809.01501517,25.3553197730843,13.1464893054286,96.7462997436523,257.872009277344,1687.2890625,1103.51440429688,128.936004638672
"MULTIPOINT ((447318.799737103 6201814.54486509))",1104,п2д огл,л.с.,далл,159.70930480957,0.169830769300461,3.00437140464783,3.94522467104252e-05,-6.71138986945152e-05,С2,-0.0431060791015625,1.0771986246109,0.548614501953125,447318.799737103,6201814.54486509,7446.3436655832,18.8289791521828,0,257.872009277344,1677.40734863281,1231.65942382812,0
"MULTIPOINT ((447468.697771646 6201820.07471501))",1105,п3д,с.с.,далл,160.330551147461,0.827277839183807,49.5133056640625,0.000170705941854976,7.91569764260203e-05,С2,0.3895263671875,3.64390110969543,3.15238952636719,447468.697771646,6201820.07471501,10.0834181828739,12.2243930550297,79.9993438720703,64.4680023193359,1677.40734863281,1367.57287597656,128.936004638672
"MULTIPOINT ((447618.595806189 6201825.60456493))",1106,п3д,с.с.,далл,160.888259887695,1.8722836971283,161.048126220703,3.2251304219244e-05,-9.85066362773068e-05,С3,-0.103256225585938,5.13809061050415,5.09019470214844,447618.595806189,6201825.60456493,38.5118879427985,13.5644677157926,76.9409103393555,64.4680023193359,1687.2890625,1355.36218261719,128.936004638672
"MULTIPOINT ((447768.493840732 6201831.13441485))",1107,п2д огл,л.с.,далл,163.655914306641,0.661448180675507,192.592254638672,-0.000164792203577235,0.000266337068751454,С2,0.158233642578125,3.38446807861328,2.19132995605469,447768.493840732,6201831.13441485,5.95797059201169,11.6982306628222,164.193664550781,182.343048095703,1706.880859375,1353.82800292969,0
"MULTIPOINT ((447918.391875275 6201836.66426477))",1108,п2д,с.с.,морена,164.031936645508,1.05592131614685,257.453094482422,-0.000493156956508756,4.52115054940805e-05,С2,-0.698516845703125,2.21763849258423,2.85847473144531,447918.391875275,6201836.66426477,20.9617974661302,12.7194390768822,174.949981689453,347.170806884766,1560.60510253906,1367.57287597656,64.4680023193359
"MULTIPOINT ((448068.289909818 6201842.19411469))",1109,п2д,с.с.,морена,164.139511108398,0.893583834171295,293.284057617188,-0.000348979228874668,7.3600655014161e-05,С2,-0.42938232421875,1.45176267623901,3.16476440429688,448068.289909818,6201842.19411469,58.2211075017589,13.9777487052653,156.203704833984,469.334136962891,1461.59069824219,1391.6728515625,64.4680023193359
"MULTIPOINT ((444015.513127236 6201842.78620139))",1110,п3д,с.с.,морена,167.044784545898,1.35928773880005,261.778228759766,-0.00017345420201309,-0.00104642135556787,С2,-1.90193176269531,5.565514087677,4.89932250976562,444015.513127236,6201842.78620139,49.8885729801185,13.8232927225648,19.9998359680176,608.189880371094,673.065734863281,1094.05822753906,0
"MULTIPOINT ((443865.615092693 6201837.25635147))",1111,п3д,с.с.,морена,171.008712768555,0.651600658893585,339.492126464844,0.000702808960340917,-0.000158764989464544,С2,0.848114013671875,2.77435374259949,4.26284790039062,443865.615092693,6201837.25635147,4.20654018335414,11.3501412450703,161.788665771484,490.973693847656,709.148010253906,1007.02239990234,64.4680023193359
"MULTIPOINT ((444165.411161779 6201848.31605131))",1112,п3д,с.с.,морена,170.392211914062,1.19799423217773,289.696075439453,0.00021779170492664,0.000439526425907388,С2,1.02484130859375,1.61859321594238,4.36091613769531,444165.411161779,6201848.31605131,10.0922699666823,4.21430324196991,127.998954772949,720.774169921875,647.895385742188,1188.73120117188,0
"MULTIPOINT ((444315.309196322 6201853.84590123))",1113,п3д,с.с.,морена,166.727569580078,1.10903584957123,279.71533203125,0.000254221580689773,-4.64722616015933e-05,С2,0.323989868164062,2.45565819740295,3.56283569335938,444315.309196322,6201853.84590123,8.87722412483748,4.68847763485963,127.058006286621,895.618103027344,647.895385742188,1341.49230957031,128.936004638672
"MULTIPOINT ((444465.207230865 6201859.37575115))",1114,п3д огл,с.с.,морена,162.016159057617,3.0907301902771,32.0210380554199,-0.000232976017287001,-0.000275174475973472,С2,-0.794174194335938,4.2486834526062,7.95448303222656,444465.207230865,6201859.37575115,23.0893913843595,13.0528740090369,27.9997711181641,902.552001953125,611.59716796875,1415.36267089844,257.872009277344
"MULTIPOINT ((444615.105265408 6201864.90560107))",1115,п3д огл,с.с.,морена,159.562225341797,3.33579659461975,165.4296875,-0.00139463413506746,-0.00079467159230262,С2,-3.42532348632812,9.12239170074463,8.30122375488281,444615.105265408,6201864.90560107,13.9194763820792,12.5467897823947,52.6113548278809,773.616027832031,663.738708496094,1329.04187011719,257.872009277344
"MULTIPOINT ((444765.003299951 6201870.43545099))",1116,п3д огл,с.с.,морена,169.11018371582,1.38006377220154,58.3199157714844,1.20301956485491e-05,-0.000235936415265314,С2,-0.34906005859375,4.30564308166504,3.73782348632812,444765.003299951,6201870.43545099,22.6794111675876,13.03495826032,166.371719360352,580.212036132812,776.297546386719,1185.22985839844,257.872009277344
"MULTIPOINT ((444914.901334495 6201875.96530091))",1117,п3д огл,с.с.,морена,167.059310913086,2.24760460853577,59.4351615905762,-5.54840808035806e-05,-0.000220450412598439,С2,-0.430526733398438,2.89859819412231,6.36306762695312,444914.901334495,6201875.96530091,29.4035859615349,13.2946173828134,118.927581787109,451.276000976562,867.328247070312,1097.8505859375,182.343048095703
"MULTIPOINT ((445064.799369038 6201881.49515083))",1118,п3д огл,с.с.,морена,166.55143737793,1.28620207309723,115.322341918945,0.000176531117176637,-0.000321413594065234,С2,-0.225723266601562,2.5556800365448,5.11154174804688,445064.799369038,6201881.49515083,20.3226684869582,12.9252376816911,93.7222366333008,322.340026855469,967.02001953125,1019.32861328125,64.4680023193359
"MULTIPOINT ((445214.697403581 6201887.02500075))",1119,п3д,с.с.,морена,164.298538208008,3.57516694068909,352.560577392578,0.00038391153793782,0.000426459300797433,С2,1.26780700683594,4.52567768096924,9.21343994140625,445214.697403581,6201887.02500075,1.38215236648009,9.69000914528615,163.998657226562,128.936004638672,1127.72937011719,860.110473632812,128.936004638672
"MULTIPOINT ((445364.595438124 6201892.55485067))",1120,п3д,с.с.,морена,157.197708129883,0.467306643724442,181.026138305664,-0.00104049104265869,-0.000219361681956798,С4,-1.96372985839844,4.45741891860962,3.82107543945312,445364.595438124,6201892.55485067,171.318461553907,15.0570249171765,15.9998693466187,0,1224.89208984375,735.04833984375,203.86572265625
"MULTIPOINT ((445514.493472667 6201898.08470059))",1121,п3д огл,с.с.,далл,162.414611816406,1.61156928539276,168.240661621094,0.000245392962824553,5.85339257668238e-05,С2,0.474166870117188,1.96900415420532,5.18084716796875,445514.493472667,6201898.08470059,21.0305364167352,12.9594762410304,116.274589538574,91.1715240478516,1231.65942382812,611.59716796875,193.404006958008
"MULTIPOINT ((445664.39150721 6201903.61455051))",1122,п3д огл,с.с.,далл,162.026947021484,2.5887348651886,44.0833587646484,0.000509236182551831,-0.000198730907868594,С2,0.486053466796875,4.26893377304077,8.84245300292969,445664.39150721,6201903.61455051,30.4353005619969,13.3291038818609,51.9995765686035,265.808380126953,1266.59533691406,432.464508056641,203.86572265625
"MULTIPOINT ((445814.289541753 6201909.14440043))",1123,п2д огл,л.с.,далл,161.254547119141,3.14689993858337,125.41340637207,0.000444587873062119,-0.000285131769487634,В3,0.250991821289062,4.9057412147522,9.39115905761719,445814.289541753,6201909.14440043,49.9181373777215,13.8238851556459,99.9991836547852,375.909820556641,1305.37756347656,322.340026855469,203.86572265625
"MULTIPOINT ((445964.187576296 6201914.67425035))",1124,п2д огл,л.с.,далл,164.105010986328,0.806405186653137,102.810668945312,0.000240349996602163,5.10495810885914e-05,В3,0.45428466796875,1.48395597934723,3.2237548828125,445964.187576296,6201914.67425035,16.0347693128313,5.12092458631636,135.998886108398,490.973693847656,1355.36218261719,232.442687988281,203.86572265625
"MULTIPOINT ((446114.085610839 6201920.20410027))",1125,п2д,с.с.,морена,163.829498291016,0.255829483270645,33.1786460876465,7.63803982408717e-05,0.000116254901513457,В3,0.30023193359375,0.365199089050293,0.90472412109375,446114.085610839,6201920.20410027,12.2673882851598,12.6872045486237,189.524185180664,657.447204589844,1394.65612792969,265.808380126953,257.872009277344
"MULTIPOINT ((446263.983645382 6201925.73395019))",1126,п2д,с.с.,морена,161.523300170898,1.5997222661972,3.39736318588257,0.00013821704487782,-0.000164529541507363,В4,-0.040863037109375,2.06936764717102,4.05668640136719,446263.983645382,6201925.73395019,85.8228406499059,14.3657859235336,83.9993133544922,580.212036132812,1470.0966796875,322.340026855469,257.872009277344
"MULTIPOINT ((446413.881679925 6201931.26380011))",1127,п2д огл,л.с.,далл,160.388717651367,1.17164158821106,160.748886108398,-0.000194743028259836,-8.11655263532884e-06,С3,-0.31634521484375,2.33586049079895,3.04107666015625,446413.881679925,6201931.26380011,57.2448479860677,13.7560511143341,59.99951171875,451.276000976562,1552.59509277344,412.796630859375,257.872009277344
"MULTIPOINT ((446563.779714468 6201936.79365003))",1128,п3д огл,л.с.,далл,161.714599609375,0.504550755023956,356.056365966797,5.1340142817935e-05,8.35164901218377e-05,С3,0.210205078125,0.622995495796204,1.5350341796875,446563.779714468,6201936.79365003,20.28261767961,12.923264991723,48.6617050170898,257.872009277344,1687.2890625,576.619323730469,257.872009277344
"MULTIPOINT ((446713.677749011 6201942.32349995))",1129,п3д огл,л.с.,далл,160.49560546875,2.00440883636475,20.4011173248291,0.000573261640965939,0.000560851534828544,С3,1.76974487304688,4.69852685928345,6.10675048828125,446713.677749011,6201942.32349995,3.55246575914206,10.9763554098773,78.7902221679688,128.936004638672,1676.16809082031,694.341613769531,257.872009277344
"MULTIPOINT ((446863.575783554 6201947.85334987))",1130,п3д,с.с.,далл,153.438766479492,1.09899067878723,3.84448766708374,-0.000937139033339918,-0.000134703164803796,В3,-1.67135620117188,4.1534276008606,4.08689880371094,446863.575783554,6201947.85334987,103.180283510285,14.5499785279638,8.94419860839844,0,1630.92578125,815.462890625,193.404006958008
"MULTIPOINT ((447013.473818097 6201953.38319979))",1131,п3д огл,л.с.,далл,159.163833618164,1.40745794773102,162.197296142578,0.00037938987952657,-0.000385563529562205,С3,-0.0092620849609375,2.54567074775696,4.75747680664062,447013.473818097,6201953.38319979,53.0400248566872,13.8845475589438,87.7261352539062,182.343048095703,1580.45251464844,1000.8125,0
"MULTIPOINT ((447163.37185264 6201958.91304971))",1132,п2д огл,л.с.,далл,159.696914672852,0.230076476931572,25.7687244415283,-9.40629397518933e-05,-5.76102029299363e-05,С3,-0.23638916015625,0.899739027023315,1.11039733886719,447163.37185264,6201958.91304971,49.9502308839624,13.8245278718113,23.9998035430908,288.309661865234,1559.27294921875,1125.88525390625,128.936004638672
"MULTIPOINT ((447313.269887183 6201964.44289963))",1133,п2д огл,л.с.,далл,160.794723510742,0.306421965360641,191.675064086914,0.00015589666145388,0.000379709410481155,С2,0.83477783203125,2.63248991966248,1.30119323730469,447313.269887183,6201964.44289963,4.49337882678251,11.4161056858455,65.6043472290039,265.808380126953,1548.57458496094,1251.7421875,64.4680023193359
"MULTIPOINT ((447463.167921726 6201969.97274955))",1134,п2д огл,л.с.,далл,160.531616210938,0.814288794994354,312.995635986328,0.000195830478332937,0.000123927835375071,С2,0.49847412109375,2.68641352653503,2.91746520996094,447463.167921726,6201969.97274955,15.2063445801246,12.6352134917754,119.9990234375,91.1715240478516,1548.57458496094,1441.54833984375,203.86572265625
"MULTIPOINT ((447613.065956269 6201975.50259947))",1135,п3д,с.с.,далл,159.600646972656,1.14809691905975,179.26383972168,-0.000390583358239383,-0.000116374321805779,С2,-0.79052734375,2.77736067771912,4.6397705078125,447613.065956269,6201975.50259947,96.0535318674744,14.478406404099,26.8325958251953,0,1559.27294921875,1484.16479492188,128.936004638672
"MULTIPOINT ((447762.963990812 6201981.03244939))",1136,п2д огл,л.с.,далл,161.680725097656,1.25664782524109,120.045455932617,-0.000179338312591426,-0.000254439597483724,С2,-0.676361083984375,2.99482583999634,3.99684143066406,447762.963990812,6201981.03244939,76.4402315929975,14.2500098935291,67.9994430541992,128.936004638672,1580.45251464844,1482.76403808594,0
"MULTIPOINT ((447912.862025355 6201986.56229931))",1137,п2д,с.с.,морена,168.157318115234,1.9127299785614,149.937423706055,0.000600449391640723,9.01879539014772e-05,С2,1.07803344726562,4.03980302810669,5.79043579101562,447912.862025355,6201986.56229931,14.0903186357976,12.8257481062296,96.8289566040039,322.340026855469,1569.8984375,1559.27294921875,193.404006958008
"MULTIPOINT ((448062.760059898 6201992.09214923))",1138,п2д,с.с.,морена,167.818099975586,0.720001518726349,10.7850294113159,6.81562960380688e-05,4.22594457631931e-05,С2,0.172119140625,2.04009628295898,3.01908874511719,448062.760059898,6201992.09214923,23.286447855089,13.0613722986604,99.9991836547852,451.276000976562,1596.15270996094,1580.45251464844,257.872009277344
"MULTIPOINT ((448212.658094441 6201997.62199915))",1139,п2д огл,л.с.,далл,167.587219238281,0.944570183753967,226.481384277344,6.4202344219666e-05,8.23390655568801e-05,С2,0.22845458984375,1.39897906780243,2.63372802734375,448212.658094441,6201997.62199915,12.9523805914788,12.4747803451347,46.818416595459,580.212036132812,1505.02075195312,1611.70007324219,232.442687988281
"MULTIPOINT ((443121.654769899 6201659.70906732))",1140,п3д,с.с.,морена,168.311950683594,1.56007957458496,81.1178512573242,-0.000444371660705656,-0.000508389028254896,С2,-1.48599243164062,5.47732448577881,4.48768615722656,443121.654769899,6201659.70906732,55.0475891954921,6.32289551916026,65.6043472290039,193.404006958008,685.304260253906,647.895385742188,64.4680023193359
"MULTIPOINT ((447603.322027665 6197832.45791769))",1141,п2д,с.с.,морена,159.240646362305,1.40955126285553,187.067855834961,-0.000256811355939135,-1.3970256986795e-05,С2,-0.422378540039062,1.58163070678711,3.93232727050781,447603.322027665,6197832.45791769,72.8056341174399,14.201294088357,257.897094726562,951.858642578125,2579.52563476562,797.425170898438,64.4680023193359
"MULTIPOINT ((450607.047296185 6197820.86001887))",1142,п2д,с.с.,фг,149.529739379883,4.08872032165527,170.980880737305,0.000120322561997455,-0.000220959904254414,С2,-0.156280517578125,4.28328943252563,10.6363830566406,450607.047296185,6197820.86001887,87.2133873974985,14.3818585887577,65.6043472290039,1112.89025878906,288.309661865234,1125.88525390625,257.872009277344
"MULTIPOINT ((447753.104839315 6197824.38888217))",1143,п2д,с.с.,морена,163.916473388672,0.475639224052429,43.5712890625,0.000808795099146664,0.000729692343156785,С3,2.39797973632812,5.85928392410278,3.7933349609375,447753.104839315,6197824.38888217,1.603101087723,10.1486557562456,130.106582641602,1019.32861328125,2579.52563476562,838.084045410156,64.4680023193359
"MULTIPOINT ((450756.830107834 6197812.79098334))",1144,п2д,с.с.,фг,154.259613037109,1.7609361410141,51.0465354919434,0.000422367797000334,-7.51141487853602e-05,С2,0.542083740234375,1.9442720413208,6.07095336914062,450756.830107834,6197812.79098334,34.2121814203019,13.4460825069569,169.704238891602,923.041320800781,144.154830932617,938.668273925781,64.4680023193359
"MULTIPOINT ((447902.887650965 6197816.31984664))",1145,п2д,с.с.,морена,159.533218383789,1.07946991920471,204.381240844727,-0.00112494244240224,0.00015430711209774,С2,-1.513671875,6.17332363128662,5.12666320800781,447902.887650965,6197816.31984664,10.4711420877913,12.5288832671146,103.227066040039,1095.9560546875,2585.96264648438,895.618103027344,128.936004638672
"MULTIPOINT ((448052.670462615 6197808.25081112))",1146,п2д,с.с.,морена,160.793243408203,0.794693231582642,345.819610595703,-0.000358290155418217,0.000123640726087615,С3,-0.365859985351562,2.03622198104858,2.84466552734375,448052.670462615,6197808.25081112,10.1395465220038,12.229944019893,140.910171508789,1112.89025878906,2607.5693359375,1007.02239990234,128.936004638672
"MULTIPOINT ((448202.453274264 6197800.18177559))",1147,п1д,с.с.,морена,160.385269165039,0.472222775220871,178.300704956055,-0.000318882171995938,3.00393639918184e-05,С2,-0.450210571289062,1.77414107322693,1.57369995117188,448202.453274264,6197800.18177559,29.5389579319409,13.2992107443985,95.0781326293945,1097.8505859375,2629.78881835938,1094.05822753906,128.936004638672
"MULTIPOINT ((448352.236085914 6197792.11274007))",1148,п1д,с.с.,морена,161.337127685547,0.812670767307281,274.571258544922,0.00012981852341909,0.000160219351528212,С2,0.452133178710938,1.58441758155823,2.22836303710938,448352.236085914,6197792.11274007,14.1293777326452,12.8285163232423,124.578277587891,1160.42407226562,2521.6796875,1147.82006835938,64.4680023193359
"MULTIPOINT ((448502.018897564 6197784.04370455))",1149,п1д,с.с.,морена,161.176528930664,0.530096292495728,61.2326889038086,0.00033886861638166,0.000199351939954795,В3,0.83892822265625,2.81907367706299,1.70710754394531,448502.018897564,6197784.04370455,3.94619609549493,11.2862528455445,172.741180419922,1167.56518554688,2328.892578125,1305.37756347656,64.4680023193359
"MULTIPOINT ((448651.801709214 6197775.97466902))",1150,п1д,с.с.,морена,159.550262451172,0.413284629583359,21.7917213439941,-0.000116986040666234,7.32915577827953e-05,С2,-0.0680999755859375,0.636621832847595,1.811279296875,448651.801709214,6197775.97466902,41.7505022535561,13.6452122256757,150.145370483398,1188.73120117188,2200.42797851562,1415.36267089844,0
"MULTIPOINT ((448801.584520864 6197767.9056335))",1151,п1д,с.с.,морена,158.568252563477,1.42674422264099,337.588104248047,0.000368714885553345,9.42572951316833e-05,С2,0.722152709960938,3.1639723777771,4.05424499511719,448801.584520864,6197767.9056335,58.6405251606123,13.9849267576363,62.4814872741699,1223.1943359375,2072.02197265625,1528.31323242188,0
"MULTIPOINT ((448951.367332513 6197759.83659798))",1152,п1д огл,с.с.,фг,158.284164428711,0.995889484882355,196.948928833008,0.000413466797908768,5.46237533853855e-05,С2,0.729843139648438,2.96309733390808,2.69535827636719,448951.367332513,6197759.83659798,52.8938660808495,13.881788123464,15.9998693466187,1284.51574707031,1879.54919433594,1702.00402832031,193.404006958008
"MULTIPOINT ((449101.150144163 6197751.76756245))",1153,п1д огл,с.с.,фг,156.639801025391,2.16715216636658,330.250396728516,0.000387608219170943,-0.000417513336287811,С2,-0.0457763671875,2.20028901100159,6.02775573730469,449101.150144163,6197751.76756245,29.4860824591021,13.2974191154006,75.999382019043,1329.04187011719,1751.34777832031,1820.00830078125,322.340026855469
"MULTIPOINT ((449574.705685683 6198176.90889083))",1154,п1д огл,с.с.,фг,160.413619995117,0.118825055658817,261.952667236328,0.000130685366457328,-0.000201842078240588,С2,-0.110885620117188,1.02160561084747,0.841873168945312,449574.705685683,6198176.90889083,15.2321762691352,12.6369107946988,188.508407592773,1097.8505859375,1289.36010742188,1559.27294921875,193.404006958008
"MULTIPOINT ((449724.488497333 6198168.83985531))",1155,п1д огл,с.с.,фг,162.285095214844,1.24917566776276,185.169876098633,-0.000225913914619014,0.000197202927665785,С2,-0.044921875,1.9707156419754,4.65419006347656,449724.488497333,6198168.83985531,9.3412543080156,12.1479412818701,178.391372680664,1125.88525390625,1095.9560546875,1448.73815917969,193.404006958008
"MULTIPOINT ((449424.922874033 6198184.97792636))",1156,п1д огл,с.с.,фг,160.639602661133,0.826165556907654,111.41381072998,0.000278266001259908,0.000135098292957991,С2,0.6444091796875,1.29465842247009,2.09713745117188,449424.922874033,6198184.97792636,14.3683976911719,12.8452913563807,184.562835693359,1019.32861328125,1419.76037597656,1573.86450195312,128.936004638672
"MULTIPOINT ((449874.271308983 6198160.77081979))",1157,п1д огл,с.с.,фг,164.85627746582,1.7731260061264,260.856658935547,0.000130747663206421,0.000241300513152964,С2,0.580337524414062,1.88684856891632,4.63285827636719,449874.271308983,6198160.77081979,1.37291762673731,9.68332628714561,128.061431884766,1162.21337890625,967.02001953125,1379.67553710938,128.936004638672
"MULTIPOINT ((450024.054120633 6198152.70178426))",1158,п1д огл,с.с.,фг,164.790588378906,1.18628346920013,292.123016357422,8.6428459326271e-05,0.00035965396091342,С2,0.695449829101562,0.941018223762512,3.61610412597656,450024.054120633,6198152.70178426,12.1780173368175,12.413133213229,214.138381958008,1211.24377441406,838.084045410156,1305.37756347656,0
"MULTIPOINT ((450173.836932282 6198144.63274874))",1159,п1д огл,с.с.,фг,160.918212890625,1.26574754714966,5.24088335037231,0.000150881736772135,0.000374537368770689,С2,0.819198608398438,1.50723850727081,3.73025512695312,450173.836932282,6198144.63274874,2.95593613608669,10.9973161424363,280.454467773438,1183.47521972656,644.680053710938,1199.17419433594,193.404006958008
"MULTIPOINT ((450323.619743932 6198136.56371322))",1160,п1д огл,с.с.,фг,156.006530761719,3.12281370162964,347.756011962891,0.000280363165074959,0.000111094937892631,С2,0.612335205078125,1.76605844497681,8.38540649414062,450323.619743932,6198136.56371322,39.0988453874595,13.5795936812487,155.330642700195,1125.88525390625,515.744018554688,1127.72937011719,288.309661865234
"MULTIPOINT ((450473.402555582 6198128.49467769))",1161,п1д,с.с.,фг,148.724472045898,2.04288721084595,329.129699707031,-0.000477277266327292,-0.000174598608282395,С2,-1.01756286621094,2.3696825504303,5.73219299316406,450473.402555582,6198128.49467769,26.2927814507908,12.9780078994174,37.947021484375,1057.35388183594,386.808013916016,1067.13537597656,364.686096191406
"MULTIPOINT ((450623.185367232 6198120.42564217))",1162,п2д,с.с.,фг,144.930511474609,2.12794852256775,357.230529785156,-1.55722354975296e-05,-0.000509193981997669,С4,-0.8184814453125,2.90818190574646,5.81741333007812,450623.185367232,6198120.42564217,67.0101509349894,14.3851042806601,16.4922866821289,911.715209960938,193.404006958008,958.3857421875,193.404006958008
"MULTIPOINT ((450772.968178882 6198112.35660664))",1163,п2д,с.с.,фг,143.199188232422,2.64012742042542,79.0883026123047,-0.000791725411545485,-2.67177688328957e-06,С4,-1.24205017089844,3.81389474868774,7.15200805664062,450772.968178882,6198112.35660664,92.3049037146706,14.4385980125264,59.99951171875,838.084045410156,64.4680023193359,902.552001953125,64.4680023193359
"MULTIPOINT ((447619.460098712 6198132.02354099))",1164,п3д,с.с.,морена,158.280426025391,1.45011389255524,130.590866088867,4.96323227707762e-05,3.79779958166182e-05,С2,0.136642456054688,1.81482982635498,4.35966491699219,447619.460098712,6198132.02354099,39.9931510457509,13.6022089600231,113.841064453125,685.304260253906,2742.73266601562,1112.89025878906,64.4680023193359
"MULTIPOINT ((447769.242910362 6198123.95450547))",1165,п2д,с.с.,морена,158.716461181641,1.00908696651459,69.7541809082031,-2.14686042454559e-05,-0.000103387494164053,С2,-0.194625854492188,1.88752996921539,2.808349609375,447769.242910362,6198123.95450547,45.9395767813087,13.7408277292219,129.798797607422,751.819641113281,2855.57592773438,1142.37585449219,193.404006958008
"MULTIPOINT ((447919.025722012 6198115.88546994))",1166,п2д,с.с.,морена,158.637222290039,0.611939907073975,44.4060935974121,7.51777224650141e-06,7.2307389928028e-05,С2,0.124435424804688,1.10014605522156,1.55526733398438,447919.025722012,6198115.88546994,40.4805543500994,6.64946635142445,55.9995422363281,838.084045410156,2901.06005859375,1211.24377441406,193.404006958008
"MULTIPOINT ((448068.808533662 6198107.81643442))",1167,п2д,с.с.,морена,158.592163085938,0.461048364639282,105.723892211914,-4.55808658443857e-05,-8.84809924173169e-05,С2,-0.208953857421875,0.690969526767731,1.91328430175781,448068.808533662,6198107.81643442,307.820553190914,15.6430177381007,31.9997386932373,860.110473632812,2772.1240234375,1216.37976074219,128.936004638672
"MULTIPOINT ((448218.591345312 6198099.74739889))",1168,п1д,с.с.,морена,159.405288696289,0.916976749897003,168.415435791016,-0.000242178226471879,-1.45156700455118e-05,С2,-0.400222778320312,1.14277184009552,2.57225036621094,448218.591345312,6198099.74739889,68.2326127752379,14.1364233881627,121.654258728027,840.559875488281,2643.18798828125,1289.36010742188,128.936004638672
"MULTIPOINT ((448368.374156961 6198091.67836337))",1169,п1д,с.с.,морена,161.30729675293,0.995850205421448,26.9419937133789,-2.12883151107235e-05,5.75062549614813e-05,С2,0.0564422607421875,1.70833301544189,2.7978515625,448368.374156961,6198091.67836337,25.2635491618967,13.1428633566999,73.7557525634766,838.084045410156,2449.7841796875,1413.89367675781,128.936004638672
"MULTIPOINT ((448518.156968611 6198083.60932785))",1170,п1д,с.с.,морена,160.675689697266,0.307096511125565,58.2986793518066,0.00017427014245186,0.000184674572665244,С2,0.559463500976562,1.2663060426712,1.19088745117188,448518.156968611,6198083.60932785,1.3645924174155,9.81888079075915,111.138641357422,847.944213867188,2320.84814453125,1505.02075195312,91.1715240478516
"MULTIPOINT ((448667.939780261 6198075.54029232))",1171,п1д огл,с.с.,фг,158.768264770508,0.853503108024597,2.66107106208801,-0.000138366798637435,5.70853735553101e-05,С2,-0.126739501953125,1.26423585414886,2.36721801757812,448667.939780261,6198075.54029232,9.91627069339717,12.2076776568746,88.5430526733398,876.859680175781,2191.912109375,1601.35192871094,64.4680023193359
"MULTIPOINT ((448817.722591911 6198067.4712568))",1172,п1д огл,с.с.,фг,160.095840454102,1.52017438411713,199.433166503906,7.4579642387107e-05,0.000108927473775111,С2,0.28619384765625,2.10690712928772,4.10531616210938,448817.722591911,6198067.4712568,29.8298733927462,13.3090110986507,72.9925537109375,938.668273925781,1998.50805664062,1753.71936035156,91.1715240478516
"MULTIPOINT ((448967.505403561 6198059.40222128))",1173,п1д огл,с.с.,фг,161.245346069336,0.481241762638092,356.370727539062,7.19514282536693e-05,0.000138093091663904,С2,0.327392578125,1.35584509372711,1.43780517578125,448967.505403561,6198059.40222128,12.192009378289,12.4142815125865,172.323867797852,981.947387695312,1869.57202148438,1859.54150390625,182.343048095703
"MULTIPOINT ((449117.28821521 6198051.33318575))",1174,п1д огл,с.с.,фг,160.12532043457,0.172133103013039,355.860504150391,-6.58638964523561e-05,4.54822838946711e-05,С2,-0.0317535400390625,0.252817898988724,0.563796997070312,449117.28821521,6198051.33318575,7.14946973974778,7.06307502741194,170.878692626953,1039.51525878906,1740.63610839844,1874.01281738281,257.872009277344
"MULTIPOINT ((449267.07102686 6198043.26415023))",1175,п1д огл,с.с.,фг,160.263702392578,0.431241363286972,203.111877441406,-1.28814017443801e-05,-0.00010369936353527,С2,-0.18170166015625,1.95969474315643,1.37568664550781,449267.07102686,6198043.26415023,23.2435552517758,13.059528644562,84.3794021606445,1176.4306640625,1547.23205566406,1806.2548828125,322.340026855469
"MULTIPOINT ((449093.08110864 6197601.9847508))",1176,п1д огл,с.с.,фг,156.776901245117,2.03700399398804,21.8049411773682,0.000411552638979629,-0.000201614544494078,С2,0.328216552734375,1.84252834320068,6.09771728515625,449093.08110864,6197601.9847508,89.688088230323,14.6765981308507,63.9994773864746,1448.73815917969,1770.23083496094,1773.7490234375,347.170806884766
"MULTIPOINT ((448793.51548534 6197618.12282185))",1177,п1д,с.с.,морена,157.232650756836,1.23930418491364,10.2740573883057,8.30857607070357e-05,-0.000228773526032455,С2,-0.22705078125,2.33642601966858,3.54812622070312,448793.51548534,6197618.12282185,360.857421595774,15.8019836707156,43.999641418457,1346.13146972656,2088.00708007812,1472.92102050781,91.1715240478516
"MULTIPOINT ((449242.863920289 6197593.91571528))",1178,п1д огл,с.с.,фг,155.518417358398,2.44940495491028,77.8592681884766,0.000372513604816049,-0.000146585574839264,С2,0.353515625,3.15917134284973,7.09266662597656,449242.863920289,6197593.91571528,36.7826486200558,13.5185269735176,7.99993467330933,1557.93969726562,1657.46728515625,1877.33654785156,490.973693847656
"MULTIPOINT ((448943.29829699 6197610.05378633))",1179,п1д огл,с.с.,фг,158.544891357422,1.13957905769348,102.392333984375,-0.000169832681422122,0.000286218128167093,С2,0.181320190429688,1.58365833759308,4.42001342773438,448943.29829699,6197610.05378633,17.0728209198865,12.750988523577,55.9995422363281,1408.00244140625,1897.15649414062,1652.44458007812,232.442687988281
"MULTIPOINT ((449392.646731939 6197585.84667976))",1180,п1д огл,с.с.,фг,157.047058105469,0.699605941772461,162.867553710938,4.46433223260101e-05,0.000159546965733171,С2,0.318283081054688,1.03172206878662,2.38546752929688,449392.646731939,6197585.84667976,5.91267759587975,4.68468414229844,67.9994430541992,1643.61804199219,1470.0966796875,2063.98315429688,490.973693847656
"MULTIPOINT ((449542.429543589 6197577.77764423))",1181,п1д огл,с.с.,фг,156.822082519531,0.0912137478590012,310.671051025391,-0.000203973308089189,-0.000277928949799389,С2,-0.751068115234375,2.62389445304871,1.23243713378906,449542.429543589,6197577.77764423,185.715846008069,15.1377185403668,15.9998693466187,1673.68664550781,1346.13146972656,2038.6572265625,375.909820556641
"MULTIPOINT ((449692.212355239 6197569.70860871))",1182,п1д огл,с.с.,фг,157.509628295898,0.201510444283485,273.343475341797,-0.000208466619369574,0.000143123863381334,С2,-0.101852416992188,0.86584061384201,1.02290344238281,449692.212355239,6197569.70860871,8.80683224796545,12.0890285564881,23.9998035430908,1687.2890625,1223.1943359375,1968.12268066406,257.872009277344
"MULTIPOINT ((449841.995166889 6197561.63957319))",1183,п1д огл,с.с.,фг,158.537521362305,0.733513355255127,210.284072875977,-9.79086398729123e-05,-5.33153688593302e-05,С2,-0.235733032226562,0.951824188232422,2.27613830566406,449841.995166889,6197561.63957319,26.1046603804331,6.12349766430502,117.642570495605,1720.22094726562,1041.51245117188,1859.54150390625,64.4680023193359
"MULTIPOINT ((449991.777978538 6197553.57053766))",1184,п1д огл,с.с.,фг,160.241790771484,0.477391928434372,316.632720947266,0.000212249025935307,0.000320400053169578,С2,0.8302001953125,1.47849023342133,2.16264343261719,449991.777978538,6197553.57053766,4.01624715354308,11.0990613901717,233.681640625,1676.16809082031,923.041320800781,1753.71936035156,64.4680023193359
"MULTIPOINT ((450141.560790188 6197545.50150214))",1185,п1д огл,с.с.,фг,155.130218505859,2.34501075744629,18.0852584838867,-0.000328349939081818,-0.000231829850235954,С2,-0.874664306640625,2.73454976081848,6.67001342773438,450141.560790188,6197545.50150214,73.5226694647655,14.2110945311826,89.4419860839844,1547.23205566406,807.781799316406,1630.92578125,193.404006958008
"MULTIPOINT ((450291.343601838 6197537.43246662))",1186,п1д огл,с.с.,фг,154.98698425293,0.818787693977356,69.7786102294922,0.00030566196073778,0.000625570246484131,С2,1.45161437988281,4.77448129653931,3.10382080078125,450291.343601838,6197537.43246662,1.14989006771643,1.47613986567456,83.2339324951172,1418.29602050781,697.328063964844,1509.1572265625,322.340026855469
"MULTIPOINT ((450441.126413488 6197529.36343109))",1187,п1д,с.с.,фг,147.727996826172,0.912671089172363,47.4497451782227,-0.000845362257678062,-0.000441049429355189,С2,-2.00552368164062,5.21302032470703,6.23367309570312,450441.126413488,6197529.36343109,103.604283243884,14.5540794174496,36.8778762817383,1224.89208984375,594.365600585938,1305.37756347656,322.340026855469
"MULTIPOINT ((450590.909225138 6197521.29439557))",1188,п2д,с.с.,фг,154.743118286133,2.95169544219971,193.354415893555,0.000658100703731179,0.000247158197453246,С2,1.41549682617188,3.69142293930054,7.64109802246094,450590.909225138,6197521.29439557,28.465394060914,13.2621898504329,107.999114990234,1095.9560546875,519.757629394531,1185.22985839844,193.404006958008
"MULTIPOINT ((447761.173874839 6197974.17169381))",1189,п2д,с.с.,морена,160.314544677734,0.934117496013641,41.3410301208496,-2.64066625277337e-06,-0.00014465456479229,С2,-0.229598999023438,2.691561460495,3.87896728515625,447761.173874839,6197974.17169381,56.9015613664989,13.9548235257177,80.3983459472656,916.262451171875,2708.42333984375,958.3857421875,0
"MULTIPOINT ((447910.956686488 6197966.10265829))",1190,п2д,с.с.,морена,161.990783691406,1.83974182605743,134.485610961914,0.000127155886730179,0.000506695825606585,С2,0.988601684570312,4.44419050216675,5.28190612792969,447910.956686488,6197966.10265829,22.745753067697,13.0378791940533,14.4220876693726,1019.32861328125,2719.90795898438,1039.51525878906,0
"MULTIPOINT ((447611.391063189 6197982.24072934))",1191,п2д,с.с.,морена,159.612197875977,0.830367028713226,178.776763916016,-0.000212131009902805,7.3284565587528e-05,С2,-0.21649169921875,1.33098959922791,2.27574157714844,447611.391063189,6197982.24072934,7.72691711852366,6.47934831614055,227.998138427734,840.559875488281,2708.42333984375,923.041320800781,0
"MULTIPOINT ((448060.739498138 6197958.03362277))",1192,п2д,с.с.,морена,160.07698059082,1.25436615943909,40.9364814758301,-0.000365019484888762,2.3431450699718e-06,С2,-0.565658569335938,2.93632078170776,4.07820129394531,448060.739498138,6197958.03362277,68.0290324527367,14.1334353063201,63.2450370788574,986.170776367188,2735.14575195312,1109.1494140625,0
"MULTIPOINT ((448210.522309788 6197949.96458724))",1193,п1д,с.с.,морена,159.994415283203,0.739817023277283,153.670013427734,-0.000252067489782348,-6.40852958895266e-05,С2,-0.49285888671875,1.68128323554993,2.56846618652344,448210.522309788,6197949.96458724,44.8224704618984,13.7162103309115,43.999641418457,969.166625976562,2643.18798828125,1188.73120117188,0
"MULTIPOINT ((448360.305121438 6197941.89555172))",1194,п1д,с.с.,морена,162.051300048828,0.801441013813019,358.353790283203,0.000246689654886723,5.97657053731382e-05,С2,0.477752685546875,1.06537842750549,2.22486877441406,448360.305121438,6197941.89555172,7.81578174830257,12.2364051568958,191.998428344727,967.02001953125,2449.7841796875,1322.77282714844,0
"MULTIPOINT ((448510.087933087 6197933.8265162))",1195,п1д,с.с.,морена,158.689590454102,0.94722318649292,324.487121582031,-0.000263746333075687,-0.000410815060604364,С2,-1.05158996582031,3.08656930923462,2.34359741210938,448510.087933087,6197933.8265162,256.772502097838,15.4616912314501,76.8368682861328,975.577880859375,2320.84814453125,1419.76037597656,0
"MULTIPOINT ((448659.870744737 6197925.75748067))",1196,п1д,с.с.,морена,158.54719543457,0.226798191666603,9.10629463195801,0.000119972937682178,-0.000240931287407875,С2,-0.18853759765625,1.27546119689941,2.23403930664062,448659.870744737,6197925.75748067,18.3448530525611,12.8228497919836,44.181079864502,1000.8125,2191.912109375,1521.49951171875,64.4680023193359
"MULTIPOINT ((448809.653556387 6197917.68844515))",1197,п1д огл,с.с.,фг,158.04557800293,0.537595272064209,292.924224853516,0.000164220662554726,-0.000264339556451887,С2,-0.156036376953125,1.23394429683685,2.73458862304688,448809.653556387,6197917.68844515,9806.75475143783,19.3710868538313,0,1125.88525390625,1999.54760742188,1647.40661621094,144.154830932617
"MULTIPOINT ((448959.436368037 6197909.61940963))",1198,п1д огл,с.с.,фг,159.260848999023,0.969203591346741,238.104873657227,0.000144851699587889,0.000128095140098594,С2,0.425521850585938,1.87815928459167,3.54502868652344,448959.436368037,6197909.61940963,8.73419899603481,12.080746983296,68.3514709472656,1162.21337890625,1870.68322753906,1759.63391113281,232.442687988281
"MULTIPOINT ((449109.219179687 6197901.5503741))",1199,п1д огл,с.с.,фг,159.342666625977,0.64257150888443,279.538543701172,0.000159506060299464,2.61204168054974e-05,С2,0.28936767578125,1.20037245750427,2.63359069824219,449109.219179687,6197901.5503741,5.09856182857792,11.5424592499918,151.998764038086,1211.24377441406,1741.82958984375,1874.01281738281,347.170806884766
"MULTIPOINT ((449259.001991337 6197893.48133858))",1200,п1д огл,с.с.,фг,158.188751220703,1.90022265911102,278.554870605469,0.000360737816663459,-0.000421541219111532,С2,-0.0941925048828125,2.22241020202637,5.50627136230469,449259.001991337,6197893.48133858,1631.5425834347,18.0038972406669,0,1271.5078125,1612.98901367188,1949.02453613281,451.276000976562
"MULTIPOINT ((449408.784802986 6197885.41230306))",1201,п1д огл,с.с.,фг,156.606170654297,2.37571334838867,272.167541503906,-2.6831308787223e-05,-0.000579623738303781,С2,-0.946090698242188,3.79676032066345,6.6343994140625,449408.784802986,6197885.41230306,344.666862642775,15.756079079422,17.8883972167969,1329.04187011719,1419.76037597656,1843.82995605469,451.276000976562
"MULTIPOINT ((449558.567614636 6197877.34326753))",1202,п1д огл,с.с.,фг,159.194610595703,1.15214800834656,226.28532409668,0.000306803442072123,-3.729931631824e-05,С2,0.420318603515625,1.65287470817566,4.38702392578125,449558.567614636,6197877.34326753,31.4199480224901,13.360943722971,112.923828125,1355.36218261719,1290.970703125,1770.23083496094,386.808013916016
"MULTIPOINT ((449708.350426286 6197869.27423201))",1203,п1д огл,с.с.,фг,159.236923217773,0.426713496446609,287.976013183594,-7.6014461228624e-05,-3.39961843565106e-05,С2,-0.171463012695312,0.821205019950867,1.23300170898438,449708.350426286,6197869.27423201,28.466198922874,13.0574308481697,71.9994125366211,1367.57287597656,1162.21337890625,1702.00402832031,257.872009277344
"MULTIPOINT ((449858.133237936 6197861.20519648))",1204,п1д огл,с.с.,фг,159.020263671875,0.642751038074493,175.84635925293,-0.000126186219858937,-2.63379697571509e-05,С2,-0.237762451171875,0.818648934364319,2.20114135742188,449858.133237936,6197861.20519648,504.076932287413,16.8294087320019,75.999382019043,1408.00244140625,969.166625976562,1592.2421875,64.4680023193359
"MULTIPOINT ((450007.916049586 6197853.13616096))",1205,п1д огл,с.с.,фг,161.855621337891,0.302302062511444,142.798156738281,0.000399516895413399,0.000254900514846668,С2,1.01995849609375,1.98616933822632,1.90908813476562,450007.916049586,6197853.13616096,3.57878590006942,11.1885243532607,168.046234130859,1509.1572265625,847.944213867188,1573.86450195312,64.4680023193359
"MULTIPOINT ((450157.698861235 6197845.06712544))",1206,п1д огл,с.с.,фг,155.905456542969,4.2991795539856,354.339904785156,0.000146455597132444,-0.000456494628451765,С2,-0.483291625976562,4.09696245193481,10.5893096923828,450157.698861235,6197845.06712544,34.4501451877518,4.19240211469453,19.9998359680176,1499.48754882812,720.774169921875,1503.63928222656,193.404006958008
"MULTIPOINT ((450307.481672885 6197836.99808991))",1207,п1д,с.с.,фг,147.847198486328,1.25559759140015,63.5593605041504,-0.000567556242458522,0.000112254725536332,С2,-0.710189819335938,3.75625038146973,4.01168823242188,450307.481672885,6197836.99808991,715.537254680836,16.4865344101044,23.9998035430908,1355.36218261719,531.616760253906,1378.16845703125,386.808013916016
"MULTIPOINT ((450457.264484535 6197828.92905439))",1208,п1д,с.с.,фг,144.208129882812,1.19166851043701,10.07239818573,-0.000654973555356264,-0.00064004649175331,С3,-2.01924133300781,4.87866020202637,4.23246765136719,450457.264484535,6197828.92905439,76.4805728609249,14.5172969253041,23.9998035430908,1240.06677246094,407.7314453125,1251.7421875,375.909820556641
"MULTIPOINT ((450582.840189614 6197371.51158392))",1209,п1д,с.с.,фг,150.341979980469,3.27354383468628,212.127334594727,-0.000259818218182772,-8.63797904457897e-05,С2,-0.541763305664062,3.28868198394775,8.67059326171875,450582.840189614,6197371.51158392,18.8280421898796,12.6440608318006,71.5535888671875,1097.8505859375,634.936218261719,1142.37585449219,193.404006958008
"MULTIPOINT ((450283.274566315 6197387.64965496))",1210,п1д огл,с.с.,фг,155.829147338867,0.697138547897339,27.8828010559082,-9.76611499936553e-06,0.000222076545469463,С2,0.330917358398438,1.20203220844269,2.30496215820312,450283.274566315,6197387.64965496,7.38564813520772,11.9130394202966,197.462310791016,1419.76037597656,820.543762207031,1454.46435546875,328.723602294922
"MULTIPOINT ((450732.623001264 6197363.4425484))",1211,п2д,с.с.,фг,156.076919555664,1.33393907546997,225.162048339844,0.000345844542607665,0.000133666966576129,С2,0.747833251953125,1.56640720367432,5.23951721191406,450732.623001264,6197363.4425484,8.61671621603257,12.0672048071056,175.634552001953,969.166625976562,594.365600585938,1019.32861328125,64.4680023193359
"MULTIPOINT ((450433.057377964 6197379.58061944))",1212,п1д огл,с.с.,фг,148.525848388672,2.29165601730347,5.39548492431641,-0.000761707487981766,-0.000276005128398538,С2,-1.62054443359375,4.55450630187988,6.32972717285156,450433.057377964,6197379.58061944,203.571216773514,15.229516647662,55.9995422363281,1226.58740234375,697.328063964844,1266.59533691406,288.309661865234
"MULTIPOINT ((447579.114921095 6197383.10948274))",1213,п3д,с.с.,морена,154.058319091797,1.84812462329865,168.027450561523,0.000165823905263096,-0.000182547097210772,С2,-0.02581787109375,2.76944065093994,5.50434875488281,447579.114921095,6197383.10948274,41.0192715230679,13.6275427378453,19.9998359680176,1297.39343261719,2131.34765625,347.170806884766,64.4680023193359
"MULTIPOINT ((447728.897732744 6197375.04044722))",1214,п3д,с.с.,морена,156.893417358398,0.465068161487579,312.309661865234,0.000462467054603621,-0.000115606009785552,С2,0.540664672851562,3.03820538520813,3.99554443359375,447728.897732744,6197375.04044722,5.97063290003962,11.7003536796183,101.19206237793,1413.89367675781,2128.42065429688,455.857604980469,182.343048095703
"MULTIPOINT ((447878.680544394 6197366.97141169))",1215,п3д,с.с.,морена,156.047058105469,1.68704748153687,244.618850708008,0.000123049307148904,-0.000384144339477643,С2,-0.406936645507812,2.74856615066528,4.81492614746094,447878.680544394,6197366.97141169,85.4126966054743,14.360995506365,19.9998359680176,1471.50952148438,2136.21704101562,554.57470703125,91.1715240478516
"MULTIPOINT ((448028.463356044 6197358.90237617))",1216,п3д,с.с.,морена,158.459075927734,0.628738701343536,223.904830932617,0.000167112273629755,4.07043626182713e-05,С2,0.323944091796875,0.909102559089661,2.42988586425781,448028.463356044,6197358.90237617,25.7638122995566,13.1624716277074,94.8253860473633,1537.8017578125,2151.72534179688,663.738708496094,0
"MULTIPOINT ((448178.246167694 6197350.83334065))",1217,п2д,с.с.,морена,159.125366210938,0.2843037545681,221.011489868164,6.02137588430196e-05,1.52846168930409e-05,С2,0.11767578125,0.486898273229599,1.00997924804688,448178.246167694,6197350.83334065,25.1372205436706,13.1378503823538,102.449150085449,1548.57458496094,2189.06591796875,838.084045410156,0
"MULTIPOINT ((448328.028979344 6197342.76430512))",1218,п1д,с.с.,морена,159.528015136719,0.10244257748127,185.691253662109,-1.8992865079781e-05,0.000138953982968815,С2,0.186981201171875,1.06005966663361,0.546707153320312,448328.028979344,6197342.76430512,2.19134062626134,4.47875384927328,69.8564224243164,1547.23205566406,2222.97802734375,958.3857421875,0
"MULTIPOINT ((448477.811790993 6197334.6952696))",1219,п1д,с.с.,морена,160.478500366211,0.820903182029724,189.937088012695,0.000149792002048343,4.95704371132888e-05,С2,0.310791015625,1.30101025104523,2.34454345703125,448477.811790993,6197334.6952696,14.5084024216995,12.5882287033788,113.206848144531,1612.98901367188,2203.25927734375,1063.23352050781,128.936004638672
"MULTIPOINT ((448627.594602643 6197326.62623408))",1220,п1д огл,с.с.,фг,160.683364868164,0.0187941342592239,73.0785064697266,0,0,С2,-0.240097045898438,0.923610031604767,0.456451416015625,448627.594602643,6197326.62623408,108.847668261551,14.6034501103019,70.7666473388672,1632.19946289062,2278.37622070312,1251.7421875,144.154830932617
"MULTIPOINT ((448777.377414293 6197318.55719855))",1221,п1д огл,с.с.,фг,161.531494140625,0.288283735513687,219.200698852539,0.000129343010485172,0.00011233908298891,С2,0.376678466796875,0.81462574005127,0.871505737304688,448777.377414293,6197318.55719855,4.17080289954651,11.3416093035605,101.979560852051,1657.46728515625,2161.36108398438,1378.16845703125,232.442687988281
"MULTIPOINT ((449250.932955813 6197743.69852693))",1222,п1д огл,с.с.,фг,150.602157592773,2.57673788070679,296.842864990234,-0.000870507035870105,-0.000683969527017325,С2,-2.42793273925781,5.31494283676147,7.66053771972656,449250.932955813,6197743.69852693,57.1583863434925,13.7545395896025,11.9999017715454,1384.18676757812,1623.26293945312,1939.40490722656,451.276000976562
"MULTIPOINT ((449400.715767463 6197735.62949141))",1223,п1д огл,с.с.,фг,153.563125610352,0.760178983211517,158.574127197266,-0.00054431171156466,-0.000330709735862911,С2,-1.36402893066406,3.76546740531921,2.99909973144531,449400.715767463,6197735.62949141,2044.0086980033,17.5361689511236,0,1454.46435546875,1431.42199707031,1949.02453613281,515.744018554688
"MULTIPOINT ((449550.498579113 6197727.56045588))",1224,п1д огл,с.с.,фг,158.541580200195,1.08494102954865,193.069091796875,0.000302586733596399,0.000167885664268397,С2,0.733551025390625,2.24611759185791,4.03663635253906,449550.498579113,6197727.56045588,99.3229083305334,15.205056074789,84.8521194458008,1548.57458496094,1314.89440917969,1934.0400390625,386.808013916016
"MULTIPOINT ((449700.281390763 6197719.49142036))",1225,п1д огл,с.с.,фг,158.642883300781,0.54911333322525,315.753662109375,1.81522136699641e-05,0.000130296612042002,С2,0.23138427734375,0.948412656784058,1.73828125,449700.281390763,6197719.49142036,50.067472288628,13.8268722859429,28.8441753387451,1559.27294921875,1188.73120117188,1859.54150390625,257.872009277344
"MULTIPOINT ((449850.064202412 6197711.42238484))",1226,п1д огл,с.с.,фг,158.946578979492,1.07302463054657,170.820373535156,-0.000110809211037122,1.20329877972836e-05,С2,-0.154037475585938,1.25364542007446,2.89942932128906,449850.064202412,6197711.42238484,51.5337016401687,13.8557367388487,31.240743637085,1594.85034179688,1000.8125,1753.71936035156,64.4680023193359
"MULTIPOINT ((449999.847014062 6197703.35334931))",1227,п1д огл,с.с.,фг,161.315399169922,0.549367189407349,294.521423339844,0.000217120265006088,0.000370571127859876,С2,0.916030883789062,1.60500431060791,3.03761291503906,449999.847014062,6197703.35334931,1.3704079690649,9.68149664040126,174.262741088867,1630.92578125,876.859680175781,1681.11975097656,64.4680023193359
"MULTIPOINT ((450149.629825712 6197695.28431379))",1228,п1д огл,с.с.,фг,155.390884399414,3.69516921043396,351.707824707031,-0.000213330175029114,2.95558929792605e-05,С2,-0.288406372070312,3.80089449882507,9.822265625,450149.629825712,6197695.28431379,9.34312603805285,12.1481416342509,69.8564224243164,1548.57458496094,754.57861328125,1594.85034179688,193.404006958008
"MULTIPOINT ((450299.412637362 6197687.21527827))",1229,п1д огл,с.с.,фг,151.581161499023,1.98275184631348,13.8578796386719,0.000451476167654619,0.000235021885600872,С2,1.07142639160156,2.79780268669128,5.98518371582031,450299.412637362,6197687.21527827,24.3713159635827,13.1069076099314,75.999382019043,1355.36218261719,576.619323730469,1408.00244140625,386.808013916016
"MULTIPOINT ((450449.195449011 6197679.14624274))",1230,п1д,с.с.,фг,145.607284545898,0.592125415802002,357.887084960938,-0.000917714962270111,6.06958856224082e-05,В4,-1.3359375,3.33986163139343,3.60578918457031,450449.195449011,6197679.14624274,6.2796233546387,11.7508107477314,15.9998693466187,1226.58740234375,464.885375976562,1284.51574707031,328.723602294922
"MULTIPOINT ((450598.978260661 6197671.07720722))",1231,п2д,с.с.,фг,153.059387207031,3.93548774719238,162.400695800781,0.000968292471952736,2.91783981083427e-05,С2,1.56544494628906,6.24289321899414,10.1967620849609,450598.978260661,6197671.07720722,75.1869450808154,14.2334783576623,115.999053955078,1097.8505859375,364.686096191406,1162.21337890625,203.86572265625
"MULTIPOINT ((450748.761072311 6197663.00817169))",1232,п2д,с.с.,фг,156.559280395508,1.13753294944763,124.839096069336,-0.00022952574363444,2.67766563410987e-06,С2,-0.353775024414062,2.27160739898682,3.74519348144531,450748.761072311,6197663.00817169,12.8197679447404,5.09782418550891,263.997833251953,902.552001953125,328.723602294922,1009.08386230469,0
"MULTIPOINT ((447595.252992142 6197682.67510604))",1233,п3д,с.с.,морена,158.633697509766,1.29857349395752,226.490158081055,-0.000101738885859959,0.000297732767648995,С2,0.305465698242188,1.37188267707825,4.59295654296875,447595.252992142,6197682.67510604,31.2368887060685,13.355100471162,140.227233886719,1067.13537597656,2450.63232421875,673.065734863281,64.4680023193359
"MULTIPOINT ((447745.035803791 6197674.60607052))",1234,п3д,с.с.,морена,159.861404418945,1.98797464370728,269.237213134766,-0.000323355197906494,0.000362097431207076,С2,0.0598297119140625,2.96741437911987,6.19940185546875,447745.035803791,6197674.60607052,7.90718618020354,11.9812727334881,109.177856445312,1127.72937011719,2450.63232421875,720.774169921875,64.4680023193359
"MULTIPOINT ((447894.818615441 6197666.53703499))",1235,п3д,с.с.,морена,159.556900024414,0.802644848823547,188.326477050781,-0.000397996394895017,8.1338599557057e-05,С2,-0.493698120117188,2.90225148200989,3.34959411621094,447894.818615441,6197666.53703499,9.4299214924174,6.93445949891288,82.0724639892578,1199.17419433594,2457.40649414062,786.932250976562,144.154830932617
"MULTIPOINT ((448044.601427091 6197658.46799947))",1236,п2д,с.с.,морена,159.81201171875,0.99295312166214,285.390045166016,-9.80855020316085e-07,4.97028886456974e-05,С2,0.0759429931640625,1.52328383922577,2.86923217773438,448044.601427091,6197658.46799947,13.2014192601608,12.0883706148538,119.9990234375,1303.78466796875,2416.47534179688,867.328247070312,91.1715240478516
"MULTIPOINT ((448194.384238741 6197650.39896394))",1237,п2д,с.с.,морена,159.399505615234,0.672235190868378,267.476684570312,-1.39145458888379e-06,-4.22532102675177e-05,С2,-0.0680389404296875,0.804993331432343,1.80876159667969,448194.384238741,6197650.39896394,27.1958966979576,13.2165668496551,66.2112426757812,1290.970703125,2440.435546875,967.02001953125,64.4680023193359
"MULTIPOINT ((448344.167050391 6197642.32992842))",1238,п1д,с.с.,морена,159.313720703125,0.680439829826355,180.144729614258,-0.000406453473260626,-0.000118693809781689,С2,-0.818618774414062,2.81864333152771,2.72413635253906,448344.167050391,6197642.32992842,270.593196128978,15.5141173161989,23.323616027832,1289.36010742188,2470.89965820312,1072.96130371094,64.4680023193359
"MULTIPOINT ((448493.94986204 6197634.2608929))",1239,п1д,с.с.,морена,161.984313964844,1.20856654644012,96.1750030517578,-0.000119025688036345,5.38428976142313e-05,С2,-0.1016845703125,3.2666163444519,3.01925659179688,448493.94986204,6197634.2608929,28.3845404553804,13.259345391218,124.1923828125,1295.79077148438,2343.12573242188,1240.06677246094,64.4680023193359
"MULTIPOINT ((448643.73267369 6197626.19185737))",1240,п1д,с.с.,морена,160.301681518555,1.65048372745514,22.1841068267822,-0.000171054693055339,8.32472796901129e-05,С2,-0.137130737304688,2.50685048103333,5.08662414550781,448643.73267369,6197626.19185737,19.8795257351627,12.6984038120227,113.841064453125,1314.89440917969,2215.48681640625,1355.36218261719,0
"MULTIPOINT ((448769.308378769 6197168.7743869))",1241,п1д огл,с.с.,фг,159.850006103516,0.79758483171463,267.913818359375,1.83527081389911e-05,-0.000190111430129036,С2,-0.2677001953125,0.933840095996857,2.45881652832031,448769.308378769,6197168.7743869,395.345430859419,15.8932606356721,48.3317909240723,1783.09692382812,2203.25927734375,1359.95397949219,128.936004638672
"MULTIPOINT ((448469.74275547 6197184.91245795))",1242,п1д,с.с.,морена,159.062438964844,1.63261222839355,224.615951538086,5.08178200107068e-05,1.26667546282988e-05,С2,0.0990447998046875,2.23779654502869,4.35157775878906,448469.74275547,6197184.91245795,42.9024353982312,13.6724293379381,51.9995765686035,1741.82958984375,2083.02490234375,1039.51525878906,128.936004638672
"MULTIPOINT ((448919.091190419 6197160.70535138))",1243,п1д огл,с.с.,фг,160.348693847656,1.13725066184998,312.537261962891,0.000115464128612075,0.000323949207086116,С2,0.68505859375,2.008136510849,3.44404602050781,448919.091190419,6197160.70535138,11.4643646143711,12.3527442396075,93.2944641113281,1815.43542480469,2083.02490234375,1488.359375,144.154830932617
"MULTIPOINT ((448619.52556712 6197176.84342243))",1244,п1д огл,с.с.,фг,160.936080932617,0.435080975294113,310.114715576172,0.00014666622155346,0.000117571682494599,С2,0.411865234375,1.18977522850037,1.4830322265625,448619.52556712,6197176.84342243,12.8470688258995,13.1597317025737,118.725608825684,1759.63391113281,2162.32250976562,1231.65942382812,128.936004638672
"MULTIPOINT ((449068.874002069 6197152.63631585))",1245,п1д огл,с.с.,фг,156.945007324219,0.860554814338684,284.438812255859,8.32101941341534e-05,-1.9557219275157e-05,С2,0.0992431640625,0.963597476482391,2.34979248046875,449068.874002069,6197152.63631585,37.2299520125619,5.77596495454975,63.9994773864746,1877.33654785156,1904.80859375,1681.11975097656,144.154830932617
"MULTIPOINT ((449218.656813719 6197144.56728033))",1246,п1д огл,с.с.,фг,155.925857543945,0.942348957061768,266.069396972656,-0.000185883531230502,0.000153743822011165,С2,-0.0501861572265625,1.12417435646057,2.90713500976562,449218.656813719,6197144.56728033,9.97470876928097,12.2135535107135,83.9993133544922,1783.09692382812,1816.57971191406,1806.2548828125,64.4680023193359
"MULTIPOINT ((449368.439625369 6197136.49824481))",1247,п1д огл,с.с.,фг,155.464401245117,0.807608306407928,291.240020751953,-0.000259331107372418,9.81416960712522e-05,С2,-0.251327514648438,1.47613108158112,2.61378479003906,449368.439625369,6197136.49824481,33.2814447483627,13.4185007713466,51.9995765686035,1759.63391113281,1703.224609375,1935.1142578125,64.4680023193359
"MULTIPOINT ((449518.222437018 6197128.42920928))",1248,п1д огл,с.с.,фг,155.099349975586,1.28991150856018,263.939270019531,-3.20362119055062e-06,0.000147676750202663,С2,0.225234985351562,1.86911857128143,3.59770202636719,449518.222437018,6197128.42920928,10.0751060979908,5.54644898532843,55.9995422363281,1741.82958984375,1537.8017578125,2114.70776367188,64.4680023193359
"MULTIPOINT ((449668.005248668 6197120.36017376))",1249,п1д огл,с.с.,фг,154.376083374023,0.904325187206268,270.542877197266,-0.000414898036979139,-5.76891106902622e-05,С2,-0.736785888671875,2.25593519210815,2.50688171386719,449668.005248668,6197120.36017376,5.85339551342477,11.6805226669308,19.9998359680176,1741.82958984375,1431.42199707031,1999.54760742188,64.4680023193359
"MULTIPOINT ((449817.788060318 6197112.29113824))",1250,п1д огл,с.с.,фг,155.563873291016,1.08891832828522,224.650131225586,-0.000194372973055579,-2.08188903343398e-05,С2,-0.335556030273438,1.65526330471039,3.7003173828125,449817.788060318,6197112.29113824,10.2587399156136,12.2416307613838,96.7462997436523,1751.34777832031,1329.04187011719,1870.68322753906,64.4680023193359
"MULTIPOINT ((449967.570871968 6197104.22210271))",1251,п1д огл,с.с.,фг,157.912567138672,1.46229887008667,243.969680786133,0.000294477998977527,0.000120472432172392,С2,0.647232055664062,1.89413213729858,3.91310119628906,449967.570871968,6197104.22210271,18.681619945982,13.1078003161703,83.9993133544922,1740.63610839844,1231.65942382812,1741.82958984375,64.4680023193359
"MULTIPOINT ((450117.353683618 6197096.15306719))",1252,п1д огл,с.с.,фг,153.986038208008,2.19232845306396,335.809539794922,9.91178094409406e-05,2.68838412011974e-05,С2,0.196762084960938,2.8376317024231,6.3597412109375,450117.353683618,6197096.15306719,70.097090408833,14.1633820313116,75.999382019043,1547.23205566406,1097.8505859375,1548.57458496094,128.936004638672
"MULTIPOINT ((450267.136495267 6197088.08403167))",1253,п1д огл,с.с.,фг,152.197082519531,1.72711741924286,237.296035766602,-0.000118490250315517,-0.000128087674966082,С2,-0.3846435546875,2.71849060058594,4.92681884765625,450267.136495267,6197088.08403167,22.1364921171864,5.04494507807207,43.999641418457,1418.29602050781,1019.32861328125,1419.76037597656,182.343048095703
"MULTIPOINT ((450740.692036787 6197513.22536005))",1254,п2д,с.с.,фг,156.980346679688,0.648978531360626,196.233840942383,-3.68555483873934e-05,7.55774308345281e-05,С2,0.06036376953125,1.32354056835175,2.32989501953125,450740.692036787,6197513.22536005,7.92285629910597,12.2500119508892,245.077575683594,967.02001953125,469.334136962891,1067.13537597656,64.4680023193359
"MULTIPOINT ((447587.183956618 6197532.89229439))",1255,п3д,с.с.,морена,155.713592529297,0.405126690864563,222.825912475586,0.0001455112505937,-7.29223902453668e-05,С2,0.113143920898438,1.64352548122406,1.76312255859375,447587.183956618,6197532.89229439,201.028897700299,8.58893482708681,3.99996733665466,1245.08386230469,2257.30078125,490.973693847656,64.4680023193359
"MULTIPOINT ((447736.966768268 6197524.82325887))",1256,п3д,с.с.,морена,156.647552490234,1.00848841667175,184.155212402344,-0.000142188568133861,-5.87616341363173e-05,С2,-0.313323974609375,1.34456181526184,2.69796752929688,447736.966768268,6197524.82325887,187.691612300973,15.1483010002909,65.6043472290039,1297.39343261719,2257.30078125,554.57470703125,193.404006958008
"MULTIPOINT ((447886.749579918 6197516.75422334))",1257,п3д,с.с.,морена,158.950012207031,0.623494565486908,228.938140869141,0.000125740814837627,0.000153159955516458,С2,0.434722900390625,0.943357050418854,1.73872375488281,447886.749579918,6197516.75422334,10.8335154125271,12.0913580752955,73.7557525634766,1359.95397949219,2264.65380859375,638.20068359375,64.4680023193359
"MULTIPOINT ((448036.532391567 6197508.68518782))",1258,п3д,с.с.,морена,159.018768310547,0.148326471447945,122.271911621094,5.99504601268563e-05,6.73906615702435e-05,С2,0.198471069335938,1.56705319881439,0.563064575195312,448036.532391567,6197508.68518782,11.9137787560739,12.6579557752073,27.9997711181641,1431.42199707031,2289.29516601562,786.932250976562,64.4680023193359
"MULTIPOINT ((448186.315203217 6197500.61615229))",1259,п2д,с.с.,морена,158.978118896484,0.211451515555382,102.826881408691,4.72636056656484e-05,-3.60176527465228e-05,С2,0.0175323486328125,0.892096638679504,0.6904296875,448186.315203217,6197500.61615229,5.2117314344306,11.5644128740475,35.9997062683105,1419.76037597656,2314.57177734375,895.618103027344,64.4680023193359
"MULTIPOINT ((448336.098014867 6197492.54711677))",1260,п1д,с.с.,морена,158.82568359375,0.691365480422974,207.080139160156,-0.000418619834817946,-0.000131010179757141,С2,-0.856796264648438,2.85761833190918,3.08653259277344,448336.098014867,6197492.54711677,212.16815334737,15.5376393026935,39.9996719360352,1418.29602050781,2346.6708984375,1009.08386230469,91.1715240478516
"MULTIPOINT ((448485.880826517 6197484.47808125))",1261,п1д,с.с.,морена,161.059417724609,1.34623920917511,239.589538574219,-0.00024650790146552,7.93660728959367e-06,С2,-0.37213134765625,3.17801976203918,3.96369934082031,448485.880826517,6197484.47808125,14.8746531091851,5.57620700834668,147.565734863281,1419.76037597656,2385.31616210938,1125.88525390625,64.4680023193359
"MULTIPOINT ((448635.663638167 6197476.40904573))",1262,п1д,с.с.,морена,160.258071899414,1.15176391601562,345.967712402344,-0.000298781844321638,-6.56826960039325e-05,С2,-0.568328857421875,3.11656999588013,5.02449035644531,448635.663638167,6197476.40904573,59.2578324174394,13.9953987084038,116.618087768555,1441.54833984375,2237.884765625,1305.37756347656,64.4680023193359
"MULTIPOINT ((448785.446449817 6197468.3400102))",1263,п1д огл,с.с.,фг,160.786804199219,0.75637012720108,103.398910522461,0.000125945851323195,3.3729593269527e-05,С3,0.248916625976562,0.749876141548157,1.86880493164062,448785.446449817,6197468.3400102,42.6263287100611,5.98096521756932,68.1169891357422,1532.38684082031,2126.46704101562,1408.00244140625,193.404006958008
"MULTIPOINT ((448935.229261466 6197460.27097468))",1264,п1д огл,с.с.,фг,161.339874267578,0.453680783510208,160.626052856445,5.31399091414642e-05,4.43925819126889e-05,С2,0.152008056640625,1.69911801815033,2.18521118164062,448935.229261466,6197460.27097468,12.3939776417385,12.6974708468325,157.580444335938,1569.8984375,2001.625,1532.38684082031,322.340026855469
"MULTIPOINT ((449085.012073116 6197452.20193915))",1265,п1д огл,с.с.,фг,158.646453857422,0.731672525405884,342.840942382812,-0.000378032535081729,0.000139165334985591,С2,-0.372406005859375,1.8094927072525,2.28427124023438,449085.012073116,6197452.20193915,7.07629304507336,11.8702509338107,118.185333251953,1630.92578125,1815.43542480469,1720.22094726562,392.1435546875
"MULTIPOINT ((449234.794884766 6197444.13290363))",1266,п1д огл,с.с.,фг,158.683578491211,0.763628661632538,25.6217021942139,0.000392567337257788,0.000150063962792046,С2,0.845901489257812,2.35240483283997,2.50320434570312,449234.794884766,6197444.13290363,4.78503495809292,11.2742067981038,113.206848144531,1676.16809082031,1692.20837402344,1846.08264160156,386.808013916016
"MULTIPOINT ((449384.577696416 6197436.06386811))",1267,п1д огл,с.с.,фг,156.153076171875,0.280878692865372,84.4598236083984,-8.0291458289139e-05,-0.000336849130690098,С2,-0.650131225585938,1.57801377773285,1.53012084960938,449384.577696416,6197436.06386811,16891.5807241313,19.6480713391991,0,1729.85803222656,1569.8984375,1972.34155273438,386.808013916016
"MULTIPOINT ((449534.360508065 6197427.99483258))",1268,п1д огл,с.с.,фг,157.840560913086,0.0938788875937462,223.687469482422,0.000141608179546893,9.20110760489479e-05,С2,0.364105224609375,0.721337854862213,0.647918701171875,449534.360508065,6197427.99483258,5.99345831771394,11.7041693384849,143.218933105469,1798.18347167969,1388.68322753906,2145.92260742188,328.723602294922
"MULTIPOINT ((449684.143319715 6197419.92579706))",1269,п1д огл,с.с.,фг,157.570053100586,0.138628244400024,291.032897949219,8.11230784165673e-05,-6.95569497111137e-06,С2,0.1156005859375,0.376832038164139,0.536239624023438,449684.143319715,6197419.92579706,9.76124282271152,12.1919204751366,119.9990234375,1815.43542480469,1269.87243652344,2035.59692382812,203.86572265625
"MULTIPOINT ((449833.926131365 6197411.85676154))",1270,п1д огл,с.с.,фг,157.632736206055,0.396423131227493,217.407180786133,-2.2144240574562e-05,-2.39637283812044e-05,С2,-0.0718536376953125,0.525536179542542,1.14169311523438,449833.926131365,6197411.85676154,213.835185210767,15.2787063001537,85.0404739379883,1833.65856933594,1153.23864746094,1909.16735839844,91.1715240478516
"MULTIPOINT ((449983.708943015 6197403.78772601))",1271,п1д огл,с.с.,фг,158.583389282227,0.163350641727448,260.103485107422,-0.000159173156134784,3.21389670716599e-05,С2,-0.197998046875,1.50011110305786,0.730316162109375,449983.708943015,6197403.78772601,17.2072001934735,13.0255880783765,211.544967651367,1677.40734863281,1019.32861328125,1706.880859375,91.1715240478516
"MULTIPOINT ((450133.491754665 6197395.71869049))",1272,п1д огл,с.с.,фг,157.629760742188,1.05546641349792,3.67741751670837,1.21103612400475e-05,8.70303338160738e-05,С2,0.154541015625,0.915273010730743,3.25843811035156,450133.491754665,6197395.71869049,9.83371631096522,12.199317665223,207.574798583984,1548.57458496094,916.262451171875,1580.45251464844,203.86572265625
"MULTIPOINT ((450259.067459744 6196938.30122002))",1273,п1д огл,с.с.,далл,153.756591796875,2.0504846572876,81.0221481323242,0.000381435878807679,9.92761852103285e-05,С2,0.750457763671875,4.090012550354,5.22611999511719,450259.067459744,6196938.30122002,40.0766116993762,13.6042936591902,15.9998693466187,1424.14465332031,1183.47521972656,1424.14465332031,0
"MULTIPOINT ((447704.690626174 6196925.69201227))",1274,п1д,с.с.,далл,150.935760498047,2.77529215812683,256.450805664062,-0.000344946427503601,-0.000601965002715588,,-1.47880554199219,4.09012174606323,8.90762329101562,447704.690626174,6196925.69201227,71.4317413980084,14.1822430723801,55.7131004333496,1295.79077148438,1676.16809082031,288.309661865234,64.4680023193359
"MULTIPOINT ((450109.284648094 6196946.37025554))",1275,п1д огл,с.с.,далл,154.073791503906,0.990565240383148,81.0153961181641,0.000450758670922369,-7.37126465537585e-05,С2,0.58795166015625,3.65567898750305,4.38714599609375,450109.284648094,6196946.37025554,95.023584882365,14.4676258671342,47.9996070861816,1552.59509277344,1251.7421875,1552.59509277344,64.4680023193359
"MULTIPOINT ((447854.473437824 6196917.62297674))",1276,п1д,с.с.,далл,153.984100341797,2.54294729232788,318.963958740234,-0.000803371774964035,-0.000267929484834895,С2,-1.67379760742188,8.99269485473633,7.99192810058594,447854.473437824,6196917.62297674,28.1188408695439,13.2499405896633,123.481788635254,1488.359375,1687.2890625,469.334136962891,64.4680023193359
"MULTIPOINT ((448004.256249473 6196909.55394122))",1277,п1д,с.с.,далл,153.636077880859,0.413815885782242,38.0940055847168,0.000292488984996453,-6.75827759550884e-05,С2,0.350555419921875,3.06597518920898,2.12080383300781,448004.256249473,6196909.55394122,1.35804905396051,9.67243730794617,46.6472320556641,1616.84924316406,1706.880859375,594.365600585938,64.4680023193359
"MULTIPOINT ((448154.039061123 6196901.4849057))",1278,п1д,с.с.,морена,150.479843139648,0.481993854045868,191.216354370117,-0.00118071318138391,-0.000395150185795501,С2,-2.45626831054688,8.02945041656494,3.94508361816406,448154.039061123,6196901.4849057,17.76612451131,12.7907942711531,43.999641418457,1745.40490722656,1735.85400390625,720.774169921875,91.1715240478516
"MULTIPOINT ((448303.821872773 6196893.41587017))",1279,п1д,с.с.,морена,156.304626464844,0.542727112770081,275.540191650391,0.000167895312188193,-4.69877559226006e-05,С2,0.1884765625,2.12815403938293,1.90682983398438,448303.821872773,6196893.41587017,10.0005927512408,4.83133088307025,55.9995422363281,1860.65869140625,1795.87072753906,911.715209960938,128.936004638672
"MULTIPOINT ((448453.604684423 6196885.34683465))",1280,п1д огл,с.с.,далл,155.468811035156,0.699119687080383,256.996551513672,-0.000252973928581923,8.80759325809777e-05,С2,-0.257080078125,1.00480306148529,1.93548583984375,448453.604684423,6196885.34683465,20.4850173992568,12.9331945047901,62.2248878479004,1834.79150390625,1787.75244140625,1049.46301269531,193.404006958008
"MULTIPOINT ((448603.387496073 6196877.27779913))",1281,п1д огл,с.с.,далл,156.111221313477,1.2175635099411,220.549392700195,-0.000212030281545594,-0.000182606643647887,С2,-0.6153564453125,2.0874195098877,3.72291564941406,448603.387496073,6196877.27779913,23.6888912362698,12.8737196815065,114.611450195312,1806.2548828125,1847.20788574219,1176.4306640625,193.404006958008
"MULTIPOINT ((448753.170307722 6196869.2087636))",1282,п1д огл,с.с.,далл,157.400085449219,0.484552025794983,310.530090332031,-7.93825165601447e-05,0.000131868742755614,С2,0.0818023681640625,0.59419196844101,1.69129943847656,448753.170307722,6196869.2087636,16.5455893305451,12.7196203050228,156.459579467773,1703.224609375,1949.02453613281,1367.57287597656,182.343048095703
"MULTIPOINT ((448902.953119372 6196861.13972808))",1283,п1д огл,с.с.,далл,155.578323364258,0.592961430549622,355.667205810547,-0.000286969967419282,2.28054022954893e-06,С2,-0.44378662109375,1.45831227302551,1.7677001953125,448902.953119372,6196861.13972808,13.888837920604,12.3397989577018,91.9992523193359,1643.61804199219,2024.33630371094,1495.32409667969,128.936004638672
"MULTIPOINT ((449052.735931022 6196853.07069256))",1284,п1д огл,с.с.,далл,156.147720336914,0.132074534893036,217.40673828125,0.000262075511272997,-7.34838749849587e-06,С2,0.397003173828125,1.52910459041595,1.20088195800781,449052.735931022,6196853.07069256,4.41555054339254,11.3986332690978,147.077011108398,1592.2421875,2104.85791015625,1615.56359863281,128.936004638672
"MULTIPOINT ((448927.160225943 6197310.48816303))",1285,п1д огл,с.с.,фг,162.186462402344,0.566541314125061,341.616546630859,0.00055731664178893,0.000228694931138307,С2,1.22518920898438,3.20613241195679,3.02630615234375,448927.160225943,6197310.48816303,6.7387130640327,11.8213697110642,199.99836730957,1692.20837402344,2038.6572265625,1505.02075195312,265.808380126953
"MULTIPOINT ((449076.943037593 6197302.4191275))",1286,п1д огл,с.с.,фг,157.943222045898,0.402107059955597,305.21533203125,-0.00011671755783027,-0.000112878158688545,С2,-0.35784912109375,0.821003615856171,1.86007690429688,449076.943037593,6197302.4191275,76.0888259543327,14.245402164798,51.9995765686035,1753.71936035156,1856.18591308594,1695.88842773438,265.808380126953
"MULTIPOINT ((449226.725849242 6197294.35009198))",1287,п1д огл,с.с.,фг,159.19123840332,0.158554807305336,352.298370361328,0.000415637856349349,0.000244827388087288,С2,1.02938842773438,2.61556172370911,1.61631774902344,449226.725849242,6197294.35009198,2.95747695525382,10.9978372692977,99.9991836547852,1795.87072753906,1735.85400390625,1823.43041992188,257.872009277344
"MULTIPOINT ((449376.508660892 6197286.28105646))",1288,п1д огл,с.с.,фг,156.550048828125,0.654803693294525,357.356750488281,-0.000254040147410706,-6.03369189775549e-05,С2,-0.49005126953125,1.45473325252533,1.82676696777344,449376.508660892,6197286.28105646,72.1245267460508,14.1918949076527,20.3959121704102,1846.08264160156,1616.84924316406,1951.15576171875,257.872009277344
"MULTIPOINT ((449526.291472542 6197278.21202093))",1289,п1д огл,с.с.,фг,157.249313354492,0.275769382715225,249.462295532227,-3.62440687240451e-06,0.000146798236528412,С2,0.223129272460938,0.668613135814667,0.95166015625,449526.291472542,6197278.21202093,5.71625568072874,5.69991654229515,75.999382019043,1923.26538085938,1441.54833984375,2143.015625,257.872009277344
"MULTIPOINT ((449676.074284192 6197270.14298541))",1290,п1д огл,с.с.,фг,156.795120239258,0.296069532632828,265.215484619141,6.05437089689076e-05,2.25296407734277e-05,С2,0.129470825195312,0.663652122020721,0.725067138671875,449676.074284192,6197270.14298541,4.2453215613539,11.3593183119337,61.0568504333496,1870.68322753906,1359.95397949219,2007.84448242188,193.404006958008
"MULTIPOINT ((449825.857095842 6197262.07394989))",1291,п1д огл,с.с.,фг,156.743789672852,0.592412710189819,192.764434814453,-0.000281601533060893,-4.35387391917175e-06,С2,-0.44573974609375,1.78589749336243,1.73225402832031,449825.857095842,6197262.07394989,117.732162231637,14.6819129773682,47.9996070861816,1869.57202148438,1251.7421875,1879.54919433594,64.4680023193359
"MULTIPOINT ((449975.639907491 6197254.00491436))",1292,п1д огл,с.с.,фг,158.945449829102,0.540197610855103,342.901031494141,0.000364600942702964,1.91761415635483e-07,С2,0.568634033203125,1.14118313789368,2.3173828125,449975.639907491,6197254.00491436,6.70714696758446,11.81667441387,193.492599487305,1676.16809082031,1097.8505859375,1687.2890625,128.936004638672
"MULTIPOINT ((450125.422719141 6197245.93587884))",1293,п1д огл,с.с.,фг,156.257354736328,1.57198691368103,309.710052490234,0.000101586505479645,-0.000147808401379734,С2,-0.0719451904296875,1.35061585903168,5.11111450195312,450125.422719141,6197245.93587884,49.1342890340887,13.6032706095257,132.965072631836,1547.23205566406,1002.88671875,1559.27294921875,257.872009277344
"MULTIPOINT ((450275.205530791 6197237.86684332))",1294,п1д огл,с.с.,фг,154.989685058594,0.701570332050323,284.706451416016,-3.54075345967431e-05,-1.63289842021186e-05,С2,-0.080657958984375,1.89131546020508,3.39607238769531,450275.205530791,6197237.86684332,3.62964068798839,11.2026344037782,98.7919006347656,1418.29602050781,916.262451171875,1431.42199707031,288.309661865234
"MULTIPOINT ((450424.988342441 6197229.79780779))",1295,п1д огл,с.с.,фг,151.847396850586,2.73872756958008,21.2911720275879,0.000556139333639294,-9.36379274207866e-06,С2,0.855133056640625,4.81119585037231,6.95919799804688,450424.988342441,6197229.79780779,38.255019844278,13.8245349556732,102.449150085449,1224.89208984375,807.781799316406,1240.06677246094,182.343048095703
"MULTIPOINT ((450574.771154091 6197221.72877227))",1296,п1д,с.с.,фг,147.436416625977,1.20388102531433,183.68293762207,-0.000723362318240106,-0.000270751188509166,С4,-1.55021667480469,1.97344756126404,5.20455932617188,450574.771154091,6197221.72877227,440.507685789658,16.0014286375265,23.9998035430908,1095.9560546875,754.57861328125,1112.89025878906,128.936004638672
"MULTIPOINT ((450724.55396574 6197213.65973675))",1297,п1д,с.с.,фг,154.416641235352,2.29760527610779,193.721755981445,0.000728899205569178,-0.00011593056115089,С2,0.957931518554688,3.37194561958313,6.40740966796875,450724.55396574,6197213.65973675,19.4246119455525,6.86960270458279,104.076049804688,967.02001953125,720.774169921875,986.170776367188,64.4680023193359
"MULTIPOINT ((447571.045885571 6197233.32667109))",1298,п2д,с.с.,морена,153.068054199219,2.17234563827515,199.738479614258,-0.000309083145111799,-0.000246819021413103,С2,-0.867721557617188,4.74179077148438,5.48306274414062,447571.045885571,6197233.32667109,54.7014098261704,13.9153902273091,48.3317909240723,1245.08386230469,2002.66296386719,232.442687988281,64.4680023193359
"MULTIPOINT ((447720.828697221 6197225.25763557))",1299,п2д,с.с.,морена,158.357482910156,1.15569019317627,30.3744564056396,0.0009201102075167,0.000328748166793957,С2,1.9473876953125,6.245276927948,4.90969848632812,447720.828697221,6197225.25763557,10.4945144842227,12.2643534350012,136.057693481445,1427.06005859375,1999.54760742188,375.909820556641,91.1715240478516
"MULTIPOINT ((447870.611508871 6197217.18860004))",1300,п3д,с.с.,морена,154.156753540039,0.45601823925972,168.154830932617,-0.00058234081370756,2.19758312596241e-05,,-0.873443603515625,2.7335889339447,2.8631591796875,447870.611508871,6197217.18860004,16.8317109427745,6.68455703604649,24.3308525085449,1549.91589355469,2007.84448242188,490.973693847656,0
"MULTIPOINT ((448020.39432052 6197209.11956452))",1301,п3д,с.с.,морена,156.307205200195,2.10636377334595,249.339569091797,0.000321636500302702,0.000212559767533094,С2,0.833816528320312,3.94091963768005,5.21961975097656,448020.39432052,6197209.11956452,18.6717970299781,12.8405149496228,73.7557525634766,1657.46728515625,1960.7177734375,594.365600585938,64.4680023193359
"MULTIPOINT ((448170.17713217 6197201.050529))",1302,п2д,с.с.,морена,158.000991821289,1.34453117847443,241.800765991211,0.000178896603756584,0.000105921222711913,С2,0.444183349609375,1.22651708126068,3.58451843261719,448170.17713217,6197201.050529,28.8711440450228,13.2763433647843,69.0501403808594,1741.82958984375,2001.625,784.287109375,128.936004638672
"MULTIPOINT ((448319.95994382 6197192.98149347))",1303,п1д,с.с.,морена,158.808044433594,1.15119683742523,282.3125,0.000258540210779756,0.000204857249627821,С2,0.7225341796875,2.70355749130249,2.91523742675781,448319.95994382,6197192.98149347,7.62390843298264,11.7400026233745,99.9991836547852,1740.63610839844,2038.6572265625,911.715209960938,128.936004638672
"MULTIPOINT ((450242.929388697 6196638.73559672))",1304,п1д огл,с.с.,далл,155.001998901367,0.233742237091064,326.627197265625,6.07887268415652e-05,-6.83098915033042e-05,С2,-0.01171875,0.754229664802551,1.16703796386719,450242.929388697,6196638.73559672,19.4401715707167,12.8808423690734,149.771942138672,1441.54833984375,1413.89367675781,1448.73815917969,257.872009277344
"MULTIPOINT ((449943.363765397 6196654.87366776))",1305,п1д огл,с.с.,далл,155.883590698242,0.284709274768829,271.476928710938,-6.63141181576066e-05,-0.000199605419766158,С2,-0.414474487304688,1.3367817401886,1.01734924316406,449943.363765397,6196654.87366776,79.1836096814565,14.285270073363,64.621452331543,1329.04187011719,1573.86450195312,1729.85803222656,322.340026855469
"MULTIPOINT ((447988.118178426 6196609.98831792))",1306,п1д,с.с.,морена,148.332717895508,0.910256147384644,18.0692176818848,0.00011179474677192,0.000421719654696062,С2,0.8316650390625,3.45016503334045,3.23680114746094,447988.118178426,6196609.98831792,4.08291264018563,11.3203113605476,51.9995765686035,1488.359375,1391.6728515625,735.04833984375,0
"MULTIPOINT ((450093.146577047 6196646.80463224))",1307,п1д огл,с.с.,далл,156.428665161133,0.446337461471558,37.9489936828613,0.000252584723057225,2.06233962671831e-05,С2,0.425857543945312,1.12144434452057,1.77316284179688,450093.146577047,6196646.80463224,16.1221082619474,12.6936922584333,134.460784912109,1366.05249023438,1503.63928222656,1615.56359863281,288.309661865234
"MULTIPOINT ((448137.900990076 6196601.9192824))",1308,п1д,с.с.,морена,148.706115722656,0.880589663982391,192.310501098633,0.000225549476454034,0.000497701694257557,С2,1.12744140625,3.8421094417572,3.68119812011719,448137.900990076,6196601.9192824,1.37046938315802,9.68152047191323,71.5535888671875,1505.02075195312,1427.06005859375,840.559875488281,64.4680023193359
"MULTIPOINT ((448287.683801726 6196593.85024687))",1309,п1д,с.с.,морена,149.966293334961,1.43098747730255,245.040161132812,0.000194200474652462,0.000240071909502149,С2,0.677230834960938,1.89181506633759,4.26455688476562,448287.683801726,6196593.85024687,122.518137749994,14.7217598267156,100.716606140137,1532.38684082031,1472.92102050781,951.858642578125,144.154830932617
"MULTIPOINT ((448437.466613376 6196585.78121135))",1310,п1д,с.с.,морена,152.828582763672,2.29694557189941,260.764495849609,0.000311788055114448,0.000334092066623271,С2,1.00823974609375,1.6152263879776,6.20655822753906,448437.466613376,6196585.78121135,6.89223483125126,11.6391088585638,46.6472320556641,1592.2421875,1559.27294921875,1125.88525390625,328.723602294922
"MULTIPOINT ((448587.249425025 6196577.71217583))",1311,п1д огл,с.с.,далл,152.629913330078,1.73111546039581,231.157302856445,2.08882593142334e-05,-0.000315308454446495,С2,-0.45904541015625,2.92025399208069,6.07550048828125,448587.249425025,6196577.71217583,94.2661001116728,14.4596223796314,54.4054412841797,1601.35192871094,1627.09887695312,1204.36169433594,451.276000976562
"MULTIPOINT ((448737.032236675 6196569.6431403))",1312,п1д огл,с.с.,далл,155.808685302734,1.13681757450104,244.963790893555,0.000227957280003466,0.000153437445987947,С2,0.594680786132812,0.859337747097015,3.54714965820312,448737.032236675,6196569.6431403,14.6775224551179,4.58879605767975,174.400421142578,1521.49951171875,1702.00402832031,1245.08386230469,432.464508056641
"MULTIPOINT ((448886.815048325 6196561.57410478))",1313,п1д огл,с.с.,далл,150.91633605957,2.19588947296143,304.071228027344,-0.000112528199679218,-0.000425959005951881,С2,-0.840133666992188,3.70903611183167,7.13558959960938,448886.815048325,6196561.57410478,33.2250721619934,13.2120182439745,51.9995765686035,1359.95397949219,1778.42907714844,1271.5078125,451.276000976562
"MULTIPOINT ((449036.597859975 6196553.50506925))",1314,п1д огл,с.с.,далл,151.730514526367,0.828327357769012,210.441513061523,0.000222447910346091,-0.000330014328937978,С2,-0.167587280273438,2.45127964019775,3.56155395507812,449036.597859975,6196553.50506925,106.419744917038,14.5808918766455,39.9996719360352,1297.39343261719,1869.57202148438,1341.49230957031,412.796630859375
"MULTIPOINT ((449186.380671625 6196545.43603373))",1315,п1д огл,с.с.,далл,152.575942993164,0.701526761054993,165.00129699707,-9.77894887910224e-05,-0.000466404861072078,С2,-0.879409790039062,3.95143699645996,2.87541198730469,449186.380671625,6196545.43603373,30.8752946474781,13.3434570825666,35.9997062683105,1245.08386230469,1964.95263671875,1419.76037597656,322.340026855469
"MULTIPOINT ((450416.919306917 6197080.01499614))",1316,п1д огл,с.с.,фг,152.619216918945,1.09026181697845,247.893173217773,4.18572963098995e-05,-2.61666718870401e-05,С2,0.0244903564453125,2.34274172782898,3.081298828125,450416.919306917,6197080.01499614,20.091574578551,12.7090140194491,119.9990234375,1289.36010742188,1009.08386230469,1289.36010742188,128.936004638672
"MULTIPOINT ((450566.702118567 6197071.94596062))",1317,п1д огл,с.с.,фг,153.86930847168,1.70590579509735,33.5781898498535,0.000568426330573857,0.000359023717464879,С2,1.44691467285156,4.79344701766968,5.28614807128906,450566.702118567,6197071.94596062,11.6862008742009,12.3719094777139,73.7557525634766,1095.9560546875,938.668273925781,1095.9560546875,64.4680023193359
"MULTIPOINT ((450716.484930217 6197063.8769251))",1318,п1д,с.с.,фг,150.980087280273,1.45800602436066,168.043075561523,-0.000415214948588982,-0.000333138043060899,С2,-1.16714477539062,3.90536546707153,4.84065246582031,450716.484930217,6197063.8769251,49.0354057469693,13.8060433478759,37.7356147766113,967.02001953125,911.715209960938,967.02001953125,0
"MULTIPOINT ((449659.936213145 6196970.57736211))",1319,п1д огл,с.с.,далл,154.942291259766,1.30238151550293,136.191421508789,-0.000141496653668582,-5.58763931621797e-05,С2,-0.307815551757812,1.99000799655914,3.45249938964844,449659.936213145,6196970.57736211,12.8275740911555,12.4650978242054,42.5202369689941,1612.98901367188,1510.53369140625,1999.54760742188,0
"MULTIPOINT ((449809.719024794 6196962.50832659))",1320,п1д огл,с.с.,далл,155.613830566406,0.943441092967987,47.305534362793,-0.000118912612379063,4.08638879889622e-05,С2,-0.1217041015625,2.05905652046204,3.14811706542969,449809.719024794,6196962.50832659,49.8839453530303,13.8231999590029,104.306381225586,1623.26293945312,1413.89367675781,1870.68322753906,0
"MULTIPOINT ((450077.008506 6196347.23900894))",1321,п1д огл,с.с.,далл,156.935974121094,1.79559075832367,261.980926513672,0.000891029834747314,0.00019077627803199,,1.68824768066406,3.91834306716919,4.76448059082031,450077.008506,6196347.23900894,2.67266105872622,10.8965753717193,94.8253860473633,1067.13537597656,1787.75244140625,1488.359375,432.464508056641
"MULTIPOINT ((449777.4428827 6196363.37707999))",1322,п1д огл,с.с.,далл,157.686492919922,1.58177864551544,275.693511962891,0.00108680338598788,0.000308401969959959,,2.17660522460938,6.32041883468628,4.40499877929688,449777.4428827,6196363.37707999,5.35807810385771,4.79154250371267,155.639343261719,986.170776367188,1913.51635742188,1657.46728515625,257.872009277344
"MULTIPOINT ((450226.79131765 6196339.16997342))",1323,п1д огл,с.с.,далл,153.791351318359,4.91651105880737,322.793762207031,0.00105429103132337,0.000578156381379813,,2.56584167480469,7.86634826660156,15.5310363769531,450226.79131765,6196339.16997342,69.0899376051294,14.4156692656574,85.6030349731445,1127.72937011719,1735.85400390625,1366.05249023438,392.1435546875
"MULTIPOINT ((449927.22569435 6196355.30804446))",1324,п1д огл,с.с.,далл,155.810699462891,1.51788926124573,276.961761474609,0.000886410940438509,-0.000318588135996833,,0.886260986328125,3.84691786766052,4.58222961425781,449927.22569435,6196355.30804446,7.48392985294408,11.9262587798574,35.9997062683105,1019.32861328125,1847.20788574219,1611.70007324219,386.808013916016
"MULTIPOINT ((447822.197295729 6196318.49173014))",1325,п1д,с.с.,морена,144.391265869141,2.35699558258057,215.542175292969,0.000442362535977736,0.000277058978099376,С2,1.12338256835938,4.23563861846924,7.33148193359375,447822.197295729,6196318.49173014,32.013220998846,13.379649718114,63.9994773864746,1224.89208984375,1103.51440429688,807.781799316406,128.936004638672
"MULTIPOINT ((447971.980107379 6196310.42269462))",1326,п1д,с.с.,морена,142.769454956055,0.367100089788437,131.234008789062,-0.000574198900721967,-0.000452544598374516,С2,-1.60029602050781,4.71311521530151,2.83143615722656,447971.980107379,6196310.42269462,49478.8073996675,13.3246127154166,0,1167.56518554688,1080.68054199219,860.110473632812,128.936004638672
"MULTIPOINT ((448121.762919029 6196302.3536591))",1327,п1д,с.с.,морена,144.478958129883,0.645838022232056,170.136093139648,8.53543751873076e-05,-0.000779548019636422,С2,-1.08198547363281,4.28320789337158,3.17622375488281,448121.762919029,6196302.3536591,19.6935881619746,12.8937938531802,51.9995765686035,1188.73120117188,1125.88525390625,840.559875488281,64.4680023193359
"MULTIPOINT ((448271.545730679 6196294.28462357))",1328,п1д,с.с.,морена,145.046630859375,0.336898744106293,308.143249511719,-0.000259184162132442,-0.000317480735247955,С2,-0.898788452148438,3.78293013572693,2.78863525390625,448271.545730679,6196294.28462357,21.9493627353571,13.0022388509678,43.999641418457,1223.1943359375,1183.47521972656,838.084045410156,91.1715240478516
"MULTIPOINT ((448421.328542328 6196286.21558805))",1329,п1д,с.с.,морена,145.531616210938,0.573404133319855,243.683029174805,-0.000268817850155756,1.73235075635603e-05,С2,-0.39202880859375,2.69135189056396,2.78863525390625,448421.328542328,6196286.21558805,36.7131623605821,13.5166360826151,46.6472320556641,1266.59533691406,1251.7421875,847.944213867188,182.343048095703
"MULTIPOINT ((448571.111353978 6196278.14655253))",1330,п1д,с.с.,морена,147.317153930664,1.0833181142807,242.032379150391,-0.000314220931613818,0.000193874686374329,С2,-0.187774658203125,2.88772225379944,3.39971923828125,448571.111353978,6196278.14655253,6.24926158498236,11.7459640547915,159.998687744141,1329.04187011719,1370.60852050781,897.935363769531,347.170806884766
"MULTIPOINT ((448720.894165628 6196270.077517))",1331,п1д,с.с.,морена,145.702865600586,2.52962398529053,323.260894775391,0.000192028004676104,-0.000194780761376023,С2,-0.0037078857421875,2.64459872245789,8.51515197753906,448720.894165628,6196270.077517,24.0633772443465,12.8894045357504,91.9992523193359,1276.4013671875,1458.74438476562,951.858642578125,455.857604980469
"MULTIPOINT ((448870.676977278 6196262.00848148))",1332,п1д,с.с.,морена,142.228698730469,1.27764868736267,263.984252929688,0.000206346318009309,-0.000628725625574589,В4,-0.658294677734375,2.53571176528931,5.11898803710938,448870.676977278,6196262.00848148,26.4577755065036,13.4558102513564,36.8778762817383,1188.73120117188,1552.59509277344,1019.32861328125,455.857604980469
"MULTIPOINT ((449020.459788928 6196253.93944595))",1333,п1д,с.с.,морена,145.587478637695,1.80356335639954,226.535858154297,0.000252014782745391,-9.38470475375652e-06,С2,0.378738403320312,3.49880576133728,5.40240478515625,449020.459788928,6196253.93944595,157.710496147138,14.9742617938664,68.1169891357422,1072.96130371094,1702.00402832031,1140.55541992188,364.686096191406
"MULTIPOINT ((449202.518742672 6196845.00165703))",1334,п1д огл,с.с.,далл,155.895706176758,0.511974692344666,74.6004638671875,3.15330362354871e-05,4.55151493952144e-05,С2,0.120086669921875,0.757583022117615,1.54093933105469,449202.518742672,6196845.00165703,17.5881250864582,12.7807247077534,146.477478027344,1532.38684082031,1949.02453613281,1716.59301757812,128.936004638672
"MULTIPOINT ((449352.301554321 6196836.93262151))",1335,п1д огл,с.с.,далл,155.796173095703,0.383403450250626,359.425201416016,0.000316705409204587,-5.07521472172812e-05,,0.414535522460938,1.42633354663849,2.07911682128906,449352.301554321,6196836.93262151,3.37721065002906,11.1305508617427,96.1657333374023,1505.02075195312,1843.82995605469,1792.39599609375,0
"MULTIPOINT ((449651.867177621 6196820.79455046))",1336,п1д огл,с.с.,далл,156.372131347656,0.77302223443985,189.668106079102,7.52002815715969e-05,-1.56659723415942e-06,С2,0.11480712890625,0.4455346763134,2.2462158203125,449651.867177621,6196820.79455046,20.0131390662657,12.9098897555938,145.601013183594,1419.76037597656,1641.08752441406,1960.7177734375,128.936004638672
"MULTIPOINT ((449801.649989271 6196812.72551494))",1337,п1д огл,с.с.,далл,157.423828125,0.179636299610138,259.524597167969,0.000126402839669026,8.78825230756775e-05,С2,0.333984375,0.581865966320038,0.768585205078125,449801.649989271,6196812.72551494,4.27239053295652,11.3656742587961,229.083267211914,1431.42199707031,1552.59509277344,1887.27258300781,193.404006958008
"MULTIPOINT ((449951.432800921 6196804.65647941))",1338,п1д огл,с.с.,далл,157.14924621582,0.378104537725449,338.514251708984,7.34463028493337e-05,0.000194202017155476,С2,0.417160034179688,0.779847085475922,1.30543518066406,449951.432800921,6196804.65647941,6.49001329337157,11.7837653234251,204.976364135742,1454.46435546875,1470.0966796875,1759.63391113281,193.404006958008
"MULTIPOINT ((450101.215612571 6196796.58744389))",1339,п1д огл,с.с.,далл,153.870025634766,0.302743941545486,87.6121444702148,-0.000178548987605609,-0.000448523089289665,С2,-0.97735595703125,2.4993622303009,1.94245910644531,450101.215612571,6196796.58744389,54.012285287905,13.9027122704463,59.99951171875,1509.1572265625,1359.95397949219,1568.57421875,144.154830932617
"MULTIPOINT ((450250.99842422 6196788.51840837))",1340,п1д огл,с.с.,далл,156.18620300293,0.108580440282822,1.56019270420074,0.000510516751091927,0.000258554209722206,С2,1.19863891601562,3.1329071521759,1.95686340332031,450250.99842422,6196788.51840837,3.1742131912194,10.8637732553036,91.9992523193359,1441.54833984375,1297.39343261719,1441.54833984375,128.936004638672
"MULTIPOINT ((448295.752837249 6196743.63305852))",1341,п1д,с.с.,морена,153.486099243164,1.53883397579193,232.293548583984,0.000181372233782895,-5.26314252056181e-05,С2,0.200927734375,1.33064615726471,3.86297607421875,448295.752837249,6196743.63305852,513.009909708139,8.38784424927277,3.99996733665466,1673.68664550781,1616.84924316406,958.3857421875,203.86572265625
"MULTIPOINT ((448445.535648899 6196735.564023))",1342,п1д огл,с.с.,далл,155.617797851562,0.383835107088089,241.294937133789,0.000291919597657397,0.000275941769359633,С2,0.885086059570312,2.18836712837219,2.20947265625,448445.535648899,6196735.564023,1.73923141707387,10.0614683033272,99.9991836547852,1712.95739746094,1672.44458007812,1080.68054199219,322.340026855469
"MULTIPOINT ((448595.318460549 6196727.49498748))",1343,п1д огл,с.с.,далл,155.220779418945,0.980602502822876,224.657562255859,-6.05133536737412e-05,-2.87732655124273e-05,С2,-0.139205932617188,1.59123647212982,3.451171875,448595.318460549,6196727.49498748,186.452408764173,15.1416767700564,47.9996070861816,1702.00402832031,1735.85400390625,1204.36169433594,322.340026855469
"MULTIPOINT ((448745.101272199 6196719.42595195))",1344,п1д огл,с.с.,далл,157.001968383789,0.288843661546707,292.531799316406,0.000126226019347087,2.80709591606865e-05,С2,0.240478515625,0.767185866832733,1.15223693847656,448745.101272199,6196719.42595195,4.56789327836078,6.51134679340085,193.492599487305,1592.2421875,1843.82995605469,1388.68322753906,288.309661865234
"MULTIPOINT ((448894.884083849 6196711.35691643))",1345,п1д огл,с.с.,далл,155.448318481445,1.05629169940948,331.453338623047,-6.7065680923406e-05,7.31709296815097e-05,С2,0.0095062255859375,1.20502519607544,3.35122680664062,448894.884083849,6196711.35691643,42.6203875788823,13.6658334648814,43.999641418457,1528.31323242188,1923.26538085938,1441.54833984375,257.872009277344
"MULTIPOINT ((449044.666895498 6196703.2878809))",1346,п1д огл,с.с.,далл,155.538757324219,0.942571520805359,235.69123840332,0.000191260041901842,0.000126124476082623,С2,0.49481201171875,1.81450545787811,2.70828247070312,449044.666895498,6196703.2878809,35.6734723641739,13.4879080859658,103.999153137207,1472.92102050781,2007.84448242188,1503.63928222656,257.872009277344
"MULTIPOINT ((449194.449707148 6196695.21884538))",1347,п1д огл,с.с.,далл,155.034698486328,1.3583197593689,255.947982788086,1.18352290883195e-05,7.27670776541345e-05,С2,0.13189697265625,1.25651097297668,3.77922058105469,449194.449707148,6196695.21884538,55.5341568457026,14.1972584363617,177.53727722168,1366.05249023438,2051.86572265625,1521.49951171875,232.442687988281
"MULTIPOINT ((449344.232518798 6196687.14980986))",1348,п1д огл,с.с.,далл,154.6220703125,1.07275462150574,289.812561035156,-0.000285816349787638,0.000405411381507292,,0.186279296875,2.30409741401672,3.95732116699219,449344.232518798,6196687.14980986,8.71414245409798,12.0784480197151,111.999084472656,1314.89440917969,1964.95263671875,1643.61804199219,128.936004638672
"MULTIPOINT ((449643.798142098 6196671.01173881))",1349,п1д огл,с.с.,далл,155.867446899414,1.80790913105011,172.263061523438,0.00067879242124036,7.60146431275643e-05,С2,1.17803955078125,4.48704814910889,4.43165588378906,449643.798142098,6196671.01173881,15.1379004733829,12.8974617304967,140.682891845703,1289.36010742188,1778.42907714844,1825.70837402344,64.4680023193359
"MULTIPOINT ((449793.580953747 6196662.94270329))",1350,п1д огл,с.с.,далл,156.650207519531,0.275028109550476,293.484893798828,-5.50811819266528e-06,7.70015030866489e-05,С2,0.111434936523438,0.375488549470901,0.762588500976562,449793.580953747,6196662.94270329,9.24896525011664,12.1380124248406,180.708236694336,1303.78466796875,1651.1865234375,1846.08264160156,257.872009277344
"MULTIPOINT ((444675.933614531 6200216.0272211))",1351,пд пов огл,с.с.,морена,164.331604003906,2.16663384437561,179.492431640625,-0.000369832152500749,-0.000356302305590361,С2,-1.13336181640625,4.11361455917358,5.53054809570312,444675.933614531,6200216.0272211,95.3783256468666,14.4713521025903,48.1659851074219,265.808380126953,815.462890625,322.340026855469,128.936004638672
"MULTIPOINT ((444825.831649074 6200221.55707102))",1352,п3д,с.с.,морена,169.789367675781,0.815612316131592,331.309631347656,0.000389455759432167,-2.02390833692334e-06,С2,0.604019165039062,0.695059418678284,2.77613830566406,444825.831649074,6200221.55707102,9.42006476273862,12.1563427080159,189.18620300293,386.808013916016,778.969848632812,515.744018554688,322.340026855469
"MULTIPOINT ((444975.729683617 6200227.08692094))",1353,п3д,с.с.,морена,163.533432006836,3.42394828796387,335.565246582031,-0.000227384589379653,-0.000418488867580891,В3,-1.00968933105469,3.8170211315155,10.0976257324219,444975.729683617,6200227.08692094,72.8810443646536,14.2023293271961,95.9992141723633,386.808013916016,735.04833984375,644.680053710938,193.404006958008
"MULTIPOINT ((445125.62771816 6200232.61677086))",1354,п3д,с.с.,морена,160.897506713867,1.10953843593597,211.268417358398,-0.00015432047075592,-0.00042650310206227,,-0.905502319335938,2.49061179161072,4.66630554199219,445125.62771816,6200232.61677086,100.438572082324,14.5230470619906,55.9995422363281,407.7314453125,712.072326660156,773.616027832031,64.4680023193359
"MULTIPOINT ((445275.525752703 6200238.14662078))",1355,п3д,с.с.,морена,164.8701171875,1.55355191230774,62.356330871582,-0.000109353175503202,-5.76606071263086e-05,С2,-0.260528564453125,3.65447211265564,4.00556945800781,445275.525752703,6200238.14662078,15.286022563337,4.90520495652179,203.998336791992,455.857604980469,712.072326660156,754.57861328125,128.936004638672
"MULTIPOINT ((445425.423787246 6200243.6764707))",1356,п3д,с.с.,морена,161.815765380859,1.07456123828888,11.4937305450439,-0.000132561035570689,2.52532572631026e-05,С2,-0.167343139648438,0.786344289779663,2.93260192871094,445425.423787246,6200243.6764707,91.6725877315463,14.6984835666001,90.5089263916016,347.170806884766,797.425170898438,611.59716796875,64.4680023193359
"MULTIPOINT ((442858.515888402 6201087.14418198))",1357,п3д,с.с.,морена,164.804931640625,2.82824921607971,205.803253173828,0.000169854843989015,-6.76777490298264e-05,,0.16009521484375,2.17864942550659,7.73666381835938,442858.515888402,6201087.14418198,32.0736622596169,13.3815359474208,65.9691467285156,407.7314453125,1000.8125,503.511199951172,0
"MULTIPOINT ((442670.249948817 6202459.19300369))",1358,п3д,с.с.,морена,170.300018310547,0.715860188007355,27.6119594573975,0.000269577751168981,2.78981242445298e-05,С2,0.463729858398438,2.4146740436554,3.43183898925781,442670.249948817,6202459.19300369,10.5585514897912,12.2704368437681,83.2339324951172,583.782592773438,392.1435546875,257.872009277344,64.4680023193359
