WKT,fid,Soil,GRAN,MP,height_1,slope_1,aspect_1,profile_1,tangential_1,TLUТЛУ
"MULTIPOINT ((445575.321821789 6200249.20632062))",1,п3д,с.с.,морена,160.546340942383,0.219484731554985,1.05279219150543,-2.63391702901572e-05,-1.06811821751762e-05,С2
"MULTIPOINT ((445725.219856332 6200254.73617054))",2,п3д,с.с.,морена,157.206619262695,2.76465511322021,1.64254820346832,0.000337739125825465,0.000232713806326501,С2
"MULTIPOINT ((447823.792339934 6200332.15406942))",3,п3д,с.с.,далл,148.385330200195,1.84776508808136,148.4052734375,1.23701838674606e-05,-0.000379288947442546,
"MULTIPOINT ((447673.894305391 6200326.6242195))",4,п3д,с.с.,далл,147.460235595703,1.84854125976562,351.153472900391,-0.000875194557011127,0.000305966648738831,
"MULTIPOINT ((448123.58840902 6200343.21376926))",5,п3д,с.с.,далл,153.641052246094,2.01927375793457,248.660629272461,-0.00118486396968365,4.62826137663797e-05,С2
"MULTIPOINT ((447973.690374477 6200337.68391934))",6,п3д,с.с.,далл,152.70426940918,1.40466868877411,148.258834838867,7.40262694307603e-05,-0.000505568576045334,
"MULTIPOINT ((444531.565429908 6200060.59933663))",7,пд пов огл,с.с.,морена,157.443481445312,2.96708559989929,200.156677246094,-0.00117821665480733,-0.000359429250238463,С2
"MULTIPOINT ((448273.486443563 6200348.74361918))",8,п3д,с.с.,далл,156.427093505859,2.51261973381042,228.435623168945,7.74561049183831e-05,-0.000680519791785628,С2
"MULTIPOINT ((444681.463464451 6200066.12918655))",9,пд пов огл,с.с.,морена,165.613540649414,1.45588982105255,188.485198974609,-2.22526341531193e-05,0.000209176767384633,С2
"MULTIPOINT ((444831.361498994 6200071.65903647))",10,пд пов огл,с.с.,морена,168.893539428711,0.98611706495285,309.764465332031,0.000187269863090478,0.000450255553005263,С2
"MULTIPOINT ((444981.259533537 6200077.18888639))",11,п3д,с.с.,морена,162.838790893555,3.30409789085388,4.51480579376221,-0.00010689453483792,-0.000124975282233208,С2
"MULTIPOINT ((445131.15756808 6200082.71873631))",12,п3д,с.с.,морена,160.226715087891,1.30842411518097,189.046356201172,-0.000423435936681926,7.71807972341776e-05,
"MULTIPOINT ((445281.055602623 6200088.24858623))",13,п3д,с.с.,морена,167.7607421875,0.59774649143219,203.067718505859,0.000689283886458725,0.000229625336942263,С2
"MULTIPOINT ((445430.953637166 6200093.77843615))",14,п3д,с.с.,морена,163.975662231445,2.22826647758484,36.9843978881836,-6.00094790570438e-05,-0.000326352019328624,С2
"MULTIPOINT ((445580.851671709 6200099.30828607))",15,п3д,с.с.,морена,161.561386108398,1.39660322666168,46.6292533874512,-0.000213577659451403,0.000129071311675943,С2
"MULTIPOINT ((445730.749706252 6200104.83813599))",16,п3д,с.с.,морена,157.301879882812,2.55795431137085,16.1275215148926,0.000362179416697472,-3.35942895617336e-05,С2
"MULTIPOINT ((444456.344895951 6199915.86604862))",17,пд пов огл,с.с.,морена,158.020919799805,2.54260611534119,86.578010559082,0.000203169562155381,7.83761352067813e-05,
"MULTIPOINT ((444563.32996863 6199838.05872304))",18,п2д,т.с.,морена,160.968978881836,1.41119813919067,117.249092102051,5.91142597841099e-05,-0.000205270931473933,С2
"MULTIPOINT ((444686.993314371 6199916.23115201))",19,пд пов огл,с.с.,морена,163.022033691406,1.50382196903229,227.724075317383,-0.000151874191942625,-5.41717345186044e-05,С2
"MULTIPOINT ((444836.891348914 6199921.76100193))",20,пд пов огл,с.с.,морена,166.481216430664,1.35945439338684,281.089263916016,0.000108929467387497,0.000432869157521054,С3
"MULTIPOINT ((444986.789383457 6199927.29085185))",21,п2д огл,с.с.,морена,163.721527099609,1.98492658138275,344.737365722656,0.000127266946947202,0.000365495507139713,С2
"MULTIPOINT ((445136.687418 6199932.82070177))",22,пд пов огл,с.с.,морена,159.623550415039,2.67347598075867,215.316055297852,-0.000397800788050517,-7.42353950045072e-05,
"MULTIPOINT ((445286.585452543 6199938.35055169))",23,пд пов огл,с.с.,морена,164.98454284668,2.01428389549255,249.949111938477,0.00021788667072542,0.00037676640204154,С2
"MULTIPOINT ((445436.483487086 6199943.88040161))",24,п2д,т.с.,морена,164.342422485352,2.08624386787415,296.248077392578,0.000156443842570297,0.000212442522752099,С2
"MULTIPOINT ((445586.381521629 6199949.41025153))",25,п2д,т.с.,морена,160.136322021484,1.36562812328339,285.880828857422,0.000137520881253295,-0.000140012896736152,С2
"MULTIPOINT ((445736.279556172 6199954.94010145))",26,п2д,т.с.,морена,157.914810180664,2.68634724617004,344.010620117188,0.000198375913896598,0.000361246609827504,С2
"MULTIPOINT ((444104.82251429 6199768.58789662))",27,п2д,т.с.,морена,160.724884033203,1.51082003116608,352.767456054688,-0.00049929937813431,-0.000174384476849809,С2
"MULTIPOINT ((444356.306905913 6199789.42914455))",28,п2д,т.с.,морена,161.495010375977,0.53615403175354,20.5755500793457,0.000400756776798517,1.58417951752199e-05,С2
"MULTIPOINT ((443521.580224246 6203025.38092797))",29,п3д,с.с.,морена,169.928466796875,0.339574635028839,296.400299072266,0.000108559703221545,-0.000120255441288464,С2
"MULTIPOINT ((443371.682189703 6203019.85107805))",30,п3д,с.с.,морена,169.762664794922,1.12781500816345,150.54296875,0.000400977820390835,-0.000141067284857854,С2
"MULTIPOINT ((443671.478258789 6203030.91077789))",31,п2д,с.с.,морена,167.476974487305,1.77702069282532,7.01577663421631,-0.000150732390466146,-3.86167121178005e-05,С2
"MULTIPOINT ((443821.376293332 6203036.44062781))",32,п3д,с.с.,морена,167.269378662109,1.20705962181091,128.131378173828,8.88908107299358e-05,0.000190390259376727,С2
"MULTIPOINT ((448906.48198267 6199715.08218495))",33,п2д огл,с.с.,фг,158.533798217773,1.02590608596802,341.401428222656,-7.20193638699129e-05,0.000268349249381572,С2
"MULTIPOINT ((448606.91635937 6199731.220256))",34,п2д огл,с.с.,фг,157.034759521484,1.40698516368866,161.160888671875,-0.000109255306597333,0.000130235683172941,С2
"MULTIPOINT ((443971.274327875 6203041.97047773))",35,п3д,с.с.,морена,168.015762329102,1.97674953937531,102.006942749023,1.20518416224513e-05,9.5331533884746e-06,С2
"MULTIPOINT ((449056.26479432 6199707.01314942))",36,п2д огл,с.с.,фг,156.846298217773,0.974665343761444,4.17661237716675,0.00028894076240249,7.45466604712419e-05,С2
"MULTIPOINT ((448756.69917102 6199723.15122047))",37,п2д огл,с.с.,фг,160.508392333984,0.580026984214783,296.606475830078,0.00032848710543476,0.000179331662366167,С2
"MULTIPOINT ((444121.172362418 6203047.50032765))",38,п3д,с.с.,морена,171.01025390625,1.41002607345581,111.646423339844,0.000188046135008335,0.000383638980565593,С2
"MULTIPOINT ((449206.047605969 6199698.9441139))",39,п2д огл,с.с.,фг,148.68147277832,1.40334987640381,359.55126953125,-0.000395114038838074,0.000313583383103833,С2
"MULTIPOINT ((444271.070396961 6203053.03017757))",40,п3д,с.с.,морена,170.231262207031,0.405509948730469,69.5831604003906,-0.000178506699739955,7.45005963835865e-05,С2
"MULTIPOINT ((449355.830417619 6199690.87507838))",41,п2д огл,с.с.,фг,147.241821289062,0.577984809875488,225.189636230469,-0.000256927683949471,-0.000126787825138308,С3
"MULTIPOINT ((444420.968431504 6203058.56002749))",42,п3д,с.с.,морена,169.828552246094,0.186109840869904,16.8616981506348,-0.000104114995338023,0.00011557198013179,С2
"MULTIPOINT ((449505.613229269 6199682.80604285))",43,п2д огл,с.с.,фг,149.649948120117,0.852302372455597,336.283447265625,0.000731142179574817,0.000503271468915045,С3
"MULTIPOINT ((444570.866466047 6203064.08987741))",44,п3д,с.с.,морена,170.657135009766,0.323490113019943,189.966720581055,0.000226301432121545,6.00143466726877e-05,С2
"MULTIPOINT ((449655.396040919 6199674.73700733))",45,п2д огл,с.с.,фг,143.410446166992,2.19789981842041,331.030578613281,0.000181943760253489,-7.32543267076835e-05,В4
"MULTIPOINT ((444720.76450059 6203069.61972733))",46,п3д,с.с.,морена,169.78630065918,0.50833398103714,337.211944580078,-5.96726458752528e-05,3.06193851429271e-06,С2
"MULTIPOINT ((449805.178852568 6199666.66797181))",47,пд пов огл,с.с.,фг,143.99626159668,1.0130227804184,270.226928710938,0.000714835128746927,0.0011587847257033,С4
"MULTIPOINT ((444870.662535133 6203075.14957725))",48,п3д огл,с.с.,морена,169.554794311523,0.390414088964462,289.305053710938,4.19447933381889e-05,0.000104731429019012,С2
"MULTIPOINT ((449954.961664218 6199658.59893628))",49,пд пов огл,с.с.,фг,140.139663696289,3.28035044670105,83.7283172607422,3.15647666866425e-05,-0.000710757332853973,С4
"MULTIPOINT ((445020.560569676 6203080.67942717))",50,п3д огл,с.с.,морена,168.573272705078,1.16578555107117,7.20957565307617,0.000575211422983557,0.000254834478255361,С2
"MULTIPOINT ((447999.716077247 6199613.71358644))",51,п2д огл,с.с.,фг,154.573822021484,0.883614897727966,147.521453857422,-6.76178751746193e-05,-4.79237896797713e-05,С3
"MULTIPOINT ((445170.458604219 6203086.20927709))",52,п3д огл,с.с.,морена,161.612075805664,4.15311050415039,26.1568355560303,0.000261867913650349,-0.000176866888068616,С2
"MULTIPOINT ((448149.498888897 6199605.64455092))",53,п2д огл,с.с.,фг,156.121994018555,0.80321854352951,291.801940917969,0.000188747653737664,0.000163640812388621,С2
"MULTIPOINT ((445320.356638762 6203091.73912701))",54,п3д,с.с.,морена,156.379867553711,2.55390644073486,71.3000030517578,-8.0866229836829e-05,0.000128751707961783,С3
"MULTIPOINT ((448299.281700547 6199597.57551539))",55,п2д огл,с.с.,фг,151.05876159668,1.38595819473267,261.093353271484,2.38430902754772e-06,-0.000699676049407572,С2
"MULTIPOINT ((445470.254673305 6203097.26897693))",56,п3д огл,с.с.,далл,160.917404174805,3.79972290992737,204.715148925781,0.000315250130370259,-8.89022558112629e-05,С2
"MULTIPOINT ((448449.064512197 6199589.50647987))",57,п2д огл,с.с.,фг,153.800994873047,1.82059371471405,266.169128417969,8.07018150226213e-05,0.000410843233112246,С2
"MULTIPOINT ((445620.152707848 6203102.79882685))",58,п3д огл,с.с.,далл,164.105606079102,0.570874154567719,303.795562744141,-0.000187485959031619,0.000204491210752167,С3
"MULTIPOINT ((448598.847323847 6199581.43744435))",59,п2д огл,с.с.,фг,153.718795776367,2.83756279945374,254.747222900391,-0.000108103762613609,6.06210414844099e-06,С2
"MULTIPOINT ((445770.050742391 6203108.32867678))",60,п2д огл,л.с.,далл,163.86198425293,0.232545360922813,244.587478637695,-5.36970655957703e-05,0.00017229001969099,С3
"MULTIPOINT ((448748.630135496 6199573.36840882))",61,п2д огл,с.с.,фг,156.208831787109,2.83792448043823,267.8349609375,0.000108664600702468,6.50337751721963e-05,С2
"MULTIPOINT ((445919.948776934 6203113.8585267))",62,п2д,с.с.,морена,162.8984375,0.770021200180054,240.990356445312,-4.30150321335532e-05,-0.00030161437462084,С3
"MULTIPOINT ((449170.242600578 6196245.87041043))",63,п1д,с.с.,морена,149.716201782227,2.03352379798889,202.011001586914,0.000766013108659536,0.000225649404455908,С2
"MULTIPOINT ((446069.846811477 6203119.38837662))",64,п2д,с.с.,морена,164.481079101562,0.452820837497711,351.159973144531,0.000491378945298493,3.9818107325118e-05,С3
"MULTIPOINT ((449320.025412227 6196237.80137491))",65,п1д огл,с.с.,далл,150.70491027832,0.787258863449097,211.439315795898,1.64798766491003e-05,0.000134392976178788,С2
"MULTIPOINT ((446219.74484602 6203124.91822654))",66,п2д,с.с.,морена,161.911956787109,0.0984045788645744,41.6033744812012,-0.000264160917140543,-0.000239557542954572,С3
"MULTIPOINT ((449469.808223877 6196229.73233939))",67,п1д огл,с.с.,далл,151.481475830078,0.333201795816422,278.842620849609,0.000137535607791506,-0.000302520900731906,С2
"MULTIPOINT ((446369.642880563 6203130.44807646))",68,п2д,с.с.,морена,162.020553588867,1.29407978057861,40.0437049865723,0.00020605580357369,-9.3954149633646e-05,В4
"MULTIPOINT ((449619.591035527 6196221.66330386))",69,п1д огл,с.с.,далл,154.68717956543,1.29272568225861,239.887649536133,0.000231657992117107,0.000784396543167531,С2
"MULTIPOINT ((446519.540915106 6203135.97792638))",70,п1д,с.с.,морена,160.132217407227,0.215832412242889,194.940399169922,-0.000424632424255833,7.28269224055111e-05,В4
"MULTIPOINT ((449769.373847177 6196213.59426834))",71,п1д огл,с.с.,далл,151.594909667969,1.44634258747101,304.637084960938,-0.000119846990855876,-0.000354565563611686,С2
"MULTIPOINT ((446669.438949649 6203141.5077763))",72,п1д,с.с.,морена,162.6572265625,0.688031136989594,186.464996337891,0.000426876038545743,1.62273602200003e-06,С2
"MULTIPOINT ((449919.156658827 6196205.52523282))",73,п1д огл,с.с.,далл,151.988784790039,0.832295835018158,315.97021484375,7.29941093595698e-05,3.62131299880275e-06,С2
"MULTIPOINT ((446819.336984192 6203147.03762622))",74,п2д,с.с.,морена,163.597702026367,1.31986224651337,219.2890625,-0.00021874372032471,-0.000107992607809138,С2
"MULTIPOINT ((450068.939470476 6196197.45619729))",75,п1д огл,с.с.,далл,149.218643188477,3.04006028175354,291.198028564453,0.000137152877869084,-0.000494712381623685,С2
"MULTIPOINT ((446969.235018735 6203152.56747614))",76,п2д,с.с.,морена,165.512008666992,2.17136120796204,252.31608581543,-0.00019891670672223,3.90740497095976e-05,С2
"MULTIPOINT ((450218.722282126 6196189.38716177))",77,п1д,с.с.,далл,145.462890625,4.28817987442017,331.212005615234,9.24778069020249e-05,0.000305466062854975,С2
"MULTIPOINT ((447119.133053278 6203158.09732606))",78,п2д,с.с.,морена,166.819473266602,2.74012589454651,262.002868652344,-0.000558408908545971,0.000147305603604764,С2
"MULTIPOINT ((447963.911071855 6196160.63988297))",79,п1д,с.с.,морена,144.874252319336,1.07835257053375,175.688049316406,5.24784918525256e-05,0.000160143623361364,С2
"MULTIPOINT ((447269.031087821 6203163.62717598))",80,п2д,с.с.,морена,166.171844482422,0.963942110538483,350.780578613281,-0.000104782804555725,0.000215167223359458,С2
"MULTIPOINT ((448113.693883506 6196152.57084745))",81,п1д,с.с.,морена,146.886077880859,0.362860888242722,132.988464355469,0.000146558639244176,5.71356940781698e-05,С2
"MULTIPOINT ((447418.929122364 6203169.1570259))",82,п2д,с.с.,морена,164.794448852539,0.441462904214859,327.003601074219,6.49739522486925e-05,4.76214154332411e-05,С2
"MULTIPOINT ((448263.476695155 6196144.50181192))",83,п1д,с.с.,морена,146.797546386719,0.569111466407776,51.2996559143066,0.000106223538750783,5.87559516134206e-05,С2
"MULTIPOINT ((447568.827156907 6203174.68687582))",84,п2д,с.с.,морена,163.797500610352,0.450208127498627,338.756164550781,-8.73621247592382e-05,0.000118189062050078,С2
"MULTIPOINT ((448413.259506805 6196136.4327764))",85,п1д,с.с.,морена,145.53173828125,0.20206193625927,7.02038431167603,-0.0002173705433961,4.29799183621071e-05,С2
"MULTIPOINT ((447718.725191451 6203180.21672574))",86,п2д,с.с.,морена,155.740112304688,2.67586517333984,23.1863040924072,-0.000902541447430849,-0.000354194518877193,В5
"MULTIPOINT ((448563.042318455 6196128.36374088))",87,п1д,с.с.,морена,146.747665405273,0.552510321140289,313.481414794922,0.000401849334593862,-6.16043907939456e-05,С2
"MULTIPOINT ((447868.623225993 6203185.74657566))",88,п1д,с.с.,морена,156.3095703125,3.00332856178284,190.763275146484,-0.000821183028165251,-0.000411294691730291,В5
"MULTIPOINT ((448712.825130104 6196120.29470535))",89,п1д,с.с.,морена,143.459701538086,2.12951827049255,339.826965332031,-0.000132463363115676,0.000149104977026582,С4
"MULTIPOINT ((448018.521260537 6203191.27642558))",90,п2д,с.с.,морена,164.51708984375,1.98584198951721,194.945678710938,0.000436912843724713,-0.000218550820136443,С2
"MULTIPOINT ((448862.607941754 6196112.22566983))",91,п1д,с.с.,морена,144.754272460938,1.4450751543045,158.963104248047,0.000353185110725462,0.0010370931122452,В3
"MULTIPOINT ((448168.41929508 6203196.8062755))",92,п2д,с.с.,морена,165.347152709961,0.651415824890137,2.63119888305664,4.47235615865793e-05,-3.85275525331963e-05,С2
"MULTIPOINT ((449012.390753404 6196104.1566343))",93,п1д,с.с.,морена,142.93359375,0.592334568500519,190.387344360352,-0.000599583727307618,0.000547353003639728,С3
"MULTIPOINT ((443216.25430524 6203164.21926267))",94,п3д,с.с.,морена,170.815505981445,1.45378017425537,282.139221191406,0.000197590299649164,0.000698160438332707,
"MULTIPOINT ((449162.173565054 6196096.08759878))",95,п1д,с.с.,морена,145.617477416992,1.80408465862274,251.600448608398,-0.000373422721168026,0.000571100797969848,С3
"MULTIPOINT ((443066.356270697 6203158.68941275))",96,п3д,с.с.,морена,167.224655151367,1.78388512134552,113.152519226074,0.000474454398499802,-0.000380967860110104,
"MULTIPOINT ((443366.152339783 6203169.74911259))",97,п3д,с.с.,морена,168.720138549805,0.517096877098083,211.163330078125,5.84883709962014e-05,-0.000445079000201076,С2
"MULTIPOINT ((449311.956376704 6196088.01856326))",98,п1д,с.с.,морена,145.641830444336,3.143146276474,255.438598632812,-0.000214509273064323,-0.00026157932006754,В3
"MULTIPOINT ((443516.050374326 6203175.27896251))",99,п3д,с.с.,морена,170.093551635742,0.560516774654388,90.424690246582,0.0001697465631878,7.43407144909725e-05,С2
"MULTIPOINT ((449789.040781521 6199367.10234851))",100,т1п пов огл,с.с.,морена,145.558837890625,1.8020007610321,19.3202037811279,-0.000663717277348042,0.000199556132429279,С2
"MULTIPOINT ((449489.475158222 6199383.24041956))",101,пд пов огл,с.с.,фг,135.527038574219,0.889537930488586,128.98078918457,-0.00123179866932333,-0.000849486037623137,С4
"MULTIPOINT ((444265.540547041 6203202.92821211))",102,п3д,с.с.,морена,170.290832519531,0.522709906101227,207.136505126953,0.000212716578971595,-4.71495295641944e-05,С2
"MULTIPOINT ((449938.823593171 6199359.03331298))",103,пд пов огл,с.с.,фг,149.024536132812,2.39559316635132,166.817230224609,0.000544804614037275,0.000307164766127244,С3
"MULTIPOINT ((449639.257969872 6199375.17138403))",104,т1п пов огл,с.с.,морена,147.981430053711,4.37543344497681,158.34553527832,0.00137117994017899,0.000329103146214038,С2
"MULTIPOINT ((444415.438581584 6203208.45806204))",105,п3д,с.с.,морена,169.682357788086,0.326742976903915,347.749725341797,-0.000139275027322583,6.3649051298853e-05,С2
"MULTIPOINT ((450088.606404821 6199350.96427746))",106,пд пов огл,с.с.,фг,150.480117797852,1.70937299728394,67.7412490844727,7.12006876710802e-05,0.00060238700825721,
"MULTIPOINT ((444565.336616127 6203213.98791196))",107,п3д,с.с.,морена,169.988754272461,0.230968877673149,195.426177978516,0.000273025885690004,0.000121293924166821,С2
"MULTIPOINT ((450238.389216471 6199342.89524194))",108,пд пов огл,с.с.,фг,146.206741333008,2.75656509399414,49.8107299804688,0.000466605299152434,-0.000106356790638529,С2
"MULTIPOINT ((445015.030719756 6203230.57746172))",109,п3д огл,с.с.,морена,166.045867919922,3.28568577766418,44.0304946899414,0.000933173578232527,0.00022053491557017,С2
"MULTIPOINT ((450388.172028121 6199334.82620641))",110,пд пов огл,с.с.,фг,147.939239501953,3.48739695549011,67.328987121582,0.00130322482436895,0.000601853360421956,С2
"MULTIPOINT ((445164.928754299 6203236.10731164))",111,п3д,с.с.,морена,154.562561035156,4.68061542510986,35.6731910705566,-0.00114555621985346,-9.40630561672151e-05,
"MULTIPOINT ((447684.012382901 6199330.28603419))",112,п2д,т.с.,морена,141.076553344727,2.94021058082581,260.529022216797,-0.000242173366132192,-0.000798284134361893,С2
"MULTIPOINT ((445314.826788842 6203241.63716156))",113,п3д огл,с.с.,далл,155.83625793457,3.3232307434082,216.372665405273,-0.000231152691412717,0.000392641755752265,С2
"MULTIPOINT ((447833.795194551 6199322.21699866))",114,п2д огл,с.с.,фг,144.192153930664,2.72031283378601,241.495590209961,-8.39909043861553e-05,-0.000413541856687516,
"MULTIPOINT ((445464.724823385 6203247.16701148))",115,п3д огл,с.с.,далл,162.971496582031,2.16678071022034,183.501205444336,-6.13935626461171e-05,0.000173805397935212,В3
"MULTIPOINT ((447983.5780062 6199314.14796314))",116,п2д огл,с.с.,фг,149.828964233398,1.75089609622955,284.881256103516,-5.36212519364199e-06,8.30442586448044e-05,С2
"MULTIPOINT ((445614.622857928 6203252.6968614))",117,п3д огл,с.с.,далл,164.799209594727,1.33326983451843,26.7083377838135,0.000229461205890402,0.000247803778620437,С2
"MULTIPOINT ((448442.580915654 6195666.33559681))",118,п2д,с.с.,морена,145.058670043945,1.41395270824432,44.9948539733887,-0.000175299428519793,0.000161391944857314,С2
"MULTIPOINT ((445764.520892471 6203258.22671132))",119,п3д огл,с.с.,далл,162.730026245117,0.861038863658905,133.969024658203,-0.000202278883079998,-0.000151435728184879,С3
"MULTIPOINT ((448239.726102522 6195734.4170067))",120,п2д,с.с.,морена,144.613922119141,0.565747141838074,188.164581298828,-2.61765926552471e-05,-8.08009936008602e-05,С2
"MULTIPOINT ((448133.36081785 6199306.07892761))",121,п2д огл,с.с.,фг,148.716049194336,1.79075539112091,297.768646240234,3.83791375497822e-05,0.000238811146118678,С2
"MULTIPOINT ((445914.418927014 6203263.75656124))",122,п2д огл,л.с.,далл,163.30143737793,0.422666490077972,97.8935241699219,-0.000103810867585707,-0.000146951759234071,В4
"MULTIPOINT ((448591.248484183 6195680.2297621))",123,п2д,с.с.,морена,144.041046142578,0.930036962032318,26.1874408721924,0.000367310305591673,-3.77871874661651e-05,С2
"MULTIPOINT ((446064.316961557 6203269.28641116))",124,п2д,с.с.,морена,164.265228271484,0.123918287456036,356.623870849609,0.000336302880896255,-4.70318991574459e-05,С3
"MULTIPOINT ((448283.1436295 6199298.00989209))",125,п2д огл,с.с.,фг,147.579681396484,0.742189705371857,243.767929077148,0.000209734338568524,-0.000224087954848073,С2
"MULTIPOINT ((446214.2149961 6203274.81626108))",126,п2д,с.с.,морена,164.586685180664,0.773771941661835,277.620422363281,6.25793254585005e-05,0.000198296038433909,С3
"MULTIPOINT ((448646.825145315 6195521.83627787))",127,п2д,с.с.,морена,140.220550537109,3.04343104362488,3.09270977973938,6.23287560301833e-05,-0.000360940204700455,С2
"MULTIPOINT ((446364.113030643 6203280.346111))",128,п2д,с.с.,морена,160.63264465332,1.64728975296021,346.688629150391,-8.73475000844337e-05,-0.000158904149429873,В3
"MULTIPOINT ((448432.92644115 6199289.94085657))",129,п2д огл,с.с.,фг,147.590454101562,1.18760454654694,202.765182495117,-0.000393288879422471,-0.000122291341540404,С3
"MULTIPOINT ((446514.011065186 6203285.87596092))",130,п2д,с.с.,морена,159.701019287109,0.727380275726318,178.292556762695,-0.000158423703396693,-2.23918436859094e-06,В3
"MULTIPOINT ((448165.636959944 6199905.21017422))",131,п2д огл,с.с.,фг,159.112579345703,0.389283508062363,256.010589599609,0.000230875084525906,0.000246286450419575,С2
"MULTIPOINT ((446663.909099729 6203291.40581084))",132,п2д,с.с.,морена,161.66975402832,1.17157423496246,189.495727539062,-0.00028384049073793,5.37393570994027e-05,В4
"MULTIPOINT ((448315.419771594 6199897.14113869))",133,п2д огл,с.с.,фг,156.610076904297,1.47708916664124,333.717346191406,-8.22932051960379e-05,-9.89459367701784e-05,С2
"MULTIPOINT ((446813.807134272 6203296.93566076))",134,п2д,с.с.,морена,165.516098022461,0.550174236297607,186.097518920898,-0.000120311466162093,0.000146822610986419,С2
"MULTIPOINT ((448465.202583244 6199889.07210317))",135,п2д огл,с.с.,фг,156.469833374023,0.979466617107391,239.306167602539,3.9884245779831e-05,0.000136246046167798,С2
"MULTIPOINT ((446963.705168815 6203302.46551068))",136,п2д,с.с.,морена,168.264724731445,1.49797809123993,182.767959594727,0.000166087280376814,-1.88194771908456e-05,С2
"MULTIPOINT ((448614.985394894 6199881.00306765))",137,п2д огл,с.с.,фг,155.6552734375,0.0594338849186897,206.698791503906,-0.000243763730395585,-0.000350819987943396,С4
"MULTIPOINT ((447113.603203358 6203307.9953606))",138,п2д,с.с.,морена,169.320663452148,2.5618143081665,52.5052146911621,0.000349802343407646,0.000308415794279426,В3
"MULTIPOINT ((448764.768206544 6199872.93403212))",139,п2д огл,с.с.,фг,159.735168457031,1.03406524658203,148.402969360352,0.000227324737352319,8.09129705885425e-05,С2
"MULTIPOINT ((447263.501237901 6203313.52521052))",140,п2д,с.с.,морена,164.964248657227,1.14115762710571,74.6578521728516,3.27397833643772e-06,0.000131902736029588,С2
"MULTIPOINT ((448914.551018193 6199864.8649966))",141,п2д огл,с.с.,фг,159.357971191406,0.791595935821533,336.758056640625,6.42414597677998e-05,3.9293896406889e-05,С2
"MULTIPOINT ((447413.399272444 6203319.05506044))",142,п2д,с.с.,морена,164.426742553711,0.47244668006897,99.3635711669922,0.000133306428324431,-0.000112936329969671,С2
"MULTIPOINT ((449064.333829843 6199856.79596107))",143,п2д огл,с.с.,фг,157.704788208008,1.13619780540466,323.351745605469,5.39912543899845e-05,0.000112624555185903,С2
"MULTIPOINT ((447563.297306987 6203324.58491036))",144,п2д,с.с.,морена,164.273208618164,0.615112721920013,341.183990478516,0.000189994054380804,-2.49551503657131e-05,С2
"MULTIPOINT ((449214.116641493 6199848.72692555))",145,п2д огл,с.с.,фг,148.462646484375,1.77140378952026,291.673004150391,-0.000275549798971042,-0.00107056391425431,С2
"MULTIPOINT ((447713.19534153 6203330.11476028))",146,п2д,с.с.,морена,160.264129638672,3.11834120750427,271.90185546875,0.000381223857402802,-0.000375112635083497,С2
"MULTIPOINT ((449363.899453143 6199840.65789003))",147,п2д огл,с.с.,фг,151.214752197266,3.03043270111084,264.442840576172,-0.000399019103497267,0.000571594515349716,С2
"MULTIPOINT ((447863.093376073 6203335.6446102))",148,п2д,с.с.,морена,162.673126220703,3.71532893180847,233.563049316406,0.000471901526907459,-0.000383249804144725,С2
"MULTIPOINT ((449513.682264792 6199832.5888545))",149,п2д огл,с.с.,фг,148.763107299805,1.76483404636383,322.197235107422,-0.00035707707866095,1.58836919581518e-05,С2
"MULTIPOINT ((448012.991410616 6203341.17446012))",150,п2д,с.с.,морена,167.596145629883,0.604334473609924,226.699356079102,0.000163848075317219,0.000184501725016162,С2
"MULTIPOINT ((449663.465076442 6199824.51981898))",151,п2д огл,с.с.,фг,145.214172363281,0.944876968860626,330.325347900391,-3.05597859551199e-05,-4.11964720115066e-05,С4
"MULTIPOINT ((448162.889445159 6203346.70431004))",152,п2д,с.с.,морена,167.169479370117,0.78935569524765,335.380493164062,0.000122980622109026,0.000140330419526435,С2
"MULTIPOINT ((449813.247888092 6199816.45078346))",153,п2д огл,с.с.,фг,143.948883056641,1.83978796005249,328.503662109375,0.000561748631298542,-4.95009480800945e-05,С4
"MULTIPOINT ((442921.988086074 6203003.26152829))",154,п3д,с.с.,морена,171.817153930664,0.266182094812393,307.247467041016,0.000238337146583945,0.000182151445187628,
"MULTIPOINT ((449941.761349693 6199808.18626768))",155,п2д огл,с.с.,фг,138.65771484375,1.97025418281555,306.096252441406,-0.000690387678332627,8.21544381324202e-05,С2
"MULTIPOINT ((443071.886120617 6203008.79137821))",156,п3д,с.с.,морена,166.056182861328,3.61490893363953,346.766357421875,0.000376522220904008,-5.37710839125793e-05,
"MULTIPOINT ((448157.567924421 6199755.42736256))",157,п2д огл,с.с.,фг,156.832473754883,0.683771371841431,204.177520751953,-2.15930958802346e-05,7.6763353717979e-05,С2
"MULTIPOINT ((443221.78415516 6203014.32122813))",158,п3д,с.с.,морена,164.639221191406,3.46340656280518,188.274230957031,-0.000114507427497301,-0.000317298748996109,С2
"MULTIPOINT ((448307.350736071 6199747.35832704))",159,п2д огл,с.с.,фг,155.355407714844,1.42800521850586,330.948028564453,-4.77351604786236e-05,6.38160199741833e-05,С2
"MULTIPOINT ((448457.13354772 6199739.28929152))",160,п2д огл,с.с.,фг,154.421447753906,0.895670771598816,218.931640625,-4.6744473365834e-05,-0.000166673504281789,С4
"MULTIPOINT ((447102.543503518 6203607.79142969))",161,п2д,с.с.,морена,164.015441894531,1.36556768417358,214.94775390625,0.000286480120848864,0.000196638255147263,С2
"MULTIPOINT ((446952.645468975 6203602.26157977))",162,п2д,с.с.,морена,159.54182434082,1.45413506031036,133.141983032227,-0.000297368940664455,-0.000637091754470021,С2
"MULTIPOINT ((447252.441538061 6203613.3212796))",163,п1д,с.с.,морена,163.338531494141,2.00274181365967,351.311706542969,0.000517105858307332,0.000211952516110614,С2
"MULTIPOINT ((447402.339572604 6203618.85112953))",164,п2д,с.с.,морена,155.286651611328,0.812747299671173,47.5876083374023,-0.000171009611221962,-0.000670987588819116,В4
"MULTIPOINT ((448574.640217276 6199132.0890094))",165,пд пов огл,с.с.,фг,140.312042236328,4.26835536956787,288.858123779297,-0.000394752831198275,0.000117371455417015,С3
"MULTIPOINT ((448275.074593976 6199148.22708044))",166,п2д огл,с.с.,фг,148.509689331055,2.00255441665649,174.368865966797,0.000284949754131958,0.000558745115995407,С2
"MULTIPOINT ((447552.237607147 6203624.38097945))",167,п2д,с.с.,морена,155.349426269531,2.1349024772644,130.765121459961,-0.000793189683463424,-0.000620514969341457,
"MULTIPOINT ((448724.423028926 6199124.01997387))",168,пд пов огл,с.с.,фг,142.165832519531,2.58747506141663,184.849700927734,0.000461544696008787,-0.000735045527108014,С4
"MULTIPOINT ((448424.857405626 6199140.15804492))",169,п2д огл,с.с.,фг,142.33024597168,3.59183692932129,289.805450439453,0.000458295311545953,-0.000940326310228556,С3
"MULTIPOINT ((447702.13564169 6203629.91082937))",170,п2д,с.с.,морена,159.988174438477,2.18442296981812,159.598251342773,-0.000109740234620403,-0.00056495307944715,С3
"MULTIPOINT ((448874.205840576 6199115.95093835))",171,пд пов огл,с.с.,фг,138.699737548828,6.72291231155396,94.644660949707,-0.00175435421988368,-0.000599042163230479,С2
"MULTIPOINT ((447852.033676233 6203635.44067929))",172,п2д,с.с.,морена,166.860824584961,0.357075214385986,230.766586303711,0.000100324061349966,8.79589861142449e-05,С2
"MULTIPOINT ((449023.988652225 6199107.88190283))",173,пд пов огл,с.с.,фг,139.076522827148,5.56448841094971,81.5553817749023,-0.00192252243869007,-0.000169512568390928,С2
"MULTIPOINT ((448001.931710776 6203640.97052921))",174,п2д,с.с.,морена,167.76383972168,0.880384683609009,204.987777709961,3.02091084449785e-05,6.57264972687699e-05,С2
"MULTIPOINT ((449173.771463875 6199099.8128673))",175,пд пов огл,с.с.,фг,142.960327148438,5.41710567474365,115.153602600098,-0.000524707778822631,0.000136460308567621,С2
"MULTIPOINT ((448151.829745319 6203646.50037913))",176,п2д,с.с.,морена,167.908554077148,0.787225067615509,11.4004201889038,7.71691484260373e-05,0.000164327706443146,С2
"MULTIPOINT ((449323.554275525 6199091.74383178))",177,т1п пов огл,с.с.,морена,147.668014526367,4.28637218475342,101.184097290039,0.00118155695963651,-0.000156367881572805,С2
"MULTIPOINT ((443360.622489863 6203319.64714714))",178,п3д,с.с.,морена,171.042892456055,1.40041708946228,332.10205078125,-0.000124678001157008,0.000291995267616585,
"MULTIPOINT ((449473.337087175 6199083.67479625))",179,пд пов огл,с.с.,фг,150.384262084961,1.15862131118774,63.6768341064453,0.000407692306907848,0.000841973233036697,С2
"MULTIPOINT ((443510.520524406 6203325.17699706))",180,п3д,с.с.,морена,167.222061157227,0.998617351055145,16.9841766357422,-0.000369044428225607,-0.000571764307096601,С2
"MULTIPOINT ((449623.119898824 6199075.60576073))",181,п1д огл,с.с.,фг,144.678665161133,1.91398215293884,359.336639404297,-9.36198921408504e-05,-0.000727071717847139,В4
"MULTIPOINT ((445159.398904379 6203386.00534618))",182,п3д,с.с.,морена,150.661346435547,0.493969947099686,206.497955322266,-0.0019033367279917,-0.00033230785629712,В4
"MULTIPOINT ((449772.902710474 6199067.53672521))",183,пд пов огл,с.с.,фг,142.799392700195,0.650579273700714,196.790481567383,-0.000498236215207726,-0.000262599904090166,С2
"MULTIPOINT ((445309.296938922 6203391.5351961))",184,п3д огл,с.с.,далл,160.036315917969,2.66910266876221,195.039840698242,0.000760533614084125,0.000241597066633403,С2
"MULTIPOINT ((449922.685522124 6199059.46768968))",185,пд пов огл,с.с.,фг,147.724868774414,2.3647518157959,86.6559295654297,0.000423985300585628,0.000119742981041782,С3
"MULTIPOINT ((445459.194973465 6203397.06504602))",186,п3д огл,с.с.,далл,161.807983398438,1.71936702728271,56.5349235534668,0.000634771247860044,-0.000265839247731492,С2
"MULTIPOINT ((450072.468333774 6199051.39865416))",187,пд пов огл,с.с.,фг,150.086608886719,2.80762481689453,162.899780273438,0.00013473053695634,3.21607876685448e-05,С2
"MULTIPOINT ((445609.093008008 6203402.59489594))",188,п3д огл,с.с.,далл,156.565979003906,3.12532472610474,108.178489685059,-0.000391784444218501,-0.000473710912046954,С3
"MULTIPOINT ((448898.412947146 6199565.2993733))",189,п2д огл,с.с.,фг,156.273834228516,1.47965955734253,260.974670410156,0.000181008625077084,-0.000143165263580158,С2
"MULTIPOINT ((445758.991042551 6203408.12474586))",190,п2д огл,л.с.,далл,161.474182128906,2.02566361427307,138.88639831543,0.000489422935061157,-3.33179305016529e-05,С2
"MULTIPOINT ((449048.195758796 6199557.23033777))",191,п2д огл,с.с.,фг,156.166549682617,1.45517766475677,328.839019775391,0.000299232138786465,0.000183909491170198,С2
"MULTIPOINT ((445908.889077094 6203413.65459578))",192,п2д огл,л.с.,далл,162.790069580078,0.389908254146576,147.20491027832,-7.13024273863994e-05,-0.00014868461585138,С2
"MULTIPOINT ((449197.978570446 6199549.16130225))",193,п2д огл,с.с.,фг,147.781829833984,1.50434458255768,357.11181640625,-0.000238334672758356,-0.000157133617904037,
"MULTIPOINT ((446058.787111637 6203419.1844457))",194,п2д,с.с.,морена,163.931671142578,0.624735116958618,182.083923339844,-0.00013864527863916,-5.66442431590986e-05,С2
"MULTIPOINT ((449347.761382096 6199541.09226673))",195,п2д огл,с.с.,фг,145.584686279297,1.43967366218567,299.721099853516,0.00017592114454601,-0.000351095863152295,
"MULTIPOINT ((446208.68514618 6203424.71429562))",196,п2д,с.с.,морена,164.808212280273,0.62211686372757,39.1351661682129,0.000115301212645136,4.80900853290223e-05,С2
"MULTIPOINT ((449497.544193745 6199533.0232312))",197,п2д огл,с.с.,фг,138.38346862793,3.56890487670898,310.147766113281,-0.000802797614596784,-0.000253398640779778,С4
"MULTIPOINT ((446358.583180723 6203430.24414554))",198,п2д,с.с.,морена,163.266082763672,0.664090633392334,304.71728515625,9.66410807450302e-05,-0.000259265856584534,С2
"MULTIPOINT ((449647.327005395 6199524.95419568))",199,пд пов огл,с.с.,фг,144.293182373047,2.57436966896057,124.303771972656,-0.00011771653953474,0.000539817032404244,С2
"MULTIPOINT ((446508.481215266 6203435.77399546))",200,п2д,с.с.,морена,159.009338378906,1.29836583137512,10.695652961731,-0.00017015881894622,-0.00025033371639438,В5
"MULTIPOINT ((449797.109817045 6199516.88516016))",201,пд пов огл,с.с.,фг,143.363845825195,2.10393190383911,126.951347351074,0.00017258022853639,-0.000954285846091807,С3
"MULTIPOINT ((446658.379249809 6203441.30384538))",202,п2д,с.с.,морена,161.674575805664,2.88299822807312,176.953674316406,0.000187402591109276,-0.000240270659560338,С2
"MULTIPOINT ((450246.458251994 6199492.67805359))",203,пд пов огл,с.с.,фг,137.645034790039,6.82553863525391,50.3929061889648,0.000158167109475471,0.000250847690040246,С2
"MULTIPOINT ((446808.277284352 6203446.8336953))",204,п2д,с.с.,морена,164.825042724609,0.876985132694244,50.896110534668,0.000315721932565793,2.58224395111029e-06,С2
"MULTIPOINT ((447841.864230074 6199471.99981031))",205,п2д огл,с.с.,фг,152.787307739258,1.05905914306641,240.422134399414,0.000158798924530856,0.000146371457958594,
"MULTIPOINT ((446958.175318895 6203452.36354522))",206,п2д,с.с.,морена,170.872253417969,1.95748007297516,148.385375976562,0.00134198472369462,0.00124952755868435,С2
"MULTIPOINT ((447991.647041724 6199463.93077479))",207,п2д огл,с.с.,фг,154.694107055664,1.44705533981323,275.035308837891,0.000539597880560905,0.000233867132919841,С2
"MULTIPOINT ((447108.073353438 6203457.89339514))",208,п2д,с.с.,морена,167.836639404297,2.91821765899658,22.2357215881348,0.000636792101431638,0.000980590819381177,С2
"MULTIPOINT ((448141.429853374 6199455.86173927))",209,п2д огл,с.с.,фг,152.014587402344,2.12816715240479,315.755126953125,3.22270971082617e-05,9.20364327612333e-05,С2
"MULTIPOINT ((447257.971387981 6203463.42324506))",210,п2д,с.с.,морена,162.039306640625,0.754148483276367,88.0363616943359,-0.000291904521873221,-1.71131687238812e-05,С3
"MULTIPOINT ((448291.212665024 6199447.79270374))",211,п2д огл,с.с.,фг,149.111572265625,1.22413969039917,305.975311279297,-0.00016527583647985,2.33869195653824e-06,С2
"MULTIPOINT ((447407.869422524 6203468.95309498))",212,п2д,с.с.,морена,160.235748291016,2.62583255767822,125.820869445801,-1.90894525076146e-06,-5.79533370910212e-05,С2
"MULTIPOINT ((448440.995476673 6199439.72366822))",213,п2д огл,с.с.,фг,150.183197021484,1.13380801677704,249.345336914062,0.000153803688590415,9.04824482859112e-05,С2
"MULTIPOINT ((447557.767457067 6203474.4829449))",214,п2д,с.с.,морена,163.460296630859,2.09040451049805,98.9907455444336,0.000579691200982779,0.000102729922218714,С2
"MULTIPOINT ((448590.778288323 6199431.6546327))",215,п2д огл,с.с.,фг,150.227203369141,0.40090399980545,180.759262084961,-2.84547895716969e-05,-0.000263979512965307,С3
"MULTIPOINT ((447707.66549161 6203480.01279482))",216,п2д,с.с.,морена,163.497039794922,1.16379010677338,111.299331665039,0.000254815648077056,-0.000148230363265611,С2
"MULTIPOINT ((448740.561099973 6199423.58559717))",217,п2д огл,с.с.,фг,151.493682861328,0.335198789834976,297.940795898438,-0.000114711438072845,0.000224806048208848,С3
"MULTIPOINT ((447857.563526153 6203485.54264474))",218,п2д,с.с.,морена,166.283096313477,0.485325843095779,198.345092773438,9.56628064159304e-05,-1.46916345329373e-05,С2
"MULTIPOINT ((448890.343911623 6199415.51656165))",219,п2д огл,с.с.,фг,151.834350585938,2.69610190391541,231.121444702148,3.66264180229336e-06,-7.62091294745915e-05,С3
"MULTIPOINT ((448007.461560696 6203491.07249466))",220,п2д,с.с.,морена,167.005310058594,0.474909752607346,160.19660949707,2.03414383577183e-05,-0.00018449334311299,С2
"MULTIPOINT ((449040.126723272 6199407.44752613))",221,п2д огл,с.с.,фг,154.953460693359,1.12025785446167,265.653747558594,0.000570923264604062,0.000253308302490041,С2
"MULTIPOINT ((448157.359595239 6203496.60234458))",222,п2д,с.с.,морена,167.522583007812,0.607709646224976,342.573028564453,0.000311561801936477,-0.000100286320957821,С2
"MULTIPOINT ((449189.909534922 6199399.3784906))",223,пд пов огл,с.с.,фг,151.053436279297,4.11490964889526,308.478668212891,0.000760993105359375,0.000472695712232962,С2
"MULTIPOINT ((449339.692346572 6199391.30945508))",224,пд пов огл,с.с.,фг,140.700927734375,3.94805574417114,303.152557373047,-0.000525842246133834,0.000348568370100111,С2
"MULTIPOINT ((447691.07594185 6203929.70689845))",225,п2д,с.с.,морена,163.055877685547,0.940560400485992,155.778503417969,-0.000228718490689062,4.04782040277496e-05,В3
"MULTIPOINT ((447541.177907307 6203924.17704853))",226,п2д,с.с.,морена,162.186019897461,1.16163527965546,217.350250244141,0.000387946784030646,-3.02422768072574e-06,С3
"MULTIPOINT ((447840.973976393 6203935.23674837))",227,п2д,с.с.,морена,165.256973266602,0.721759855747223,116.094284057617,2.35925526794745e-05,0.000215192369068973,С2
"MULTIPOINT ((447990.872010936 6203940.76659829))",228,п2д,с.с.,морена,165.152389526367,0.579840838909149,130.530349731445,8.07888281997293e-05,-7.00392774888314e-05,С2
"MULTIPOINT ((450064.39929825 6198901.61584251))",229,пд пов огл,с.с.,фг,150.431671142578,0.651260852813721,236.107177734375,-0.000167196500115097,0.000335816730512306,С2
"MULTIPOINT ((449764.833674951 6198917.75391356))",230,п1д огл,с.с.,фг,145.474487304688,3.43504309654236,84.6720123291016,-0.000596184050664306,-0.000698651012498885,С2
"MULTIPOINT ((448140.770045479 6203946.29644821))",231,п2д,с.с.,морена,165.780014038086,0.151506200432777,119.84888458252,4.23804558522534e-05,1.12188190541929e-05,С2
"MULTIPOINT ((450214.1821099 6198893.54680699))",232,пд пов огл,с.с.,фг,151.3916015625,1.44301867485046,265.417938232422,0.00030527840135619,0.00011641960736597,С2
"MULTIPOINT ((449914.616486601 6198909.68487803))",233,п1д огл,с.с.,фг,150.428009033203,0.452964782714844,76.6776275634766,0.000213008359423839,0.000111219931568485,С2
"MULTIPOINT ((446047.727411796 6203718.98051479))",234,п2д,с.с.,морена,164.527053833008,1.28160381317139,180.200790405273,0.000342235900461674,-3.31594746967312e-05,С2
"MULTIPOINT ((450363.96492155 6198885.47777146))",235,пд пов огл,с.с.,фг,144.169860839844,0.971889019012451,97.6758575439453,-0.000751297804526985,-0.000918095174711198,
"MULTIPOINT ((446197.625446339 6203724.51036471))",236,п2д,с.с.,морена,166.177398681641,0.247925758361816,259.082672119141,0.000163882286869921,0.000143619545269758,С2
"MULTIPOINT ((450513.7477332 6198877.40873594))",237,пд пов огл,с.с.,фг,148.082504272461,1.15551650524139,79.8843688964844,8.8527005573269e-05,0.000555338920094073,С2
"MULTIPOINT ((446347.523480883 6203730.04021463))",238,п2д,с.с.,морена,165.596923828125,0.60375303030014,359.742126464844,0.000198825335246511,9.69395696301945e-05,С2
"MULTIPOINT ((450663.53054485 6198869.33970042))",239,пд пов огл,с.с.,фг,143.923721313477,2.27703928947449,21.8163166046143,-5.4542539146496e-05,-0.000200396971195005,С3
"MULTIPOINT ((446497.421515426 6203735.57006455))",240,п2д,с.с.,морена,162.498184204102,0.956938505172729,280.924774169922,2.70375385298394e-05,-0.000104512713733129,В4
"MULTIPOINT ((450813.313356499 6198861.27066489))",241,пд пов огл,с.с.,фг,141.549331665039,0.438562124967575,102.037773132324,0.000304142537061125,2.6212896045763e-05,С2
"MULTIPOINT ((446647.319549969 6203741.09991447))",242,п2д,с.с.,морена,163.156616210938,0.800275444984436,165.928344726562,-0.000154409950482659,8.88404599663772e-07,С3
"MULTIPOINT ((447659.80527633 6198880.93759924))",243,т1п пов огл,с.с.,морена,154.386657714844,1.21659958362579,97.0233840942383,0.000654530245810747,0.000414728157920763,С2
"MULTIPOINT ((446797.217584512 6203746.62976439))",244,п2д,с.с.,морена,163.468597412109,0.905683040618896,6.14103889465332,5.71765049244277e-05,7.00703967595473e-05,С2
"MULTIPOINT ((447809.58808798 6198872.86856371))",245,пд пов огл,с.с.,фг,152.217788696289,0.983384191989899,354.579895019531,5.13395279995166e-05,0.000267801922746003,С2
"MULTIPOINT ((446947.115619055 6203752.15961431))",246,п2д,с.с.,морена,162.055084228516,2.72622084617615,238.025650024414,-0.000142049844725989,-0.0003649084828794,С2
"MULTIPOINT ((447959.37089963 6198864.79952819))",247,т1п пов огл,с.с.,морена,148.65983581543,1.83624374866486,346.241943359375,-0.000118511947221123,0.000153119704918936,С2
"MULTIPOINT ((447097.013653598 6203757.68946423))",248,п1д,с.с.,морена,165.565093994141,0.60497909784317,248.253051757812,0.000250364711973816,0.000169607403222471,С2
"MULTIPOINT ((448109.153711279 6198856.73049267))",249,т1п пов огл,с.с.,морена,143.886016845703,3.07704544067383,70.0473480224609,0.000459040806163102,-1.38777977554128e-05,С3
"MULTIPOINT ((447246.911688141 6203763.21931415))",250,п1д,с.с.,морена,162.96745300293,2.09134912490845,0.190881863236427,0.000130465225083753,4.56569614470936e-05,С2
"MULTIPOINT ((448258.936522929 6198848.66145714))",251,пд пов огл,с.с.,фг,141.22248840332,3.48055386543274,72.5076065063477,0.000187614175956696,-4.9159240006702e-05,С2
"MULTIPOINT ((447396.809722684 6203768.74916407))",252,п2д,с.с.,морена,156.948043823242,1.26038599014282,320.399047851562,-0.000158166847540997,-0.000211524762562476,С2
"MULTIPOINT ((448582.7092528 6199281.87182104))",253,п2д огл,с.с.,фг,150.935607910156,0.657301843166351,241.586334228516,0.000185644312296063,0.000322206877171993,С3
"MULTIPOINT ((447546.707757227 6203774.27901399))",254,п2д,с.с.,морена,158.104827880859,1.89780795574188,237.386596679688,-5.73108918615617e-05,0.000182638774276711,В4
"MULTIPOINT ((448732.492064449 6199273.80278552))",255,п2д огл,с.с.,фг,147.816589355469,3.40213751792908,287.833648681641,0.00011625044135144,0.000516550266183913,С3
"MULTIPOINT ((447696.60579177 6203779.80886391))",256,п2д,с.с.,морена,161.173126220703,2.44977855682373,205.058013916016,7.5881696830038e-05,-0.000252236350206658,С2
"MULTIPOINT ((448882.274876099 6199265.73375))",257,пд пов огл,с.с.,фг,139.090576171875,4.89228630065918,259.987701416016,-0.000325014436384663,-0.00113199604675174,С3
"MULTIPOINT ((447846.503826313 6203785.33871383))",258,п2д,с.с.,морена,167.014099121094,0.25180795788765,110.958862304688,6.13266311120242e-05,0.000153382425196469,С2
"MULTIPOINT ((449032.057687749 6199257.66471447))",259,пд пов огл,с.с.,фг,143.115097045898,5.00958156585693,271.385559082031,0.000107067673525307,0.000172360916621983,С3
"MULTIPOINT ((447996.401860856 6203790.86856375))",260,п2д,с.с.,морена,165.273818969727,0.535079300403595,97.9274673461914,-0.000260213884757832,-0.000386270839953795,С2
"MULTIPOINT ((449181.840499399 6199249.59567895))",261,пд пов огл,с.с.,фг,137.621383666992,4.04212951660156,310.005889892578,-0.00174270372372121,-0.000257322826655582,
"MULTIPOINT ((448146.299895399 6203796.39841367))",262,п2д,с.с.,морена,165.894973754883,0.371486693620682,49.0738945007324,-0.000156378198880702,-2.53644848271506e-05,С2
"MULTIPOINT ((449331.623311048 6199241.52664343))",263,пд пов огл,с.с.,фг,132.238143920898,3.22040605545044,129.093170166016,-0.00250480766408145,-0.00158626248594373,С2
"MULTIPOINT ((445153.869054459 6203535.90338072))",264,п3д огл,с.с.,далл,156.178726196289,1.10126376152039,282.513488769531,0.000147495622513816,-0.000543922709766775,В4
"MULTIPOINT ((449481.406122698 6199233.4576079))",265,т1п пов огл,с.с.,морена,142.101806640625,4.71105241775513,128.884948730469,-0.000229426397709176,-0.000376208656234667,
"MULTIPOINT ((445303.767089002 6203541.43323064))",266,п3д огл,с.с.,далл,159.330627441406,1.41080439090729,158.214996337891,0.000282885797787458,0.000189551166840829,С2
"MULTIPOINT ((449631.188934348 6199225.38857238))",267,т1п пов огл,с.с.,морена,150.108703613281,1.31065952777863,173.80290222168,0.000820548855699599,0.000584672670811415,С2
"MULTIPOINT ((445453.665123545 6203546.96308056))",268,п3д огл,с.с.,далл,158.631912231445,2.40059781074524,39.3465805053711,0.000405161204980686,3.93730806536041e-05,С2
"MULTIPOINT ((449780.971745998 6199217.31953686))",269,пд пов огл,с.с.,фг,144.159240722656,2.73813414573669,331.457092285156,-0.000465967488707975,-0.000203889299882576,
"MULTIPOINT ((445603.563158088 6203552.49293048))",270,п3д огл,с.с.,далл,152.486785888672,1.18783473968506,70.6794967651367,-0.000131954730022699,-0.00039283957448788,В4
"MULTIPOINT ((449930.754557648 6199209.25050133))",271,пд пов огл,с.с.,фг,143.329559326172,1.90653562545776,199.382339477539,-0.000569936411920935,-0.000285829359199852,
"MULTIPOINT ((445753.461192631 6203558.0227804))",272,п2д огл,л.с.,далл,157.283813476562,3.96039342880249,158.459899902344,0.000272591132670641,-0.000302590633509681,С2
"MULTIPOINT ((450080.537369298 6199201.18146581))",273,пд пов огл,с.с.,фг,148.833282470703,2.08460879325867,190.076278686523,0.000189698053873144,-0.000336905679432675,С2
"MULTIPOINT ((445903.359227174 6203563.55263032))",274,п2д огл,л.с.,далл,161.654769897461,0.883667528629303,107.090675354004,0.000124218320706859,2.08903747989098e-05,С2
"MULTIPOINT ((450230.320180947 6199193.11243029))",275,пд пов огл,с.с.,фг,149.70622253418,1.01394748687744,35.9886779785156,-3.25466899084859e-05,0.000160050200065598,С2
"MULTIPOINT ((446053.257261717 6203569.08248024))",276,п2д,с.с.,морена,164.598678588867,0.439232349395752,181.143478393555,0.000260357744991779,5.03258124808781e-05,С2
"MULTIPOINT ((450380.102992597 6199185.04339476))",277,пд пов огл,с.с.,фг,148.688888549805,0.476312190294266,318.513336181641,0.000203431860427372,0.000129931140691042,С2
"MULTIPOINT ((446203.15529626 6203574.61233016))",278,п2д,с.с.,морена,163.837326049805,0.114876948297024,312.426055908203,-0.000128688014228828,-0.000209649617318064,С3
"MULTIPOINT ((450529.885804247 6199176.97435924))",279,пд пов огл,с.с.,фг,146.560638427734,2.206955909729,32.847599029541,0.000554241938516498,5.85820089327171e-05,С2
"MULTIPOINT ((446353.053330803 6203580.14218008))",280,п2д,с.с.,морена,165.009750366211,0.207652777433395,258.040618896484,0.000202362585696392,0.000195178159628995,С2
"MULTIPOINT ((450679.668615897 6199168.90532371))",281,пд пов огл,с.с.,фг,136.944549560547,4.83219289779663,57.9778671264648,0.000315305136609823,-0.00062548543792218,С2
"MULTIPOINT ((446502.951365346 6203585.67203001))",282,п2д,с.с.,морена,158.882278442383,1.94677114486694,345.055114746094,-0.000661881582345814,-0.000208557044970803,В5
"MULTIPOINT ((447675.943347377 6199180.50322254))",283,п2д,т.с.,морена,139.281280517578,0.866259634494781,66.1090087890625,9.81960256467573e-05,-0.00103002053219825,С2
"MULTIPOINT ((446652.849399889 6203591.20187992))",284,п2д,с.с.,морена,163.622680664062,3.52223205566406,199.967880249023,0.000637013697996736,-3.54599796992261e-05,С2
"MULTIPOINT ((447825.726159027 6199172.43418701))",285,п2д огл,с.с.,фг,138.627990722656,0.798010289669037,298.441772460938,-0.000655564595945179,-0.000887455360498279,С4
"MULTIPOINT ((446802.747434432 6203596.73172985))",286,п2д,с.с.,морена,163.433059692383,2.75871396064758,359.314056396484,-8.9428314822726e-05,5.49779215361923e-05,С2
"MULTIPOINT ((447975.508970677 6199164.36515149))",287,п2д огл,с.с.,фг,144.003021240234,3.43355822563171,285.853515625,-0.000141013355460018,0.000205117365112528,С2
"MULTIPOINT ((448125.291782327 6199156.29611597))",288,п2д огл,с.с.,фг,143.385818481445,3.1222403049469,249.249786376953,0.000379042845452204,-0.000500493915751576,С2
"MULTIPOINT ((446780.628034751 6204196.32386802))",289,п2д,с.с.,морена,164.612762451172,1.60597896575928,218.94953918457,-8.70126896188594e-05,-0.000126346829347312,С2
"MULTIPOINT ((446630.730000208 6204190.7940181))",290,п2д,с.с.,морена,160.610275268555,2.03814697265625,137.757461547852,0.000387879030313343,-0.000599555321969092,С2
"MULTIPOINT ((446930.526069294 6204201.85371794))",291,п2д,с.с.,морена,166.673721313477,0.850753605365753,229.639343261719,-3.96967843698803e-05,-8.19605047581717e-05,С2
"MULTIPOINT ((447080.424103837 6204207.38356786))",292,п2д,с.с.,морена,165.761383056641,2.5313024520874,324.336273193359,0.000382664817152545,-8.42044319142587e-05,С3
"MULTIPOINT ((448250.867487406 6198698.87864549))",293,т1п пов огл,с.с.,морена,146.994979858398,2.2811393737793,92.3641204833984,-5.23132875969168e-05,-0.000137243041535839,С2
"MULTIPOINT ((447951.301864106 6198715.01671654))",294,пд пов огл,с.с.,фг,147.889129638672,1.19710528850555,352.646545410156,-2.82110650005052e-05,6.64121253066696e-05,С2
"MULTIPOINT ((447230.32213838 6204212.91341778))",295,п2д,с.с.,морена,161.071014404297,2.25641870498657,282.771240234375,-9.18193982215598e-05,-0.00049574626609683,С3
"MULTIPOINT ((448400.650299055 6198690.80960997))",296,т1п пов огл,с.с.,морена,146.880630493164,3.19011664390564,25.4332447052002,-3.42848506988958e-05,-9.05672859516926e-05,С2
"MULTIPOINT ((448101.084675756 6198706.94768102))",297,т1п пов огл,с.с.,морена,147.806015014648,1.26839590072632,82.5791702270508,5.94354314671364e-05,0.000125929145724513,С2
"MULTIPOINT ((447380.220172923 6204218.4432677))",298,п2д,с.с.,морена,162.845657348633,1.4795994758606,229.297973632812,0.000224057017476298,-0.000153027416672558,С3
"MULTIPOINT ((448550.433110705 6198682.74057445))",299,пд пов огл,с.с.,фг,147.028625488281,3.75846648216248,166.108795166016,-0.000115484966954682,-0.000316244724672288,С2
"MULTIPOINT ((447530.118207466 6204223.97311762))",300,п2д,с.с.,морена,163.405944824219,0.379521727561951,261.097198486328,-9.53870039666072e-06,-5.29868484591134e-05,В3
"MULTIPOINT ((448700.215922355 6198674.67153892))",301,пд пов огл,с.с.,фг,152.468124389648,0.599850475788116,338.305328369141,0.000195238753804006,-7.04289195709862e-05,С2
"MULTIPOINT ((447680.016242009 6204229.50296754))",302,п2д,с.с.,морена,163.380783081055,0.198147311806679,318.584075927734,-1.51669364640838e-05,4.12827394029591e-05,С2
"MULTIPOINT ((448849.998734005 6198666.6025034))",303,п1д огл,с.с.,фг,151.147811889648,0.95794814825058,345.212982177734,0.000274372461717576,-4.98554982186761e-05,С2
"MULTIPOINT ((447829.914276552 6204235.03281746))",304,п2д,с.с.,морена,163.023803710938,0.296296834945679,47.8799743652344,5.67882307223044e-05,-6.16750694462098e-05,С2
"MULTIPOINT ((448999.781545655 6198658.53346788))",305,п1д огл,с.с.,фг,146.407119750977,1.15036368370056,80.4589080810547,-0.000563722860533744,-0.00111006165388972,В4
"MULTIPOINT ((447979.812311095 6204240.56266738))",306,п2д,с.с.,морена,163.797637939453,1.22428834438324,64.0277481079102,0.000413020752603188,7.43015043553896e-05,С2
"MULTIPOINT ((449149.564357304 6198650.46443235))",307,п1д огл,с.с.,фг,153.417434692383,2.34504818916321,127.482200622559,0.000256351981079206,2.6108335077879e-05,С2
"MULTIPOINT ((446186.565746499 6204024.30643379))",308,п2д,с.с.,морена,165.900741577148,1.31518936157227,67.6904830932617,0.000722809927538037,0.000328357768012211,С2
"MULTIPOINT ((449299.347168954 6198642.39539683))",309,п1д огл,с.с.,фг,156.564056396484,1.58577907085419,135.8037109375,0.00034263645648025,7.99203189671971e-05,С2
"MULTIPOINT ((446336.463781042 6204029.83628371))",310,п2д,с.с.,морена,161.827301025391,3.2077043056488,40.8471260070801,0.000199319169041701,0.000396892952267081,С2
"MULTIPOINT ((449449.129980604 6198634.32636131))",311,п1д огл,с.с.,фг,158.082244873047,0.711900949478149,140.9921875,0.00013483504881151,5.42877933185082e-05,С2
"MULTIPOINT ((446486.361815585 6204035.36613363))",312,п2д,с.с.,морена,160.027252197266,3.15697765350342,167.390274047852,-0.000458663533208892,-0.000541089102625847,С2
"MULTIPOINT ((449598.912792254 6198626.25732578))",313,п1д огл,с.с.,фг,157.538284301758,1.19260931015015,66.2599182128906,0.000351366907125339,-0.00020293376292102,С2
"MULTIPOINT ((446636.259850128 6204040.89598355))",314,п2д,с.с.,морена,161.699966430664,1.15726137161255,66.5376205444336,-0.000107057712739334,-0.000812248268630356,С3
"MULTIPOINT ((449748.695603904 6198618.18829026))",315,п1д огл,с.с.,фг,157.85969543457,2.94305181503296,95.0797119140625,0.000553706311620772,5.1391059969319e-05,С2
"MULTIPOINT ((446786.157884671 6204046.42583347))",316,п2д,с.с.,морена,164.073333740234,1.1067054271698,172.395355224609,-0.000108426116639748,2.59138641922618e-06,С2
"MULTIPOINT ((450222.251145424 6199043.32961864))",317,пд пов огл,с.с.,фг,152.505401611328,1.0144944190979,22.6850395202637,0.000233987113460898,0.000182750023668632,С2
"MULTIPOINT ((446936.055919214 6204051.95568339))",318,п2д,с.с.,морена,166.102630615234,0.82958859205246,159.23681640625,-0.000120135533506982,-0.000125870865304023,С2
"MULTIPOINT ((450372.033957074 6199035.26058311))",319,пд пов огл,с.с.,фг,146.542404174805,1.02837991714478,315.129821777344,-0.000141605196404271,-0.000324848166201264,С2
"MULTIPOINT ((447085.953953757 6204057.48553331))",320,п2д,с.с.,морена,162.639770507812,3.26845240592957,353.353546142578,0.000125015983940102,-0.000432581553468481,С2
"MULTIPOINT ((450521.816768723 6199027.19154759))",321,пд пов огл,с.с.,фг,146.961090087891,0.754404246807098,325.953277587891,0.00022972263104748,0.000253188249189407,С2
"MULTIPOINT ((447235.8519883 6204063.01538323))",322,п2д,с.с.,морена,156.55908203125,0.96729177236557,304.085662841797,-0.000561360677238554,-0.000665626022964716,В4
"MULTIPOINT ((450671.599580373 6199019.12251207))",323,пд пов огл,с.с.,фг,143.078979492188,1.91296148300171,358.480529785156,-6.17280011283583e-06,-7.14390407665633e-05,С3
"MULTIPOINT ((447385.750022843 6204068.54523315))",324,п2д,с.с.,морена,160.055511474609,2.16241383552551,208.907806396484,-2.24852592509706e-05,-6.18154590483755e-05,В3
"MULTIPOINT ((450821.382392023 6199011.05347654))",325,пд пов огл,с.с.,фг,140.419525146484,0.581239640712738,144.195816040039,1.23261288536014e-05,0.000272108212811872,С3
"MULTIPOINT ((447535.648057386 6204074.07508307))",326,п2д,с.с.,морена,162.95329284668,0.26678392291069,249.901504516602,4.96424108860083e-05,7.24862184142694e-05,В3
"MULTIPOINT ((447667.874311854 6199030.72041089))",327,пд пов огл,с.с.,фг,141.970565795898,2.87437057495117,113.975296020508,-0.000902028405107558,-5.46433911949862e-05,С2
"MULTIPOINT ((447685.546091929 6204079.60493299))",328,п2д,с.с.,морена,162.235260009766,0.206171959638596,223.104278564453,-0.000163752920343541,-0.000317508878652006,В3
"MULTIPOINT ((447817.657123503 6199022.65137536))",329,пд пов огл,с.с.,фг,144.730407714844,4.04133081436157,88.7990341186523,-0.000358738616341725,0.000350928108673543,С2
"MULTIPOINT ((447835.444126472 6204085.13478291))",330,п2д,с.с.,морена,163.948303222656,0.435083568096161,98.6878128051758,-0.000109107764728833,0.000388818938517943,С2
"MULTIPOINT ((447967.439935153 6199014.58233984))",331,пд пов огл,с.с.,фг,148.215438842773,3.64917945861816,56.7501182556152,0.000873398850671947,0.000609887705650181,С2
"MULTIPOINT ((447985.342161015 6204090.66463283))",332,п2д,с.с.,морена,164.423782348633,1.11924660205841,164.6123046875,0.000334109528921545,-9.34524723561481e-05,С2
"MULTIPOINT ((448117.222746803 6199006.51330432))",333,пд пов огл,с.с.,фг,135.305160522461,1.64523732662201,53.6002998352051,-0.00131938920821995,-0.000405757193220779,С2
"MULTIPOINT ((448135.240195558 6204096.19448275))",334,п2д,с.с.,морена,165.861526489258,0.372506767511368,65.5165176391602,0.000214487707125954,0.000321840692777187,С2
"MULTIPOINT ((448267.005558453 6198998.44426879))",335,пд пов огл,с.с.,фг,136.193893432617,3.2491614818573,249.431365966797,-0.002278818981722,0.000293713295832276,
"MULTIPOINT ((446341.993630962 6203879.93824917))",336,п2д,с.с.,морена,164.607803344727,1.78350853919983,30.1055488586426,0.000383839273126796,-4.66994788439479e-05,С2
"MULTIPOINT ((448416.788370103 6198990.37523327))",337,пд пов огл,с.с.,фг,135.289154052734,2.92966747283936,301.39208984375,-0.00205020746216178,-4.64078402728774e-05,С4
"MULTIPOINT ((446491.891665505 6203885.46809909))",338,п2д,с.с.,морена,164.889938354492,0.639791667461395,196.971740722656,0.00031292240601033,0.000404332095058635,С2
"MULTIPOINT ((448566.571181752 6198982.30619775))",339,пд пов огл,с.с.,фг,140.493667602539,5.84729337692261,130.696960449219,-0.000701976590789855,0.000350945338141173,С4
"MULTIPOINT ((446641.789700048 6203890.99794901))",340,п2д,с.с.,морена,164.252868652344,0.422074913978577,319.520568847656,7.38274175091647e-05,0.000223882816499099,С3
"MULTIPOINT ((448716.353993402 6198974.23716222))",341,пд пов огл,с.с.,фг,150.628555297852,5.49764728546143,122.491004943848,0.00124637829139829,0.00022288114996627,С2
"MULTIPOINT ((446791.687734591 6203896.52779893))",342,п2д,с.с.,морена,163.756210327148,0.669795095920563,225.935119628906,-0.000119462005386595,-2.79947525996249e-05,С3
"MULTIPOINT ((448866.136805052 6198966.1681267))",343,п3д,с.с.,морена,153.035751342773,1.55361914634705,89.7725601196289,0.000479212467325851,0.000333186122588813,С2
"MULTIPOINT ((446941.585769134 6203902.05764885))",344,п2д,с.с.,морена,167.141738891602,1.02188324928284,239.926132202148,0.000323532818583772,0.000136398695758544,С2
"MULTIPOINT ((449015.919616702 6198958.09909118))",345,п3д,с.с.,морена,148.838134765625,2.12554669380188,340.702545166016,-0.00028731711790897,0.00015656347386539,С2
"MULTIPOINT ((447091.483803677 6203907.58749877))",346,п2д,с.с.,морена,166.323944091797,1.66229653358459,19.1912269592285,0.000488381600007415,0.000255592312896624,С2
"MULTIPOINT ((449165.702428352 6198950.03005565))",347,т1п пов огл,с.с.,морена,148.819458007812,2.1476263999939,208.213882446289,0.000268803356448188,2.63885540334741e-05,С2
"MULTIPOINT ((447241.38183822 6203913.11734869))",348,п2д,с.с.,морена,161.70100402832,2.21887040138245,41.75244140625,-2.52389982051682e-05,0.000258751009823754,С3
"MULTIPOINT ((449315.485240001 6198941.96102013))",349,пд пов огл,с.с.,фг,151.169830322266,1.09864544868469,131.731674194336,-0.000354002753738314,0.000280438573099673,В4
"MULTIPOINT ((447391.279872763 6203918.64719861))",350,п2д,с.с.,морена,159.398834228516,1.04483544826508,234.896850585938,-0.000267658469965681,7.65503718866967e-05,С3
"MULTIPOINT ((449465.268051651 6198933.89198461))",351,п1д огл,с.с.,фг,152.280624389648,2.09931802749634,71.2285003662109,-7.27037113392726e-05,0.000178935908479616,В4
"MULTIPOINT ((449615.050863301 6198925.82294908))",352,п1д огл,с.с.,фг,148.649124145508,3.10450077056885,63.0604476928711,-0.000160024108481593,-0.000348232948454097,С2
"MULTIPOINT ((446913.936519533 6204651.54782157))",353,п2д,с.с.,морена,164.333282470703,0.939538359642029,83.1097869873047,-0.000194381442270242,-0.000303802749840543,С2
"MULTIPOINT ((446764.038484991 6204646.01797165))",354,п2д,с.с.,морена,165.059005737305,0.716870784759521,155.472625732422,-8.48533309181221e-05,0.000248776166699827,С2
"MULTIPOINT ((447063.834554076 6204657.07767149))",355,п2д,с.с.,морена,166.834686279297,1.9249449968338,231.865386962891,-0.000272746168775484,0.000271105847787112,С2
"MULTIPOINT ((447213.73258862 6204662.60752141))",356,п2д,с.с.,морена,167.873764038086,1.10013890266418,25.0040950775146,0.000478698202641681,0.000275251251878217,С2
"MULTIPOINT ((449740.62656838 6198468.40547861))",357,п1д огл,с.с.,фг,160.883163452148,1.10889160633087,173.603363037109,0.00016053591389209,0.000329112750478089,С2
"MULTIPOINT ((449441.060945081 6198484.54354966))",358,п1д огл,с.с.,фг,157.518280029297,0.713550388813019,238.669906616211,6.79206204949878e-05,5.61189590371214e-05,
"MULTIPOINT ((447363.630623163 6204668.13737133))",359,п2д,с.с.,морена,163.830474853516,0.743066787719727,299.120391845703,-0.000121858589409385,-0.000428517872933298,С2
"MULTIPOINT ((449890.40938003 6198460.33644308))",360,п1д огл,с.с.,фг,161.883148193359,1.27534317970276,59.4578514099121,0.000408071879064664,0.000301087886327878,С2
"MULTIPOINT ((449590.84375673 6198476.47451413))",361,п1д огл,с.с.,фг,158.177154541016,0.467667996883392,218.995269775391,-9.17442885111086e-05,1.68505466717761e-05,С2
"MULTIPOINT ((447513.528657706 6204673.66722125))",362,п2д,с.с.,морена,164.850112915039,0.685407757759094,242.845474243164,-8.48530253279023e-05,9.30248097574804e-06,С2
"MULTIPOINT ((450040.19219168 6198452.26740756))",363,п1д огл,с.с.,фг,155.310913085938,2.37196707725525,21.8580856323242,3.38808167725801e-05,0.000151720363646746,С2
"MULTIPOINT ((447663.426692249 6204679.19707117))",364,п2д,с.с.,морена,163.162872314453,0.797827482223511,46.3463401794434,0.000116422852443065,-0.000319135113386437,С2
"MULTIPOINT ((450189.97500333 6198444.19837204))",365,п1д огл,с.с.,фг,151.927124023438,1.03659963607788,66.2776794433594,-0.000385561696020886,6.36415716144256e-05,С2
"MULTIPOINT ((446169.976196739 6204474.00053742))",366,п2д,с.с.,морена,162.323760986328,0.773152232170105,162.855194091797,0.000387522974051535,8.45046452013776e-05,С2
"MULTIPOINT ((450339.757814979 6198436.12933651))",367,п1д огл,с.с.,фг,151.924453735352,2.27073669433594,49.4878234863281,0.000250521901762113,0.000202372742933221,С2
"MULTIPOINT ((446319.874231282 6204479.53038734))",368,п2д,с.с.,морена,164.138946533203,1.29349255561829,244.381317138672,0.000330220704199746,0.000468937942059711,С2
"MULTIPOINT ((450489.540626629 6198428.06030099))",369,п1д огл,с.с.,фг,148.96354675293,1.00437724590302,77.1084823608398,0.000327185145579278,-8.33401500131004e-05,С2
"MULTIPOINT ((446469.772265825 6204485.06023726))",370,п2д,с.с.,морена,163.819381713867,2.78877019882202,274.302581787109,0.000656790158245713,-0.000153198518091813,С2
"MULTIPOINT ((450639.323438279 6198419.99126547))",371,п1д огл,с.с.,фг,147.464584350586,1.691690325737,37.4672088623047,7.97687680460513e-05,0.000360573612852022,С2
"MULTIPOINT ((446619.670300368 6204490.59008718))",372,п2д,с.с.,морена,161.369476318359,2.11430788040161,251.292129516602,0.000633906689472497,-0.00131725776009262,С2
"MULTIPOINT ((450789.106249929 6198411.92222994))",373,п1д огл,с.с.,фг,147.328338623047,1.46630132198334,155.572509765625,6.44164538243786e-05,0.00030268551199697,С2
"MULTIPOINT ((446769.568334911 6204496.1199371))",374,п2д,с.с.,морена,166.568145751953,1.61094832420349,177.891479492188,0.000257989595411345,0.000152142762090079,С2
"MULTIPOINT ((447635.598169759 6198431.58916429))",375,п1д,с.с.,морена,153.300155639648,0.567747473716736,90.6714477539062,-0.000432387634646147,6.25578479684918e-07,С2
"MULTIPOINT ((446919.466369454 6204501.64978702))",376,п2д,с.с.,морена,166.843734741211,1.35820472240448,14.7719478607178,2.52448644459946e-05,0.000158921669935808,С2
"MULTIPOINT ((447785.380981409 6198423.52012877))",377,п1д,с.с.,морена,150.880447387695,1.51521730422974,68.0185394287109,-0.000646282103843987,-0.000465224089566618,С2
"MULTIPOINT ((447069.364403997 6204507.17963694))",378,п2д,с.с.,морена,166.192825317383,1.20722830295563,187.938262939453,-0.000389925116905943,8.38810738059692e-05,С2
"MULTIPOINT ((447935.163793059 6198415.45109324))",379,п1д,с.с.,морена,151.236511230469,2.23803186416626,87.9951705932617,-0.000655784388072789,0.000131283406517468,С2
"MULTIPOINT ((447219.26243854 6204512.70948686))",380,п2д,с.с.,морена,167.80290222168,2.15036916732788,331.284484863281,0.00053237279644236,0.000485840137116611,С2
"MULTIPOINT ((448408.719334579 6198840.59242162))",381,пд пов огл,с.с.,фг,140.946212768555,4.02288770675659,108.108306884766,0.000117690105980728,-0.000275627011433244,С2
"MULTIPOINT ((447369.160473083 6204518.23933678))",382,п2д,с.с.,морена,163.009506225586,0.341018825769424,313.409240722656,-0.000226485572056845,-0.000146102436701767,С2
"MULTIPOINT ((448558.502146229 6198832.5233861))",383,т1п пов огл,с.с.,морена,151.079635620117,3.55505561828613,146.246612548828,0.000673644302878529,0.000675282266456634,С2
"MULTIPOINT ((447519.058507626 6204523.7691867))",384,п2д,с.с.,морена,164.543487548828,0.522908806800842,201.199234008789,0.000199320435058326,8.85780318640172e-05,С2
"MULTIPOINT ((448708.284957879 6198824.45435057))",385,т1п пов огл,с.с.,морена,153.212646484375,0.717332065105438,275.512237548828,-0.000158503928105347,0.000129484295030124,С2
"MULTIPOINT ((447668.956542169 6204529.29903662))",386,п2д,с.с.,морена,164.644500732422,0.277794271707535,332.970092773438,0.000202304581762291,0.000230099962209351,С2
"MULTIPOINT ((448858.067769528 6198816.38531505))",387,пд пов огл,с.с.,фг,152.490112304688,1.09816575050354,317.691314697266,0.000186173594556749,3.31709925376344e-05,В4
"MULTIPOINT ((446175.506046659 6204324.10250288))",388,п2д,с.с.,морена,161.643905639648,0.832942008972168,338.146789550781,0.000177237132447772,-4.71365674457047e-05,С2
"MULTIPOINT ((449007.850581178 6198808.31627953))",389,пд пов огл,с.с.,фг,145.883605957031,0.937808454036713,36.660961151123,-3.59438017767388e-05,-0.000725997728295624,
"MULTIPOINT ((446325.404081202 6204329.6323528))",390,п2д,с.с.,морена,160.654922485352,1.1969530582428,309.850433349609,0.000198262743651867,0.000207673438126221,С2
"MULTIPOINT ((449157.633392828 6198800.247244))",391,п1д огл,с.с.,фг,148.295272827148,2.53211045265198,142.389068603516,-8.70959993335418e-05,-0.000296935642836615,С3
"MULTIPOINT ((446475.302115745 6204335.16220272))",392,п2д,с.с.,морена,157.505783081055,1.02044463157654,308.495880126953,-0.000395176728488877,-0.000135151989525184,С2
"MULTIPOINT ((449307.416204478 6198792.17820848))",393,п1д огл,с.с.,фг,152.927520751953,2.11085224151611,150.542114257812,2.3908000002848e-05,-0.000233950340771116,С2
"MULTIPOINT ((446625.200150288 6204340.69205264))",394,п2д,с.с.,морена,156.73469543457,3.66273713111877,184.432922363281,-0.00115504465065897,-0.0005157898995094,С2
"MULTIPOINT ((449457.199016128 6198784.10917296))",395,п1д огл,с.с.,фг,156.533340454102,1.2973415851593,83.2745590209961,9.47780645219609e-05,0.00026300479657948,С2
"MULTIPOINT ((446775.098184831 6204346.22190256))",396,п2д,с.с.,морена,166.717910766602,1.51982879638672,176.419692993164,0.000574180739931762,-1.31549886646098e-05,С2
"MULTIPOINT ((449606.981827777 6198776.04013743))",397,п1д огл,с.с.,фг,153.492446899414,2.15454936027527,25.3905830383301,-0.000115931332402397,9.22470790101215e-05,С2
"MULTIPOINT ((446924.996219374 6204351.75175248))",398,п2д,с.с.,морена,167.662826538086,0.327375471591949,152.935684204102,-2.15635591302998e-05,0.000105893348518293,С2
"MULTIPOINT ((449756.764639427 6198767.97110191))",399,п1д огл,с.с.,фг,150.081893920898,0.400475889444351,343.091400146484,-0.000187400379218161,-0.000420264288550243,С2
"MULTIPOINT ((447074.894253917 6204357.2816024))",400,п2д,с.с.,морена,167.369522094727,0.919957518577576,12.5111398696899,0.000231436963076703,0.000134033063659444,С3
"MULTIPOINT ((449906.547451077 6198759.90206638))",401,п1д огл,с.с.,фг,151.384887695312,1.01637423038483,65.5850524902344,-0.000121644327009562,0.000158112918143161,С2
"MULTIPOINT ((447224.79228846 6204362.81145232))",402,п2д,с.с.,морена,164.077713012695,0.848939180374146,346.434143066406,-0.000317851809086278,-1.31543774841703e-05,С3
"MULTIPOINT ((450056.330262727 6198751.83303086))",403,п1д огл,с.с.,фг,149.99267578125,1.09094607830048,50.994457244873,-3.76699426851701e-05,5.87560498388484e-06,С2
"MULTIPOINT ((447374.690323003 6204368.34130224))",404,п2д,с.с.,морена,163.643341064453,0.23755931854248,95.4026718139648,1.06893166957889e-05,-9.46924919844605e-05,С2
"MULTIPOINT ((450206.113074377 6198743.76399534))",405,пд пов огл,с.с.,фг,148.087814331055,1.14076447486877,52.2467002868652,-0.000203397663426585,-8.39328422443941e-05,С3
"MULTIPOINT ((447524.588357546 6204373.87115216))",406,п2д,с.с.,морена,163.743423461914,0.268009662628174,305.318542480469,-1.87236437341198e-05,-7.26887374185026e-05,С2
"MULTIPOINT ((450355.895886026 6198735.69495981))",407,пд пов огл,с.с.,фг,148.121780395508,0.802544176578522,116.137237548828,7.41989279049449e-05,2.98453505820362e-05,С2
"MULTIPOINT ((447674.486392089 6204379.40100208))",408,п2д,с.с.,морена,163.234298706055,0.334583312273026,307.499298095703,-8.71312004164793e-05,-6.12679796176963e-05,С2
"MULTIPOINT ((450505.678697676 6198727.62592429))",409,пд пов огл,с.с.,фг,148.614059448242,0.761842429637909,315.224456787109,9.88945976132527e-05,0.000246315554250032,С2
"MULTIPOINT ((446181.035896579 6204174.20446834))",410,п2д,с.с.,морена,161.901931762695,2.06676197052002,27.0060367584229,0.000270856427960098,-1.83689062396297e-05,С2
"MULTIPOINT ((450655.461509326 6198719.55688877))",411,пд пов огл,с.с.,фг,145.958694458008,1.89793133735657,359.032928466797,0.00013270259660203,0.000244218565057963,С2
"MULTIPOINT ((446330.933931122 6204179.73431826))",412,п2д,с.с.,морена,159.024612426758,0.854330062866211,315.890502929688,0.000161204225150868,0.000171344217960723,С2
"MULTIPOINT ((450805.244320976 6198711.48785324))",413,п1д огл,с.с.,фг,142.493515014648,0.753689050674438,4.27342844009399,-2.44576567638433e-05,0.000106365827377886,С3
"MULTIPOINT ((446480.831965665 6204185.26416818))",414,п2д,с.с.,морена,159.325164794922,2.01256489753723,144.428237915039,-0.000519235676620156,0.000572419841773808,С2
"MULTIPOINT ((447651.736240807 6198731.15478759))",415,пд пов огл,с.с.,фг,154.610076904297,1.03492903709412,5.73274993896484,0.000396000017644837,4.51871965196915e-05,С2
"MULTIPOINT ((447801.519052456 6198723.08575207))",416,пд пов огл,с.с.,фг,150.178833007812,1.62143671512604,337.337524414062,-0.000185138182132505,-0.000230703095439821,С2
"MULTIPOINT ((447197.143038859 6205112.30162504))",417,п2д,с.с.,морена,165.151306152344,0.974329233169556,149.869674682617,0.000477545894682407,7.03229452483356e-05,С2
"MULTIPOINT ((447047.245004316 6205106.77177512))",418,п1д,с.с.,морена,156.990432739258,3.62836360931396,156.040969848633,-0.000667885178700089,-0.000950795598328114,С2
"MULTIPOINT ((447927.094757535 6198265.66828159))",419,п2д,с.с.,морена,157.253753662109,1.36062121391296,90.4459915161133,0.000217227134271525,0.000271162716671824,С2
"MULTIPOINT ((447796.735177031 6205092.73852887))",420,п2д,с.с.,морена,159.91423034668,2.48304080963135,50.5941505432129,0.00052353908540681,0.000316216435749084,С2
"MULTIPOINT ((447627.529134236 6198281.80635264))",421,п1д,с.с.,морена,155.30810546875,0.945909261703491,118.174728393555,-0.000210896469070576,-0.000177711859578267,С2
"MULTIPOINT ((448132.656075853 6205101.01939565))",422,п2д,с.с.,морена,153.93049621582,3.4784631729126,98.1851959228516,0.000123343037557788,0.000457783753518015,
"MULTIPOINT ((448076.877569185 6198257.59924607))",423,п1д,с.с.,морена,157.192047119141,1.23728358745575,115.377914428711,0.000207767938263714,-4.73942673124839e-05,С2
"MULTIPOINT ((447777.311945886 6198273.73731712))",424,п2д,с.с.,морена,156.662673950195,1.29758012294769,79.1572418212891,0.000115226248453837,0.000117513671284541,С2
"MULTIPOINT ((446303.284681521 6204929.22449097))",425,п2д,с.с.,морена,164.010467529297,5.32567882537842,185.196426391602,0.00110482354648411,0.000677840784192085,С2
"MULTIPOINT ((448226.660380835 6198249.53021054))",426,п1д,с.с.,морена,158.056137084961,1.01051080226898,132.82080078125,-7.05802012817003e-05,-6.5801570599433e-05,С2
"MULTIPOINT ((446453.182716064 6204934.75434089))",427,п2д,с.с.,морена,165.936080932617,2.3830738067627,254.782302856445,-0.000406535429647192,-0.000586013600695878,С2
"MULTIPOINT ((448376.443192485 6198241.46117502))",428,п1д,с.с.,морена,159.189483642578,1.88344407081604,57.7426147460938,9.62225822149776e-05,-5.12443839397747e-05,С2
"MULTIPOINT ((446603.080750607 6204940.28419081))",429,п2д,с.с.,морена,165.027450561523,1.59148037433624,329.406005859375,-0.000809972290880978,-0.000349599111359566,С2
"MULTIPOINT ((448526.226004135 6198233.3921395))",430,п1д,с.с.,морена,158.646499633789,1.30535197257996,91.0736923217773,6.99118681950495e-05,0.000157592876348644,С2
"MULTIPOINT ((446752.97878515 6204945.81404073))",431,п1д,с.с.,морена,163.192306518555,1.56704127788544,16.1942977905273,0.000239241635426879,0.000122324941912666,С2
"MULTIPOINT ((448676.008815784 6198225.32310397))",432,п1д огл,с.с.,фг,158.344848632812,0.89867502450943,82.5347213745117,0.000286211696220562,-3.09332790493499e-05,С2
"MULTIPOINT ((446902.876819693 6204951.34389065))",433,п1д,с.с.,морена,160.665618896484,0.612323343753815,95.8712615966797,6.41287042526528e-05,-5.90538984397426e-05,С2
"MULTIPOINT ((448825.791627434 6198217.25406845))",434,п1д огл,с.с.,фг,158.647888183594,1.46528780460358,108.247055053711,-6.8766821641475e-05,-4.14368187193759e-05,
"MULTIPOINT ((447052.774854236 6204956.87374057))",435,п1д,л.с.,морена,163.469848632812,2.58258032798767,146.334671020508,4.43283133790828e-05,0.000207417368073948,С2
"MULTIPOINT ((448975.574439084 6198209.18503293))",436,п1д огл,с.с.,фг,159.803604125977,1.39218819141388,95.9672546386719,0.000228904653340578,-1.35565342134214e-05,С2
"MULTIPOINT ((447202.672888779 6204962.40359049))",437,п2д,с.с.,морена,165.254989624023,0.851892173290253,21.9988384246826,-4.94927153340541e-05,1.73104053828865e-05,С2
"MULTIPOINT ((449125.357250734 6198201.1159974))",438,п1д огл,с.с.,фг,159.555694580078,0.795925378799438,87.6834335327148,0.000260613916907459,-0.00019829097436741,С2
"MULTIPOINT ((447652.366992408 6204978.99314025))",439,п2д,с.с.,морена,161.694244384766,0.681179583072662,141.954681396484,1.3137004316377e-05,-9.81320454229717e-07,С2
"MULTIPOINT ((449275.140062384 6198193.04696188))",440,п1д огл,с.с.,фг,158.868850708008,1.28206551074982,99.29541015625,5.44054782949388e-05,-0.000336785684339702,С2
"MULTIPOINT ((447802.265026951 6204984.52299017))",441,п2д,с.с.,морена,162.317428588867,0.993124485015869,17.0196399688721,0.000374115974409506,0.000260503788013011,С2
"MULTIPOINT ((447986.898474702 6204960.875093))",442,п2д,с.с.,морена,159.562042236328,1.79725205898285,81.9583358764648,0.000571990443859249,-0.0002619189908728,С2
"MULTIPOINT ((449898.478415554 6198610.11925473))",443,п1д огл,с.с.,фг,156.896530151367,3.04993772506714,75.2203979492188,0.000219467823626474,5.62000423087738e-05,С2
"MULTIPOINT ((448138.185925773 6204951.12136111))",444,п2д,с.с.,морена,160.593032836914,2.01726627349854,100.227523803711,0.000369272078387439,0.000313132477458566,С2
"MULTIPOINT ((450048.261227203 6198602.05021921))",445,п1д огл,с.с.,фг,152.568252563477,1.86370575428009,42.5711975097656,-0.000180177987203933,0.000170554223586805,С2
"MULTIPOINT ((447974.393725947 6205066.47074915))",446,п2д,с.с.,морена,156.005996704102,3.35920095443726,83.9721298217773,0.000245989474933594,-0.000564880028832704,С2
"MULTIPOINT ((446158.916496898 6204773.79660651))",447,п2д,с.с.,морена,152.158767700195,0.706315875053406,78.6981582641602,-7.21147371223196e-05,-0.000690606306307018,С2
"MULTIPOINT ((450198.044038853 6198593.98118369))",448,п1д огл,с.с.,фг,151.707656860352,0.892841219902039,72.9537963867188,0.000362233608029783,0.000259756809100509,С2
"MULTIPOINT ((446308.814531441 6204779.32645643))",449,п2д,с.с.,морена,161.295623779297,2.43449592590332,171.454803466797,0.000279917730949819,-0.000203542163944803,С2
"MULTIPOINT ((450347.826850503 6198585.91214816))",450,пд пов огл,с.с.,фг,149.284362792969,0.91169935464859,15.1097469329834,-0.000251537945587188,0.000264260219410062,С2
"MULTIPOINT ((446458.712565984 6204784.85630635))",451,п2д,с.с.,морена,165.366485595703,1.4836585521698,158.654235839844,7.81468334025703e-05,-4.98889203299768e-05,С2
"MULTIPOINT ((450497.609662153 6198577.84311264))",452,пд пов огл,с.с.,фг,146.024978637695,0.921154260635376,332.779876708984,-0.00017911232134793,-0.000389155669836327,С2
"MULTIPOINT ((446608.610600527 6204790.38615627))",453,п2д,с.с.,морена,166.671279907227,0.500722646713257,36.4937973022461,5.12101141794119e-05,0.000157825372298248,С2
"MULTIPOINT ((450647.392473802 6198569.77407712))",454,п1д огл,с.с.,фг,145.25129699707,1.04270195960999,352.631958007812,0.000170190542121418,3.26210056300624e-06,С3
"MULTIPOINT ((446758.50863507 6204795.91600619))",455,п2д,с.с.,морена,164.156982421875,1.36617887020111,27.4075756072998,0.000249219796387479,-4.291223740438e-05,С2
"MULTIPOINT ((450797.175285452 6198561.70504159))",456,п1д огл,с.с.,фг,144.418655395508,1.24717354774475,127.154083251953,-0.000303141714539379,4.10699831263628e-05,С3
"MULTIPOINT ((446908.406669613 6204801.44585611))",457,п2д,с.с.,морена,162.280807495117,1.27969205379486,132.773361206055,-0.000243652058998123,-0.00028971055871807,С2
"MULTIPOINT ((447643.667205283 6198581.37197594))",458,пд пов огл,с.с.,фг,155.110397338867,0.350220799446106,252.359252929688,0.000136984235723503,0.00018068467034027,С2
"MULTIPOINT ((447058.304704156 6204806.97570603))",459,п2д,с.с.,морена,169.008697509766,2.10406446456909,134.418014526367,0.000616851611994207,0.000918924459256232,С2
"MULTIPOINT ((447793.450016933 6198573.30294042))",460,п2д,с.с.,морена,150.011123657227,1.91533124446869,19.1025676727295,-0.000292464654194191,-0.000223972645471804,С2
"MULTIPOINT ((447208.202738699 6204812.50555595))",461,п2д,с.с.,морена,165.931243896484,0.732533931732178,26.8323974609375,-0.000129544438095763,2.83232366200536e-05,С2
"MULTIPOINT ((447943.232828583 6198565.23390489))",462,п2д,с.с.,морена,149.240051269531,1.39769434928894,56.0467338562012,0.000292926270049065,0.000106640574813355,С2
"MULTIPOINT ((448093.015640232 6198557.16486937))",463,пд пов огл,с.с.,фг,149.358901977539,2.42178678512573,146.346450805664,-0.000113861307909247,-0.000118322910566349,С3
"MULTIPOINT ((447657.896842328 6204829.09510571))",464,п2д,с.с.,морена,162.124557495117,0.42363303899765,49.9297714233398,-0.000286087248241529,-2.53051712206798e-05,
"MULTIPOINT ((448242.798451882 6198549.09583384))",465,пд пов огл,с.с.,фг,154.806182861328,1.08859634399414,105.505760192871,0.000199045010958798,0.000232117017731071,С2
"MULTIPOINT ((447807.794876871 6204834.62495563))",466,п2д,с.с.,морена,161.946884155273,0.580237090587616,15.596263885498,3.72085087292362e-05,1.85139779205201e-05,С2
"MULTIPOINT ((448392.581263532 6198541.02679832))",467,п1д огл,с.с.,фг,152.585479736328,2.96001243591309,44.7022132873535,0.000647633394692093,-6.08414666203316e-05,С2
"MULTIPOINT ((447957.692911414 6204840.15480555))",468,п2д,с.с.,морена,161.281280517578,0.935744225978851,137.994674682617,-0.000349772424669936,2.96854559564963e-05,С2
"MULTIPOINT ((448542.364075182 6198532.9577628))",469,п1д огл,с.с.,фг,151.281188964844,2.09848999977112,126.641708374023,0.00061504845507443,-0.000367765838745981,С2
"MULTIPOINT ((446164.446346818 6204623.89857197))",470,п2д,с.с.,морена,157.890899658203,2.3721227645874,149.666900634766,-1.77346246346133e-05,-1.30420266941655e-05,С2
"MULTIPOINT ((448692.146886832 6198524.88872727))",471,п1д огл,с.с.,фг,152.666580200195,1.0544056892395,353.244354248047,0.000316215126076713,0.000170393905136734,С2
"MULTIPOINT ((446314.344381361 6204629.42842189))",472,п2д,с.с.,морена,163.210525512695,2.24454164505005,157.065338134766,0.000147664119140245,8.31505021778867e-05,С2
"MULTIPOINT ((448841.929698481 6198516.81969175))",473,п1д огл,с.с.,фг,151.298156738281,0.344736009836197,179.839981079102,4.53623488283483e-06,0.000232269696425647,С2
"MULTIPOINT ((446464.242415904 6204634.95827181))",474,п2д,с.с.,морена,166.624282836914,0.813066065311432,166.118026733398,0.000261605222476646,1.74186970980372e-05,С2
"MULTIPOINT ((448991.712510131 6198508.75065623))",475,п1д огл,с.с.,фг,151.392471313477,1.4254332780838,120.010704040527,-5.94192133576144e-05,-0.000228552002226934,С2
"MULTIPOINT ((446614.140450448 6204640.48812173))",476,п2д,с.с.,морена,166.720245361328,0.981808006763458,342.221313476562,0.000383391423383728,-2.70148193521891e-05,С2
"MULTIPOINT ((449141.495321781 6198500.6816207))",477,п1д огл,с.с.,фг,155.573593139648,0.382349193096161,200.301284790039,-3.41483391821384e-05,0.000123741861898452,
"MULTIPOINT ((449291.278133431 6198492.61258518))",478,п1д огл,с.с.,фг,156.679992675781,0.656812906265259,225.059387207031,7.81578128226101e-05,7.66635785112157e-05,
"MULTIPOINT ((446569.901651086 6205839.67239807))",479,п2д,с.с.,морена,157.434616088867,3.45797204971313,119.998184204102,0.000543145288247615,0.00012115541176172,
"MULTIPOINT ((446425.533466463 6205684.24451361))",480,п2д,с.с.,морена,155.633987426758,2.86325311660767,141.297241210938,0.0003286431892775,-0.000274887395789847,С2
"MULTIPOINT ((446575.431501006 6205689.77436353))",481,п2д,с.с.,морена,158.50927734375,1.34616684913635,198.019134521484,-0.000304407032672316,-0.000226505464524962,В3
"MULTIPOINT ((449416.85383851 6198035.19511471))",482,п1д огл,с.с.,фг,160.820114135742,0.58670437335968,318.356872558594,0.000137145660119131,0.000167493781191297,С2
"MULTIPOINT ((446281.16528184 6205528.81662914))",483,п2д,с.с.,морена,156.306274414062,4.49218273162842,159.479949951172,0.000630299269687384,0.000533057027496397,С2
"MULTIPOINT ((449566.63665016 6198027.12607918))",484,п1д огл,с.с.,фг,159.297515869141,0.264939218759537,218.935928344727,-0.00023970365873538,-0.000240337889408693,С2
"MULTIPOINT ((446431.063316383 6205534.34647906))",485,п2д,с.с.,морена,159.673797607422,0.588306427001953,49.4333000183105,0.000223082970478572,0.000717617687769234,С2
"MULTIPOINT ((449716.41946181 6198019.05704366))",486,п1д огл,с.с.,фг,161.508728027344,1.10797011852264,282.285583496094,0.000195798624190502,0.000341745821060613,С2
"MULTIPOINT ((446580.961350926 6205539.87632898))",487,п2д,с.с.,морена,158.013610839844,1.17227160930634,192.230850219727,-0.000553264922928065,4.05024038627744e-05,В3
"MULTIPOINT ((449866.202273459 6198010.98800813))",488,п1д огл,с.с.,фг,159.592468261719,1.42462289333344,263.746704101562,-0.00046660378575325,-0.000181336014065892,С2
"MULTIPOINT ((446880.757420012 6205550.93602882))",489,п2д,с.с.,морена,156.849105834961,2.28086686134338,7.20830678939819,-0.000153772227349691,-0.000155844027176499,С2
"MULTIPOINT ((450015.985085109 6198002.91897261))",490,п1д огл,с.с.,фг,160.910247802734,1.15990781784058,243.645980834961,-0.000274739257292822,-8.48748968564905e-05,С2
"MULTIPOINT ((447030.655454555 6205556.46587874))",491,п2д,с.с.,морена,151.429336547852,1.38614094257355,273.749359130859,-0.000668526568915695,-0.00121873198077083,В3
"MULTIPOINT ((450165.767896759 6197994.84993709))",492,п1д огл,с.с.,фг,158.100723266602,3.30987524986267,318.685974121094,0.000480304617667571,-0.000160984563990496,С2
"MULTIPOINT ((447180.553489098 6205561.99572866))",493,п2д,с.с.,морена,158.783004760742,2.74020981788635,266.734649658203,0.00119411654304713,0.00136528117582202,
"MULTIPOINT ((450315.550708409 6197986.78090157))",494,п1д огл,с.с.,фг,153.35627746582,3.01435995101929,309.804046630859,8.45989598019514e-06,0.000652539078146219,С2
"MULTIPOINT ((447330.451523641 6205567.52557858))",495,п2д,с.с.,морена,153.48762512207,2.21782183647156,245.667999267578,0.000216441549127921,-0.000603777705691755,С2
"MULTIPOINT ((450465.333520058 6197978.71186604))",496,п2д,с.с.,фг,146.515441894531,1.48538994789124,313.129852294922,-0.000375296658603474,-0.000358036922989413,С4
"MULTIPOINT ((446286.69513176 6205378.9185946))",497,п2д,с.с.,морена,157.064849853516,3.9615740776062,197.59700012207,0.000745499331969768,0.000643414736259729,С2
"MULTIPOINT ((450615.116331708 6197970.64283052))",498,п2д,с.с.,фг,151.275421142578,1.15203404426575,127.999130249023,-0.000304979010252282,0.000548780371900648,С2
"MULTIPOINT ((446436.593166303 6205384.44844452))",499,п2д,с.с.,морена,157.956085205078,0.540518403053284,331.260375976562,-0.000280254433164373,0.000161188654601574,С2
"MULTIPOINT ((450764.899143358 6197962.57379499))",500,п2д,с.с.,фг,150.15576171875,2.5671398639679,46.8490791320801,3.4405955375405e-05,0.000257785519352183,С2
"MULTIPOINT ((446586.491200847 6205389.97829444))",501,п2д,с.с.,морена,156.3466796875,0.284861147403717,9.16944789886475,-0.000382285565137863,-0.000232476741075516,
"MULTIPOINT ((446736.38923539 6205395.50814436))",502,п2д,с.с.,морена,159.427429199219,2.03756713867188,185.624649047852,0.000191353756235912,-0.000276902894256637,С2
"MULTIPOINT ((448084.946604709 6198407.38205772))",503,п1д,с.с.,морена,152.254638671875,2.31178188323975,118.473945617676,-0.000279648200375959,-0.000216686108615249,С2
"MULTIPOINT ((446886.287269933 6205401.03799428))",504,п2д,с.с.,морена,158.811614990234,2.07482028007507,34.2781372070312,0.000118891839520074,-0.000332370749674737,В3
"MULTIPOINT ((447036.185304476 6205406.5678442))",505,п2д,с.с.,морена,155.176284790039,3.08280253410339,72.2062759399414,7.9760729931877e-06,-0.000580089574214071,В3
"MULTIPOINT ((447186.083339019 6205412.09769412))",506,п2д,с.с.,морена,153.749725341797,3.0824613571167,79.9252700805664,-0.000694068614393473,-4.42818709416315e-05,В3
"MULTIPOINT ((447335.981373562 6205417.62754404))",507,п2д,с.с.,морена,153.209671020508,2.79629015922546,94.1274566650391,-0.000576133083086461,9.61935802479275e-06,В3
"MULTIPOINT ((446292.224981681 6205229.02056006))",508,п2д,с.с.,морена,150.395355224609,3.37817287445068,210.968414306641,-0.000209016652661376,-0.000518682005349547,С2
"MULTIPOINT ((446442.123016224 6205234.55040998))",509,п2д,с.с.,морена,160.591522216797,3.34891724586487,132.608489990234,-0.000259821972576901,0.000548212963622063,С3
"MULTIPOINT ((446592.021050767 6205240.0802599))",510,п2д,с.с.,морена,158.931381225586,2.59877228736877,53.9801750183105,-0.000481999100884423,-0.000275071972282603,С3
"MULTIPOINT ((446741.91908531 6205245.61010982))",511,п1д,л.с.,морена,160.706558227539,1.46643149852753,148.989364624023,0.000310823961626738,-7.42263146094047e-05,С2
"MULTIPOINT ((446891.817119853 6205251.13995974))",512,п1д,с.с.,морена,160.557174682617,2.20117545127869,337.522094726562,0.000532839447259903,-0.000149386745761149,В3
"MULTIPOINT ((449432.991909557 6198334.76073801))",513,п1д огл,с.с.,фг,157.675582885742,1.10560369491577,100.896911621094,-5.9703324950533e-05,-2.47397038037889e-05,С2
"MULTIPOINT ((447041.715154396 6205256.66980966))",514,п1д,с.с.,морена,158.526336669922,2.08457064628601,209.485260009766,-6.88725558575243e-05,-0.00045091356150806,В3
"MULTIPOINT ((449582.774721207 6198326.69170248))",515,п1д огл,с.с.,фг,159.033538818359,1.0786874294281,104.331916809082,5.48259777133353e-05,9.24681353353662e-06,С2
"MULTIPOINT ((447191.613188939 6205262.19965958))",516,п2д,с.с.,морена,163.101928710938,1.53132283687592,139.878509521484,-4.38730785390362e-05,0.000191364277270623,С2
"MULTIPOINT ((449732.557532857 6198318.62266696))",517,п1д огл,с.с.,фг,160.694885253906,1.71274375915527,158.246124267578,-0.00014248164370656,-4.32610358984675e-05,С2
"MULTIPOINT ((447341.511223482 6205267.7295095))",518,п2д,с.с.,морена,163.683258056641,3.14160346984863,0.787646293640137,-0.000240429289988242,0.000342298502800986,С2
"MULTIPOINT ((449882.340344506 6198310.55363143))",519,п1д огл,с.с.,фг,163.760101318359,1.3519161939621,106.53182220459,-7.49912360333838e-05,0.000293764547677711,С2
"MULTIPOINT ((446297.754831601 6205079.12252552))",520,п2д,с.с.,морена,156.291320800781,6.02952337265015,152.18424987793,-0.000497768283821642,0.000121774792205542,С2
"MULTIPOINT ((450032.123156156 6198302.48459591))",521,п1д огл,с.с.,фг,165.482971191406,1.82726740837097,48.2043190002441,0.000622748048044741,0.00037501665065065,С2
"MULTIPOINT ((446447.652866144 6205084.65237544))",522,п2д,с.с.,морена,169.482559204102,4.20999383926392,126.186950683594,0.00100020202808082,0.000977145275101066,С3
"MULTIPOINT ((450181.905967806 6198294.41556039))",523,п1д огл,с.с.,фг,157.85041809082,2.30764675140381,48.8065643310547,-8.13312453828985e-06,-6.45945037831552e-05,С2
"MULTIPOINT ((446597.550900687 6205090.18222535))",524,п2д,с.с.,морена,163.202865600586,3.93110537528992,42.2886428833008,-0.000731724896468222,-0.000460998038761318,С3
"MULTIPOINT ((450331.688779456 6198286.34652486))",525,п1д огл,с.с.,фг,154.623062133789,2.15730714797974,38.9742469787598,-8.62867382238619e-05,0.000140197182190605,С2
"MULTIPOINT ((446747.44893523 6205095.71207527))",526,п1д,с.с.,морена,161.84846496582,0.209073141217232,358.806030273438,7.57447196519934e-05,-3.41039485647343e-05,С3
"MULTIPOINT ((450481.471591106 6198278.27748934))",527,п1д огл,с.с.,фг,150.565216064453,1.59599792957306,9.4721736907959,-0.000208447483601049,0.000189142621820793,С2
"MULTIPOINT ((446897.346969773 6205101.2419252))",528,п1д,с.с.,морена,158.793395996094,2.59984827041626,6.83560943603516,0.000419326999690384,-0.000586605514399707,В3
"MULTIPOINT ((450631.254402755 6198270.20845382))",529,п1д,с.с.,фг,147.051071166992,1.84990751743317,337.736633300781,4.47599886683747e-05,2.83393201243598e-05,С2
"MULTIPOINT ((450781.037214405 6198262.13941829))",530,п1д,с.с.,фг,145.559677124023,1.94513487815857,253.477554321289,0.000161269985255785,-4.25692596763838e-05,С2
"MULTIPOINT ((444309.779346402 6202003.74393577))",531,п3д,с.с.,морена,162.223266601562,1.30302345752716,10.9053401947021,-0.000696940289344639,-0.000662965816445649,С3
"MULTIPOINT ((444159.881311859 6201998.21408585))",532,п3д,с.с.,морена,173.396026611328,0.966133832931519,5.20544052124023,0.00079594150884077,0.000321362458635122,С2
"MULTIPOINT ((444459.677380945 6202009.27378569))",533,п3д огл,с.с.,морена,161.367172241211,1.58952260017395,308.811462402344,-6.70982844894752e-05,-0.000389656255720183,С2
"MULTIPOINT ((444609.575415488 6202014.80363561))",534,п3д огл,с.с.,морена,161.365966796875,2.92142844200134,200.820953369141,-0.000770473212469369,-0.000421201781136915,С2
"MULTIPOINT ((444759.473450031 6202020.33348553))",535,п3д огл,с.с.,морена,167.143417358398,1.13488912582397,16.5393543243408,-0.000160982919624075,-0.000185568555025384,С2
"MULTIPOINT ((444909.371484574 6202025.86333545))",536,п3д огл,с.с.,морена,164.190719604492,1.48969638347626,16.7256984710693,-0.000209193531190977,-0.000221598500502296,С2
"MULTIPOINT ((445059.269519117 6202031.39318537))",537,п3д огл,с.с.,морена,164.435806274414,1.68615818023682,162.47412109375,-0.000235316896578297,-0.000111178102088161,С2
"MULTIPOINT ((445209.16755366 6202036.92303529))",538,п3д огл,с.с.,морена,163.485702514648,2.3046236038208,352.51171875,-0.000153927176143043,-0.00012771668843925,С4
"MULTIPOINT ((445359.065588203 6202042.45288521))",539,п3д,с.с.,морена,159.16389465332,1.69108319282532,334.228912353516,-0.000342171901138499,3.98890479118563e-05,С2
"MULTIPOINT ((445508.963622746 6202047.98273513))",540,п3д огл,с.с.,далл,159.457321166992,2.41730904579163,123.310737609863,-0.000209661608096212,0.000237952059251256,С2
"MULTIPOINT ((445658.861657289 6202053.51258505))",541,п3д огл,с.с.,далл,159.07795715332,1.64365315437317,325.869323730469,0.000409908883739263,-0.000521431327797472,С2
"MULTIPOINT ((445808.759691832 6202059.04243497))",542,п2д огл,л.с.,далл,158.435333251953,2.64299058914185,227.644058227539,-0.000142429213155992,-0.000451183645054698,С3
"MULTIPOINT ((445958.657726376 6202064.57228489))",543,п2д огл,л.с.,далл,162.068908691406,0.844152510166168,225.691818237305,2.78477400570409e-05,-0.000169473059941083,В3
"MULTIPOINT ((446108.555760919 6202070.10213481))",544,п2д,с.с.,морена,163.251419067383,0.209310084581375,123.094581604004,2.04595362447435e-05,-8.42264489619993e-06,В3
"MULTIPOINT ((446258.453795462 6202075.63198473))",545,п2д,с.с.,морена,162.292098999023,1.53267955780029,349.455657958984,0.000324645894579589,4.06138667585765e-07,В4
"MULTIPOINT ((446408.351830005 6202081.16183465))",546,п2д огл,л.с.,далл,159.720138549805,0.832330167293549,211.609725952148,-0.000257522333413363,-0.000356064643710852,В4
"MULTIPOINT ((446558.249864548 6202086.69168457))",547,п3д огл,л.с.,далл,161.880432128906,0.635613024234772,355.945159912109,0.000371450587408617,-3.58374345523771e-05,В2
"MULTIPOINT ((446708.147899091 6202092.22153449))",548,п3д огл,л.с.,далл,156.812484741211,2.15541863441467,348.975433349609,-0.000267576629994437,-0.000599670747760683,С2
"MULTIPOINT ((446858.045933634 6202097.75138441))",549,п3д,с.с.,далл,154.421417236328,1.05209493637085,234.125106811523,-0.000314329547109082,-0.000685321749188006,В3
"MULTIPOINT ((447007.943968177 6202103.28123433))",550,п3д огл,л.с.,далл,159.292984008789,0.738931179046631,193.8896484375,-0.000214495797990821,5.29134740645532e-05,С2
"MULTIPOINT ((447157.84200272 6202108.81108426))",551,п2д огл,л.с.,далл,160.389739990234,0.767383992671967,337.998291015625,0.000206611162866466,9.55493087531067e-05,С3
"MULTIPOINT ((447307.740037263 6202114.34093417))",552,п2д огл,л.с.,далл,156.518249511719,0.780605852603912,128.514755249023,-0.000676474941428751,-0.000671576650347561,С2
"MULTIPOINT ((447457.638071806 6202119.8707841))",553,п3д,с.с.,далл,160.739410400391,0.968786537647247,73.0162506103516,0.000180296803591773,0.00034690325264819,С2
"MULTIPOINT ((447607.536106349 6202125.40063401))",554,п2д огл,л.с.,далл,161.433181762695,1.7679146528244,190.606216430664,-0.000175954250153154,0.000191446277312934,С2
"MULTIPOINT ((447757.434140892 6202130.93048394))",555,п2д огл,л.с.,далл,163.259338378906,1.49235439300537,248.515731811523,-0.000101252640888561,-0.00023506763682235,С3
"MULTIPOINT ((447907.332175435 6202136.46033385))",556,п2д,с.с.,морена,166.456909179688,1.216193318367,180.56867980957,-3.53650511897285e-06,-6.25845350441523e-05,С2
"MULTIPOINT ((448057.230209978 6202141.99018378))",557,п2д огл,л.с.,далл,168.480819702148,1.15837454795837,266.158752441406,-0.000417648028815165,0.00045177826541476,С2
"MULTIPOINT ((448207.128244521 6202147.5200337))",558,п2д огл,л.с.,далл,168.697387695312,0.800967276096344,255.563949584961,-0.000105794177216012,0.000183727475814521,С2
"MULTIPOINT ((443266.022954521 6201815.13695179))",559,п3д,с.с.,морена,169.153533935547,1.20392751693726,138.345825195312,0.000379966135369614,7.67839155741967e-05,С2
"MULTIPOINT ((443415.920989064 6201820.66680171))",560,п3д,с.с.,морена,170.054824829102,0.780399084091187,141.182571411133,-3.40594306180719e-05,0.000155580957653001,С2
"MULTIPOINT ((443565.819023607 6201826.19665163))",561,п3д,с.с.,морена,171.077331542969,0.673413932323456,79.4545516967773,0.000227816592087038,0.000136856702738442,С2
"MULTIPOINT ((443715.71705815 6201831.72650155))",562,п3д,с.с.,морена,170.859222412109,1.53639459609985,106.891174316406,0.00014384335372597,-6.99118536431342e-05,С2
"MULTIPOINT ((444604.045565568 6202164.70167015))",563,п3д огл,с.с.,морена,167.387390136719,2.71319770812988,256.254791259766,0.000444259640062228,-0.000329712725942954,С2
"MULTIPOINT ((444454.147531025 6202159.17182023))",564,п3д огл,с.с.,морена,167.717498779297,2.7007417678833,274.730438232422,0.000383480888558552,0.000113386449811514,С2
"MULTIPOINT ((444753.943600111 6202170.23152007))",565,п3д огл,с.с.,морена,169.291564941406,1.35838735103607,286.205780029297,0.000241601097513922,6.90525630488992e-05,С2
"MULTIPOINT ((444903.841634654 6202175.76136999))",566,п3д огл,с.с.,морена,166.247131347656,2.26922106742859,317.980987548828,-8.90939118107781e-05,5.52610072190873e-05,С2
"MULTIPOINT ((445053.739669197 6202181.29121992))",567,п3д огл,с.с.,морена,165.789978027344,0.917507708072662,298.079895019531,-0.000109646825876553,0.000216341897612438,С2
"MULTIPOINT ((445203.63770374 6202186.82106984))",568,п3д огл,с.с.,морена,164.298416137695,0.421469956636429,299.621063232422,0.000152922002598643,-5.14461826242041e-05,С2
"MULTIPOINT ((445353.535738283 6202192.35091976))",569,п3д,с.с.,морена,163.417846679688,1.64645326137543,344.214569091797,0.000503746152389795,0.000186044417205267,С2
"MULTIPOINT ((445503.433772826 6202197.88076968))",570,п3д,с.с.,морена,156.161224365234,1.26238036155701,340.530029296875,-0.0012455100659281,-0.000132661662064493,С4
"MULTIPOINT ((445653.331807369 6202203.4106196))",571,п3д огл,с.с.,далл,161.420806884766,0.550479352474213,236.260711669922,-2.02354403882055e-05,0.00015867268666625,С2
"MULTIPOINT ((445803.229841912 6202208.94046952))",572,п2д огл,л.с.,далл,163.04997253418,0.849810123443604,219.041702270508,0.000408502615755424,0.000106920801044907,С2
"MULTIPOINT ((445953.127876455 6202214.47031944))",573,п2д огл,л.с.,далл,163.054122924805,0.687962830066681,67.5807495117188,0.000242176931351423,2.03257986868266e-05,В3
"MULTIPOINT ((446103.025910998 6202220.00016936))",574,п2д огл,л.с.,далл,163.162002563477,0.189477950334549,39.5345840454102,0.000199663409148343,5.00436954098404e-06,В3
"MULTIPOINT ((446252.923945541 6202225.53001928))",575,п2д,с.с.,морена,162.016006469727,0.59126752614975,17.3839702606201,-3.30069597112015e-05,4.0591479773866e-05,С2
"MULTIPOINT ((446402.821980084 6202231.0598692))",576,п2д,с.с.,морена,161.30094909668,0.331124514341354,229.417953491211,4.62499338027555e-06,-0.000117703108116984,С3
"MULTIPOINT ((446552.720014627 6202236.58971912))",577,п3д огл,л.с.,далл,162.566009521484,0.452483057975769,312.291900634766,0.000300768035231158,0.000101526828075293,В2
"MULTIPOINT ((446702.61804917 6202242.11956904))",578,п3д огл,л.с.,далл,162.549331665039,0.795933485031128,291.402893066406,0.000276323349680752,0.00015435011300724,С2
"MULTIPOINT ((446852.516083713 6202247.64941896))",579,п3д,с.с.,далл,159.958862304688,1.85820114612579,331.057708740234,-3.94542403228115e-05,0.000232701044296846,В4
"MULTIPOINT ((447002.414118256 6202253.17926888))",580,п3д огл,л.с.,далл,158.701736450195,1.08112096786499,194.01399230957,-0.000182018091436476,-6.04568276685313e-06,В3
"MULTIPOINT ((447152.312152799 6202258.7091188))",581,п2д огл,л.с.,далл,161.424880981445,1.50230836868286,1.92727911472321,0.000611224153544754,2.53637936111772e-05,С3
"MULTIPOINT ((447302.210187342 6202264.23896872))",582,п2д огл,л.с.,далл,157.21598815918,0.273336946964264,292.751800537109,-0.000139558338560164,-0.000416761846281588,С2
"MULTIPOINT ((447452.108221886 6202269.76881864))",583,п3д,с.с.,далл,158.087387084961,1.26462888717651,214.876266479492,-0.000631152128335088,-0.000128476036479697,С2
"MULTIPOINT ((447602.006256429 6202275.29866856))",584,п2д огл,л.с.,далл,161.811325073242,1.80335342884064,207.552978515625,-0.000417400151491165,-0.000257131701800972,В4
"MULTIPOINT ((447751.904290972 6202280.82851848))",585,п2д огл,л.с.,далл,168.08642578125,3.21981739997864,223.108520507812,4.654564691009e-05,0.000300473679089919,С3
"MULTIPOINT ((447901.802325515 6202286.3583684))",586,п2д,с.с.,морена,166.132873535156,2.55863547325134,348.650085449219,-0.000642518338281661,-9.49013992794789e-05,С2
"MULTIPOINT ((448051.700360058 6202291.88821832))",587,п2д огл,л.с.,далл,168.301162719727,2.08403658866882,107.228446960449,-2.97136793960817e-05,0.000479116919450462,С2
"MULTIPOINT ((448201.598394601 6202297.41806824))",588,п2д огл,л.с.,далл,168.655471801758,1.03921627998352,93.1403503417969,-0.000115243026812095,0.000346880260622129,С2
"MULTIPOINT ((443260.493104601 6201965.03498633))",589,п3д,с.с.,морена,165.554016113281,0.3031867146492,108.782211303711,-0.000315633602440357,0.000108355350675993,С2
"MULTIPOINT ((443410.391139144 6201970.56483625))",590,п3д,с.с.,морена,168.78532409668,0.647584319114685,137.205276489258,0.000115415430627763,-6.4398709582747e-06,С2
"MULTIPOINT ((443560.289173687 6201976.09468617))",591,п3д,с.с.,морена,170.019409179688,0.424864023923874,200.145553588867,0.000139776821015403,5.84121553401928e-05,С2
"MULTIPOINT ((443710.18720823 6201981.62453609))",592,п3д,с.с.,морена,168.968185424805,0.688047289848328,288.781585693359,-0.000233711471082643,-0.000231083366088569,С2
"MULTIPOINT ((443860.085242773 6201987.15438601))",593,п3д,с.с.,морена,170.022537231445,1.28692710399628,163.42024230957,-8.08180120657198e-05,-3.58593169949017e-05,С2
"MULTIPOINT ((444009.983277316 6201992.68423593))",594,п3д,с.с.,морена,172.438858032227,0.377097249031067,181.309005737305,-1.8239861674374e-05,0.000394096568925306,С2
"MULTIPOINT ((444898.311784734 6202325.65940454))",595,п3д огл,с.с.,морена,170.277847290039,1.35632133483887,335.319152832031,0.000213773368159309,0.000281421234831214,С2
"MULTIPOINT ((444748.413750191 6202320.12955462))",596,п3д огл,с.с.,морена,171.444931030273,0.48896923661232,302.191528320312,2.45065507442632e-07,6.48131390335038e-05,С2
"MULTIPOINT ((445048.209819277 6202331.18925446))",597,п3д огл,с.с.,морена,167.053436279297,1.27529013156891,339.377990722656,0.000108424035715871,-6.26898254267871e-05,С2
"MULTIPOINT ((445198.10785382 6202336.71910438))",598,п3д огл,с.с.,морена,163.630859375,1.06052589416504,355.671234130859,-0.000139777723234147,-0.000426672195317224,
"MULTIPOINT ((445348.005888363 6202342.2489543))",599,п3д,с.с.,морена,162.75129699707,1.54625463485718,34.3843765258789,0.000401954661356285,0.000140072850626893,С2
"MULTIPOINT ((445497.903922906 6202347.77880422))",600,п3д,с.с.,морена,156.706802368164,0.86391693353653,28.6080017089844,-0.00131001463159919,0.00013771528028883,С4
"MULTIPOINT ((445647.801957449 6202353.30865414))",601,п3д огл,с.с.,далл,161.846466064453,1.8289920091629,202.595275878906,0.000556445971596986,3.54846088157501e-05,С2
"MULTIPOINT ((445797.699991992 6202358.83850406))",602,п2д огл,л.с.,далл,161.618286132812,0.464156061410904,23.2488708496094,0.000144532372360118,-0.000530521385371685,В4
"MULTIPOINT ((445947.598026535 6202364.36835398))",603,п2д огл,л.с.,далл,158.940841674805,0.820560157299042,77.1610336303711,-0.000578368024434894,-0.000772136962041259,В4
"MULTIPOINT ((446097.496061078 6202369.8982039))",604,п2д огл,л.с.,далл,163.253768920898,0.838537871837616,154.534118652344,0.000574385863728821,0.000196870256331749,С3
"MULTIPOINT ((446247.394095621 6202375.42805382))",605,п2д,с.с.,морена,162.030136108398,0.0702371522784233,252.360061645508,6.02023683313746e-05,1.81032064574538e-05,С2
"MULTIPOINT ((446397.292130164 6202380.95790374))",606,п2д,с.с.,морена,161.998962402344,0.0683625042438507,317.170471191406,6.7984095949214e-05,3.00478041026508e-05,С3
"MULTIPOINT ((446547.190164707 6202386.48775366))",607,п2д огл,л.с.,далл,162.210250854492,0.419312298297882,222.672653198242,-1.6572941603954e-05,3.44101572409272e-05,С3
"MULTIPOINT ((446697.08819925 6202392.01760358))",608,п3д огл,л.с.,далл,163.446212768555,0.209742978215218,288.770874023438,0.000159734161570668,0.000136203409056179,С2
"MULTIPOINT ((446846.986233793 6202397.5474535))",609,п3д,с.с.,далл,161.423095703125,2.01844525337219,350.237121582031,0.000332268769852817,3.11482872348279e-05,С3
"MULTIPOINT ((446996.884268336 6202403.07730342))",610,п3д огл,л.с.,далл,159.178100585938,1.51870584487915,194.252990722656,-0.000428887113230303,-2.47274383582408e-05,В3
"MULTIPOINT ((447146.782302879 6202408.60715334))",611,п2д огл,л.с.,далл,161.023315429688,1.41910350322723,334.909576416016,4.70685336040333e-05,-0.000177620357135311,С2
"MULTIPOINT ((447296.680337422 6202414.13700326))",612,п2д огл,л.с.,далл,158.561889648438,0.728992760181427,296.503387451172,-8.08113836683333e-05,-0.000248344760620967,С2
"MULTIPOINT ((447446.578371965 6202419.66685318))",613,п2д огл,л.с.,далл,161.910614013672,2.66121292114258,206.442459106445,1.29641421153792e-05,0.000273669633315876,В4
"MULTIPOINT ((447596.476406508 6202425.1967031))",614,п2д огл,л.с.,далл,163.69970703125,0.319241672754288,252.66438293457,0.000231133817578666,-0.000526121119037271,С2
"MULTIPOINT ((447746.374441051 6202430.72655302))",615,п2д,с.с.,морена,169.452545166016,4.15801811218262,176.676681518555,0.000220135945710354,-0.000233715065405704,С3
"MULTIPOINT ((447896.272475594 6202436.25640294))",616,п2д,с.с.,морена,171.541931152344,3.84985446929932,354.627868652344,0.000345534353982657,0.000162965487106703,С3
"MULTIPOINT ((448046.170510137 6202441.78625286))",617,п2д огл,л.с.,далл,162.909896850586,0.752969443798065,80.0275573730469,-0.000402156641939655,-0.000831929093692452,С2
"MULTIPOINT ((448196.06854468 6202447.31610278))",618,п2д огл,л.с.,далл,167.273803710938,1.25607776641846,150.189651489258,0.000368244393030182,0.000101046745839994,С2
"MULTIPOINT ((443254.963254681 6202114.93302087))",619,п3д,с.с.,морена,166.828735351562,0.723573386669159,339.473754882812,-0.000121406963444315,-4.87389070258359e-06,
"MULTIPOINT ((443404.861289224 6202120.46287079))",620,п3д,с.с.,морена,165.965805053711,1.07918393611908,163.048263549805,-0.000364014966180548,-9.04846601770259e-05,С2
"MULTIPOINT ((443554.759323767 6202125.99272071))",621,п3д,с.с.,морена,169.388046264648,1.02813148498535,169.747406005859,0.00017305658548139,-5.84220761083998e-05,С2
"MULTIPOINT ((443704.65735831 6202131.52257063))",622,п2д,с.с.,морена,170.605728149414,0.160044476389885,113.185844421387,9.04083499335684e-05,7.92363643995486e-05,С2
"MULTIPOINT ((443854.555392853 6202137.05242055))",623,п2д,с.с.,морена,166.890594482422,1.56476235389709,103.813423156738,-0.000537731859367341,-0.00010622607805999,С3
"MULTIPOINT ((444004.453427396 6202142.58227047))",624,п3д,с.с.,морена,168.634963989258,2.20262575149536,121.851585388184,-0.00017252704128623,-0.000391849491279572,С3
"MULTIPOINT ((444154.351461939 6202148.11212039))",625,п3д,с.с.,морена,172.312301635742,0.328223407268524,116.682960510254,0.00041032544686459,0.000292424636427313,С2
"MULTIPOINT ((444304.249496482 6202153.64197031))",626,п3д,с.с.,морена,167.688247680664,2.85744071006775,283.038818359375,0.000413450761698186,-0.000376857991795987,С3
"MULTIPOINT ((445492.374072986 6202497.67683876))",627,п3д огл,с.с.,далл,155.439498901367,2.41820669174194,186.49836730957,-0.00135679671075195,-0.000251957593718544,С3
"MULTIPOINT ((445342.476038443 6202492.14698884))",628,п3д,с.с.,морена,161.369781494141,3.28848695755005,7.1901741027832,0.00103949848562479,-0.000178118192707188,С2
"MULTIPOINT ((445642.272107529 6202503.20668868))",629,п3д огл,с.с.,далл,164.887008666992,0.858144342899323,178.320297241211,0.000556111976038665,0.00054475263459608,С2
"MULTIPOINT ((445792.170142072 6202508.7365386))",630,п2д огл,л.с.,далл,162.839614868164,0.64163613319397,347.071838378906,7.7874239650555e-05,-0.000155493427882902,С3
"MULTIPOINT ((445942.068176615 6202514.26638852))",631,п2д огл,л.с.,далл,161.190124511719,1.08001971244812,290.529571533203,-0.000139999523526058,-0.000206026088562794,С3
"MULTIPOINT ((446091.966211158 6202519.79623844))",632,п2д огл,л.с.,далл,162.849365234375,0.62029230594635,200.215805053711,0.000392685789847746,9.81805278570391e-05,С3
"MULTIPOINT ((446241.864245701 6202525.32608836))",633,п2д,с.с.,морена,161.865310668945,0.064074382185936,18.3918075561523,-1.95733719010605e-05,-2.75145193882054e-05,В4
"MULTIPOINT ((446391.762280244 6202530.85593828))",634,п2д,с.с.,морена,161.583404541016,0.257295697927475,235.667831420898,-0.000191409242688678,-0.000114276706881355,С3
"MULTIPOINT ((446541.660314787 6202536.3857882))",635,п2д,с.с.,морена,162.891799926758,0.33569923043251,187.083755493164,0.000115482849651016,9.90358093986288e-05,С3
"MULTIPOINT ((446691.55834933 6202541.91563812))",636,п3д огл,л.с.,далл,162.602935791016,0.77634060382843,60.4798774719238,0.000150412670336664,-4.00519129470922e-05,С2
"MULTIPOINT ((446841.456383873 6202547.44548804))",637,п3д огл,л.с.,далл,161.654434204102,1.18956708908081,21.5720024108887,0.000192087827599607,0.000332598079694435,С2
"MULTIPOINT ((446991.354418416 6202552.97533796))",638,п2д огл,л.с.,далл,159.829391479492,1.36101496219635,193.134063720703,-0.000549559306818992,-2.07583034352865e-05,В3
"MULTIPOINT ((447141.252452959 6202558.50518788))",639,п2д огл,л.с.,далл,163.054336547852,1.12228798866272,327.853546142578,0.000153596571180969,5.14963212481234e-05,С2
"MULTIPOINT ((447291.150487502 6202564.0350378))",640,п2д огл,л.с.,далл,160.255935668945,0.446533441543579,324.005035400391,-0.000357313343556598,-0.00022898918541614,В4
"MULTIPOINT ((447441.048522045 6202569.56488772))",641,п2д огл,л.с.,далл,164.501770019531,1.85979175567627,187.164443969727,0.000449576764367521,0.000199456539121456,В4
"MULTIPOINT ((447590.946556588 6202575.09473764))",642,п2д,с.с.,морена,164.097061157227,2.5563337802887,188.657043457031,-0.00191937363706529,0.000463810749351978,В4
"MULTIPOINT ((447740.844591131 6202580.62458756))",643,п2д,с.с.,морена,175.270706176758,3.1882381439209,222.17448425293,0.00105470407288522,0.000263327819993719,С3
"MULTIPOINT ((447890.742625674 6202586.15443748))",644,п2д,с.с.,морена,170.958709716797,4.3186149597168,9.86952018737793,-7.42958800401539e-05,0.000271381461061537,С3
"MULTIPOINT ((448040.640660217 6202591.6842874))",645,п2д огл,л.с.,далл,164.396118164062,0.980016529560089,243.442260742188,-9.74598806351423e-05,-0.0003034463734366,С2
"MULTIPOINT ((448190.53869476 6202597.21413732))",646,п2д огл,л.с.,далл,166.826690673828,0.397837787866592,227.848434448242,0.000222698028665036,9.92332425084896e-05,С2
"MULTIPOINT ((442949.637335675 6202253.77135557))",647,п3д,с.с.,морена,167.995758056641,0.268727213144302,100.283378601074,-6.6953849454876e-05,1.88809872270213e-06,С2
"MULTIPOINT ((443099.535370218 6202259.3012055))",648,п3д,с.с.,морена,167.729751586914,0.404823899269104,38.2621154785156,4.13247653341386e-06,-3.85975508834235e-05,
"MULTIPOINT ((443249.433404761 6202264.83105542))",649,п3д,с.с.,морена,166.803787231445,0.305369287729263,17.6455917358398,-0.000112833520688582,-5.36961051693652e-05,
"MULTIPOINT ((443399.331439304 6202270.36090534))",650,п3д,с.с.,морена,165.977294921875,1.08528089523315,208.201995849609,-0.00038620043778792,-0.00024749367730692,С2
"MULTIPOINT ((443549.229473847 6202275.89075526))",651,п2д,с.с.,морена,169.642852783203,0.728533864021301,180.667358398438,0.000224937073653564,0.000130795277073048,С2
"MULTIPOINT ((443699.12750839 6202281.42060518))",652,п2д,с.с.,морена,169.533264160156,0.411973088979721,102.171226501465,-4.59377188235521e-05,-0.000165794161148369,С2
"MULTIPOINT ((443849.025542933 6202286.9504551))",653,п3д,с.с.,морена,168.247955322266,1.32996952533722,268.708709716797,0.000268970819888636,-0.000129414445837028,С2
"MULTIPOINT ((443998.923577476 6202292.48030502))",654,п3д,с.с.,морена,167.465850830078,0.637443959712982,263.387237548828,-9.3272807134781e-05,-0.000412548426538706,С3
"MULTIPOINT ((444148.821612019 6202298.01015494))",655,п3д,с.с.,морена,170.671844482422,1.36244761943817,147.391784667969,0.000314593780785799,0.000100607445347123,С3
"MULTIPOINT ((444298.719646562 6202303.54000486))",656,п3д,с.с.,морена,170.833221435547,0.675887644290924,27.2887191772461,0.000176505374838598,0.000259026215644553,С2
"MULTIPOINT ((444448.617681105 6202309.06985478))",657,п3д,с.с.,морена,169.25813293457,1.37791574001312,105.310966491699,0.000111139946966432,6.43961975583807e-05,С2
"MULTIPOINT ((444598.515715648 6202314.5997047))",658,п3д огл,с.с.,морена,170.539031982422,1.10900330543518,155.953247070312,0.000109486049041152,-3.40208571287803e-05,С2
"MULTIPOINT ((446236.334395781 6202675.22412291))",659,п2д,с.с.,морена,161.654968261719,0.236041858792305,227.841461181641,-0.0002056673693005,-0.000152102467836812,В4
"MULTIPOINT ((446086.436361238 6202669.69427299))",660,п2д огл,л.с.,далл,162.986312866211,0.638493835926056,302.376281738281,-0.000104019680293277,8.55715770740062e-05,В4
"MULTIPOINT ((446386.232430324 6202680.75397283))",661,п2д,с.с.,морена,163.137268066406,0.687829315662384,243.327667236328,-9.03364070836687e-06,0.000143675686558709,С3
"MULTIPOINT ((446536.130464867 6202686.28382275))",662,п2д,с.с.,морена,162.993911743164,0.422299861907959,287.846862792969,-8.70177609613165e-05,5.68384166399483e-05,С3
"MULTIPOINT ((446686.02849941 6202691.81367267))",663,п2д,с.с.,морена,161.554641723633,0.113426491618156,284.534881591797,0.000101139274192974,-0.000315535842673853,С2
"MULTIPOINT ((446835.926533953 6202697.34352259))",664,п2д,с.с.,морена,163.458206176758,0.92792671918869,282.286773681641,0.00020706161740236,0.000232433012570255,С2
"MULTIPOINT ((446985.824568496 6202702.87337251))",665,п2д огл,л.с.,далл,161.481414794922,0.861553907394409,306.243713378906,-0.000285700167296454,2.71144162979908e-05,
"MULTIPOINT ((447135.722603039 6202708.40322243))",666,п2д огл,л.с.,далл,163.362670898438,0.706009745597839,347.375579833984,0.000548049807548523,-7.94087754911743e-05,В3
"MULTIPOINT ((447285.620637582 6202713.93307235))",667,п2д,с.с.,морена,160.701202392578,1.17587268352509,225.796676635742,-0.000626197783276439,-0.000295480829663575,В4
"MULTIPOINT ((447435.518672125 6202719.46292227))",668,п2д,с.с.,морена,164.602081298828,0.896199107170105,223.866317749023,0.000266238610493019,-7.58165188017301e-05,
"MULTIPOINT ((447585.416706668 6202724.99277219))",669,п2д,с.с.,морена,163.705795288086,4.18895673751831,185.415725708008,-0.00199625757522881,-0.000176475557964295,С2
"MULTIPOINT ((447735.314741211 6202730.52262211))",670,п2д,с.с.,морена,174.730346679688,3.07313060760498,75.6820449829102,0.000870521762408316,0.000741461466532201,С2
"MULTIPOINT ((447885.212775754 6202736.05247203))",671,п2д,с.с.,морена,166.074737548828,3.86924171447754,39.291919708252,-0.000976800336502492,0.000210117039387114,С2
"MULTIPOINT ((448035.110810297 6202741.58232195))",672,п2д,с.с.,морена,164.999389648438,0.823935329914093,158.547515869141,2.25401345232967e-05,-0.00010277092223987,С2
"MULTIPOINT ((448185.00884484 6202747.11217187))",673,п2д,с.с.,морена,167.274978637695,0.525349199771881,233.241241455078,-4.54830878879875e-05,4.00568751501851e-06,С2
"MULTIPOINT ((442794.209451211 6202398.1395402))",674,п3д,с.с.,морена,168.769897460938,0.86696583032608,340.785552978516,3.94361413782462e-05,-0.000122746685519814,С2
"MULTIPOINT ((442944.107485755 6202403.66939012))",675,п3д,с.с.,морена,167.874771118164,0.138516426086426,194.611221313477,4.90271449962165e-05,-1.6048708857852e-05,С2
"MULTIPOINT ((443094.005520298 6202409.19924004))",676,п3д,с.с.,морена,167.499694824219,0.304118722677231,346.787445068359,-1.66194258781616e-05,-4.6143977669999e-05,С2
"MULTIPOINT ((443243.903554841 6202414.72908996))",677,п3д,с.с.,морена,166.946014404297,0.215794265270233,3.54618167877197,-3.79461926058866e-05,1.96425662579713e-05,С2
"MULTIPOINT ((443393.801589384 6202420.25893988))",678,п3д,с.с.,морена,167.900680541992,0.304726302623749,219.494247436523,9.92496643448249e-05,6.87158681103028e-05,
"MULTIPOINT ((443543.699623927 6202425.7887898))",679,п3д,с.с.,морена,169.072341918945,0.64505273103714,153.490295410156,0.000177178488229401,5.13588056492154e-05,С2
"MULTIPOINT ((443693.59765847 6202431.31863972))",680,п2д,с.с.,морена,169.290557861328,0.424894064664841,24.5615463256836,0.000223654409637675,-1.86010838660877e-05,С2
"MULTIPOINT ((443843.495693013 6202436.84848964))",681,п3д,с.с.,морена,167.747451782227,0.623058974742889,145.942230224609,-0.000296253594569862,-0.000137391209136695,С3
"MULTIPOINT ((443993.393727556 6202442.37833956))",682,п3д,с.с.,морена,169.672027587891,0.396924167871475,313.497650146484,9.91743872873485e-05,-7.17949515092187e-05,С2
"MULTIPOINT ((444143.291762099 6202447.90818948))",683,п3д,с.с.,морена,168.971237182617,0.385898143053055,273.760314941406,-0.000256001600064337,1.09269776658039e-05,С2
"MULTIPOINT ((444293.189796642 6202453.4380394))",684,п3д,с.с.,морена,168.241470336914,0.372427225112915,342.848175048828,-6.53766546747647e-05,-0.000454757799161598,С2
"MULTIPOINT ((444443.087831185 6202458.96788932))",685,п3д,с.с.,морена,165.937408447266,0.362563788890839,353.464019775391,-0.000281261105556041,-0.000597110658418387,С2
"MULTIPOINT ((444592.985865728 6202464.49773924))",686,п3д,с.с.,морена,168.911346435547,2.06213474273682,168.95198059082,5.4475553042721e-05,-0.000209646081202663,С2
"MULTIPOINT ((444742.883900271 6202470.02758916))",687,п3д огл,с.с.,морена,171.865127563477,0.881349742412567,93.1487579345703,0.000358351680915803,8.66049522301182e-05,С2
"MULTIPOINT ((444892.781934814 6202475.55743908))",688,п3д огл,с.с.,морена,169.366470336914,1.1131317615509,29.2094879150391,-0.000180321672814898,6.28982743364759e-05,С2
"MULTIPOINT ((445042.679969357 6202481.087289))",689,п3д огл,с.с.,морена,167.911087036133,0.512216091156006,345.061126708984,-4.77577887068037e-05,6.77221250953153e-05,С2
"MULTIPOINT ((445192.5780039 6202486.61713892))",690,п3д огл,с.с.,морена,166.155532836914,1.8294130563736,336.206390380859,0.000227776195970364,0.000133793146233074,С2
"MULTIPOINT ((446980.294718576 6202852.77140705))",691,п2д,с.с.,морена,161.417022705078,1.1217143535614,23.3346862792969,-0.000475506269140169,-0.000129546664538793,В4
"MULTIPOINT ((446830.396684033 6202847.24155713))",692,п2д,с.с.,морена,164.822219848633,0.288405567407608,301.038024902344,0.000130015425384045,0.000382983387680724,С2
"MULTIPOINT ((447130.192753119 6202858.30125697))",693,п2д,с.с.,морена,163.927886962891,1.2675096988678,191.46760559082,0.000472140149213374,7.18883165973239e-05,С2
"MULTIPOINT ((447280.090787662 6202863.83110689))",694,п2д,с.с.,морена,162.788360595703,1.29092419147491,199.587127685547,-0.000492025690618902,-5.70981683267746e-05,В3
"MULTIPOINT ((447429.988822205 6202869.36095681))",695,п2д,с.с.,морена,166.766021728516,0.336246430873871,228.006240844727,0.000385175633709878,0.000382278667530045,С3
"MULTIPOINT ((447579.886856748 6202874.89080673))",696,п2д,с.с.,морена,165.782943725586,0.407597452402115,315.300598144531,0.000125436941743828,0.000211417238460854,С2
"MULTIPOINT ((447729.784891291 6202880.42065665))",697,п2д,с.с.,морена,166.315551757812,2.51108407974243,53.3794097900391,-0.000401905068429187,0.000325799715938047,С2
"MULTIPOINT ((447879.682925834 6202885.95050657))",698,п2д,с.с.,морена,162.858749389648,0.942891895771027,59.107536315918,-0.000156411129864864,-0.000241810790612362,С2
"MULTIPOINT ((448029.580960377 6202891.48035649))",699,п2д,с.с.,морена,164.323028564453,1.60882306098938,166.404174804688,-0.000233553495490924,5.98892313519173e-07,С2
"MULTIPOINT ((448179.47899492 6202897.01020641))",700,п2д,с.с.,морена,168.520904541016,1.25909769535065,39.7137145996094,-5.8003392041428e-05,0.000236443287576549,С2
"MULTIPOINT ((442788.679601291 6202548.03757474))",701,п3д,с.с.,морена,169.364334106445,0.661785185337067,169.360397338867,0.00047890713904053,-0.00019773117674049,С2
"MULTIPOINT ((442938.577635834 6202553.56742466))",702,п3д,с.с.,морена,168.637756347656,0.879978358745575,300.997497558594,-7.55204091547057e-05,-1.70908751897514e-05,С2
"MULTIPOINT ((443088.475670377 6202559.09727458))",703,п3д,с.с.,морена,167.34538269043,0.751969218254089,91.5601043701172,0.000316015124553815,-0.000139655167004094,С2
"MULTIPOINT ((443238.37370492 6202564.6271245))",704,п3д,с.с.,морена,167.035919189453,0.26882615685463,273.723907470703,-4.29191677540075e-05,2.82354676528485e-07,С2
"MULTIPOINT ((443388.271739463 6202570.15697442))",705,п3д,с.с.,морена,167.480133056641,0.963221848011017,228.736419677734,-0.000135616195620969,-6.41420920146629e-05,
"MULTIPOINT ((443538.169774006 6202575.68682434))",706,п2д,с.с.,морена,168.650726318359,0.612842500209808,304.026702880859,-0.000232507765758783,6.17905170656741e-05,
"MULTIPOINT ((443688.06780855 6202581.21667426))",707,п2д,с.с.,морена,169.104034423828,0.312982171773911,37.7934417724609,0.00018508336506784,0.000246568844886497,С2
"MULTIPOINT ((443837.965843093 6202586.74652418))",708,п2д,с.с.,морена,168.167678833008,1.00825762748718,221.450790405273,-0.000271289027296007,-7.61234550736845e-05,С3
"MULTIPOINT ((443987.863877636 6202592.2763741))",709,п3д,с.с.,морена,170.677185058594,0.624611496925354,247.95100402832,-2.70445289061172e-05,2.69926749751903e-05,С2
"MULTIPOINT ((444137.761912179 6202597.80622402))",710,п3д,с.с.,морена,171.60758972168,1.12945556640625,274.334167480469,2.6604617232806e-05,0.000353135488694534,С2
"MULTIPOINT ((444287.659946722 6202603.33607394))",711,п3д,с.с.,морена,170.050445556641,0.904286861419678,325.210845947266,-1.33811226987746e-05,6.82843892718665e-05,С2
"MULTIPOINT ((444437.557981265 6202608.86592386))",712,п3д,с.с.,морена,168.57112121582,0.858631730079651,278.508392333984,7.10229578544386e-05,-3.84994164051022e-05,С2
"MULTIPOINT ((444587.456015808 6202614.39577378))",713,п3д,с.с.,морена,169.437530517578,0.605823218822479,211.525009155273,0.000399505923269317,-0.000185938173672184,С2
"MULTIPOINT ((444737.354050351 6202619.9256237))",714,п3д огл,с.с.,морена,168.234664916992,1.04125285148621,70.6903610229492,-0.00017821163055487,-0.000344382162438706,С2
"MULTIPOINT ((444887.252084894 6202625.45547362))",715,п3д огл,с.с.,морена,168.875900268555,0.642513692378998,1.87967801094055,0.000116901836008765,-2.57067440543324e-05,С2
"MULTIPOINT ((445037.150119437 6202630.98532354))",716,п3д огл,с.с.,морена,167.529281616211,0.289237380027771,61.7601509094238,8.81201849551871e-05,-0.000155695845023729,С2
"MULTIPOINT ((445187.04815398 6202636.51517347))",717,п3д огл,с.с.,морена,166.372772216797,1.52502167224884,23.9039421081543,0.000103526617749594,0.000151030399138108,С2
"MULTIPOINT ((445336.946188523 6202642.04502338))",718,п3д огл,с.с.,морена,159.535293579102,3.70265650749207,8.80994129180908,0.000381026504328474,6.24343374511227e-05,С2
"MULTIPOINT ((445486.844223066 6202647.5748733))",719,п3д,с.с.,морена,156.502044677734,3.48445153236389,185.226043701172,-0.000856562226545066,-0.000100226279755589,С3
"MULTIPOINT ((445636.742257609 6202653.10472323))",720,п3д огл,с.с.,далл,163.9921875,1.05334377288818,221.862030029297,0.000137075432576239,0.000135848444188014,С3
"MULTIPOINT ((445786.640292152 6202658.63457315))",721,п3д огл,с.с.,далл,164.153503417969,0.821000099182129,255.435012817383,-4.06219915021211e-05,0.00012535962741822,С3
"MULTIPOINT ((445936.538326695 6202664.16442307))",722,п2д огл,л.с.,далл,164.200119018555,0.938965260982513,292.274108886719,0.000117787632916588,0.000137942712171935,С3
"MULTIPOINT ((447724.255041371 6203030.31869119))",723,п2д,с.с.,морена,162.181365966797,3.36433839797974,39.4565048217773,0.000474401575047523,0.000159479764988646,С2
"MULTIPOINT ((447574.357006828 6203024.78884127))",724,п2д,с.с.,морена,163.091186523438,0.287360310554504,122.487007141113,-0.000236316976952367,-0.00018052443920169,С2
"MULTIPOINT ((447874.153075914 6203035.84854111))",725,п1д,с.с.,морена,158.099365234375,2.23391938209534,137.563659667969,-0.000324778171489015,-0.000665919273160398,С2
"MULTIPOINT ((448024.051110457 6203041.37839103))",726,п2д,с.с.,морена,164.31103515625,1.68898487091064,176.065399169922,0.000175270950421691,4.72912506666034e-05,С2
"MULTIPOINT ((449627.660071051 6196371.44611551))",727,п1д огл,с.с.,далл,157.551910400391,0.956700205802917,207.957473754883,0.000874670571647584,0.000643961422611028,
"MULTIPOINT ((449328.094447751 6196387.58418656))",728,п1д огл,с.с.,далл,153.784591674805,0.658537924289703,298.063446044922,7.0117755967658e-05,4.34421854151879e-05,
"MULTIPOINT ((448173.949145 6203046.90824095))",729,п2д,с.с.,морена,165.491256713867,0.865547060966492,70.7935791015625,-0.00028241696418263,-0.000216592394281179,С2
"MULTIPOINT ((449477.877259401 6196379.51515103))",730,п1д огл,с.с.,далл,153.242156982422,0.647651731967926,204.864685058594,-0.000258559477515519,-7.82023926149122e-05,
"MULTIPOINT ((442783.149751371 6202697.93560928))",731,п3д,с.с.,морена,170.557083129883,0.47217783331871,235.577133178711,3.07187692669686e-05,-4.98407753184438e-05,
"MULTIPOINT ((445821.446635009 6200175.68693942))",732,п3д,с.с.,морена,153.25260925293,1.17886197566986,30.0958690643311,-0.000764461234211922,-0.000491151120513678,
"MULTIPOINT ((442933.047785914 6202703.4654592))",733,п3д,с.с.,морена,170.821701049805,0.81061977148056,329.149261474609,0.000225871175643988,0.000136712726089172,
"MULTIPOINT ((445813.110135839 6199968.6638767))",734,п2д,т.с.,морена,153.911148071289,0.295816212892532,219.150054931641,-0.00101743114646524,-0.000937362434342504,С4
"MULTIPOINT ((443082.945820457 6202708.99530912))",735,п3д,с.с.,морена,160.844512939453,0.640006899833679,35.5112152099609,-0.000770239857956767,-0.00133650307543576,С2
"MULTIPOINT ((443232.843855 6202714.52515905))",736,п3д,с.с.,морена,168.091598510742,1.86797142028809,158.772689819336,0.000794765772297978,0.000170780505868606,С2
"MULTIPOINT ((443382.741889543 6202720.05500897))",737,п3д,с.с.,морена,169.759552001953,1.07613635063171,216.327789306641,8.38573687360622e-05,0.000153335597133264,
"MULTIPOINT ((443532.639924086 6202725.58485889))",738,п2д,с.с.,морена,170.328948974609,1.16448068618774,349.1279296875,0.000335973658366129,0.000119754746265244,
"MULTIPOINT ((443682.537958629 6202731.11470881))",739,п2д,с.с.,морена,167.983276367188,0.0587081164121628,131.968765258789,-0.000137218536110595,-6.70423250994645e-05,С2
"MULTIPOINT ((443832.435993172 6202736.64455873))",740,п2д,с.с.,морена,169.641510009766,1.34372735023499,189.816787719727,-0.000105548417195678,6.95634153089486e-05,С2
"MULTIPOINT ((443982.334027715 6202742.17440865))",741,п3д,с.с.,морена,171.607666015625,0.467126905918121,226.048889160156,-5.09459241584409e-05,-8.39206113596447e-05,С2
"MULTIPOINT ((444132.232062258 6202747.70425857))",742,п3д,с.с.,морена,173.679412841797,0.302890211343765,256.981842041016,0.000163083197548985,0.000543653557542711,С2
"MULTIPOINT ((444282.130096801 6202753.23410849))",743,п3д,с.с.,морена,172.085113525391,1.13249433040619,326.133239746094,0.000222486036363989,0.00025028720847331,С2
"MULTIPOINT ((444432.028131344 6202758.76395841))",744,п3д,с.с.,морена,169.967758178711,0.634163796901703,142.694946289062,6.78624128340743e-05,3.41764825861901e-05,С2
"MULTIPOINT ((444581.926165887 6202764.29380833))",745,п3д,с.с.,морена,169.990478515625,0.900932908058167,8.33133220672607,0.000317222496960312,-5.72889694012702e-05,С2
"MULTIPOINT ((444731.82420043 6202769.82365825))",746,п3д,с.с.,морена,167.393951416016,0.300095707178116,252.84651184082,-0.000120377291750629,-0.000435972062405199,С2
"MULTIPOINT ((444881.722234974 6202775.35350817))",747,п3д огл,с.с.,морена,168.944778442383,0.735694944858551,23.3696765899658,0.000247236894210801,7.89933474152349e-05,С2
"MULTIPOINT ((445031.620269516 6202780.88335809))",748,п3д огл,с.с.,морена,166.484451293945,0.535057365894318,35.133674621582,-0.000229242694331333,-0.000101701807579957,С2
"MULTIPOINT ((445181.518304059 6202786.41320801))",749,п3д огл,с.с.,морена,165.828048706055,1.24976181983948,351.013458251953,0.000298934930469841,1.33713383547729e-05,С2
"MULTIPOINT ((445331.416338602 6202791.94305793))",750,п3д,с.с.,морена,160.01741027832,2.44253969192505,341.589050292969,0.000459845090517774,9.24977866816334e-05,С2
"MULTIPOINT ((445481.314373146 6202797.47290785))",751,п3д,с.с.,морена,157.266250610352,3.00923013687134,183.820297241211,-0.00128675228916109,0.000188989361049607,
"MULTIPOINT ((445631.212407688 6202803.00275777))",752,п3д огл,с.с.,далл,166.095291137695,1.33016800880432,193.684356689453,0.000571891374420375,0.000224213494220749,С3
"MULTIPOINT ((445781.110442232 6202808.53260769))",753,п3д огл,с.с.,далл,165.210388183594,0.369433045387268,93.2964630126953,0.000299845734843984,7.84265921538463e-06,С3
"MULTIPOINT ((445931.008476775 6202814.06245761))",754,п2д огл,л.с.,далл,164.61555480957,0.563946485519409,41.5318794250488,4.13611342082731e-05,9.16206263354979e-05,С3
"MULTIPOINT ((446080.906511318 6202819.59230753))",755,п2д,с.с.,морена,163.515243530273,0.188679531216621,348.897827148438,-6.09383387200069e-05,-6.92561370669864e-05,С3
"MULTIPOINT ((446230.804545861 6202825.12215745))",756,п2д,с.с.,морена,164.308792114258,0.539894282817841,218.495178222656,-8.09421999292681e-06,5.69111653021537e-05,С3
"MULTIPOINT ((446380.702580404 6202830.65200737))",757,п2д,с.с.,морена,165.118759155273,0.120849519968033,22.6356906890869,0.000234704260947183,-3.30216039401421e-06,С3
"MULTIPOINT ((446530.600614947 6202836.18185729))",758,п2д,с.с.,морена,162.965698242188,1.97368800640106,29.7683296203613,0.000186440636753105,-3.80677738576196e-05,В4
"MULTIPOINT ((446680.49864949 6202841.71170721))",759,п2д,с.с.,морена,160.58317565918,0.681240618228912,192.436752319336,-0.000468171085231006,1.38732184495893e-05,С2
"MULTIPOINT ((442927.517935994 6202853.36349375))",760,п3д,с.с.,морена,170.962280273438,0.535519182682037,349.669494628906,0.000113139307359233,-4.31732260040008e-05,
"MULTIPOINT ((443077.415970537 6202858.89334367))",761,п3д,с.с.,морена,161.350845336914,4.18786954879761,347.792755126953,-0.0013315548421815,-0.00044043778325431,
"MULTIPOINT ((443227.31400508 6202864.42319359))",762,п3д,с.с.,морена,164.408721923828,4.24036359786987,172.80940246582,0.000176612389623187,-0.000552812649402767,С2
"MULTIPOINT ((447955.842036332 6196010.85707132))",763,п1д,с.с.,морена,143.791610717773,1.10000514984131,182.864151000977,-0.000329092086758465,-0.00019553498714231,С2
"MULTIPOINT ((443377.212039623 6202869.95304351))",764,п3д,с.с.,морена,170.678131103516,0.862155258655548,219.391189575195,0.000276449572993442,-0.000114038790343329,
"MULTIPOINT ((448105.624847982 6196002.7880358))",765,п1д,с.с.,морена,145.474105834961,0.711843729019165,263.254821777344,-9.86701998044737e-05,-0.000280967564322054,С2
"MULTIPOINT ((443527.110074166 6202875.48289343))",766,п2д,с.с.,морена,169.643112182617,0.859656631946564,21.2875556945801,-0.000100093129731249,7.53231506678276e-05,С2
"MULTIPOINT ((448255.407659632 6195994.71900027))",767,п1д,с.с.,морена,146.507369995117,0.492821246385574,270.616271972656,-6.00374769419432e-05,0.000152192689711228,С2
"MULTIPOINT ((443677.008108709 6202881.01274335))",768,п2д,с.с.,морена,168.252899169922,0.237366750836372,22.7329864501953,-0.000173418578924611,8.64459943841211e-05,С2
"MULTIPOINT ((448405.190471281 6195986.64996475))",769,п1д,с.с.,морена,145.584457397461,0.541922986507416,302.914733886719,0.000124523867270909,-0.000183454423677176,С2
"MULTIPOINT ((443826.906143252 6202886.54259327))",770,п2д,с.с.,морена,168.399276733398,1.28877544403076,145.172409057617,-0.000306001980789006,-7.074872701196e-05,С2
"MULTIPOINT ((448554.973282931 6195978.58092923))",771,п1д,с.с.,морена,145.93327331543,1.51344215869904,333.543792724609,0.000359699741238728,0.000263263267697766,С2
"MULTIPOINT ((443976.804177795 6202892.07244319))",772,п3д,с.с.,морена,171.64306640625,0.694197475910187,105.62752532959,0.000212629180168733,-0.000259883148828521,С2
"MULTIPOINT ((448854.538906231 6195962.44285818))",773,п1д,с.с.,морена,139.899917602539,2.90945100784302,246.889434814453,8.76239064382389e-05,-4.03058220399544e-06,В3
"MULTIPOINT ((444126.702212338 6202897.60229311))",774,п3д,с.с.,морена,173.582885742188,0.578770279884338,105.999053955078,0.000333648436935619,0.000404203572543338,С2
"MULTIPOINT ((449004.321717881 6195954.37382266))",775,п1д,с.с.,морена,141.313095092773,1.25900518894196,193.336227416992,-0.000176191300852224,-0.000243156260694377,
"MULTIPOINT ((444276.600246881 6202903.13214303))",776,п3д,с.с.,морена,172.805313110352,0.955805003643036,34.2887725830078,0.000296832004096359,0.000472484476631507,С2
"MULTIPOINT ((449154.10452953 6195946.30478713))",777,п1д,с.с.,морена,143.601272583008,0.36995130777359,341.675140380859,0.000358523684553802,-0.000165114572155289,В4
"MULTIPOINT ((444426.498281424 6202908.66199295))",778,п3д,с.с.,морена,168.46907043457,0.523711264133453,188.920333862305,-0.00021326044225134,-0.00038262119051069,С2
"MULTIPOINT ((448097.555812458 6195853.00522415))",779,п1д,с.с.,морена,146.567810058594,0.861456573009491,308.854187011719,0.000316518533509225,0.000834576843772084,С2
"MULTIPOINT ((444576.396315967 6202914.19184287))",780,п3д,с.с.,морена,170.229629516602,0.318722993135452,304.4296875,0.000212130442378111,4.63342112198006e-05,С2
"MULTIPOINT ((448247.338624108 6195844.93618862))",781,п1д,с.с.,морена,145.038375854492,0.627122938632965,215.569152832031,3.04648729070323e-05,7.59621627821616e-07,С2
"MULTIPOINT ((444726.29435051 6202919.72169279))",782,п3д,с.с.,морена,169.128143310547,0.622781038284302,300.756439208984,-6.5475237533974e-06,4.90958991576917e-05,С2
"MULTIPOINT ((448397.121435758 6195836.8671531))",783,п1д,с.с.,морена,144.467849731445,1.07196092605591,349.285583496094,0.000211974678677507,-0.000264273752691224,С3
"MULTIPOINT ((444876.192385053 6202925.25154271))",784,п3д огл,с.с.,морена,168.39436340332,0.286046802997589,331.183715820312,-2.04322059289552e-05,-0.000147806349559687,С2
"MULTIPOINT ((448600.974399881 6195833.06558021))",785,п1д,с.с.,морена,144.413650512695,0.543520987033844,305.802734375,0.000112170404463541,0.000394477043300867,С3
"MULTIPOINT ((445026.090419596 6202930.78139263))",786,п3д огл,с.с.,морена,166.49641418457,0.447581976652145,336.961486816406,-0.000193201514775865,-3.5678251151694e-05,С2
"MULTIPOINT ((449146.035494007 6195796.52197548))",787,п1д,с.с.,морена,145.83772277832,1.22431027889252,77.5966644287109,0.000411971413996071,0.000121064265840687,В3
"MULTIPOINT ((445175.988454139 6202936.31124255))",788,п3д огл,с.с.,морена,166.292678833008,1.4479945898056,19.5714836120605,0.000534539925865829,0.000264286267338321,С2
"MULTIPOINT ((445325.886488682 6202941.84109247))",789,п3д,с.с.,морена,161.777465820312,1.45271039009094,22.4456806182861,-9.27957298699766e-05,0.000167843798408285,С2
"MULTIPOINT ((445475.784523225 6202947.37094239))",790,п3д,с.с.,морена,156.055450439453,2.95496964454651,174.840957641602,-0.00159675744362175,-0.000208146404474974,
"MULTIPOINT ((449635.729106574 6196521.22892716))",791,п1д огл,с.с.,далл,155.642837524414,0.933481395244598,190.508666992188,0.000236380146816373,0.000176974703208543,С2
"MULTIPOINT ((445625.682557768 6202952.90079231))",792,п3д огл,с.с.,далл,164.164993286133,0.777390003204346,135.204238891602,-5.96729587414302e-05,0.000190499224117957,С3
"MULTIPOINT ((449785.511918224 6196513.15989164))",793,п1д огл,с.с.,далл,156.121810913086,0.252102881669998,224.451889038086,3.4804437746061e-05,3.18127276841551e-05,С2
"MULTIPOINT ((445775.580592311 6202958.43064223))",794,п3д огл,с.с.,далл,163.16227722168,0.909950256347656,10.2658796310425,3.85816601919942e-05,-0.000203949253773317,С3
"MULTIPOINT ((449935.294729874 6196505.09085611))",795,п1д огл,с.с.,далл,155.716857910156,0.174184560775757,287.765594482422,4.90135353174992e-05,-0.000167918551596813,С2
"MULTIPOINT ((445925.478626854 6202963.96049215))",796,п2д огл,л.с.,далл,162.74560546875,0.757967829704285,158.778305053711,6.70426452415995e-05,-0.000139092866447754,С3
"MULTIPOINT ((450085.077541523 6196497.02182059))",797,п1д огл,с.с.,далл,156.359832763672,0.35325899720192,105.475852966309,-4.04857928515412e-05,-3.3325661206618e-05,С2
"MULTIPOINT ((446075.376661397 6202969.49034207))",798,п2д,с.с.,морена,164.04817199707,0.0729775726795197,335.707397460938,0.000184201446245424,7.41019321139902e-05,С3
"MULTIPOINT ((450234.860353173 6196488.95278507))",799,п1д огл,с.с.,далл,152.895172119141,2.5571653842926,325.503936767578,0.000409887754358351,-0.000226432544877753,С2
"MULTIPOINT ((446225.27469594 6202975.02019199))",800,п2д,с.с.,морена,163.359466552734,0.681541860103607,111.816703796387,2.95094669127138e-05,-0.00014310066762846,С3
"MULTIPOINT ((447830.266331253 6196468.27454179))",801,п1д,с.с.,морена,147.462020874023,1.80753040313721,188.255294799805,0.000462029973277822,0.000686175480950624,
"MULTIPOINT ((446375.172730483 6202980.55004191))",802,п2д,с.с.,морена,165.013076782227,0.977292120456696,56.7477951049805,0.000384074868634343,0.000390861911000684,С3
"MULTIPOINT ((447980.049142903 6196460.20550627))",803,п1д,с.с.,морена,143.555068969727,1.76922070980072,311.955657958984,-0.000883580418303609,-0.000607347465120256,
"MULTIPOINT ((446525.070765026 6202986.07989183))",804,п1д,с.с.,морена,160.589431762695,1.63163411617279,19.7957458496094,-0.000423402962042019,-1.0104859029525e-05,В4
"MULTIPOINT ((448129.831954552 6196452.13647075))",805,п1д,с.с.,морена,143.983261108398,0.844884514808655,247.161956787109,-0.00110044120810926,0.000115855618787464,
"MULTIPOINT ((446674.96879957 6202991.60974175))",806,п1д,с.с.,морена,162.078674316406,1.70069682598114,191.790573120117,0.000196782450075261,9.28602166823111e-05,С2
"MULTIPOINT ((448279.614766202 6196444.06743522))",807,п1д,с.с.,морена,144.197219848633,0.891051709651947,241.856079101562,-0.0010370051022619,-0.000245996925514191,
"MULTIPOINT ((446824.866834113 6202997.13959167))",808,п2д,с.с.,морена,164.034255981445,0.831124842166901,28.6758422851562,0.000149126964970492,2.43917043007968e-06,С2
"MULTIPOINT ((448429.397577852 6196435.9983997))",809,п1д,с.с.,морена,145.395431518555,1.28674161434174,106.284713745117,8.98287398740649e-05,-0.000276869221124798,
"MULTIPOINT ((446974.764868656 6203002.66944159))",810,п2д,с.с.,морена,160.622741699219,0.405116677284241,342.160491943359,-0.000653162656817585,-0.000279820756986737,В4
"MULTIPOINT ((448579.180389502 6196427.92936418))",811,п1д,с.с.,морена,148.548965454102,1.60714936256409,143.765625,0.000365750689525157,9.60116813075729e-05,
"MULTIPOINT ((447124.662903199 6203008.19929151))",812,п2д,с.с.,морена,164.317810058594,1.19729363918304,189.407241821289,0.000495592714287341,-7.22776985639939e-06,С2
"MULTIPOINT ((448728.963201152 6196419.86032865))",813,п1д,с.с.,морена,149.323089599609,1.36769485473633,270.514190673828,2.97177757602185e-05,3.26867229887284e-05,
"MULTIPOINT ((447274.560937742 6203013.72914143))",814,п2д,с.с.,морена,163.763809204102,0.677606165409088,216.889999389648,-6.13480879110284e-05,-0.000312140153255314,В3
"MULTIPOINT ((448878.746012801 6196411.79129313))",815,п1д,с.с.,морена,145.282745361328,2.28224587440491,267.673004150391,-0.000182977251824923,-0.000947326945606619,
"MULTIPOINT ((447424.458972285 6203019.25899135))",816,п2д,с.с.,морена,163.751205444336,0.615043461322784,11.4162788391113,-7.37618101993576e-05,-0.000282800872810185,С2
"MULTIPOINT ((449028.528824451 6196403.7222576))",817,п1д,с.с.,морена,149.161880493164,2.62896466255188,244.288208007812,-7.31370018911548e-05,0.00023437844356522,
"MULTIPOINT ((449178.311636101 6196395.65322208))",818,п1д огл,с.с.,далл,152.699890136719,2.2769410610199,223.836639404297,0.000397757743485272,2.75783695542486e-05,
"MULTIPOINT ((446907.814582915 6200748.66907353))",819,п2д огл,л.с.,далл,160.235244750977,0.833567559719086,288.346313476562,-3.68340151908342e-05,9.79381875367835e-05,С2
"MULTIPOINT ((446608.018513829 6200737.60937369))",820,п3д огл,л.с.,далл,158.496231079102,0.190523892641068,227.612838745117,1.69899667525897e-05,-0.000369822868378833,С2
"MULTIPOINT ((447207.610652001 6200759.72877337))",821,п2д огл,л.с.,далл,161.170303344727,0.981714725494385,335.555297851562,0.000228399250772782,5.98516307945829e-05,В3
"MULTIPOINT ((447057.712617458 6200754.19892345))",822,п2д огл,л.с.,далл,160.436401367188,0.960602879524231,242.394088745117,-3.93802947655786e-05,0.000138849864015356,С2
"MULTIPOINT ((447507.406721087 6200770.78847321))",823,п2д огл,л.с.,далл,159.378952026367,1.88982141017914,218.259353637695,0.000185507233254611,-0.000142273434903473,С2
"MULTIPOINT ((447357.508686544 6200765.25862329))",824,п2д огл,л.с.,далл,158.673065185547,1.93322658538818,297.808380126953,0.000259095657384023,-0.000170008061104454,В3
"MULTIPOINT ((447807.202790173 6200781.84817305))",825,п3д,с.с.,далл,162.290985107422,0.386396646499634,223.889083862305,0.000445387529907748,0.000518460350576788,С2
"MULTIPOINT ((447657.30475563 6200776.31832313))",826,п3д,с.с.,далл,158.909744262695,0.750596821308136,276.979827880859,-3.27642483171076e-05,-0.00060653209220618,С3
"MULTIPOINT ((448106.998859259 6200792.90787289))",827,п3д,с.с.,далл,163.420654296875,0.712678968906403,236.808959960938,-3.53126124537084e-05,5.60664238946629e-06,С2
"MULTIPOINT ((447957.100824716 6200787.37802297))",828,п3д,с.с.,далл,159.377578735352,1.7347469329834,187.33805847168,-0.00150495884008706,-0.000115044778794982,В4
"MULTIPOINT ((444514.975880147 6200510.29344026))",829,п3д,с.с.,морена,164.922058105469,1.3893129825592,198.229705810547,-0.000331611488945782,0.000131195047288202,С2
"MULTIPOINT ((448256.896893802 6200798.43772281))",830,п3д,с.с.,далл,163.430618286133,1.01518070697784,270.663055419922,6.10791830695234e-05,-0.000281091080978513,С2
"MULTIPOINT ((444664.87391469 6200515.82329018))",831,п3д,с.с.,морена,167.790603637695,0.75771951675415,193.480819702148,-5.27138181496412e-05,-2.89116105705034e-05,С2
"MULTIPOINT ((444814.771949233 6200521.3531401))",832,п3д,с.с.,морена,168.489273071289,0.649400413036346,56.3099746704102,-0.000116325376438908,0.000123649573652074,С2
"MULTIPOINT ((444964.669983776 6200526.88299002))",833,п3д,с.с.,морена,166.53759765625,1.5174742937088,12.6156282424927,0.000144663295941427,-5.43471032870002e-05,С2
"MULTIPOINT ((445114.568018319 6200532.41283994))",834,п3д,с.с.,морена,161.630218505859,2.62978529930115,19.1407527923584,-1.44240320878453e-05,-8.49401476443745e-05,
"MULTIPOINT ((445264.466052862 6200537.94268986))",835,п3д,с.с.,морена,160.513107299805,1.13325834274292,131.863418579102,0.000162846539751627,0.000180731352884322,
"MULTIPOINT ((445414.364087405 6200543.47253978))",836,п3д,с.с.,морена,160.710784912109,0.569831907749176,78.387565612793,-1.56400565174408e-05,0.000135387657792307,
"MULTIPOINT ((445564.262121948 6200549.0023897))",837,п3д,с.с.,морена,159.393096923828,1.56652283668518,10.0295810699463,0.000388643151381984,-3.23774947901256e-05,
"MULTIPOINT ((445714.160156491 6200554.53223962))",838,п3д огл,с.с.,далл,154.111709594727,1.42153990268707,47.7836875915527,-0.000398091186070815,-0.000431884895078838,С5
"MULTIPOINT ((445864.058191034 6200560.06208954))",839,п3д огл,с.с.,далл,160.877975463867,1.83416271209717,252.664001464844,0.000145373836858198,0.000793131010141224,С2
"MULTIPOINT ((446463.650329206 6200582.18148922))",840,п3д огл,л.с.,далл,157.521408081055,1.97134709358215,323.453216552734,0.000198515859665349,-0.000423980673076585,С2
"MULTIPOINT ((446013.956225577 6200565.59193946))",841,п3д огл,с.с.,далл,162.028762817383,1.26110327243805,223.126495361328,0.000136620306875557,-9.90088810794987e-05,С2
"MULTIPOINT ((447662.834605551 6200626.42028859))",842,п3д,с.с.,далл,153.999801635742,3.25692558288574,276.652069091797,0.00015656728646718,-0.000626826658844948,С3
"MULTIPOINT ((447512.936571008 6200620.89043866))",843,п3д,с.с.,далл,157.161911010742,2.16432309150696,147.016510009766,0.000716238340828568,-0.000375298230210319,С2
"MULTIPOINT ((447962.630674637 6200637.47998843))",844,п2д,с.с.,далл,159.979049682617,2.83465695381165,192.935623168945,-0.00103886751458049,0.000389638007618487,С2
"MULTIPOINT ((447812.732640094 6200631.95013851))",845,п3д,с.с.,далл,159.66926574707,2.22372961044312,263.053405761719,0.000477813795441762,0.000344310101354495,С3
"MULTIPOINT ((448262.426743723 6200648.53968827))",846,п3д,с.с.,далл,162.107574462891,0.546272933483124,27.9315624237061,-0.0006265381234698,-0.000107475752884056,С2
"MULTIPOINT ((448112.52870918 6200643.00983835))",847,п3д,с.с.,далл,165.487686157227,1.14842975139618,126.664497375488,0.000490054255351424,0.000686246086843312,С2
"MULTIPOINT ((444520.505730067 6200360.39540572))",848,п3д,с.с.,морена,161.092788696289,1.58753168582916,201.109649658203,-0.000431917113019153,-0.00015035351680126,С2
"MULTIPOINT ((444670.40376461 6200365.92525564))",849,п3д,с.с.,морена,166.446655273438,2.44888544082642,200.904602050781,6.29983114777133e-05,-3.51484741258901e-05,С2
"MULTIPOINT ((444820.301799153 6200371.45510556))",850,п3д,с.с.,морена,170.615249633789,0.46736353635788,338.435455322266,0.000304077169857919,0.000126030063256621,С2
"MULTIPOINT ((444970.199833696 6200376.98495548))",851,п3д,с.с.,морена,167.470687866211,1.44108748435974,10.0561943054199,-0.000102531324955635,0.00021652971918229,В3
"MULTIPOINT ((445120.097868239 6200382.5148054))",852,п3д,с.с.,морена,162.878814697266,2.15213060379028,359.579406738281,-0.000409656728152186,0.000298932602163404,
"MULTIPOINT ((445269.995902782 6200388.04465532))",853,п3д,с.с.,морена,162.509979248047,0.733595430850983,114.209175109863,0.000177098598214798,0.00034632597817108,С2
"MULTIPOINT ((445419.893937326 6200393.57450524))",854,п3д,с.с.,морена,161.396591186523,0.449201822280884,28.1435699462891,-2.86572012555553e-05,2.12540089705726e-05,С2
"MULTIPOINT ((445569.791971869 6200399.10435516))",855,п3д,с.с.,морена,160.273910522461,0.751930952072144,45.973804473877,0.000223061768338084,-0.000150898864376359,С2
"MULTIPOINT ((445719.690006412 6200404.63420508))",856,п3д,с.с.,морена,154.735061645508,1.85333263874054,7.55277919769287,-0.000675058632623404,-0.000223232273128815,С2
"MULTIPOINT ((447668.364455471 6200476.52225404))",857,п3д,с.с.,далл,146.36018371582,2.35633707046509,330.3095703125,-0.000863780791405588,-0.00111299252603203,
"MULTIPOINT ((445869.588040955 6200410.164055))",858,п3д,с.с.,морена,156.409683227539,1.61155593395233,219.170852661133,0.000460429408121854,-0.000262426707195118,
"MULTIPOINT ((447968.160524557 6200487.58195388))",859,п2д,с.с.,далл,154.568313598633,2.54790234565735,240.124313354492,2.47149273491232e-06,0.00020095071522519,С2
"MULTIPOINT ((447818.262490014 6200482.05210396))",860,п3д,с.с.,далл,149.49543762207,3.04367685317993,215.825836181641,-0.000159723102115095,-0.000211290069273673,С2
"MULTIPOINT ((448267.956593643 6200498.64165372))",861,п3д,с.с.,далл,160.954010009766,1.46844804286957,269.173187255859,0.000377066346118227,-0.000727578822989017,С2
"MULTIPOINT ((448118.0585591 6200493.1118038))",862,п3д,с.с.,далл,165.767608642578,3.02682042121887,240.745635986328,0.00160142651293427,0.00162845884915441,С2
"MULTIPOINT ((444526.035579988 6200210.49737118))",863,пд пов огл,с.с.,морена,160.437973022461,1.34312558174133,199.652130126953,-0.000526672694832087,6.49341454845853e-05,С2
"MULTIPOINT ((444204.120111221 6200799.02980951))",864,п3д,с.с.,морена,167.722579956055,0.493894308805466,222.251037597656,0.000724388577509671,0.000417950708651915,С2
"MULTIPOINT ((444354.018145764 6200804.55965943))",865,п3д,с.с.,морена,163.954238891602,1.57142841815948,0.0226155836135149,-0.000300828891340643,-0.000194742562598549,С2
"MULTIPOINT ((444503.916180307 6200810.08950935))",866,п3д,с.с.,морена,166.168701171875,1.04223084449768,222.206451416016,0.000497780391015112,0.000155595029355027,С2
"MULTIPOINT ((444653.81421485 6200815.61935927))",867,п3д,с.с.,морена,166.390228271484,0.903104066848755,147.433609008789,-0.000166515761520714,8.03545481176116e-06,С2
"MULTIPOINT ((444803.712249393 6200821.14920919))",868,п3д,с.с.,морена,168.994430541992,0.376125335693359,188.789413452148,0.000331653340253979,0.00018313129839953,С2
"MULTIPOINT ((444953.610283936 6200826.67905911))",869,п3д,с.с.,морена,167.564361572266,1.61921226978302,330.672180175781,0.000119544441986363,4.76434506708756e-05,С2
"MULTIPOINT ((445103.508318479 6200832.20890903))",870,п3д огл,с.с.,далл,163.372528076172,2.412428855896,344.525054931641,0.000189250073162839,0.000106419895018917,С2
"MULTIPOINT ((445253.406353022 6200837.73875895))",871,п3д огл,с.с.,далл,155.506301879883,2.62685251235962,332.810821533203,-0.000476094865007326,-0.000998571165837348,С2
"MULTIPOINT ((445403.304387565 6200843.26860887))",872,п3д огл,с.с.,далл,158.003158569336,0.399565488100052,160.834182739258,0.000220269081182778,-0.000718434108421206,
"MULTIPOINT ((445553.202422108 6200848.79845879))",873,п3д огл,с.с.,далл,158.997985839844,3.53583788871765,28.0043163299561,0.00141188851557672,0.000830805220175534,
"MULTIPOINT ((445703.100456651 6200854.32830871))",874,п3д,с.с.,морена,152.858245849609,4.25340414047241,198.141983032227,-0.00133676012046635,-0.000101778612588532,С3
"MULTIPOINT ((446002.896525737 6200865.38800855))",875,п2д огл,л.с.,далл,164.377319335938,1.14155352115631,260.256500244141,0.000441187323303893,-9.20923193916678e-05,С2
"MULTIPOINT ((445852.998491194 6200859.85815863))",876,п3д огл,с.с.,далл,164.936248779297,1.48468637466431,283.316589355469,0.000122645506053232,0.000272129022050649,С2
"MULTIPOINT ((446302.692594823 6200876.44770839))",877,п2д,с.с.,далл,164.409027099609,0.564791321754456,25.9021320343018,0.000202424082090147,0.000282168824924156,С2
"MULTIPOINT ((446152.79456028 6200870.91785847))",878,п2д,с.с.,далл,164.920227050781,0.0444288104772568,128.213577270508,0,0,С2
"MULTIPOINT ((446602.488663909 6200887.50740823))",879,п3д,с.с.,далл,158.831573486328,0.772834241390228,224.082229614258,-0.000461787130916491,-0.000238273918512277,С2
"MULTIPOINT ((446452.590629366 6200881.97755831))",880,п3д огл,л.с.,далл,162.196395874023,1.59810853004456,1.04286599159241,0.000298689672490582,0.00019208001322113,С2
"MULTIPOINT ((446902.284732995 6200898.56710807))",881,п2д огл,л.с.,далл,161.27946472168,0.589561700820923,91.9429244995117,-1.38247651193524e-05,-0.000101485835330095,С2
"MULTIPOINT ((446752.386698452 6200893.03725815))",882,п3д огл,л.с.,далл,160.644760131836,0.513068914413452,108.660980224609,-0.000345679087331519,-0.000128050378407352,С3
"MULTIPOINT ((447202.080802081 6200909.62680791))",883,п2д огл,л.с.,далл,160.143493652344,0.188453689217567,50.3312187194824,-0.000291673495667055,-0.000258873769780621,С2
"MULTIPOINT ((447052.182767538 6200904.09695799))",884,п2д огл,л.с.,далл,162.159286499023,0.385918885469437,115.250701904297,0.000205606003873982,0.000133872279548086,С2
"MULTIPOINT ((447501.876871167 6200920.68650775))",885,п2д огл,л.с.,далл,161.050811767578,1.30536580085754,193.849578857422,1.48944318425492e-05,9.44583298405632e-05,С3
"MULTIPOINT ((447351.978836624 6200915.15665783))",886,п2д огл,л.с.,далл,160.299743652344,0.650831580162048,353.330383300781,6.91915774950758e-05,-3.81572863261681e-05,С2
"MULTIPOINT ((447801.672940253 6200931.74620759))",887,п3д,с.с.,далл,160.964874267578,0.798140704631805,130.181854248047,7.20968382665887e-05,9.56857329583727e-05,С3
"MULTIPOINT ((447651.77490571 6200926.21635767))",888,п3д,с.с.,далл,160.923538208008,0.937854528427124,349.569854736328,-0.000239517787122168,0.000278756517218426,С2
"MULTIPOINT ((448101.469009339 6200942.80590743))",889,п3д,с.с.,далл,163.816635131836,0.748129367828369,223.855621337891,-0.000250822311500087,-0.000225445357500575,С2
"MULTIPOINT ((447951.570974796 6200937.27605751))",890,п3д,с.с.,далл,161.372100830078,0.485667079687119,151.620147705078,-0.000263040827121586,0.000236965686781332,С2
"MULTIPOINT ((444359.547995684 6200654.66162488))",891,п3д,с.с.,морена,164.77799987793,1.10439133644104,329.941711425781,-3.75543677364476e-05,0.00053047260735184,
"MULTIPOINT ((448251.367043882 6200948.33575735))",892,п3д,с.с.,далл,164.983840942383,0.641999542713165,231.694869995117,-7.81086564529687e-05,-0.000193730447790585,С2
"MULTIPOINT ((444509.446030227 6200660.1914748))",893,п3д,с.с.,морена,163.760452270508,1.5288712978363,164.836868286133,-0.00029167637694627,-0.000418758951127529,С2
"MULTIPOINT ((444659.34406477 6200665.72132473))",894,п3д,с.с.,морена,167.680465698242,0.838282406330109,145.181198120117,0.000114747708721552,5.07270051457454e-05,С2
"MULTIPOINT ((444809.242099313 6200671.25117464))",895,п3д,с.с.,морена,167.966979980469,0.0653640031814575,229.973922729492,-0.00012900035653729,1.3210044016887e-05,С2
"MULTIPOINT ((444959.140133856 6200676.78102456))",896,п3д,с.с.,морена,165.602340698242,1.32035708427429,0.364057540893555,-0.000147028884384781,-0.000169000879395753,С2
"MULTIPOINT ((445109.038168399 6200682.31087449))",897,п3д,с.с.,морена,161.355880737305,2.92390131950378,351.319702148438,-1.0164861123485e-05,4.62744319520425e-05,
"MULTIPOINT ((445258.936202942 6200687.84072441))",898,п3д огл,с.с.,далл,157.518646240234,0.675264775753021,152.524765014648,-0.000669015862513334,0.000147135418956168,
"MULTIPOINT ((445408.834237485 6200693.37057433))",899,п3д огл,с.с.,далл,160.181213378906,0.420940071344376,234.510223388672,-0.000180597970029339,7.56836161599495e-05,
"MULTIPOINT ((445558.732272028 6200698.90042425))",900,п3д огл,с.с.,далл,159.654769897461,3.41909623146057,0.706615328788757,0.00110592949204147,0.000116695249744225,
"MULTIPOINT ((445708.630306571 6200704.43027417))",901,п3д,с.с.,морена,149.969940185547,1.41311514377594,192.289154052734,-0.00231375801376998,-0.000158947805175558,С3
"MULTIPOINT ((445858.528341114 6200709.96012409))",902,п3д огл,с.с.,далл,162.254333496094,0.681601881980896,233.362243652344,0.00014022113464307,0.000144820587593131,С2
"MULTIPOINT ((446158.3244102 6200721.01982393))",903,п2д,с.с.,далл,164.434951782227,0.859664559364319,194.898452758789,0.000440328381955624,-8.67977814777987e-06,С2
"MULTIPOINT ((446008.426375657 6200715.48997401))",904,п3д огл,с.с.,далл,161.332580566406,0.282699525356293,187.522171020508,-0.00030042786966078,-0.000294177356408909,С2
"MULTIPOINT ((446458.120479286 6200732.07952377))",905,п3д огл,л.с.,далл,160.84162902832,1.48098635673523,313.847625732422,2.27394830289995e-05,0.000344305124599487,С2
"MULTIPOINT ((446308.222444743 6200726.54967385))",906,п2д,с.с.,далл,163.422958374023,1.47071862220764,331.549224853516,0.000395392329664901,-8.67454000399448e-05,С2
"MULTIPOINT ((446891.225033155 6201198.36317716))",907,п3д огл,л.с.,далл,159.164199829102,1.22670078277588,129.118576049805,-1.50795949593885e-05,-0.000278329302091151,С2
"MULTIPOINT ((446741.326998612 6201192.83332724))",908,п3д,с.с.,далл,156.353530883789,0.60747230052948,43.2008438110352,-0.00017127649334725,-0.000872771255671978,В3
"MULTIPOINT ((447191.021102241 6201209.422877))",909,п2д огл,л.с.,далл,161.844665527344,0.601880371570587,6.49472332000732,3.27239540638402e-05,7.85734391683945e-06,С2
"MULTIPOINT ((447041.123067698 6201203.89302708))",910,п2д огл,л.с.,далл,161.613540649414,0.903404951095581,170.653335571289,0.000131637003505602,-7.22141703590751e-05,С2
"MULTIPOINT ((447490.817171327 6201220.48257684))",911,п3д,с.с.,далл,158.09049987793,1.43073284626007,173.565994262695,-0.000977606046944857,-9.25678468775004e-05,С3
"MULTIPOINT ((447340.919136784 6201214.95272692))",912,п2д огл,л.с.,далл,160.96826171875,1.20907020568848,3.44016933441162,0.000442053540609777,4.8737976612756e-05,С2
"MULTIPOINT ((447790.613240413 6201231.54227668))",913,п3д,с.с.,далл,159.728515625,0.402233690023422,304.430572509766,0.000116512826934922,-0.00026893598260358,С2
"MULTIPOINT ((447640.71520587 6201226.01242676))",914,п2д огл,л.с.,далл,162.453491210938,0.126408904790878,284.700775146484,9.61835903581232e-05,0.000249154050834477,С2
"MULTIPOINT ((448090.409309499 6201242.60197652))",915,п3д,с.с.,далл,164.574066162109,1.96934282779694,176.878326416016,-0.000164657612913288,7.43694472475909e-05,С2
"MULTIPOINT ((447940.511274956 6201237.0721266))",916,п3д,с.с.,далл,162.076034545898,1.54599118232727,215.14111328125,0.000420300726545975,-3.42817838827614e-05,С2
"MULTIPOINT ((443598.998123128 6200926.80844437))",917,п3д,с.с.,морена,165.432479858398,1.93920981884003,205.550552368164,-9.78012976702303e-05,4.44311954197474e-05,С2
"MULTIPOINT ((448240.307344042 6201248.13182644))",918,п3д,с.с.,далл,162.823699951172,2.27538132667542,12.1497411727905,0.000485867931274697,-5.9089703427162e-05,С2
"MULTIPOINT ((443748.896157672 6200932.33829429))",919,п3д,с.с.,морена,167.357315063477,0.49330461025238,265.507873535156,-3.12196716549806e-05,-7.48366946936585e-05,С2
"MULTIPOINT ((443898.794192215 6200937.86814421))",920,п3д,с.с.,морена,167.268127441406,0.636644840240479,287.259033203125,3.12513730023056e-05,-5.24879797012545e-05,С2
"MULTIPOINT ((444048.692226758 6200943.39799413))",921,п3д,с.с.,морена,166.530715942383,0.654950559139252,346.210327148438,0.000128201252664439,6.51215668767691e-05,
"MULTIPOINT ((444198.590261301 6200948.92784405))",922,п3д,с.с.,морена,165.184921264648,0.943738460540771,65.5661087036133,-4.71086568722967e-05,0.000117568182758987,С2
"MULTIPOINT ((444348.488295844 6200954.45769397))",923,п3д,с.с.,морена,165.539138793945,0.373480379581451,211.94416809082,0.000172800995642319,9.03508625924587e-05,С2
"MULTIPOINT ((444498.386330387 6200959.98754389))",924,п3д,с.с.,морена,167.792785644531,0.885318458080292,216.604934692383,0.000256700703175738,0.000221786147449166,С2
"MULTIPOINT ((444648.28436493 6200965.51739381))",925,п3д,с.с.,морена,166.013076782227,1.057044506073,330.505249023438,-0.000306119647575542,-2.95282261504326e-05,С2
"MULTIPOINT ((444798.182399473 6200971.04724373))",926,п3д,с.с.,морена,167.705917358398,1.62815916538239,163.644622802734,0.000153233981109224,5.03486626257654e-05,С2
"MULTIPOINT ((444948.080434016 6200976.57709365))",927,п3д огл,с.с.,далл,169.948715209961,1.34164464473724,332.519836425781,0.000517277338076383,0.000135023467009887,С2
"MULTIPOINT ((445097.978468559 6200982.10694357))",928,п3д огл,с.с.,далл,164.880661010742,2.72537922859192,329.837005615234,7.90782942203805e-05,-0.000145501137012616,С2
"MULTIPOINT ((445247.876503102 6200987.63679349))",929,п3д огл,с.с.,далл,161.370269775391,1.73195171356201,263.86376953125,0.000322730309562758,-0.000595507211983204,
"MULTIPOINT ((445397.774537645 6200993.16664341))",930,п3д огл,с.с.,далл,161.000823974609,2.91057682037354,26.4534606933594,0.00107045576442033,0.000773091916926205,
"MULTIPOINT ((445547.672572188 6200998.69649333))",931,п3д,с.с.,морена,152.951416015625,1.08468544483185,20.3252487182617,-0.000592359458096325,-7.41984695196152e-05,С2
"MULTIPOINT ((445697.570606731 6201004.22634325))",932,п3д огл,с.с.,далл,158.334533691406,5.05758047103882,202.405990600586,0.00015138385060709,-3.32277522829827e-05,С2
"MULTIPOINT ((445847.468641274 6201009.75619317))",933,п3д огл,с.с.,далл,166.953887939453,0.16931876540184,255.71208190918,0.000118389587441925,0.000463914038846269,С2
"MULTIPOINT ((446147.26471036 6201020.81589301))",934,п2д,с.с.,далл,163.406341552734,0.613184690475464,46.0136260986328,-1.31049619085388e-05,-5.11500911670737e-05,С2
"MULTIPOINT ((445997.366675817 6201015.28604309))",935,п2д огл,л.с.,далл,165.174362182617,0.718005478382111,338.295349121094,-8.53605233714916e-05,8.97119389264844e-05,С2
"MULTIPOINT ((446447.060779446 6201031.87559285))",936,п3д огл,л.с.,далл,162.447128295898,0.768132448196411,314.451049804688,9.20222082640976e-05,-3.61408310709521e-05,С3
"MULTIPOINT ((446297.162744903 6201026.34574293))",937,п2д,с.с.,далл,163.316543579102,0.295661330223083,72.6423492431641,0.000129025065689348,0.000112720335891936,С2
"MULTIPOINT ((446746.856848532 6201042.93529269))",938,п3д огл,л.с.,далл,161.420318603516,0.736216604709625,125.977340698242,0.000590230338275433,0.000193009851500392,С2
"MULTIPOINT ((446596.958813989 6201037.40544277))",939,п3д,с.с.,далл,160.03239440918,1.15774166584015,346.188537597656,-0.000216974003706127,-9.24452760955319e-05,В4
"MULTIPOINT ((447046.652917618 6201053.99499253))",940,п2д огл,л.с.,далл,160.607528686523,0.509374916553497,212.302993774414,-0.000224806979531422,-0.000248159311013296,С2
"MULTIPOINT ((446896.754883075 6201048.46514261))",941,п3д огл,л.с.,далл,160.378326416016,0.0487432256340981,179.234832763672,0,0,С2
"MULTIPOINT ((447346.448986704 6201065.05469237))",942,п2д огл,л.с.,далл,160.602432250977,0.830593466758728,8.82819652557373,0.000176451620063744,7.59903050493449e-05,С2
"MULTIPOINT ((447196.550952161 6201059.52484245))",943,п2д огл,л.с.,далл,161.633926391602,0.550853729248047,320.295837402344,8.28862539492548e-05,9.61328478297219e-05,С2
"MULTIPOINT ((447646.24505579 6201076.11439221))",944,п2д огл,л.с.,далл,161.585510253906,0.646714389324188,20.4214611053467,1.61874395416817e-05,2.23086244659498e-05,С2
"MULTIPOINT ((447496.347021247 6201070.58454229))",945,п2д огл,л.с.,далл,161.000152587891,1.41404616832733,155.138824462891,3.6257737519918e-05,0.000208170880796388,С2
"MULTIPOINT ((447946.041124876 6201087.17409205))",946,п3д,с.с.,далл,161.386367797852,1.34483516216278,180.811492919922,0.000290965021122247,0.000169956634636037,С2
"MULTIPOINT ((447796.143090333 6201081.64424213))",947,п3д,с.с.,далл,159.348419189453,0.442685514688492,2.34027647972107,-7.55823057261296e-05,-6.69320579618216e-05,С3
"MULTIPOINT ((448245.837193962 6201098.23379189))",948,п3д,с.с.,далл,164.842971801758,1.75420606136322,38.7750701904297,0.000484690011944622,3.129076139885e-05,С2
"MULTIPOINT ((448095.939159419 6201092.70394197))",949,п3д,с.с.,далл,164.447692871094,1.89062917232513,188.515243530273,0.000117908326501492,-3.23750027746428e-05,С2
"MULTIPOINT ((443604.527973049 6200776.91040983))",950,п3д,с.с.,морена,163.057281494141,1.0496951341629,197.189712524414,-0.000613720214460045,-0.000219008914427832,С2
"MULTIPOINT ((443904.324042135 6200787.97010967))",951,п3д,с.с.,морена,165.354370117188,0.39142844080925,271.258331298828,-0.000189314974704757,-0.000346535205608234,С2
"MULTIPOINT ((444054.222076678 6200793.49995959))",952,п3д,с.с.,морена,166.316558837891,0.551435828208923,289.605316162109,0.000322682346450165,4.68700818601064e-05,С2
"MULTIPOINT ((445086.918768718 6201281.90301266))",953,п3д огл,с.с.,далл,168.196853637695,0.999542891979218,26.2581558227539,3.59779296559282e-05,-0.000153685323311947,С2
"MULTIPOINT ((444937.020734175 6201276.37316274))",954,п3д огл,с.с.,далл,167.857360839844,1.17738032341003,212.911804199219,5.19929672009312e-05,-2.3635002435185e-05,С2
"MULTIPOINT ((445236.816803261 6201287.43286258))",955,п3д огл,с.с.,далл,165.881759643555,1.49543225765228,14.7745237350464,4.11792134400457e-05,2.46691688516876e-05,С2
"MULTIPOINT ((445386.714837804 6201292.9627125))",956,п3д,с.с.,морена,161.865798950195,2.16627240180969,359.725555419922,-8.38433334138244e-05,0.000403355777962133,В3
"MULTIPOINT ((445536.612872347 6201298.49256242))",957,п3д,с.с.,морена,159.356231689453,2.89552283287048,214.381271362305,-0.000557061575818807,0.000219510344322771,С2
"MULTIPOINT ((445686.51090689 6201304.02241234))",958,п3д огл,с.с.,далл,165.411224365234,1.46073353290558,208.691192626953,0.000481793831568211,6.07495676376857e-05,С2
"MULTIPOINT ((445836.408941433 6201309.55226226))",959,п3д огл,с.с.,далл,166.727676391602,0.170329287648201,159.193542480469,0.000138169474666938,0.000264349480858073,С2
"MULTIPOINT ((446136.205010519 6201320.6119621))",960,п2д,с.с.,далл,161.281921386719,0.802045941352844,22.4150295257568,-0.000552390469238162,-0.000379728502593935,С2
"MULTIPOINT ((445986.306975976 6201315.08211218))",961,п2д огл,л.с.,далл,165.163314819336,0.653351485729218,12.6730632781982,0.000289962015813217,0.000132431596284732,С2
"MULTIPOINT ((446436.001079605 6201331.67166194))",962,п2д огл,л.с.,далл,163.556228637695,0.633017778396606,58.9472045898438,0.000195933738723397,0.000167663369211368,В3
"MULTIPOINT ((446286.103045062 6201326.14181202))",963,п2д,с.с.,далл,163.566268920898,0.687309861183167,191.543548583984,0.000341657229000703,5.15525171067566e-05,С2
"MULTIPOINT ((446735.797148692 6201342.73136178))",964,п3д,с.с.,далл,159.854278564453,3.14302706718445,350.314605712891,0.000533180660568178,0.000217260690988041,В4
"MULTIPOINT ((446585.899114149 6201337.20151186))",965,п3д огл,л.с.,далл,161.936172485352,0.756503283977509,343.869812011719,0.000197193148778751,-0.000116502058517653,С2
"MULTIPOINT ((447035.593217778 6201353.79106162))",966,п2д огл,л.с.,далл,162.733352661133,0.78793853521347,224.797271728516,0.000106662329926621,2.71047592832474e-05,С2
"MULTIPOINT ((446885.695183235 6201348.2612117))",967,п3д огл,л.с.,далл,160.596084594727,2.22845816612244,193.817153930664,0.000444585894001648,0.000123414152767509,С2
"MULTIPOINT ((447335.389286864 6201364.85076146))",968,п2д огл,л.с.,далл,161.756896972656,0.985622584819794,321.357971191406,0.000475725741125643,0.000131701628561132,С2
"MULTIPOINT ((447185.491252321 6201359.32091154))",969,п2д огл,л.с.,далл,161.490325927734,1.16092109680176,353.565887451172,-0.000159670686116442,-5.41281224286649e-05,С2
"MULTIPOINT ((447635.18535595 6201375.9104613))",970,п2д огл,л.с.,далл,161.907989501953,1.50352227687836,99.4573287963867,0.00050467683468014,0.000374408409697935,С2
"MULTIPOINT ((447485.287321407 6201370.38061138))",971,п3д,с.с.,далл,158.256561279297,0.278860330581665,154.373291015625,-0.00101924652699381,0.000227428608923219,
"MULTIPOINT ((447934.981425036 6201386.97016114))",972,п3д,с.с.,далл,163.123580932617,0.501449882984161,206.663452148438,0.000261659937677905,-6.89433800289407e-05,С2
"MULTIPOINT ((447785.083390493 6201381.44031122))",973,п3д,с.с.,далл,160.667007446289,1.11885321140289,203.959564208984,-0.000230516161536798,8.97697318578139e-05,С2
"MULTIPOINT ((448234.777494122 6201398.02986098))",974,п3д,с.с.,далл,162.323440551758,2.06993722915649,359.896759033203,0.000611114606726915,-0.000114007983938791,С2
"MULTIPOINT ((448084.879459579 6201392.50001106))",975,п3д,с.с.,далл,163.682266235352,0.919414162635803,146.029296875,-0.000252765807090327,8.05060917627998e-05,С2
"MULTIPOINT ((443593.468273208 6201076.70647891))",976,п3д,с.с.,морена,167.887069702148,1.50614786148071,206.622863769531,0.000459046743344516,9.60797478910536e-05,С2
"MULTIPOINT ((443743.366307751 6201082.23632883))",977,п2д,с.с.,морена,168.757339477539,1.01025307178497,337.546447753906,0.000163427597726695,0.000251934048719704,С2
"MULTIPOINT ((443893.264342294 6201087.76617875))",978,п2д,с.с.,морена,165.877731323242,0.453094869852066,75.4181289672852,-8.30542849143967e-05,-0.000338350801030174,С3
"MULTIPOINT ((444043.162376837 6201093.29602867))",979,п3д,с.с.,морена,163.699035644531,1.43384480476379,20.0512542724609,-0.000337156292516738,-0.000113814385258593,
"MULTIPOINT ((444193.06041138 6201098.82587859))",980,п3д,с.с.,морена,164.076248168945,0.886123180389404,172.606414794922,8.23410809971392e-05,-6.78458900438272e-06,С2
"MULTIPOINT ((444342.958445923 6201104.35572851))",981,п3д,с.с.,морена,165.179122924805,0.294640779495239,134.375778198242,5.62336254006368e-06,1.12438274300075e-05,С2
"MULTIPOINT ((444492.856480466 6201109.88557843))",982,п3д,с.с.,морена,167.622833251953,1.04047870635986,160.356719970703,0.00027053349185735,-4.16187504015397e-05,С2
"MULTIPOINT ((444642.754515009 6201115.41542835))",983,п3д,с.с.,морена,167.101791381836,1.29943478107452,10.4825448989868,0.000135408496134914,8.04158698883839e-05,С2
"MULTIPOINT ((444792.652549552 6201120.94527827))",984,п3д огл,с.с.,далл,165.890701293945,1.40614604949951,156.820831298828,-0.000396856456063688,-1.60126037371811e-05,С2
"MULTIPOINT ((444942.550584095 6201126.47512819))",985,п3д огл,с.с.,далл,170.049911499023,0.176907077431679,74.361686706543,-8.47340572818212e-07,0.000330254581058398,С2
"MULTIPOINT ((445092.448618639 6201132.00497811))",986,п3д огл,с.с.,далл,168.629547119141,1.81328177452087,327.214080810547,0.000481120630865917,6.8386179918889e-05,С2
"MULTIPOINT ((445242.346653182 6201137.53482803))",987,п3д огл,с.с.,далл,162.550109863281,2.08514213562012,348.686553955078,-0.000536440697032958,-0.00018256226030644,С2
"MULTIPOINT ((445392.244687725 6201143.06467796))",988,п3д огл,с.с.,далл,157.114624023438,1.18124210834503,336.095855712891,0.000451704225270078,-0.000377726828446612,С2
"MULTIPOINT ((445542.142722268 6201148.59452787))",989,п3д,с.с.,морена,154.701248168945,1.24956250190735,257.299530029297,-0.000227789991186,-0.00105889223050326,С4
"MULTIPOINT ((445692.040756811 6201154.1243778))",990,п3д огл,с.с.,далл,162.352203369141,3.6697564125061,203.518310546875,0.000601296254899353,-0.000222998642129824,С2
"MULTIPOINT ((445991.836825897 6201165.18407764))",991,п2д огл,л.с.,далл,164.936157226562,1.23773241043091,9.83050918579102,-8.03640941740014e-05,2.58563541137846e-05,С2
"MULTIPOINT ((445841.938791354 6201159.65422771))",992,п3д огл,с.с.,далл,166.164123535156,0.680430293083191,182.401916503906,0.000107322826806922,-8.17825252852344e-07,С2
"MULTIPOINT ((446291.632894983 6201176.24377748))",993,п2д,с.с.,далл,162.470336914062,0.385470628738403,228.05158996582,-0.000132878398289904,2.7784864869318e-05,С2
"MULTIPOINT ((446141.73486044 6201170.71392755))",994,п2д,с.с.,далл,162.901947021484,0.597321808338165,355.5166015625,-6.45292820991017e-05,3.23754975397605e-05,С2
"MULTIPOINT ((446591.428964069 6201187.30347732))",995,п3д огл,л.с.,далл,161.846481323242,1.82766282558441,349.577301025391,0.000499481800943613,3.44832260452677e-05,С2
"MULTIPOINT ((446441.530929526 6201181.7736274))",996,п2д огл,л.с.,далл,163.832977294922,0.368450284004211,309.656555175781,0.000175458830199204,0.000234934748732485,С3
"MULTIPOINT ((443732.306607911 6201382.03239792))",997,п3д,с.с.,морена,167.375259399414,1.69962441921234,306.02587890625,-8.7561878899578e-05,-0.000527245458215475,С2
"MULTIPOINT ((443882.204642454 6201387.56224784))",998,п3д,с.с.,морена,166.490005493164,1.55254149436951,264.466522216797,1.72959771589376e-05,-0.000423345569288358,С2
"MULTIPOINT ((444032.102676997 6201393.09209776))",999,п3д,с.с.,морена,167.007766723633,1.07159066200256,319.596649169922,1.90127848327393e-05,0.000129917243611999,С2
"MULTIPOINT ((444182.00071154 6201398.62194768))",1000,п3д,с.с.,морена,164.593826293945,0.269458204507828,293.734436035156,-4.94960586365778e-05,-9.40878599067219e-05,С2
"MULTIPOINT ((444331.898746083 6201404.1517976))",1001,п3д,с.с.,морена,165.113403320312,0.849063277244568,124.764747619629,0.000145679994602688,2.62734647549223e-05,С2
"MULTIPOINT ((444481.796780626 6201409.68164752))",1002,п3д огл,с.с.,далл,166.891616821289,1.48288214206696,159.121246337891,-0.000116082694148645,6.24049571342766e-05,С2
"MULTIPOINT ((444631.694815169 6201415.21149744))",1003,п3д огл,с.с.,далл,165.330291748047,1.90177917480469,12.5397491455078,-0.000468658254249021,-9.08050933503546e-05,С2
"MULTIPOINT ((444781.592849712 6201420.74134736))",1004,п3д огл,с.с.,далл,166.097122192383,1.44842827320099,162.93913269043,6.06844550929964e-05,0.00013164350821171,С2
"MULTIPOINT ((444931.490884255 6201426.27119728))",1005,п3д огл,с.с.,далл,168.425674438477,0.640653669834137,158.334365844727,7.71949053159915e-05,0.000125981605378911,С2
"MULTIPOINT ((445081.388918798 6201431.8010472))",1006,п3д огл,с.с.,далл,167.910507202148,1.37692058086395,18.6568965911865,0.000137756738695316,0.000137731578433886,С2
"MULTIPOINT ((445231.286953341 6201437.33089712))",1007,п3д огл,с.с.,далл,164.985046386719,2.0177173614502,38.2310676574707,0.000382545695174485,0.000151884014485404,С2
"MULTIPOINT ((445381.184987884 6201442.86074704))",1008,п3д,с.с.,морена,159.357727050781,2.37005925178528,30.9788856506348,-0.000532608828507364,0.000139064009999856,С4
"MULTIPOINT ((445531.083022427 6201448.39059696))",1009,п3д огл,с.с.,далл,162.187133789062,2.53261160850525,206.254455566406,0.00021476685651578,-0.000296140206046402,С2
"MULTIPOINT ((445680.98105697 6201453.92044688))",1010,п3д огл,с.с.,далл,165.324783325195,0.247243523597717,145.647598266602,4.96513675898314e-05,0.00010435470903758,С2
"MULTIPOINT ((445980.777126056 6201464.98014672))",1011,п2д огл,л.с.,далл,163.954254150391,0.793388426303864,28.9933738708496,-6.96753795637051e-06,-4.8360918299295e-05,С2
"MULTIPOINT ((445830.879091513 6201459.4502968))",1012,п3д огл,с.с.,далл,165.052612304688,0.548267304897308,98.4077758789062,-0.000104834260127973,-6.29869973636232e-05,С2
"MULTIPOINT ((446280.573195142 6201476.03984656))",1013,п2д,с.с.,далл,163.801712036133,0.683071911334991,140.273803710938,0.000290799594949931,0.000364857143722475,В3
"MULTIPOINT ((446130.675160599 6201470.50999664))",1014,п2д,с.с.,далл,161.76643371582,0.443792849779129,50.9626922607422,-0.000171401246916503,-0.000130269268993288,С2
"MULTIPOINT ((446580.369264228 6201487.0995464))",1015,п3д огл,л.с.,далл,161.886123657227,1.15804541110992,133.665939331055,0.000363711675163358,0.000262094166828319,С2
"MULTIPOINT ((446430.471229685 6201481.56969648))",1016,п2д огл,л.с.,далл,159.934020996094,1.44167041778564,43.8401908874512,-0.000218724773731083,-0.000300865794997662,С3
"MULTIPOINT ((446880.165333314 6201498.15924624))",1017,п3д,с.с.,далл,161.416748046875,2.26698899269104,171.023071289062,0.000547648640349507,0.000344761967426166,С3
"MULTIPOINT ((446730.267298771 6201492.62939632))",1018,п3д,с.с.,далл,159.369445800781,2.82986211776733,8.06839275360107,0.000367026805179194,-8.16101305645134e-07,В4
"MULTIPOINT ((447179.9614024 6201509.21894608))",1019,п2д огл,л.с.,далл,162.102752685547,1.00845050811768,1.65294706821442,-0.000135432041133754,0.000164851546287537,С2
"MULTIPOINT ((447030.063367857 6201503.68909616))",1020,п2д огл,л.с.,далл,163.274307250977,0.59489381313324,134.283554077148,0.000202464332687669,0.000119179487228394,С2
"MULTIPOINT ((447479.757471486 6201520.27864592))",1021,п2д огл,л.с.,далл,158.656219482422,2.17192125320435,352.558380126953,9.12557370611466e-05,-0.000252096418989822,С2
"MULTIPOINT ((447329.859436943 6201514.748796))",1022,п2д огл,л.с.,далл,162.310974121094,0.502705156803131,334.927276611328,0.000292371609248221,4.93398292746861e-05,С2
"MULTIPOINT ((447779.553540573 6201531.33834576))",1023,п2д огл,л.с.,далл,162.198486328125,2.05581068992615,202.454666137695,0.000124633632367477,-7.31340333004482e-06,С2
"MULTIPOINT ((447629.655506029 6201525.80849584))",1024,п2д огл,л.с.,далл,156.065292358398,1.44911313056946,117.140884399414,-0.000473578664241359,-0.000242188412812538,С2
"MULTIPOINT ((448079.349609659 6201542.3980456))",1025,п3д,с.с.,далл,162.854476928711,0.27003288269043,45.1093597412109,-7.12769615347497e-05,-0.000173464199178852,С2
"MULTIPOINT ((447929.451575115 6201536.86819568))",1026,п3д,с.с.,далл,165.011856079102,0.292710423469543,45.5701484680176,0.000327512592775747,0.000433912704465911,В4
"MULTIPOINT ((443587.938423288 6201226.60451345))",1027,п3д,с.с.,морена,168.549087524414,2.17144370079041,176.614486694336,0.00065543717937544,-4.68696634925436e-05,С2
"MULTIPOINT ((448229.247644202 6201547.92789552))",1028,п3д,с.с.,далл,162.538375854492,2.32715559005737,30.1257228851318,0.000401312310714275,0.00067210610723123,С2
"MULTIPOINT ((443737.836457831 6201232.13436338))",1029,п2д,с.с.,морена,167.381408691406,2.44549632072449,19.7725200653076,0.000260168890235946,-0.000286611932097003,С2
"MULTIPOINT ((443887.734492374 6201237.6642133))",1030,п2д,с.с.,морена,163.818084716797,0.72909027338028,157.758666992188,-0.000395305076381192,-0.000598367128986865,
"MULTIPOINT ((444037.632526917 6201243.19406322))",1031,п3д,с.с.,морена,166.560577392578,0.751381039619446,321.003112792969,0.000516710861120373,0.000161669973749667,С2
"MULTIPOINT ((444187.53056146 6201248.72391314))",1032,п3д,с.с.,морена,164.135879516602,0.371790260076523,223.927093505859,6.57997807138599e-05,-0.000106622588646132,С2
"MULTIPOINT ((444337.428596003 6201254.25376306))",1033,п3д,с.с.,морена,165.097457885742,0.570019960403442,202.731353759766,-3.73808325093705e-05,8.08345703262603e-07,С2
"MULTIPOINT ((444487.326630546 6201259.78361298))",1034,п3д,с.с.,морена,166.371139526367,1.14101588726044,211.801345825195,-0.000167375721503049,-4.22600060119294e-05,С2
"MULTIPOINT ((444637.224665089 6201265.3134629))",1035,п3д огл,с.с.,далл,165.788864135742,1.84573864936829,0.91938042640686,-3.82823054678738e-05,-0.000314475124469027,С2
"MULTIPOINT ((444787.122699632 6201270.84331282))",1036,п3д огл,с.с.,далл,164.849761962891,1.0754017829895,182.88020324707,-2.27955897571519e-05,-0.000416449038311839,С2
"MULTIPOINT ((448218.187944361 6201847.72396461))",1037,п2д огл,л.с.,далл,163.294326782227,0.49371537566185,323.972991943359,-8.47272094688378e-05,-0.000226423086132854,С2
"MULTIPOINT ((442827.388550733 6201498.75133294))",1038,п3д,с.с.,морена,167.978439331055,2.61781072616577,192.018844604492,0.000113467838673387,5.35451399628073e-05,С2
"MULTIPOINT ((443127.184619819 6201509.81103278))",1039,п3д,с.с.,морена,171.968383789062,0.442090392112732,205.505966186523,0.000230648875003681,0.000155482048285194,
"MULTIPOINT ((443277.082654362 6201515.3408827))",1040,п3д,с.с.,морена,168.922485351562,1.20542812347412,19.9452171325684,8.01403512014076e-05,-4.63547576146084e-06,С2
"MULTIPOINT ((443426.980688905 6201520.87073262))",1041,п3д,с.с.,морена,166.289398193359,0.876320421695709,285.330902099609,2.98219401884126e-05,-0.000505414558574557,С2
"MULTIPOINT ((443576.878723448 6201526.40058254))",1042,п3д,с.с.,морена,169.301818847656,1.7800452709198,212.294540405273,0.000432267552241683,-4.8351885197917e-05,С2
"MULTIPOINT ((443726.776757991 6201531.93043246))",1043,п3д,с.с.,морена,170.267562866211,0.271588236093521,276.363952636719,3.41195504915959e-06,2.80672848020913e-05,С2
"MULTIPOINT ((443876.674792534 6201537.46028238))",1044,п3д,с.с.,морена,168.423141479492,1.57278192043304,20.7399806976318,-1.86687375389738e-05,-0.000130329004605301,С2
"MULTIPOINT ((444026.572827077 6201542.9901323))",1045,п3д,с.с.,морена,167.313415527344,1.67025899887085,81.8723297119141,0.00030009081820026,5.76490274397656e-05,С2
"MULTIPOINT ((444176.47086162 6201548.51998222))",1046,п3д,с.с.,морена,163.560409545898,2.52788019180298,27.683464050293,0.000115442664537113,-0.000102994163171388,С2
"MULTIPOINT ((444326.368896163 6201554.04983214))",1047,п3д,с.с.,морена,161.608413696289,2.2628698348999,144.825653076172,-0.000208367433515377,-0.000555087171960622,С2
"MULTIPOINT ((444476.266930706 6201559.57968206))",1048,п3д огл,с.с.,далл,166.895431518555,1.29075562953949,202.555191040039,0.000155340283527039,-2.81780303339474e-05,С2
"MULTIPOINT ((444626.164965249 6201565.10953198))",1049,п3д огл,с.с.,далл,166.775451660156,1.67862069606781,317.311981201172,0.000147417929838412,-0.00018536314019002,С2
"MULTIPOINT ((444776.062999792 6201570.6393819))",1050,п3д огл,с.с.,далл,166.280197143555,1.91305088996887,225.958206176758,-8.6032239778433e-05,-0.000295003439532593,В4
"MULTIPOINT ((444925.961034335 6201576.16923182))",1051,п3д огл,с.с.,далл,168.648300170898,0.655566036701202,262.537475585938,4.33814093412366e-05,9.18858313525561e-06,
"MULTIPOINT ((445075.859068878 6201581.69908174))",1052,п3д огл,с.с.,далл,167.966888427734,1.42049944400787,348.665313720703,0.0003134818689432,0.000182742136530578,С2
"MULTIPOINT ((445225.757103421 6201587.22893166))",1053,п3д огл,с.с.,далл,162.600784301758,3.23028874397278,6.66248178482056,0.000344551721354946,-9.00140548765194e-06,С2
"MULTIPOINT ((445375.655137964 6201592.75878158))",1054,п3д огл,с.с.,далл,156.500518798828,1.07692468166351,166.16877746582,-0.00116724043618888,-0.000305552704958245,С2
"MULTIPOINT ((445525.553172507 6201598.2886315))",1055,п3д огл,с.с.,далл,162.64192199707,0.939903318881989,97.5447158813477,0.000139702504384331,-0.000174062923179008,
"MULTIPOINT ((445675.45120705 6201603.81848142))",1056,п3д огл,с.с.,далл,163.405990600586,0.735989093780518,83.7292633056641,-3.63417129847221e-05,0.000265779264736921,С2
"MULTIPOINT ((445825.349241593 6201609.34833135))",1057,п3д огл,с.с.,далл,162.390808105469,0.954114615917206,103.843811035156,-2.53092639468377e-05,-0.00029297181754373,С2
"MULTIPOINT ((446125.145310679 6201620.40803119))",1058,п2д,с.с.,далл,161.297729492188,0.514102816581726,342.676055908203,-0.000353852927219123,-5.69580370211042e-05,В3
"MULTIPOINT ((445975.247276136 6201614.87818126))",1059,п2д огл,л.с.,далл,164.564086914062,0.860861718654633,345.645874023438,0.000521843787282705,-1.34699548652861e-05,
"MULTIPOINT ((446424.941379765 6201631.46773103))",1060,п2д огл,л.с.,далл,159.851287841797,1.58155846595764,293.994812011719,-0.00016229081666097,-0.000574484234675765,С3
"MULTIPOINT ((446275.043345222 6201625.9378811))",1061,п2д,с.с.,далл,161.604690551758,0.616746783256531,144.768356323242,-0.000103075079096016,-0.000158329741680063,В3
"MULTIPOINT ((446724.737448851 6201642.52743087))",1062,п3д огл,л.с.,далл,160.157043457031,2.25592589378357,331.408294677734,0.000347005523508415,-2.82723431155318e-05,В4
"MULTIPOINT ((446574.839414308 6201636.99758095))",1063,п3д огл,л.с.,далл,161.299713134766,1.40760850906372,244.273208618164,1.22467241681079e-07,1.61025254783453e-05,С2
"MULTIPOINT ((447024.533517937 6201653.58713071))",1064,п3д огл,л.с.,далл,161.071090698242,1.53974807262421,136.933181762695,0.000184158023330383,-7.39825918572024e-05,С2
"MULTIPOINT ((446874.635483394 6201648.05728079))",1065,п3д,с.с.,далл,158.149475097656,1.3538156747818,211.923797607422,0.000127883642562665,-0.000281455606454983,С2
"MULTIPOINT ((447324.329587023 6201664.64683055))",1066,п2д огл,л.с.,далл,157.802215576172,0.399675101041794,348.437469482422,-0.00027815462090075,-0.000775216787587851,С2
"MULTIPOINT ((447174.43155248 6201659.11698063))",1067,п2д огл,л.с.,далл,160.789291381836,1.15921688079834,38.1543197631836,-7.16350259608589e-05,-9.47082880884409e-05,С2
"MULTIPOINT ((447624.125656109 6201675.70653039))",1068,п2д огл,л.с.,далл,154.319488525391,3.50570201873779,266.888763427734,-0.00140471092890948,-0.000436619244283065,В3
"MULTIPOINT ((447474.227621566 6201670.17668047))",1069,п2д огл,л.с.,далл,158.951751708984,1.8684549331665,319.232940673828,0.000444513716502115,-0.000368835055269301,С2
"MULTIPOINT ((447923.921725195 6201686.76623023))",1070,п3д,с.с.,далл,162.982818603516,0.341424405574799,213.427886962891,-2.66717779595638e-05,-0.000245185976382345,С2
"MULTIPOINT ((447774.023690652 6201681.23638031))",1071,п2д огл,л.с.,далл,157.731155395508,3.22160387039185,228.52571105957,-0.000429129868280143,-0.000925035390537232,С2
"MULTIPOINT ((448223.717794281 6201697.82593007))",1072,п3д,с.с.,далл,161.323989868164,1.54742825031281,308.717346191406,-0.000115852220915258,-0.000298713479423895,С2
"MULTIPOINT ((448073.819759738 6201692.29608015))",1073,п3д,с.с.,далл,162.811172485352,0.655521273612976,306.287658691406,-0.000115328344691079,-0.000123416728456505,С2
"MULTIPOINT ((442832.918400653 6201348.8532984))",1074,п3д,с.с.,морена,166.869537353516,2.75638675689697,173.818756103516,0.000345917418599129,-0.000434915069490671,
"MULTIPOINT ((443132.714469739 6201359.91299824))",1075,п3д,с.с.,морена,170.418762207031,0.820640742778778,251.577774047852,-7.67406600061804e-05,0.000357916404027492,С2
"MULTIPOINT ((443582.408573368 6201376.502548))",1076,п3д,с.с.,морена,166.199768066406,2.68835806846619,202.594375610352,4.00644375986303e-06,-0.000164091150509194,С2
"MULTIPOINT ((443421.450838985 6201670.76876716))",1077,п3д,с.с.,морена,169.8046875,0.800551295280457,207.461471557617,-0.000180800750968046,5.51511511730496e-05,С2
"MULTIPOINT ((443271.552804442 6201665.23891724))",1078,п3д,с.с.,морена,169.528244018555,0.216629892587662,270.296356201172,0.000135269845486619,1.98479847313138e-05,С2
"MULTIPOINT ((443571.348873528 6201676.29861708))",1079,п3д,с.с.,морена,170.611114501953,0.465390771627426,245.604446411133,6.34891548543237e-05,-0.000278098246781155,С2
"MULTIPOINT ((443721.246908071 6201681.828467))",1080,п3д,с.с.,морена,172.240142822266,0.557446241378784,289.268341064453,0.000217648164834827,-4.60030332760653e-06,С2
"MULTIPOINT ((443871.144942614 6201687.35831693))",1081,п3д,с.с.,морена,169.713165283203,2.75175023078918,337.475128173828,0.000309679540805519,0.00013993724132888,С2
"MULTIPOINT ((444021.042977157 6201692.88816684))",1082,п3д,с.с.,морена,165.050704956055,1.10538935661316,245.87760925293,-0.000130118482047692,-0.000639801670331508,С2
"MULTIPOINT ((444170.9410117 6201698.41801677))",1083,п3д,с.с.,морена,164.910461425781,3.01686835289001,314.929809570312,0.000241493442445062,-3.25034270645119e-05,С2
"MULTIPOINT ((444320.839046243 6201703.94786668))",1084,п3д,с.с.,морена,162.006332397461,2.19018125534058,233.575622558594,2.56006460404024e-05,-0.000861593405716121,С2
"MULTIPOINT ((444470.737080786 6201709.47771661))",1085,п3д огл,с.с.,морена,166.184463500977,1.0581077337265,122.668899536133,-0.000284029869362712,0.000358726334525272,С2
"MULTIPOINT ((444620.635115329 6201715.00756653))",1086,п3д огл,с.с.,морена,166.12678527832,0.973644971847534,138.372009277344,3.00876054097898e-05,-0.000768505677115172,С3
"MULTIPOINT ((444770.533149872 6201720.53741645))",1087,п3д огл,с.с.,морена,168.164001464844,0.76970899105072,237.014434814453,-0.000209801830351353,-0.000178746122401208,С2
"MULTIPOINT ((444920.431184415 6201726.06726637))",1088,п3д огл,с.с.,морена,169.78303527832,0.705230534076691,295.221099853516,0.000242809634073637,0.000202154013095424,С2
"MULTIPOINT ((445070.329218958 6201731.59711629))",1089,п3д огл,с.с.,морена,165.88948059082,1.86786127090454,329.250183105469,6.9944369897712e-05,-0.000153133863932453,С2
"MULTIPOINT ((445220.227253501 6201737.12696621))",1090,п3д огл,с.с.,морена,161.17756652832,3.07963442802429,338.781433105469,4.93827610625885e-06,3.32834388245828e-05,С2
"MULTIPOINT ((445370.125288044 6201742.65681613))",1091,п3д огл,с.с.,далл,157.511627197266,1.29656338691711,206.711227416992,-0.000654311152175069,-2.65379185293568e-05,С2
"MULTIPOINT ((445520.023322587 6201748.18666605))",1092,п3д огл,с.с.,далл,161.740051269531,1.29036295413971,219.649597167969,5.7392695453018e-05,0.000117883908387739,С2
"MULTIPOINT ((445669.92135713 6201753.71651597))",1093,п3д огл,с.с.,далл,164.109878540039,0.635764241218567,300.075286865234,0.000312100542942062,0.000311489158775657,С2
"MULTIPOINT ((445819.819391673 6201759.24636589))",1094,п2д огл,л.с.,далл,163.236267089844,0.918496668338776,239.046798706055,0.000174048545886762,-2.49453496508067e-05,В3
"MULTIPOINT ((445969.717426216 6201764.77621581))",1095,п2д огл,л.с.,далл,164.420318603516,0.390175521373749,240.747329711914,0.000266254908638075,-9.04157277545892e-05,В3
"MULTIPOINT ((446119.615460759 6201770.30606573))",1096,п2д,с.с.,морена,162.589172363281,0.973059833049774,322.194549560547,-2.34559429372894e-05,-8.8587672507856e-05,В3
"MULTIPOINT ((446269.513495302 6201775.83591565))",1097,п2д,с.с.,морена,161.631927490234,0.190334558486938,324.205932617188,-0.000250114593654871,0.000173139866092242,С2
"MULTIPOINT ((446419.411529845 6201781.36576557))",1098,п2д огл,л.с.,далл,160.888366699219,0.732086837291718,91.4404525756836,-0.000287264643702656,-0.000229134122491814,В4
"MULTIPOINT ((446569.309564388 6201786.89561549))",1099,п3д огл,л.с.,далл,161.399215698242,0.967416703701019,55.5717582702637,-0.000110691267764196,-0.000116218332550488,С3
"MULTIPOINT ((446719.207598931 6201792.42546541))",1100,п3д огл,л.с.,далл,158.582275390625,1.7421897649765,342.286682128906,0.000142758784932084,-0.000183027441380545,С3
"MULTIPOINT ((446869.105633474 6201797.95531533))",1101,п3д,с.с.,далл,153.866622924805,1.07050275802612,3.45580720901489,-0.000652838556561619,-0.000170934581547044,В4
"MULTIPOINT ((447019.003668017 6201803.48516525))",1102,п3д огл,л.с.,далл,160.716247558594,1.49091827869415,189.105484008789,0.000467814068542793,0.000139825438964181,С2
"MULTIPOINT ((447168.90170256 6201809.01501517))",1103,п2д огл,л.с.,далл,160.552520751953,0.792745172977448,37.595832824707,-8.03877555881627e-05,5.94880475546233e-05,С2
"MULTIPOINT ((447318.799737103 6201814.54486509))",1104,п2д огл,л.с.,далл,159.70930480957,0.169830769300461,3.00437140464783,3.94522467104252e-05,-6.71138986945152e-05,С2
"MULTIPOINT ((447468.697771646 6201820.07471501))",1105,п3д,с.с.,далл,160.330551147461,0.827277839183807,49.5133056640625,0.000170705941854976,7.91569764260203e-05,С2
"MULTIPOINT ((447618.595806189 6201825.60456493))",1106,п3д,с.с.,далл,160.888259887695,1.8722836971283,161.048126220703,3.2251304219244e-05,-9.85066362773068e-05,С3
"MULTIPOINT ((447768.493840732 6201831.13441485))",1107,п2д огл,л.с.,далл,163.655914306641,0.661448180675507,192.592254638672,-0.000164792203577235,0.000266337068751454,С2
"MULTIPOINT ((447918.391875275 6201836.66426477))",1108,п2д,с.с.,морена,164.031936645508,1.05592131614685,257.453094482422,-0.000493156956508756,4.52115054940805e-05,С2
"MULTIPOINT ((448068.289909818 6201842.19411469))",1109,п2д,с.с.,морена,164.139511108398,0.893583834171295,293.284057617188,-0.000348979228874668,7.3600655014161e-05,С2
"MULTIPOINT ((444015.513127236 6201842.78620139))",1110,п3д,с.с.,морена,167.044784545898,1.35928773880005,261.778228759766,-0.00017345420201309,-0.00104642135556787,С2
"MULTIPOINT ((443865.615092693 6201837.25635147))",1111,п3д,с.с.,морена,171.008712768555,0.651600658893585,339.492126464844,0.000702808960340917,-0.000158764989464544,С2
"MULTIPOINT ((444165.411161779 6201848.31605131))",1112,п3д,с.с.,морена,170.392211914062,1.19799423217773,289.696075439453,0.00021779170492664,0.000439526425907388,С2
"MULTIPOINT ((444315.309196322 6201853.84590123))",1113,п3д,с.с.,морена,166.727569580078,1.10903584957123,279.71533203125,0.000254221580689773,-4.64722616015933e-05,С2
"MULTIPOINT ((444465.207230865 6201859.37575115))",1114,п3д огл,с.с.,морена,162.016159057617,3.0907301902771,32.0210380554199,-0.000232976017287001,-0.000275174475973472,С2
"MULTIPOINT ((444615.105265408 6201864.90560107))",1115,п3д огл,с.с.,морена,159.562225341797,3.33579659461975,165.4296875,-0.00139463413506746,-0.00079467159230262,С2
"MULTIPOINT ((444765.003299951 6201870.43545099))",1116,п3д огл,с.с.,морена,169.11018371582,1.38006377220154,58.3199157714844,1.20301956485491e-05,-0.000235936415265314,С2
"MULTIPOINT ((444914.901334495 6201875.96530091))",1117,п3д огл,с.с.,морена,167.059310913086,2.24760460853577,59.4351615905762,-5.54840808035806e-05,-0.000220450412598439,С2
"MULTIPOINT ((445064.799369038 6201881.49515083))",1118,п3д огл,с.с.,морена,166.55143737793,1.28620207309723,115.322341918945,0.000176531117176637,-0.000321413594065234,С2
"MULTIPOINT ((445214.697403581 6201887.02500075))",1119,п3д,с.с.,морена,164.298538208008,3.57516694068909,352.560577392578,0.00038391153793782,0.000426459300797433,С2
"MULTIPOINT ((445364.595438124 6201892.55485067))",1120,п3д,с.с.,морена,157.197708129883,0.467306643724442,181.026138305664,-0.00104049104265869,-0.000219361681956798,С4
"MULTIPOINT ((445514.493472667 6201898.08470059))",1121,п3д огл,с.с.,далл,162.414611816406,1.61156928539276,168.240661621094,0.000245392962824553,5.85339257668238e-05,С2
"MULTIPOINT ((445664.39150721 6201903.61455051))",1122,п3д огл,с.с.,далл,162.026947021484,2.5887348651886,44.0833587646484,0.000509236182551831,-0.000198730907868594,С2
"MULTIPOINT ((445814.289541753 6201909.14440043))",1123,п2д огл,л.с.,далл,161.254547119141,3.14689993858337,125.41340637207,0.000444587873062119,-0.000285131769487634,В3
"MULTIPOINT ((445964.187576296 6201914.67425035))",1124,п2д огл,л.с.,далл,164.105010986328,0.806405186653137,102.810668945312,0.000240349996602163,5.10495810885914e-05,В3
"MULTIPOINT ((446114.085610839 6201920.20410027))",1125,п2д,с.с.,морена,163.829498291016,0.255829483270645,33.1786460876465,7.63803982408717e-05,0.000116254901513457,В3
"MULTIPOINT ((446263.983645382 6201925.73395019))",1126,п2д,с.с.,морена,161.523300170898,1.5997222661972,3.39736318588257,0.00013821704487782,-0.000164529541507363,В4
"MULTIPOINT ((446413.881679925 6201931.26380011))",1127,п2д огл,л.с.,далл,160.388717651367,1.17164158821106,160.748886108398,-0.000194743028259836,-8.11655263532884e-06,С3
"MULTIPOINT ((446563.779714468 6201936.79365003))",1128,п3д огл,л.с.,далл,161.714599609375,0.504550755023956,356.056365966797,5.1340142817935e-05,8.35164901218377e-05,С3
"MULTIPOINT ((446713.677749011 6201942.32349995))",1129,п3д огл,л.с.,далл,160.49560546875,2.00440883636475,20.4011173248291,0.000573261640965939,0.000560851534828544,С3
"MULTIPOINT ((446863.575783554 6201947.85334987))",1130,п3д,с.с.,далл,153.438766479492,1.09899067878723,3.84448766708374,-0.000937139033339918,-0.000134703164803796,В3
"MULTIPOINT ((447013.473818097 6201953.38319979))",1131,п3д огл,л.с.,далл,159.163833618164,1.40745794773102,162.197296142578,0.00037938987952657,-0.000385563529562205,С3
"MULTIPOINT ((447163.37185264 6201958.91304971))",1132,п2д огл,л.с.,далл,159.696914672852,0.230076476931572,25.7687244415283,-9.40629397518933e-05,-5.76102029299363e-05,С3
"MULTIPOINT ((447313.269887183 6201964.44289963))",1133,п2д огл,л.с.,далл,160.794723510742,0.306421965360641,191.675064086914,0.00015589666145388,0.000379709410481155,С2
"MULTIPOINT ((447463.167921726 6201969.97274955))",1134,п2д огл,л.с.,далл,160.531616210938,0.814288794994354,312.995635986328,0.000195830478332937,0.000123927835375071,С2
"MULTIPOINT ((447613.065956269 6201975.50259947))",1135,п3д,с.с.,далл,159.600646972656,1.14809691905975,179.26383972168,-0.000390583358239383,-0.000116374321805779,С2
"MULTIPOINT ((447762.963990812 6201981.03244939))",1136,п2д огл,л.с.,далл,161.680725097656,1.25664782524109,120.045455932617,-0.000179338312591426,-0.000254439597483724,С2
"MULTIPOINT ((447912.862025355 6201986.56229931))",1137,п2д,с.с.,морена,168.157318115234,1.9127299785614,149.937423706055,0.000600449391640723,9.01879539014772e-05,С2
"MULTIPOINT ((448062.760059898 6201992.09214923))",1138,п2д,с.с.,морена,167.818099975586,0.720001518726349,10.7850294113159,6.81562960380688e-05,4.22594457631931e-05,С2
"MULTIPOINT ((448212.658094441 6201997.62199915))",1139,п2д огл,л.с.,далл,167.587219238281,0.944570183753967,226.481384277344,6.4202344219666e-05,8.23390655568801e-05,С2
"MULTIPOINT ((443121.654769899 6201659.70906732))",1140,п3д,с.с.,морена,168.311950683594,1.56007957458496,81.1178512573242,-0.000444371660705656,-0.000508389028254896,С2
"MULTIPOINT ((447603.322027665 6197832.45791769))",1141,п2д,с.с.,морена,159.240646362305,1.40955126285553,187.067855834961,-0.000256811355939135,-1.3970256986795e-05,С2
"MULTIPOINT ((450607.047296185 6197820.86001887))",1142,п2д,с.с.,фг,149.529739379883,4.08872032165527,170.980880737305,0.000120322561997455,-0.000220959904254414,С2
"MULTIPOINT ((447753.104839315 6197824.38888217))",1143,п2д,с.с.,морена,163.916473388672,0.475639224052429,43.5712890625,0.000808795099146664,0.000729692343156785,С3
"MULTIPOINT ((450756.830107834 6197812.79098334))",1144,п2д,с.с.,фг,154.259613037109,1.7609361410141,51.0465354919434,0.000422367797000334,-7.51141487853602e-05,С2
"MULTIPOINT ((447902.887650965 6197816.31984664))",1145,п2д,с.с.,морена,159.533218383789,1.07946991920471,204.381240844727,-0.00112494244240224,0.00015430711209774,С2
"MULTIPOINT ((448052.670462615 6197808.25081112))",1146,п2д,с.с.,морена,160.793243408203,0.794693231582642,345.819610595703,-0.000358290155418217,0.000123640726087615,С3
"MULTIPOINT ((448202.453274264 6197800.18177559))",1147,п1д,с.с.,морена,160.385269165039,0.472222775220871,178.300704956055,-0.000318882171995938,3.00393639918184e-05,С2
"MULTIPOINT ((448352.236085914 6197792.11274007))",1148,п1д,с.с.,морена,161.337127685547,0.812670767307281,274.571258544922,0.00012981852341909,0.000160219351528212,С2
"MULTIPOINT ((448502.018897564 6197784.04370455))",1149,п1д,с.с.,морена,161.176528930664,0.530096292495728,61.2326889038086,0.00033886861638166,0.000199351939954795,В3
"MULTIPOINT ((448651.801709214 6197775.97466902))",1150,п1д,с.с.,морена,159.550262451172,0.413284629583359,21.7917213439941,-0.000116986040666234,7.32915577827953e-05,С2
"MULTIPOINT ((448801.584520864 6197767.9056335))",1151,п1д,с.с.,морена,158.568252563477,1.42674422264099,337.588104248047,0.000368714885553345,9.42572951316833e-05,С2
"MULTIPOINT ((448951.367332513 6197759.83659798))",1152,п1д огл,с.с.,фг,158.284164428711,0.995889484882355,196.948928833008,0.000413466797908768,5.46237533853855e-05,С2
"MULTIPOINT ((449101.150144163 6197751.76756245))",1153,п1д огл,с.с.,фг,156.639801025391,2.16715216636658,330.250396728516,0.000387608219170943,-0.000417513336287811,С2
"MULTIPOINT ((449574.705685683 6198176.90889083))",1154,п1д огл,с.с.,фг,160.413619995117,0.118825055658817,261.952667236328,0.000130685366457328,-0.000201842078240588,С2
"MULTIPOINT ((449724.488497333 6198168.83985531))",1155,п1д огл,с.с.,фг,162.285095214844,1.24917566776276,185.169876098633,-0.000225913914619014,0.000197202927665785,С2
"MULTIPOINT ((449424.922874033 6198184.97792636))",1156,п1д огл,с.с.,фг,160.639602661133,0.826165556907654,111.41381072998,0.000278266001259908,0.000135098292957991,С2
"MULTIPOINT ((449874.271308983 6198160.77081979))",1157,п1д огл,с.с.,фг,164.85627746582,1.7731260061264,260.856658935547,0.000130747663206421,0.000241300513152964,С2
"MULTIPOINT ((450024.054120633 6198152.70178426))",1158,п1д огл,с.с.,фг,164.790588378906,1.18628346920013,292.123016357422,8.6428459326271e-05,0.00035965396091342,С2
"MULTIPOINT ((450173.836932282 6198144.63274874))",1159,п1д огл,с.с.,фг,160.918212890625,1.26574754714966,5.24088335037231,0.000150881736772135,0.000374537368770689,С2
"MULTIPOINT ((450323.619743932 6198136.56371322))",1160,п1д огл,с.с.,фг,156.006530761719,3.12281370162964,347.756011962891,0.000280363165074959,0.000111094937892631,С2
"MULTIPOINT ((450473.402555582 6198128.49467769))",1161,п1д,с.с.,фг,148.724472045898,2.04288721084595,329.129699707031,-0.000477277266327292,-0.000174598608282395,С2
"MULTIPOINT ((450623.185367232 6198120.42564217))",1162,п2д,с.с.,фг,144.930511474609,2.12794852256775,357.230529785156,-1.55722354975296e-05,-0.000509193981997669,С4
"MULTIPOINT ((450772.968178882 6198112.35660664))",1163,п2д,с.с.,фг,143.199188232422,2.64012742042542,79.0883026123047,-0.000791725411545485,-2.67177688328957e-06,С4
"MULTIPOINT ((447619.460098712 6198132.02354099))",1164,п3д,с.с.,морена,158.280426025391,1.45011389255524,130.590866088867,4.96323227707762e-05,3.79779958166182e-05,С2
"MULTIPOINT ((447769.242910362 6198123.95450547))",1165,п2д,с.с.,морена,158.716461181641,1.00908696651459,69.7541809082031,-2.14686042454559e-05,-0.000103387494164053,С2
"MULTIPOINT ((447919.025722012 6198115.88546994))",1166,п2д,с.с.,морена,158.637222290039,0.611939907073975,44.4060935974121,7.51777224650141e-06,7.2307389928028e-05,С2
"MULTIPOINT ((448068.808533662 6198107.81643442))",1167,п2д,с.с.,морена,158.592163085938,0.461048364639282,105.723892211914,-4.55808658443857e-05,-8.84809924173169e-05,С2
"MULTIPOINT ((448218.591345312 6198099.74739889))",1168,п1д,с.с.,морена,159.405288696289,0.916976749897003,168.415435791016,-0.000242178226471879,-1.45156700455118e-05,С2
"MULTIPOINT ((448368.374156961 6198091.67836337))",1169,п1д,с.с.,морена,161.30729675293,0.995850205421448,26.9419937133789,-2.12883151107235e-05,5.75062549614813e-05,С2
"MULTIPOINT ((448518.156968611 6198083.60932785))",1170,п1д,с.с.,морена,160.675689697266,0.307096511125565,58.2986793518066,0.00017427014245186,0.000184674572665244,С2
"MULTIPOINT ((448667.939780261 6198075.54029232))",1171,п1д огл,с.с.,фг,158.768264770508,0.853503108024597,2.66107106208801,-0.000138366798637435,5.70853735553101e-05,С2
"MULTIPOINT ((448817.722591911 6198067.4712568))",1172,п1д огл,с.с.,фг,160.095840454102,1.52017438411713,199.433166503906,7.4579642387107e-05,0.000108927473775111,С2
"MULTIPOINT ((448967.505403561 6198059.40222128))",1173,п1д огл,с.с.,фг,161.245346069336,0.481241762638092,356.370727539062,7.19514282536693e-05,0.000138093091663904,С2
"MULTIPOINT ((449117.28821521 6198051.33318575))",1174,п1д огл,с.с.,фг,160.12532043457,0.172133103013039,355.860504150391,-6.58638964523561e-05,4.54822838946711e-05,С2
"MULTIPOINT ((449267.07102686 6198043.26415023))",1175,п1д огл,с.с.,фг,160.263702392578,0.431241363286972,203.111877441406,-1.28814017443801e-05,-0.00010369936353527,С2
"MULTIPOINT ((449093.08110864 6197601.9847508))",1176,п1д огл,с.с.,фг,156.776901245117,2.03700399398804,21.8049411773682,0.000411552638979629,-0.000201614544494078,С2
"MULTIPOINT ((448793.51548534 6197618.12282185))",1177,п1д,с.с.,морена,157.232650756836,1.23930418491364,10.2740573883057,8.30857607070357e-05,-0.000228773526032455,С2
"MULTIPOINT ((449242.863920289 6197593.91571528))",1178,п1д огл,с.с.,фг,155.518417358398,2.44940495491028,77.8592681884766,0.000372513604816049,-0.000146585574839264,С2
"MULTIPOINT ((448943.29829699 6197610.05378633))",1179,п1д огл,с.с.,фг,158.544891357422,1.13957905769348,102.392333984375,-0.000169832681422122,0.000286218128167093,С2
"MULTIPOINT ((449392.646731939 6197585.84667976))",1180,п1д огл,с.с.,фг,157.047058105469,0.699605941772461,162.867553710938,4.46433223260101e-05,0.000159546965733171,С2
"MULTIPOINT ((449542.429543589 6197577.77764423))",1181,п1д огл,с.с.,фг,156.822082519531,0.0912137478590012,310.671051025391,-0.000203973308089189,-0.000277928949799389,С2
"MULTIPOINT ((449692.212355239 6197569.70860871))",1182,п1д огл,с.с.,фг,157.509628295898,0.201510444283485,273.343475341797,-0.000208466619369574,0.000143123863381334,С2
"MULTIPOINT ((449841.995166889 6197561.63957319))",1183,п1д огл,с.с.,фг,158.537521362305,0.733513355255127,210.284072875977,-9.79086398729123e-05,-5.33153688593302e-05,С2
"MULTIPOINT ((449991.777978538 6197553.57053766))",1184,п1д огл,с.с.,фг,160.241790771484,0.477391928434372,316.632720947266,0.000212249025935307,0.000320400053169578,С2
"MULTIPOINT ((450141.560790188 6197545.50150214))",1185,п1д огл,с.с.,фг,155.130218505859,2.34501075744629,18.0852584838867,-0.000328349939081818,-0.000231829850235954,С2
"MULTIPOINT ((450291.343601838 6197537.43246662))",1186,п1д огл,с.с.,фг,154.98698425293,0.818787693977356,69.7786102294922,0.00030566196073778,0.000625570246484131,С2
"MULTIPOINT ((450441.126413488 6197529.36343109))",1187,п1д,с.с.,фг,147.727996826172,0.912671089172363,47.4497451782227,-0.000845362257678062,-0.000441049429355189,С2
"MULTIPOINT ((450590.909225138 6197521.29439557))",1188,п2д,с.с.,фг,154.743118286133,2.95169544219971,193.354415893555,0.000658100703731179,0.000247158197453246,С2
"MULTIPOINT ((447761.173874839 6197974.17169381))",1189,п2д,с.с.,морена,160.314544677734,0.934117496013641,41.3410301208496,-2.64066625277337e-06,-0.00014465456479229,С2
"MULTIPOINT ((447910.956686488 6197966.10265829))",1190,п2д,с.с.,морена,161.990783691406,1.83974182605743,134.485610961914,0.000127155886730179,0.000506695825606585,С2
"MULTIPOINT ((447611.391063189 6197982.24072934))",1191,п2д,с.с.,морена,159.612197875977,0.830367028713226,178.776763916016,-0.000212131009902805,7.3284565587528e-05,С2
"MULTIPOINT ((448060.739498138 6197958.03362277))",1192,п2д,с.с.,морена,160.07698059082,1.25436615943909,40.9364814758301,-0.000365019484888762,2.3431450699718e-06,С2
"MULTIPOINT ((448210.522309788 6197949.96458724))",1193,п1д,с.с.,морена,159.994415283203,0.739817023277283,153.670013427734,-0.000252067489782348,-6.40852958895266e-05,С2
"MULTIPOINT ((448360.305121438 6197941.89555172))",1194,п1д,с.с.,морена,162.051300048828,0.801441013813019,358.353790283203,0.000246689654886723,5.97657053731382e-05,С2
"MULTIPOINT ((448510.087933087 6197933.8265162))",1195,п1д,с.с.,морена,158.689590454102,0.94722318649292,324.487121582031,-0.000263746333075687,-0.000410815060604364,С2
"MULTIPOINT ((448659.870744737 6197925.75748067))",1196,п1д,с.с.,морена,158.54719543457,0.226798191666603,9.10629463195801,0.000119972937682178,-0.000240931287407875,С2
"MULTIPOINT ((448809.653556387 6197917.68844515))",1197,п1д огл,с.с.,фг,158.04557800293,0.537595272064209,292.924224853516,0.000164220662554726,-0.000264339556451887,С2
"MULTIPOINT ((448959.436368037 6197909.61940963))",1198,п1д огл,с.с.,фг,159.260848999023,0.969203591346741,238.104873657227,0.000144851699587889,0.000128095140098594,С2
"MULTIPOINT ((449109.219179687 6197901.5503741))",1199,п1д огл,с.с.,фг,159.342666625977,0.64257150888443,279.538543701172,0.000159506060299464,2.61204168054974e-05,С2
"MULTIPOINT ((449259.001991337 6197893.48133858))",1200,п1д огл,с.с.,фг,158.188751220703,1.90022265911102,278.554870605469,0.000360737816663459,-0.000421541219111532,С2
"MULTIPOINT ((449408.784802986 6197885.41230306))",1201,п1д огл,с.с.,фг,156.606170654297,2.37571334838867,272.167541503906,-2.6831308787223e-05,-0.000579623738303781,С2
"MULTIPOINT ((449558.567614636 6197877.34326753))",1202,п1д огл,с.с.,фг,159.194610595703,1.15214800834656,226.28532409668,0.000306803442072123,-3.729931631824e-05,С2
"MULTIPOINT ((449708.350426286 6197869.27423201))",1203,п1д огл,с.с.,фг,159.236923217773,0.426713496446609,287.976013183594,-7.6014461228624e-05,-3.39961843565106e-05,С2
"MULTIPOINT ((449858.133237936 6197861.20519648))",1204,п1д огл,с.с.,фг,159.020263671875,0.642751038074493,175.84635925293,-0.000126186219858937,-2.63379697571509e-05,С2
"MULTIPOINT ((450007.916049586 6197853.13616096))",1205,п1д огл,с.с.,фг,161.855621337891,0.302302062511444,142.798156738281,0.000399516895413399,0.000254900514846668,С2
"MULTIPOINT ((450157.698861235 6197845.06712544))",1206,п1д огл,с.с.,фг,155.905456542969,4.2991795539856,354.339904785156,0.000146455597132444,-0.000456494628451765,С2
"MULTIPOINT ((450307.481672885 6197836.99808991))",1207,п1д,с.с.,фг,147.847198486328,1.25559759140015,63.5593605041504,-0.000567556242458522,0.000112254725536332,С2
"MULTIPOINT ((450457.264484535 6197828.92905439))",1208,п1д,с.с.,фг,144.208129882812,1.19166851043701,10.07239818573,-0.000654973555356264,-0.00064004649175331,С3
"MULTIPOINT ((450582.840189614 6197371.51158392))",1209,п1д,с.с.,фг,150.341979980469,3.27354383468628,212.127334594727,-0.000259818218182772,-8.63797904457897e-05,С2
"MULTIPOINT ((450283.274566315 6197387.64965496))",1210,п1д огл,с.с.,фг,155.829147338867,0.697138547897339,27.8828010559082,-9.76611499936553e-06,0.000222076545469463,С2
"MULTIPOINT ((450732.623001264 6197363.4425484))",1211,п2д,с.с.,фг,156.076919555664,1.33393907546997,225.162048339844,0.000345844542607665,0.000133666966576129,С2
"MULTIPOINT ((450433.057377964 6197379.58061944))",1212,п1д огл,с.с.,фг,148.525848388672,2.29165601730347,5.39548492431641,-0.000761707487981766,-0.000276005128398538,С2
"MULTIPOINT ((447579.114921095 6197383.10948274))",1213,п3д,с.с.,морена,154.058319091797,1.84812462329865,168.027450561523,0.000165823905263096,-0.000182547097210772,С2
"MULTIPOINT ((447728.897732744 6197375.04044722))",1214,п3д,с.с.,морена,156.893417358398,0.465068161487579,312.309661865234,0.000462467054603621,-0.000115606009785552,С2
"MULTIPOINT ((447878.680544394 6197366.97141169))",1215,п3д,с.с.,морена,156.047058105469,1.68704748153687,244.618850708008,0.000123049307148904,-0.000384144339477643,С2
"MULTIPOINT ((448028.463356044 6197358.90237617))",1216,п3д,с.с.,морена,158.459075927734,0.628738701343536,223.904830932617,0.000167112273629755,4.07043626182713e-05,С2
"MULTIPOINT ((448178.246167694 6197350.83334065))",1217,п2д,с.с.,морена,159.125366210938,0.2843037545681,221.011489868164,6.02137588430196e-05,1.52846168930409e-05,С2
"MULTIPOINT ((448328.028979344 6197342.76430512))",1218,п1д,с.с.,морена,159.528015136719,0.10244257748127,185.691253662109,-1.8992865079781e-05,0.000138953982968815,С2
"MULTIPOINT ((448477.811790993 6197334.6952696))",1219,п1д,с.с.,морена,160.478500366211,0.820903182029724,189.937088012695,0.000149792002048343,4.95704371132888e-05,С2
"MULTIPOINT ((448627.594602643 6197326.62623408))",1220,п1д огл,с.с.,фг,160.683364868164,0.0187941342592239,73.0785064697266,0,0,С2
"MULTIPOINT ((448777.377414293 6197318.55719855))",1221,п1д огл,с.с.,фг,161.531494140625,0.288283735513687,219.200698852539,0.000129343010485172,0.00011233908298891,С2
"MULTIPOINT ((449250.932955813 6197743.69852693))",1222,п1д огл,с.с.,фг,150.602157592773,2.57673788070679,296.842864990234,-0.000870507035870105,-0.000683969527017325,С2
"MULTIPOINT ((449400.715767463 6197735.62949141))",1223,п1д огл,с.с.,фг,153.563125610352,0.760178983211517,158.574127197266,-0.00054431171156466,-0.000330709735862911,С2
"MULTIPOINT ((449550.498579113 6197727.56045588))",1224,п1д огл,с.с.,фг,158.541580200195,1.08494102954865,193.069091796875,0.000302586733596399,0.000167885664268397,С2
"MULTIPOINT ((449700.281390763 6197719.49142036))",1225,п1д огл,с.с.,фг,158.642883300781,0.54911333322525,315.753662109375,1.81522136699641e-05,0.000130296612042002,С2
"MULTIPOINT ((449850.064202412 6197711.42238484))",1226,п1д огл,с.с.,фг,158.946578979492,1.07302463054657,170.820373535156,-0.000110809211037122,1.20329877972836e-05,С2
"MULTIPOINT ((449999.847014062 6197703.35334931))",1227,п1д огл,с.с.,фг,161.315399169922,0.549367189407349,294.521423339844,0.000217120265006088,0.000370571127859876,С2
"MULTIPOINT ((450149.629825712 6197695.28431379))",1228,п1д огл,с.с.,фг,155.390884399414,3.69516921043396,351.707824707031,-0.000213330175029114,2.95558929792605e-05,С2
"MULTIPOINT ((450299.412637362 6197687.21527827))",1229,п1д огл,с.с.,фг,151.581161499023,1.98275184631348,13.8578796386719,0.000451476167654619,0.000235021885600872,С2
"MULTIPOINT ((450449.195449011 6197679.14624274))",1230,п1д,с.с.,фг,145.607284545898,0.592125415802002,357.887084960938,-0.000917714962270111,6.06958856224082e-05,В4
"MULTIPOINT ((450598.978260661 6197671.07720722))",1231,п2д,с.с.,фг,153.059387207031,3.93548774719238,162.400695800781,0.000968292471952736,2.91783981083427e-05,С2
"MULTIPOINT ((450748.761072311 6197663.00817169))",1232,п2д,с.с.,фг,156.559280395508,1.13753294944763,124.839096069336,-0.00022952574363444,2.67766563410987e-06,С2
"MULTIPOINT ((447595.252992142 6197682.67510604))",1233,п3д,с.с.,морена,158.633697509766,1.29857349395752,226.490158081055,-0.000101738885859959,0.000297732767648995,С2
"MULTIPOINT ((447745.035803791 6197674.60607052))",1234,п3д,с.с.,морена,159.861404418945,1.98797464370728,269.237213134766,-0.000323355197906494,0.000362097431207076,С2
"MULTIPOINT ((447894.818615441 6197666.53703499))",1235,п3д,с.с.,морена,159.556900024414,0.802644848823547,188.326477050781,-0.000397996394895017,8.1338599557057e-05,С2
"MULTIPOINT ((448044.601427091 6197658.46799947))",1236,п2д,с.с.,морена,159.81201171875,0.99295312166214,285.390045166016,-9.80855020316085e-07,4.97028886456974e-05,С2
"MULTIPOINT ((448194.384238741 6197650.39896394))",1237,п2д,с.с.,морена,159.399505615234,0.672235190868378,267.476684570312,-1.39145458888379e-06,-4.22532102675177e-05,С2
"MULTIPOINT ((448344.167050391 6197642.32992842))",1238,п1д,с.с.,морена,159.313720703125,0.680439829826355,180.144729614258,-0.000406453473260626,-0.000118693809781689,С2
"MULTIPOINT ((448493.94986204 6197634.2608929))",1239,п1д,с.с.,морена,161.984313964844,1.20856654644012,96.1750030517578,-0.000119025688036345,5.38428976142313e-05,С2
"MULTIPOINT ((448643.73267369 6197626.19185737))",1240,п1д,с.с.,морена,160.301681518555,1.65048372745514,22.1841068267822,-0.000171054693055339,8.32472796901129e-05,С2
"MULTIPOINT ((448769.308378769 6197168.7743869))",1241,п1д огл,с.с.,фг,159.850006103516,0.79758483171463,267.913818359375,1.83527081389911e-05,-0.000190111430129036,С2
"MULTIPOINT ((448469.74275547 6197184.91245795))",1242,п1д,с.с.,морена,159.062438964844,1.63261222839355,224.615951538086,5.08178200107068e-05,1.26667546282988e-05,С2
"MULTIPOINT ((448919.091190419 6197160.70535138))",1243,п1д огл,с.с.,фг,160.348693847656,1.13725066184998,312.537261962891,0.000115464128612075,0.000323949207086116,С2
"MULTIPOINT ((448619.52556712 6197176.84342243))",1244,п1д огл,с.с.,фг,160.936080932617,0.435080975294113,310.114715576172,0.00014666622155346,0.000117571682494599,С2
"MULTIPOINT ((449068.874002069 6197152.63631585))",1245,п1д огл,с.с.,фг,156.945007324219,0.860554814338684,284.438812255859,8.32101941341534e-05,-1.9557219275157e-05,С2
"MULTIPOINT ((449218.656813719 6197144.56728033))",1246,п1д огл,с.с.,фг,155.925857543945,0.942348957061768,266.069396972656,-0.000185883531230502,0.000153743822011165,С2
"MULTIPOINT ((449368.439625369 6197136.49824481))",1247,п1д огл,с.с.,фг,155.464401245117,0.807608306407928,291.240020751953,-0.000259331107372418,9.81416960712522e-05,С2
"MULTIPOINT ((449518.222437018 6197128.42920928))",1248,п1д огл,с.с.,фг,155.099349975586,1.28991150856018,263.939270019531,-3.20362119055062e-06,0.000147676750202663,С2
"MULTIPOINT ((449668.005248668 6197120.36017376))",1249,п1д огл,с.с.,фг,154.376083374023,0.904325187206268,270.542877197266,-0.000414898036979139,-5.76891106902622e-05,С2
"MULTIPOINT ((449817.788060318 6197112.29113824))",1250,п1д огл,с.с.,фг,155.563873291016,1.08891832828522,224.650131225586,-0.000194372973055579,-2.08188903343398e-05,С2
"MULTIPOINT ((449967.570871968 6197104.22210271))",1251,п1д огл,с.с.,фг,157.912567138672,1.46229887008667,243.969680786133,0.000294477998977527,0.000120472432172392,С2
"MULTIPOINT ((450117.353683618 6197096.15306719))",1252,п1д огл,с.с.,фг,153.986038208008,2.19232845306396,335.809539794922,9.91178094409406e-05,2.68838412011974e-05,С2
"MULTIPOINT ((450267.136495267 6197088.08403167))",1253,п1д огл,с.с.,фг,152.197082519531,1.72711741924286,237.296035766602,-0.000118490250315517,-0.000128087674966082,С2
"MULTIPOINT ((450740.692036787 6197513.22536005))",1254,п2д,с.с.,фг,156.980346679688,0.648978531360626,196.233840942383,-3.68555483873934e-05,7.55774308345281e-05,С2
"MULTIPOINT ((447587.183956618 6197532.89229439))",1255,п3д,с.с.,морена,155.713592529297,0.405126690864563,222.825912475586,0.0001455112505937,-7.29223902453668e-05,С2
"MULTIPOINT ((447736.966768268 6197524.82325887))",1256,п3д,с.с.,морена,156.647552490234,1.00848841667175,184.155212402344,-0.000142188568133861,-5.87616341363173e-05,С2
"MULTIPOINT ((447886.749579918 6197516.75422334))",1257,п3д,с.с.,морена,158.950012207031,0.623494565486908,228.938140869141,0.000125740814837627,0.000153159955516458,С2
"MULTIPOINT ((448036.532391567 6197508.68518782))",1258,п3д,с.с.,морена,159.018768310547,0.148326471447945,122.271911621094,5.99504601268563e-05,6.73906615702435e-05,С2
"MULTIPOINT ((448186.315203217 6197500.61615229))",1259,п2д,с.с.,морена,158.978118896484,0.211451515555382,102.826881408691,4.72636056656484e-05,-3.60176527465228e-05,С2
"MULTIPOINT ((448336.098014867 6197492.54711677))",1260,п1д,с.с.,морена,158.82568359375,0.691365480422974,207.080139160156,-0.000418619834817946,-0.000131010179757141,С2
"MULTIPOINT ((448485.880826517 6197484.47808125))",1261,п1д,с.с.,морена,161.059417724609,1.34623920917511,239.589538574219,-0.00024650790146552,7.93660728959367e-06,С2
"MULTIPOINT ((448635.663638167 6197476.40904573))",1262,п1д,с.с.,морена,160.258071899414,1.15176391601562,345.967712402344,-0.000298781844321638,-6.56826960039325e-05,С2
"MULTIPOINT ((448785.446449817 6197468.3400102))",1263,п1д огл,с.с.,фг,160.786804199219,0.75637012720108,103.398910522461,0.000125945851323195,3.3729593269527e-05,С3
"MULTIPOINT ((448935.229261466 6197460.27097468))",1264,п1д огл,с.с.,фг,161.339874267578,0.453680783510208,160.626052856445,5.31399091414642e-05,4.43925819126889e-05,С2
"MULTIPOINT ((449085.012073116 6197452.20193915))",1265,п1д огл,с.с.,фг,158.646453857422,0.731672525405884,342.840942382812,-0.000378032535081729,0.000139165334985591,С2
"MULTIPOINT ((449234.794884766 6197444.13290363))",1266,п1д огл,с.с.,фг,158.683578491211,0.763628661632538,25.6217021942139,0.000392567337257788,0.000150063962792046,С2
"MULTIPOINT ((449384.577696416 6197436.06386811))",1267,п1д огл,с.с.,фг,156.153076171875,0.280878692865372,84.4598236083984,-8.0291458289139e-05,-0.000336849130690098,С2
"MULTIPOINT ((449534.360508065 6197427.99483258))",1268,п1д огл,с.с.,фг,157.840560913086,0.0938788875937462,223.687469482422,0.000141608179546893,9.20110760489479e-05,С2
"MULTIPOINT ((449684.143319715 6197419.92579706))",1269,п1д огл,с.с.,фг,157.570053100586,0.138628244400024,291.032897949219,8.11230784165673e-05,-6.95569497111137e-06,С2
"MULTIPOINT ((449833.926131365 6197411.85676154))",1270,п1д огл,с.с.,фг,157.632736206055,0.396423131227493,217.407180786133,-2.2144240574562e-05,-2.39637283812044e-05,С2
"MULTIPOINT ((449983.708943015 6197403.78772601))",1271,п1д огл,с.с.,фг,158.583389282227,0.163350641727448,260.103485107422,-0.000159173156134784,3.21389670716599e-05,С2
"MULTIPOINT ((450133.491754665 6197395.71869049))",1272,п1д огл,с.с.,фг,157.629760742188,1.05546641349792,3.67741751670837,1.21103612400475e-05,8.70303338160738e-05,С2
"MULTIPOINT ((450259.067459744 6196938.30122002))",1273,п1д огл,с.с.,далл,153.756591796875,2.0504846572876,81.0221481323242,0.000381435878807679,9.92761852103285e-05,С2
"MULTIPOINT ((447704.690626174 6196925.69201227))",1274,п1д,с.с.,далл,150.935760498047,2.77529215812683,256.450805664062,-0.000344946427503601,-0.000601965002715588,
"MULTIPOINT ((450109.284648094 6196946.37025554))",1275,п1д огл,с.с.,далл,154.073791503906,0.990565240383148,81.0153961181641,0.000450758670922369,-7.37126465537585e-05,С2
"MULTIPOINT ((447854.473437824 6196917.62297674))",1276,п1д,с.с.,далл,153.984100341797,2.54294729232788,318.963958740234,-0.000803371774964035,-0.000267929484834895,С2
"MULTIPOINT ((448004.256249473 6196909.55394122))",1277,п1д,с.с.,далл,153.636077880859,0.413815885782242,38.0940055847168,0.000292488984996453,-6.75827759550884e-05,С2
"MULTIPOINT ((448154.039061123 6196901.4849057))",1278,п1д,с.с.,морена,150.479843139648,0.481993854045868,191.216354370117,-0.00118071318138391,-0.000395150185795501,С2
"MULTIPOINT ((448303.821872773 6196893.41587017))",1279,п1д,с.с.,морена,156.304626464844,0.542727112770081,275.540191650391,0.000167895312188193,-4.69877559226006e-05,С2
"MULTIPOINT ((448453.604684423 6196885.34683465))",1280,п1д огл,с.с.,далл,155.468811035156,0.699119687080383,256.996551513672,-0.000252973928581923,8.80759325809777e-05,С2
"MULTIPOINT ((448603.387496073 6196877.27779913))",1281,п1д огл,с.с.,далл,156.111221313477,1.2175635099411,220.549392700195,-0.000212030281545594,-0.000182606643647887,С2
"MULTIPOINT ((448753.170307722 6196869.2087636))",1282,п1д огл,с.с.,далл,157.400085449219,0.484552025794983,310.530090332031,-7.93825165601447e-05,0.000131868742755614,С2
"MULTIPOINT ((448902.953119372 6196861.13972808))",1283,п1д огл,с.с.,далл,155.578323364258,0.592961430549622,355.667205810547,-0.000286969967419282,2.28054022954893e-06,С2
"MULTIPOINT ((449052.735931022 6196853.07069256))",1284,п1д огл,с.с.,далл,156.147720336914,0.132074534893036,217.40673828125,0.000262075511272997,-7.34838749849587e-06,С2
"MULTIPOINT ((448927.160225943 6197310.48816303))",1285,п1д огл,с.с.,фг,162.186462402344,0.566541314125061,341.616546630859,0.00055731664178893,0.000228694931138307,С2
"MULTIPOINT ((449076.943037593 6197302.4191275))",1286,п1д огл,с.с.,фг,157.943222045898,0.402107059955597,305.21533203125,-0.00011671755783027,-0.000112878158688545,С2
"MULTIPOINT ((449226.725849242 6197294.35009198))",1287,п1д огл,с.с.,фг,159.19123840332,0.158554807305336,352.298370361328,0.000415637856349349,0.000244827388087288,С2
"MULTIPOINT ((449376.508660892 6197286.28105646))",1288,п1д огл,с.с.,фг,156.550048828125,0.654803693294525,357.356750488281,-0.000254040147410706,-6.03369189775549e-05,С2
"MULTIPOINT ((449526.291472542 6197278.21202093))",1289,п1д огл,с.с.,фг,157.249313354492,0.275769382715225,249.462295532227,-3.62440687240451e-06,0.000146798236528412,С2
"MULTIPOINT ((449676.074284192 6197270.14298541))",1290,п1д огл,с.с.,фг,156.795120239258,0.296069532632828,265.215484619141,6.05437089689076e-05,2.25296407734277e-05,С2
"MULTIPOINT ((449825.857095842 6197262.07394989))",1291,п1д огл,с.с.,фг,156.743789672852,0.592412710189819,192.764434814453,-0.000281601533060893,-4.35387391917175e-06,С2
"MULTIPOINT ((449975.639907491 6197254.00491436))",1292,п1д огл,с.с.,фг,158.945449829102,0.540197610855103,342.901031494141,0.000364600942702964,1.91761415635483e-07,С2
"MULTIPOINT ((450125.422719141 6197245.93587884))",1293,п1д огл,с.с.,фг,156.257354736328,1.57198691368103,309.710052490234,0.000101586505479645,-0.000147808401379734,С2
"MULTIPOINT ((450275.205530791 6197237.86684332))",1294,п1д огл,с.с.,фг,154.989685058594,0.701570332050323,284.706451416016,-3.54075345967431e-05,-1.63289842021186e-05,С2
"MULTIPOINT ((450424.988342441 6197229.79780779))",1295,п1д огл,с.с.,фг,151.847396850586,2.73872756958008,21.2911720275879,0.000556139333639294,-9.36379274207866e-06,С2
"MULTIPOINT ((450574.771154091 6197221.72877227))",1296,п1д,с.с.,фг,147.436416625977,1.20388102531433,183.68293762207,-0.000723362318240106,-0.000270751188509166,С4
"MULTIPOINT ((450724.55396574 6197213.65973675))",1297,п1д,с.с.,фг,154.416641235352,2.29760527610779,193.721755981445,0.000728899205569178,-0.00011593056115089,С2
"MULTIPOINT ((447571.045885571 6197233.32667109))",1298,п2д,с.с.,морена,153.068054199219,2.17234563827515,199.738479614258,-0.000309083145111799,-0.000246819021413103,С2
"MULTIPOINT ((447720.828697221 6197225.25763557))",1299,п2д,с.с.,морена,158.357482910156,1.15569019317627,30.3744564056396,0.0009201102075167,0.000328748166793957,С2
"MULTIPOINT ((447870.611508871 6197217.18860004))",1300,п3д,с.с.,морена,154.156753540039,0.45601823925972,168.154830932617,-0.00058234081370756,2.19758312596241e-05,
"MULTIPOINT ((448020.39432052 6197209.11956452))",1301,п3д,с.с.,морена,156.307205200195,2.10636377334595,249.339569091797,0.000321636500302702,0.000212559767533094,С2
"MULTIPOINT ((448170.17713217 6197201.050529))",1302,п2д,с.с.,морена,158.000991821289,1.34453117847443,241.800765991211,0.000178896603756584,0.000105921222711913,С2
"MULTIPOINT ((448319.95994382 6197192.98149347))",1303,п1д,с.с.,морена,158.808044433594,1.15119683742523,282.3125,0.000258540210779756,0.000204857249627821,С2
"MULTIPOINT ((450242.929388697 6196638.73559672))",1304,п1д огл,с.с.,далл,155.001998901367,0.233742237091064,326.627197265625,6.07887268415652e-05,-6.83098915033042e-05,С2
"MULTIPOINT ((449943.363765397 6196654.87366776))",1305,п1д огл,с.с.,далл,155.883590698242,0.284709274768829,271.476928710938,-6.63141181576066e-05,-0.000199605419766158,С2
"MULTIPOINT ((447988.118178426 6196609.98831792))",1306,п1д,с.с.,морена,148.332717895508,0.910256147384644,18.0692176818848,0.00011179474677192,0.000421719654696062,С2
"MULTIPOINT ((450093.146577047 6196646.80463224))",1307,п1д огл,с.с.,далл,156.428665161133,0.446337461471558,37.9489936828613,0.000252584723057225,2.06233962671831e-05,С2
"MULTIPOINT ((448137.900990076 6196601.9192824))",1308,п1д,с.с.,морена,148.706115722656,0.880589663982391,192.310501098633,0.000225549476454034,0.000497701694257557,С2
"MULTIPOINT ((448287.683801726 6196593.85024687))",1309,п1д,с.с.,морена,149.966293334961,1.43098747730255,245.040161132812,0.000194200474652462,0.000240071909502149,С2
"MULTIPOINT ((448437.466613376 6196585.78121135))",1310,п1д,с.с.,морена,152.828582763672,2.29694557189941,260.764495849609,0.000311788055114448,0.000334092066623271,С2
"MULTIPOINT ((448587.249425025 6196577.71217583))",1311,п1д огл,с.с.,далл,152.629913330078,1.73111546039581,231.157302856445,2.08882593142334e-05,-0.000315308454446495,С2
"MULTIPOINT ((448737.032236675 6196569.6431403))",1312,п1д огл,с.с.,далл,155.808685302734,1.13681757450104,244.963790893555,0.000227957280003466,0.000153437445987947,С2
"MULTIPOINT ((448886.815048325 6196561.57410478))",1313,п1д огл,с.с.,далл,150.91633605957,2.19588947296143,304.071228027344,-0.000112528199679218,-0.000425959005951881,С2
"MULTIPOINT ((449036.597859975 6196553.50506925))",1314,п1д огл,с.с.,далл,151.730514526367,0.828327357769012,210.441513061523,0.000222447910346091,-0.000330014328937978,С2
"MULTIPOINT ((449186.380671625 6196545.43603373))",1315,п1д огл,с.с.,далл,152.575942993164,0.701526761054993,165.00129699707,-9.77894887910224e-05,-0.000466404861072078,С2
"MULTIPOINT ((450416.919306917 6197080.01499614))",1316,п1д огл,с.с.,фг,152.619216918945,1.09026181697845,247.893173217773,4.18572963098995e-05,-2.61666718870401e-05,С2
"MULTIPOINT ((450566.702118567 6197071.94596062))",1317,п1д огл,с.с.,фг,153.86930847168,1.70590579509735,33.5781898498535,0.000568426330573857,0.000359023717464879,С2
"MULTIPOINT ((450716.484930217 6197063.8769251))",1318,п1д,с.с.,фг,150.980087280273,1.45800602436066,168.043075561523,-0.000415214948588982,-0.000333138043060899,С2
"MULTIPOINT ((449659.936213145 6196970.57736211))",1319,п1д огл,с.с.,далл,154.942291259766,1.30238151550293,136.191421508789,-0.000141496653668582,-5.58763931621797e-05,С2
"MULTIPOINT ((449809.719024794 6196962.50832659))",1320,п1д огл,с.с.,далл,155.613830566406,0.943441092967987,47.305534362793,-0.000118912612379063,4.08638879889622e-05,С2
"MULTIPOINT ((450077.008506 6196347.23900894))",1321,п1д огл,с.с.,далл,156.935974121094,1.79559075832367,261.980926513672,0.000891029834747314,0.00019077627803199,
"MULTIPOINT ((449777.4428827 6196363.37707999))",1322,п1д огл,с.с.,далл,157.686492919922,1.58177864551544,275.693511962891,0.00108680338598788,0.000308401969959959,
"MULTIPOINT ((450226.79131765 6196339.16997342))",1323,п1д огл,с.с.,далл,153.791351318359,4.91651105880737,322.793762207031,0.00105429103132337,0.000578156381379813,
"MULTIPOINT ((449927.22569435 6196355.30804446))",1324,п1д огл,с.с.,далл,155.810699462891,1.51788926124573,276.961761474609,0.000886410940438509,-0.000318588135996833,
"MULTIPOINT ((447822.197295729 6196318.49173014))",1325,п1д,с.с.,морена,144.391265869141,2.35699558258057,215.542175292969,0.000442362535977736,0.000277058978099376,С2
"MULTIPOINT ((447971.980107379 6196310.42269462))",1326,п1д,с.с.,морена,142.769454956055,0.367100089788437,131.234008789062,-0.000574198900721967,-0.000452544598374516,С2
"MULTIPOINT ((448121.762919029 6196302.3536591))",1327,п1д,с.с.,морена,144.478958129883,0.645838022232056,170.136093139648,8.53543751873076e-05,-0.000779548019636422,С2
"MULTIPOINT ((448271.545730679 6196294.28462357))",1328,п1д,с.с.,морена,145.046630859375,0.336898744106293,308.143249511719,-0.000259184162132442,-0.000317480735247955,С2
"MULTIPOINT ((448421.328542328 6196286.21558805))",1329,п1д,с.с.,морена,145.531616210938,0.573404133319855,243.683029174805,-0.000268817850155756,1.73235075635603e-05,С2
"MULTIPOINT ((448571.111353978 6196278.14655253))",1330,п1д,с.с.,морена,147.317153930664,1.0833181142807,242.032379150391,-0.000314220931613818,0.000193874686374329,С2
"MULTIPOINT ((448720.894165628 6196270.077517))",1331,п1д,с.с.,морена,145.702865600586,2.52962398529053,323.260894775391,0.000192028004676104,-0.000194780761376023,С2
"MULTIPOINT ((448870.676977278 6196262.00848148))",1332,п1д,с.с.,морена,142.228698730469,1.27764868736267,263.984252929688,0.000206346318009309,-0.000628725625574589,В4
"MULTIPOINT ((449020.459788928 6196253.93944595))",1333,п1д,с.с.,морена,145.587478637695,1.80356335639954,226.535858154297,0.000252014782745391,-9.38470475375652e-06,С2
"MULTIPOINT ((449202.518742672 6196845.00165703))",1334,п1д огл,с.с.,далл,155.895706176758,0.511974692344666,74.6004638671875,3.15330362354871e-05,4.55151493952144e-05,С2
"MULTIPOINT ((449352.301554321 6196836.93262151))",1335,п1д огл,с.с.,далл,155.796173095703,0.383403450250626,359.425201416016,0.000316705409204587,-5.07521472172812e-05,
"MULTIPOINT ((449651.867177621 6196820.79455046))",1336,п1д огл,с.с.,далл,156.372131347656,0.77302223443985,189.668106079102,7.52002815715969e-05,-1.56659723415942e-06,С2
"MULTIPOINT ((449801.649989271 6196812.72551494))",1337,п1д огл,с.с.,далл,157.423828125,0.179636299610138,259.524597167969,0.000126402839669026,8.78825230756775e-05,С2
"MULTIPOINT ((449951.432800921 6196804.65647941))",1338,п1д огл,с.с.,далл,157.14924621582,0.378104537725449,338.514251708984,7.34463028493337e-05,0.000194202017155476,С2
"MULTIPOINT ((450101.215612571 6196796.58744389))",1339,п1д огл,с.с.,далл,153.870025634766,0.302743941545486,87.6121444702148,-0.000178548987605609,-0.000448523089289665,С2
"MULTIPOINT ((450250.99842422 6196788.51840837))",1340,п1д огл,с.с.,далл,156.18620300293,0.108580440282822,1.56019270420074,0.000510516751091927,0.000258554209722206,С2
"MULTIPOINT ((448295.752837249 6196743.63305852))",1341,п1д,с.с.,морена,153.486099243164,1.53883397579193,232.293548583984,0.000181372233782895,-5.26314252056181e-05,С2
"MULTIPOINT ((448445.535648899 6196735.564023))",1342,п1д огл,с.с.,далл,155.617797851562,0.383835107088089,241.294937133789,0.000291919597657397,0.000275941769359633,С2
"MULTIPOINT ((448595.318460549 6196727.49498748))",1343,п1д огл,с.с.,далл,155.220779418945,0.980602502822876,224.657562255859,-6.05133536737412e-05,-2.87732655124273e-05,С2
"MULTIPOINT ((448745.101272199 6196719.42595195))",1344,п1д огл,с.с.,далл,157.001968383789,0.288843661546707,292.531799316406,0.000126226019347087,2.80709591606865e-05,С2
"MULTIPOINT ((448894.884083849 6196711.35691643))",1345,п1д огл,с.с.,далл,155.448318481445,1.05629169940948,331.453338623047,-6.7065680923406e-05,7.31709296815097e-05,С2
"MULTIPOINT ((449044.666895498 6196703.2878809))",1346,п1д огл,с.с.,далл,155.538757324219,0.942571520805359,235.69123840332,0.000191260041901842,0.000126124476082623,С2
"MULTIPOINT ((449194.449707148 6196695.21884538))",1347,п1д огл,с.с.,далл,155.034698486328,1.3583197593689,255.947982788086,1.18352290883195e-05,7.27670776541345e-05,С2
"MULTIPOINT ((449344.232518798 6196687.14980986))",1348,п1д огл,с.с.,далл,154.6220703125,1.07275462150574,289.812561035156,-0.000285816349787638,0.000405411381507292,
"MULTIPOINT ((449643.798142098 6196671.01173881))",1349,п1д огл,с.с.,далл,155.867446899414,1.80790913105011,172.263061523438,0.00067879242124036,7.60146431275643e-05,С2
"MULTIPOINT ((449793.580953747 6196662.94270329))",1350,п1д огл,с.с.,далл,156.650207519531,0.275028109550476,293.484893798828,-5.50811819266528e-06,7.70015030866489e-05,С2
"MULTIPOINT ((444675.933614531 6200216.0272211))",1351,пд пов огл,с.с.,морена,164.331604003906,2.16663384437561,179.492431640625,-0.000369832152500749,-0.000356302305590361,С2
"MULTIPOINT ((444825.831649074 6200221.55707102))",1352,п3д,с.с.,морена,169.789367675781,0.815612316131592,331.309631347656,0.000389455759432167,-2.02390833692334e-06,С2
"MULTIPOINT ((444975.729683617 6200227.08692094))",1353,п3д,с.с.,морена,163.533432006836,3.42394828796387,335.565246582031,-0.000227384589379653,-0.000418488867580891,В3
"MULTIPOINT ((445125.62771816 6200232.61677086))",1354,п3д,с.с.,морена,160.897506713867,1.10953843593597,211.268417358398,-0.00015432047075592,-0.00042650310206227,
"MULTIPOINT ((445275.525752703 6200238.14662078))",1355,п3д,с.с.,морена,164.8701171875,1.55355191230774,62.356330871582,-0.000109353175503202,-5.76606071263086e-05,С2
"MULTIPOINT ((445425.423787246 6200243.6764707))",1356,п3д,с.с.,морена,161.815765380859,1.07456123828888,11.4937305450439,-0.000132561035570689,2.52532572631026e-05,С2
"MULTIPOINT ((442858.515888402 6201087.14418198))",1357,п3д,с.с.,морена,164.804931640625,2.82824921607971,205.803253173828,0.000169854843989015,-6.76777490298264e-05,
"MULTIPOINT ((442670.249948817 6202459.19300369))",1358,п3д,с.с.,морена,170.300018310547,0.715860188007355,27.6119594573975,0.000269577751168981,2.78981242445298e-05,С2
